{
"type": "FeatureCollection",
"name": "buildings_final",
"crs": { "type": "name", "properties": { "name": "urn:ogc:def:crs:OGC:1.3:CRS84" } },
"features": [
{ "type": "Feature", "properties": { "value": 255, "area_m2": 32.847296998505747 }, "geometry": { "type": "Polygon", "coordinates": [ [ [ 73.05468965517241, 33.722497769022247 ], [ 73.05468965517241, 33.722495538044448 ], [ 73.054686973180068, 33.722495538044448 ], [ 73.054686973180068, 33.722493307066578 ], [ 73.054681609195399, 33.722493307066586 ], [ 73.054681609195399, 33.722491076088666 ], [ 73.054676245210729, 33.722491076088666 ], [ 73.054676245210729, 33.722488845110689 ], [ 73.054673563218387, 33.722488845110696 ], [ 73.054673563218387, 33.722486614132649 ], [ 73.054668199233717, 33.722486614132642 ], [ 73.054668199233717, 33.722484383154551 ], [ 73.054662835249033, 33.722484383154551 ], [ 73.054662835249033, 33.722482152176397 ], [ 73.054657471264363, 33.722482152176404 ], [ 73.054657471264363, 33.722479921198186 ], [ 73.054652107279693, 33.722479921198193 ], [ 73.054652107279693, 33.722477690219925 ], [ 73.054649425287352, 33.722477690219918 ], [ 73.054649425287352, 33.722475459241601 ], [ 73.05464674329501, 33.722475459241608 ], [ 73.05464674329501, 33.72247099728478 ], [ 73.054649425287352, 33.722470997284766 ], [ 73.054649425287352, 33.722466535327712 ], [ 73.054652107279693, 33.722466535327719 ], [ 73.054652107279693, 33.722464304349103 ], [ 73.054654789272021, 33.722464304349096 ], [ 73.054654789272021, 33.7224598423917 ], [ 73.054657471264363, 33.722459842391693 ], [ 73.054657471264363, 33.722457611412906 ], [ 73.054660153256705, 33.722457611412906 ], [ 73.054660153256705, 33.722455380434063 ], [ 73.054665517241375, 33.72245538043407 ], [ 73.054665517241375, 33.722453149455156 ], [ 73.054686973180068, 33.722453149455156 ], [ 73.054686973180068, 33.722455380434056 ], [ 73.05468965517241, 33.722455380434063 ], [ 73.05468965517241, 33.722457611412906 ], [ 73.054697701149422, 33.722457611412914 ], [ 73.054697701149422, 33.7224598423917 ], [ 73.054703065134092, 33.722459842391693 ], [ 73.054703065134092, 33.722462073370444 ], [ 73.054711111111104, 33.722462073370444 ], [ 73.054711111111104, 33.722464304349103 ], [ 73.05471379310346, 33.722464304349103 ], [ 73.05471379310346, 33.722466535327712 ], [ 73.054721839080472, 33.722466535327719 ], [ 73.054721839080472, 33.722468766306292 ], [ 73.054724521072799, 33.722468766306292 ], [ 73.054724521072799, 33.72247099728478 ], [ 73.054732567049797, 33.722470997284773 ], [ 73.054732567049797, 33.722473228263219 ], [ 73.054735249042139, 33.722473228263219 ], [ 73.054735249042139, 33.722475459241608 ], [ 73.054740613026809, 33.722475459241608 ], [ 73.054740613026809, 33.722477690219932 ], [ 73.054743295019151, 33.722477690219947 ], [ 73.054743295019151, 33.722479921198186 ], [ 73.054745977011493, 33.722479921198193 ], [ 73.054745977011493, 33.722482152176397 ], [ 73.054751340996162, 33.722482152176404 ], [ 73.054751340996162, 33.722484383154551 ], [ 73.054756704980832, 33.722484383154544 ], [ 73.054756704980832, 33.722486614132656 ], [ 73.054759386973174, 33.722486614132649 ], [ 73.054759386973174, 33.722488845110696 ], [ 73.054762068965516, 33.722488845110689 ], [ 73.054762068965516, 33.722493307066593 ], [ 73.054764750957844, 33.722493307066586 ], [ 73.054764750957844, 33.722497769022262 ], [ 73.05468965517241, 33.722497769022247 ] ] ] } },
{ "type": "Feature", "properties": { "value": 255, "area_m2": 54.622378416388095 }, "geometry": { "type": "Polygon", "coordinates": [ [ [ 73.057063218390809, 33.72249776902224 ], [ 73.057063218390809, 33.722488845110682 ], [ 73.057065900383137, 33.722488845110682 ], [ 73.057065900383137, 33.722477690219939 ], [ 73.057068582375479, 33.722477690219932 ], [ 73.057068582375479, 33.722468766306292 ], [ 73.057071264367806, 33.722468766306292 ], [ 73.057071264367806, 33.7224598423917 ], [ 73.057073946360148, 33.7224598423917 ], [ 73.057073946360148, 33.722444225538972 ], [ 73.057076628352476, 33.722444225538965 ], [ 73.057076628352476, 33.722441994559752 ], [ 73.05708735632183, 33.722441994559766 ], [ 73.05708735632183, 33.722439763580518 ], [ 73.0570927203065, 33.72243976358051 ], [ 73.0570927203065, 33.722441994559766 ], [ 73.057108812260537, 33.722441994559766 ], [ 73.057108812260537, 33.722444225538965 ], [ 73.057116858237549, 33.722444225538965 ], [ 73.057116858237549, 33.722446456518099 ], [ 73.057119540229877, 33.722446456518092 ], [ 73.057119540229877, 33.72244868749717 ], [ 73.057127586206889, 33.72244868749717 ], [ 73.057127586206889, 33.722450918476191 ], [ 73.057130268199231, 33.722450918476191 ], [ 73.057130268199231, 33.722453149455163 ], [ 73.057138314176242, 33.722453149455156 ], [ 73.057138314176242, 33.72245538043407 ], [ 73.057140996168584, 33.722455380434063 ], [ 73.057140996168584, 33.722457611412899 ], [ 73.057149042145596, 33.722457611412914 ], [ 73.057149042145596, 33.7224598423917 ], [ 73.057151724137938, 33.7224598423917 ], [ 73.057151724137938, 33.722462073370444 ], [ 73.057157088122594, 33.722462073370437 ], [ 73.057157088122594, 33.722464304349103 ], [ 73.057159770114936, 33.722464304349103 ], [ 73.057159770114936, 33.722466535327712 ], [ 73.057165134099606, 33.722466535327712 ], [ 73.057165134099606, 33.722468766306292 ], [ 73.057167816091948, 33.722468766306292 ], [ 73.057167816091948, 33.72247099728478 ], [ 73.057173180076617, 33.72247099728478 ], [ 73.057173180076617, 33.722473228263219 ], [ 73.057178544061287, 33.722473228263219 ], [ 73.057178544061287, 33.722475459241601 ], [ 73.057181226053629, 33.722475459241593 ], [ 73.057181226053629, 33.722477690219925 ], [ 73.057183908045971, 33.722477690219932 ], [ 73.057183908045971, 33.722479921198186 ], [ 73.057186590038299, 33.7224799211982 ], [ 73.057186590038299, 33.722482152176404 ], [ 73.057189272030641, 33.722482152176397 ], [ 73.057189272030641, 33.722484383154551 ], [ 73.057194636015325, 33.722484383154551 ], [ 73.057194636015325, 33.722486614132649 ], [ 73.057197318007653, 33.722486614132649 ], [ 73.057197318007653, 33.722491076088659 ], [ 73.0572, 33.722491076088659 ], [ 73.0572, 33.722495538044441 ], [ 73.057197318007653, 33.722495538044448 ], [ 73.057197318007653, 33.722497769022254 ], [ 73.057063218390809, 33.72249776902224 ] ] ] } },
{ "type": "Feature", "properties": { "value": 255, "area_m2": 56.344832658916964 }, "geometry": { "type": "Polygon", "coordinates": [ [ [ 73.054126436781601, 33.7225 ], [ 73.054126436781601, 33.722497769022254 ], [ 73.054118390804604, 33.722497769022254 ], [ 73.054118390804604, 33.722495538044448 ], [ 73.054110344827592, 33.722495538044441 ], [ 73.054110344827592, 33.722493307066578 ], [ 73.05410229885058, 33.722493307066586 ], [ 73.05410229885058, 33.722482152176397 ], [ 73.054104980842922, 33.722482152176404 ], [ 73.054104980842922, 33.722475459241601 ], [ 73.05410766283525, 33.722475459241608 ], [ 73.05410766283525, 33.72247099728478 ], [ 73.054110344827592, 33.72247099728478 ], [ 73.054110344827592, 33.722464304349103 ], [ 73.054113026819934, 33.722464304349103 ], [ 73.054113026819934, 33.722462073370444 ], [ 73.054115708812262, 33.722462073370444 ], [ 73.054115708812262, 33.722457611412906 ], [ 73.054118390804604, 33.722457611412906 ], [ 73.054118390804604, 33.722453149455156 ], [ 73.054121072796931, 33.722453149455163 ], [ 73.054121072796931, 33.722450918476191 ], [ 73.054123754789259, 33.722450918476184 ], [ 73.054123754789259, 33.72244868749717 ], [ 73.054129118773943, 33.72244868749717 ], [ 73.054129118773943, 33.722446456518099 ], [ 73.054131800766271, 33.722446456518092 ], [ 73.054131800766271, 33.722444225538958 ], [ 73.054137164750955, 33.722444225538965 ], [ 73.054137164750955, 33.722441994559752 ], [ 73.054145210727967, 33.722441994559766 ], [ 73.054145210727967, 33.722439763580518 ], [ 73.054155938697306, 33.722439763580518 ], [ 73.054155938697306, 33.722437532601205 ], [ 73.054169348659002, 33.722437532601205 ], [ 73.054169348659002, 33.72243976358051 ], [ 73.054182758620698, 33.72243976358051 ], [ 73.054182758620698, 33.722441994559759 ], [ 73.054188122605368, 33.722441994559759 ], [ 73.054188122605368, 33.722444225538965 ], [ 73.054193486590037, 33.722444225538958 ], [ 73.054193486590037, 33.722446456518099 ], [ 73.054198850574721, 33.722446456518099 ], [ 73.054198850574721, 33.72244868749717 ], [ 73.054204214559391, 33.72244868749717 ], [ 73.054204214559391, 33.722450918476191 ], [ 73.054206896551719, 33.722450918476191 ], [ 73.054206896551719, 33.722462073370444 ], [ 73.054209578544061, 33.722462073370444 ], [ 73.054209578544061, 33.722473228263219 ], [ 73.054212260536389, 33.722473228263219 ], [ 73.054212260536389, 33.722486614132649 ], [ 73.054206896551719, 33.722486614132649 ], [ 73.054206896551719, 33.722491076088666 ], [ 73.054204214559391, 33.722491076088666 ], [ 73.054204214559391, 33.722495538044441 ], [ 73.054198850574721, 33.722495538044448 ], [ 73.054198850574721, 33.72249776902224 ], [ 73.054196168582379, 33.722497769022247 ], [ 73.054196168582379, 33.7225 ], [ 73.054126436781601, 33.7225 ] ] ] } },
{ "type": "Feature", "properties": { "value": 255, "area_m2": 30.94045554289697 }, "geometry": { "type": "Polygon", "coordinates": [ [ [ 73.054496551724128, 33.722477690219918 ], [ 73.054496551724128, 33.722475459241608 ], [ 73.054488505747116, 33.722475459241608 ], [ 73.054488505747116, 33.722470997284788 ], [ 73.054485823754774, 33.722470997284788 ], [ 73.054485823754774, 33.722468766306292 ], [ 73.054483141762447, 33.722468766306292 ], [ 73.054483141762447, 33.722466535327712 ], [ 73.054480459770105, 33.722466535327712 ], [ 73.054480459770105, 33.722464304349096 ], [ 73.054477777777763, 33.722464304349096 ], [ 73.054477777777763, 33.722462073370437 ], [ 73.054475095785435, 33.722462073370437 ], [ 73.054475095785435, 33.7224598423917 ], [ 73.054472413793093, 33.7224598423917 ], [ 73.054472413793093, 33.722457611412906 ], [ 73.054467049808423, 33.722457611412899 ], [ 73.054467049808423, 33.722455380434063 ], [ 73.054464367816095, 33.72245538043407 ], [ 73.054464367816095, 33.722453149455163 ], [ 73.054459003831425, 33.722453149455156 ], [ 73.054459003831425, 33.722450918476191 ], [ 73.054456321839083, 33.722450918476191 ], [ 73.054456321839083, 33.72244868749717 ], [ 73.054453639846741, 33.72244868749717 ], [ 73.054453639846741, 33.722446456518092 ], [ 73.054450957854414, 33.722446456518092 ], [ 73.054450957854414, 33.72243976358051 ], [ 73.054453639846741, 33.722439763580518 ], [ 73.054453639846741, 33.722435301621836 ], [ 73.054456321839083, 33.722435301621829 ], [ 73.054456321839083, 33.722433070642403 ], [ 73.054459003831425, 33.722433070642388 ], [ 73.054459003831425, 33.722430839662913 ], [ 73.054461685823753, 33.72243083966292 ], [ 73.054461685823753, 33.72242860868338 ], [ 73.054472413793093, 33.72242860868338 ], [ 73.054472413793093, 33.722426377703762 ], [ 73.054483141762447, 33.722426377703769 ], [ 73.054483141762447, 33.722424146724109 ], [ 73.054488505747116, 33.722424146724116 ], [ 73.054488505747116, 33.722421915744398 ], [ 73.054504597701154, 33.722421915744398 ], [ 73.054504597701154, 33.722424146724094 ], [ 73.054507279693482, 33.722424146724109 ], [ 73.054507279693482, 33.722426377703769 ], [ 73.05450996168581, 33.722426377703769 ], [ 73.05450996168581, 33.72242860868338 ], [ 73.054512643678166, 33.72242860868338 ], [ 73.054512643678166, 33.72243083966292 ], [ 73.054518007662836, 33.72243083966292 ], [ 73.054518007662836, 33.722433070642388 ], [ 73.054526053639847, 33.722433070642403 ], [ 73.054526053639847, 33.722435301621836 ], [ 73.054528735632189, 33.722435301621836 ], [ 73.054528735632189, 33.722441994559759 ], [ 73.054531417624517, 33.722441994559759 ], [ 73.054531417624517, 33.72245538043407 ], [ 73.054528735632189, 33.722455380434056 ], [ 73.054528735632189, 33.722462073370444 ], [ 73.054526053639847, 33.722462073370451 ], [ 73.054526053639847, 33.722466535327712 ], [ 73.054523371647505, 33.722466535327712 ], [ 73.054523371647505, 33.722468766306292 ], [ 73.054520689655178, 33.722468766306292 ], [ 73.054520689655178, 33.722473228263219 ], [ 73.054515325670494, 33.722473228263219 ], [ 73.054515325670494, 33.722475459241601 ], [ 73.054507279693482, 33.722475459241593 ], [ 73.054507279693482, 33.722477690219932 ], [ 73.054496551724128, 33.722477690219918 ] ] ] } },
{ "type": "Feature", "properties": { "value": 255, "area_m2": 53.207661149124874 }, "geometry": { "type": "Polygon", "coordinates": [ [ [ 73.057194636015325, 33.722459842391693 ], [ 73.057194636015325, 33.722457611412906 ], [ 73.057183908045971, 33.722457611412906 ], [ 73.057183908045971, 33.722455380434063 ], [ 73.057181226053629, 33.722455380434063 ], [ 73.057181226053629, 33.722453149455148 ], [ 73.057178544061287, 33.722453149455156 ], [ 73.057178544061287, 33.722450918476191 ], [ 73.057173180076617, 33.722450918476184 ], [ 73.057173180076617, 33.72244868749717 ], [ 73.057167816091948, 33.72244868749717 ], [ 73.057167816091948, 33.722446456518099 ], [ 73.057162452107264, 33.722446456518099 ], [ 73.057162452107264, 33.722444225538958 ], [ 73.057157088122594, 33.722444225538965 ], [ 73.057157088122594, 33.722441994559766 ], [ 73.057151724137938, 33.722441994559759 ], [ 73.057151724137938, 33.722439763580518 ], [ 73.057149042145596, 33.722439763580518 ], [ 73.057149042145596, 33.722437532601205 ], [ 73.057143678160926, 33.722437532601205 ], [ 73.057143678160926, 33.722435301621829 ], [ 73.0571356321839, 33.722435301621836 ], [ 73.0571356321839, 33.722433070642396 ], [ 73.057132950191573, 33.722433070642403 ], [ 73.057132950191573, 33.722430839662913 ], [ 73.057127586206889, 33.722430839662913 ], [ 73.057127586206889, 33.722428608683366 ], [ 73.057124904214561, 33.722428608683373 ], [ 73.057124904214561, 33.722426377703776 ], [ 73.057122222222219, 33.722426377703776 ], [ 73.057122222222219, 33.722424146724101 ], [ 73.057119540229877, 33.722424146724094 ], [ 73.057119540229877, 33.722421915744398 ], [ 73.057116858237549, 33.722421915744391 ], [ 73.057116858237549, 33.722419684764617 ], [ 73.057114176245207, 33.72241968476461 ], [ 73.057114176245207, 33.722415222804898 ], [ 73.057111494252865, 33.722415222804898 ], [ 73.057111494252865, 33.72241076084493 ], [ 73.057114176245207, 33.722410760844944 ], [ 73.057114176245207, 33.722392913002793 ], [ 73.057116858237549, 33.7223929130028 ], [ 73.057116858237549, 33.722390682022265 ], [ 73.057119540229877, 33.722390682022272 ], [ 73.057119540229877, 33.722388451041681 ], [ 73.057122222222219, 33.722388451041674 ], [ 73.057122222222219, 33.722386220061026 ], [ 73.057132950191573, 33.72238622006104 ], [ 73.057132950191573, 33.722383989080328 ], [ 73.057167816091948, 33.722383989080335 ], [ 73.057167816091948, 33.722386220061047 ], [ 73.057173180076617, 33.72238622006104 ], [ 73.057173180076617, 33.722390682022258 ], [ 73.057175862068959, 33.722390682022272 ], [ 73.057175862068959, 33.722395143983263 ], [ 73.057181226053629, 33.722395143983256 ], [ 73.057181226053629, 33.722397374963684 ], [ 73.057189272030641, 33.722397374963684 ], [ 73.057189272030641, 33.722399605944034 ], [ 73.057194636015325, 33.72239960594402 ], [ 73.057194636015325, 33.722401836924341 ], [ 73.057197318007653, 33.722401836924334 ], [ 73.057197318007653, 33.722404067904563 ], [ 73.057205363984664, 33.72240406790457 ], [ 73.057205363984664, 33.722406298884749 ], [ 73.057208045977006, 33.722406298884756 ], [ 73.057208045977006, 33.722408529864879 ], [ 73.057210727969348, 33.722408529864886 ], [ 73.057210727969348, 33.722415222804898 ], [ 73.05721340996169, 33.722415222804891 ], [ 73.05721340996169, 33.72242860868338 ], [ 73.057216091954018, 33.722428608683373 ], [ 73.057216091954018, 33.722439763580518 ], [ 73.05721340996169, 33.722439763580503 ], [ 73.05721340996169, 33.722444225538958 ], [ 73.057210727969348, 33.722444225538958 ], [ 73.057210727969348, 33.722446456518099 ], [ 73.057208045977006, 33.722446456518092 ], [ 73.057208045977006, 33.722453149455156 ], [ 73.057205363984664, 33.722453149455148 ], [ 73.057205363984664, 33.722455380434063 ], [ 73.0572, 33.72245538043407 ], [ 73.0572, 33.722457611412892 ], [ 73.057197318007653, 33.722457611412899 ], [ 73.057197318007653, 33.722459842391693 ], [ 73.057194636015325, 33.722459842391693 ] ] ] } },
{ "type": "Feature", "properties": { "value": 255, "area_m2": 30.448372893208866 }, "geometry": { "type": "Polygon", "coordinates": [ [ [ 73.055252873563205, 33.722433070642388 ], [ 73.055252873563205, 33.72243083966292 ], [ 73.055244827586208, 33.722430839662913 ], [ 73.055244827586208, 33.722428608683373 ], [ 73.055242145593866, 33.722428608683373 ], [ 73.055242145593866, 33.722424146724109 ], [ 73.055239463601538, 33.722424146724116 ], [ 73.055239463601538, 33.722421915744398 ], [ 73.055236781609196, 33.722421915744384 ], [ 73.055236781609196, 33.722419684764617 ], [ 73.055234099616854, 33.72241968476461 ], [ 73.055234099616854, 33.722417453784793 ], [ 73.055228735632184, 33.722417453784786 ], [ 73.055228735632184, 33.722415222804905 ], [ 73.055226053639842, 33.722415222804905 ], [ 73.055226053639842, 33.722417453784786 ], [ 73.055223371647514, 33.722417453784793 ], [ 73.055223371647514, 33.722415222804898 ], [ 73.05521800766283, 33.722415222804898 ], [ 73.05521800766283, 33.722412991824946 ], [ 73.055212643678161, 33.722412991824953 ], [ 73.055212643678161, 33.722410760844937 ], [ 73.055207279693491, 33.722410760844944 ], [ 73.055207279693491, 33.722406298884756 ], [ 73.055204597701149, 33.722406298884749 ], [ 73.055204597701149, 33.722404067904563 ], [ 73.055201915708807, 33.72240406790457 ], [ 73.055201915708807, 33.722401836924341 ], [ 73.055199233716479, 33.722401836924334 ], [ 73.055199233716479, 33.722392913002786 ], [ 73.055201915708807, 33.7223929130028 ], [ 73.055201915708807, 33.722388451041681 ], [ 73.055207279693491, 33.722388451041688 ], [ 73.055207279693491, 33.722386220061047 ], [ 73.055209961685819, 33.72238622006104 ], [ 73.055209961685819, 33.722383989080328 ], [ 73.055212643678161, 33.722383989080335 ], [ 73.055212643678161, 33.722381758099573 ], [ 73.055220689655172, 33.72238175809958 ], [ 73.055220689655172, 33.722379527118761 ], [ 73.055226053639842, 33.722379527118747 ], [ 73.055226053639842, 33.722377296137871 ], [ 73.055228735632184, 33.722377296137878 ], [ 73.055228735632184, 33.722379527118754 ], [ 73.055236781609196, 33.722379527118747 ], [ 73.055236781609196, 33.722381758099573 ], [ 73.055250191570877, 33.722381758099566 ], [ 73.055250191570877, 33.722383989080328 ], [ 73.055255555555547, 33.722383989080328 ], [ 73.055255555555547, 33.722386220061047 ], [ 73.055250191570877, 33.72238622006104 ], [ 73.055250191570877, 33.722390682022265 ], [ 73.055285057471266, 33.722390682022265 ], [ 73.055285057471266, 33.722408529864879 ], [ 73.055282375478924, 33.722408529864879 ], [ 73.055282375478924, 33.722412991824946 ], [ 73.055279693486582, 33.722412991824967 ], [ 73.055279693486582, 33.722415222804891 ], [ 73.055277011494255, 33.722415222804898 ], [ 73.055277011494255, 33.72241968476461 ], [ 73.055274329501898, 33.722419684764603 ], [ 73.055274329501898, 33.722421915744398 ], [ 73.055271647509571, 33.722421915744391 ], [ 73.055271647509571, 33.722428608683373 ], [ 73.055268965517243, 33.72242860868338 ], [ 73.055268965517243, 33.72243083966292 ], [ 73.055266283524887, 33.72243083966292 ], [ 73.055266283524887, 33.722433070642403 ], [ 73.055252873563205, 33.722433070642388 ] ] ] } },
{ "type": "Feature", "properties": { "value": 255, "area_m2": 37.276254802383761 }, "geometry": { "type": "Polygon", "coordinates": [ [ [ 73.054826436781596, 33.722379527118754 ], [ 73.054826436781596, 33.722377296137864 ], [ 73.054818390804584, 33.722377296137878 ], [ 73.054818390804584, 33.722375065156953 ], [ 73.054813026819929, 33.722375065156953 ], [ 73.054813026819929, 33.72237283417595 ], [ 73.054807662835259, 33.722372834175943 ], [ 73.054807662835259, 33.722370603194911 ], [ 73.054802298850575, 33.722370603194904 ], [ 73.054802298850575, 33.722368372213801 ], [ 73.054796934865905, 33.722368372213801 ], [ 73.054796934865905, 33.722366141232627 ], [ 73.054791570881235, 33.722366141232619 ], [ 73.054791570881235, 33.722363910251403 ], [ 73.054788888888893, 33.722363910251403 ], [ 73.054788888888893, 33.722337138472191 ], [ 73.054791570881235, 33.722337138472184 ], [ 73.054791570881235, 33.722325983561696 ], [ 73.054794252873563, 33.722325983561703 ], [ 73.054794252873563, 33.722321521597117 ], [ 73.054796934865905, 33.722321521597109 ], [ 73.054796934865905, 33.72231929061472 ], [ 73.054799616858247, 33.72231929061472 ], [ 73.054799616858247, 33.722317059632282 ], [ 73.054802298850575, 33.722317059632289 ], [ 73.054802298850575, 33.722314828649779 ], [ 73.054807662835259, 33.722314828649786 ], [ 73.054807662835259, 33.722312597667226 ], [ 73.054810344827587, 33.722312597667226 ], [ 73.054810344827587, 33.722310366684603 ], [ 73.054813026819929, 33.72231036668461 ], [ 73.054813026819929, 33.722308135701937 ], [ 73.054826436781596, 33.722308135701937 ], [ 73.054826436781596, 33.72231036668461 ], [ 73.054829118773938, 33.72231036668461 ], [ 73.054829118773938, 33.722312597667226 ], [ 73.054834482758608, 33.722312597667226 ], [ 73.054834482758608, 33.722314828649786 ], [ 73.05483716475095, 33.722314828649779 ], [ 73.05483716475095, 33.722317059632289 ], [ 73.054839846743292, 33.722317059632289 ], [ 73.054839846743292, 33.72231929061472 ], [ 73.054845210727962, 33.72231929061472 ], [ 73.054845210727962, 33.722321521597117 ], [ 73.054850574712631, 33.722321521597117 ], [ 73.054850574712631, 33.722323752579435 ], [ 73.054853256704973, 33.722323752579435 ], [ 73.054853256704973, 33.72232598356171 ], [ 73.054855938697315, 33.72232598356171 ], [ 73.054855938697315, 33.722341600435968 ], [ 73.054853256704973, 33.722341600435954 ], [ 73.054853256704973, 33.722348293381202 ], [ 73.054850574712631, 33.722348293381202 ], [ 73.054850574712631, 33.722357217307376 ], [ 73.054847892720304, 33.722357217307369 ], [ 73.054847892720304, 33.722366141232619 ], [ 73.054845210727962, 33.722366141232619 ], [ 73.054845210727962, 33.72237283417595 ], [ 73.05484252873562, 33.72237283417595 ], [ 73.05484252873562, 33.722379527118754 ], [ 73.054826436781596, 33.722379527118754 ] ] ] } },
{ "type": "Feature", "properties": { "value": 255, "area_m2": 38.014457345230227 }, "geometry": { "type": "Polygon", "coordinates": [ [ [ 73.054075478927203, 33.722352755344403 ], [ 73.054075478927203, 33.722350524362838 ], [ 73.054072796934861, 33.722350524362838 ], [ 73.054072796934861, 33.722348293381202 ], [ 73.054070114942519, 33.722348293381202 ], [ 73.054070114942519, 33.722346062399517 ], [ 73.054067432950191, 33.722346062399524 ], [ 73.054067432950191, 33.722343831417753 ], [ 73.054064750957849, 33.72234383141776 ], [ 73.054064750957849, 33.722341600435946 ], [ 73.054062068965507, 33.722341600435946 ], [ 73.054062068965507, 33.722339369454104 ], [ 73.054059386973179, 33.722339369454097 ], [ 73.054059386973179, 33.722337138472191 ], [ 73.054056704980837, 33.722337138472184 ], [ 73.054056704980837, 33.722334907490207 ], [ 73.054054022988495, 33.722334907490215 ], [ 73.054054022988495, 33.722332676508174 ], [ 73.054051340996168, 33.722332676508181 ], [ 73.054051340996168, 33.722330445526069 ], [ 73.054048659003826, 33.722330445526069 ], [ 73.054048659003826, 33.722328214543921 ], [ 73.054045977011484, 33.722328214543914 ], [ 73.054045977011484, 33.722319290614728 ], [ 73.054043295019156, 33.72231929061472 ], [ 73.054043295019156, 33.722317059632296 ], [ 73.054045977011484, 33.722317059632282 ], [ 73.054045977011484, 33.722308135701937 ], [ 73.054043295019156, 33.722308135701937 ], [ 73.054043295019156, 33.722290287838462 ], [ 73.054040613026814, 33.722290287838462 ], [ 73.054040613026814, 33.722283594888687 ], [ 73.054037931034472, 33.722283594888687 ], [ 73.054037931034472, 33.722263516036271 ], [ 73.054043295019156, 33.722263516036264 ], [ 73.054043295019156, 33.722261285052376 ], [ 73.054048659003826, 33.72226128505239 ], [ 73.054048659003826, 33.722263516036278 ], [ 73.054075478927203, 33.722263516036271 ], [ 73.054075478927203, 33.72226574702011 ], [ 73.054078160919531, 33.72226574702011 ], [ 73.054078160919531, 33.722267978003892 ], [ 73.054080842911887, 33.722267978003877 ], [ 73.054080842911887, 33.722270208987595 ], [ 73.054083524904215, 33.722270208987602 ], [ 73.054083524904215, 33.722272439971263 ], [ 73.054086206896542, 33.722272439971256 ], [ 73.054086206896542, 33.722276901938393 ], [ 73.054088888888899, 33.722276901938393 ], [ 73.054088888888899, 33.7223059047192 ], [ 73.054091570881226, 33.722305904719207 ], [ 73.054091570881226, 33.722332676508174 ], [ 73.054094252873568, 33.722332676508174 ], [ 73.054094252873568, 33.722339369454104 ], [ 73.054091570881226, 33.722339369454097 ], [ 73.054091570881226, 33.722341600435954 ], [ 73.054088888888899, 33.722341600435946 ], [ 73.054088888888899, 33.722348293381202 ], [ 73.054086206896542, 33.722348293381202 ], [ 73.054086206896542, 33.722350524362838 ], [ 73.054083524904215, 33.722350524362838 ], [ 73.054083524904215, 33.72235275534441 ], [ 73.054075478927203, 33.722352755344403 ] ] ] } },
{ "type": "Feature", "properties": { "value": 255, "area_m2": 32.170808291503711 }, "geometry": { "type": "Polygon", "coordinates": [ [ [ 73.054893486590046, 33.722310366684603 ], [ 73.054893486590046, 33.722308135701937 ], [ 73.054880076628351, 33.722308135701937 ], [ 73.054880076628351, 33.7223059047192 ], [ 73.054869348659011, 33.722305904719192 ], [ 73.054869348659011, 33.722303673736405 ], [ 73.054855938697315, 33.722303673736413 ], [ 73.054855938697315, 33.722301442753555 ], [ 73.054853256704973, 33.722301442753562 ], [ 73.054853256704973, 33.722290287838455 ], [ 73.054855938697315, 33.722290287838462 ], [ 73.054855938697315, 33.722274670954867 ], [ 73.054858620689657, 33.72227467095486 ], [ 73.054858620689657, 33.722256823084429 ], [ 73.054861302681999, 33.722256823084429 ], [ 73.054861302681999, 33.72225236111624 ], [ 73.054863984674327, 33.722252361116226 ], [ 73.054863984674327, 33.722250130132046 ], [ 73.054866666666669, 33.722250130132046 ], [ 73.054866666666669, 33.72224789914781 ], [ 73.054885440613035, 33.72224789914781 ], [ 73.054885440613035, 33.722245668163524 ], [ 73.054888122605362, 33.722245668163517 ], [ 73.054888122605362, 33.722247899147803 ], [ 73.054898850574716, 33.722247899147817 ], [ 73.054898850574716, 33.722250130132053 ], [ 73.054901532567044, 33.722250130132053 ], [ 73.054901532567044, 33.72225236111624 ], [ 73.054904214559386, 33.72225236111624 ], [ 73.054904214559386, 33.722254592100356 ], [ 73.054906896551714, 33.722254592100363 ], [ 73.054906896551714, 33.722256823084429 ], [ 73.054909578544056, 33.722256823084429 ], [ 73.054909578544056, 33.722259054068438 ], [ 73.054912260536383, 33.722259054068431 ], [ 73.054912260536383, 33.722261285052369 ], [ 73.054914942528725, 33.722261285052383 ], [ 73.054914942528725, 33.722281363905317 ], [ 73.054912260536383, 33.72228136390531 ], [ 73.054912260536383, 33.722292518821597 ], [ 73.054909578544056, 33.722292518821597 ], [ 73.054909578544056, 33.722296980787689 ], [ 73.054906896551714, 33.722296980787682 ], [ 73.054906896551714, 33.7223059047192 ], [ 73.054904214559386, 33.722305904719207 ], [ 73.054904214559386, 33.722308135701944 ], [ 73.054898850574716, 33.722308135701937 ], [ 73.054898850574716, 33.722310366684603 ], [ 73.054893486590046, 33.722310366684603 ] ] ] } },
{ "type": "Feature", "properties": { "value": 255, "area_m2": 27.311324284320367 }, "geometry": { "type": "Polygon", "coordinates": [ [ [ 73.056508045977012, 33.722301442753555 ], [ 73.056508045977012, 33.722299211770661 ], [ 73.056502681992328, 33.722299211770661 ], [ 73.056502681992328, 33.722296980787689 ], [ 73.056497318007658, 33.722296980787682 ], [ 73.056497318007658, 33.722294749804668 ], [ 73.056494636015316, 33.722294749804668 ], [ 73.056494636015316, 33.72229251882159 ], [ 73.056489272030646, 33.72229251882159 ], [ 73.056489272030646, 33.722290287838462 ], [ 73.056486590038304, 33.722290287838455 ], [ 73.056486590038304, 33.722288056855263 ], [ 73.056481226053634, 33.722288056855263 ], [ 73.056481226053634, 33.722285825872007 ], [ 73.056478544061292, 33.722285825872007 ], [ 73.056478544061292, 33.722281363905317 ], [ 73.05647586206895, 33.722281363905317 ], [ 73.05647586206895, 33.722279132921891 ], [ 73.056478544061292, 33.722279132921898 ], [ 73.056478544061292, 33.722270208987609 ], [ 73.056481226053634, 33.722270208987595 ], [ 73.056481226053634, 33.722263516036278 ], [ 73.056483908045962, 33.722263516036264 ], [ 73.056483908045962, 33.722259054068431 ], [ 73.056486590038304, 33.722259054068438 ], [ 73.056486590038304, 33.722256823084422 ], [ 73.056489272030646, 33.722256823084429 ], [ 73.056489272030646, 33.722252361116233 ], [ 73.056491954022974, 33.72225236111624 ], [ 73.056491954022974, 33.722250130132053 ], [ 73.056494636015316, 33.722250130132053 ], [ 73.056494636015316, 33.722243437179159 ], [ 73.0565, 33.722243437179159 ], [ 73.0565, 33.722241206194745 ], [ 73.056516091954023, 33.722241206194738 ], [ 73.056516091954023, 33.722243437179152 ], [ 73.056518773946365, 33.722243437179145 ], [ 73.056518773946365, 33.722245668163517 ], [ 73.056529501915705, 33.722245668163517 ], [ 73.056529501915705, 33.72224789914781 ], [ 73.056537547892717, 33.722247899147803 ], [ 73.056537547892717, 33.722250130132046 ], [ 73.056540229885059, 33.722250130132053 ], [ 73.056540229885059, 33.72225236111624 ], [ 73.056542911877401, 33.72225236111624 ], [ 73.056542911877401, 33.722261285052383 ], [ 73.056540229885059, 33.722261285052376 ], [ 73.056540229885059, 33.722267978003892 ], [ 73.056537547892717, 33.722267978003885 ], [ 73.056537547892717, 33.722272439971256 ], [ 73.056534865900389, 33.72227243997127 ], [ 73.056534865900389, 33.722274670954874 ], [ 73.056532183908047, 33.722274670954867 ], [ 73.056532183908047, 33.722279132921898 ], [ 73.056529501915705, 33.722279132921898 ], [ 73.056529501915705, 33.722283594888687 ], [ 73.056526819923377, 33.722283594888694 ], [ 73.056526819923377, 33.72228805685527 ], [ 73.056524137931035, 33.72228805685527 ], [ 73.056524137931035, 33.722292518821597 ], [ 73.056521455938693, 33.72229251882159 ], [ 73.056521455938693, 33.722296980787682 ], [ 73.056518773946365, 33.722296980787689 ], [ 73.056518773946365, 33.722301442753555 ], [ 73.056508045977012, 33.722301442753555 ] ] ] } },
{ "type": "Feature", "properties": { "value": 255, "area_m2": 39.306250974291387 }, "geometry": { "type": "Polygon", "coordinates": [ [ [ 73.053683908045983, 33.722325983561703 ], [ 73.053683908045983, 33.722323752579435 ], [ 73.053681226053641, 33.722323752579449 ], [ 73.053681226053641, 33.722317059632282 ], [ 73.053678544061313, 33.722317059632282 ], [ 73.053678544061313, 33.722301442753555 ], [ 73.053681226053641, 33.722301442753562 ], [ 73.053681226053641, 33.722299211770654 ], [ 73.053678544061313, 33.722299211770654 ], [ 73.053678544061313, 33.722267978003885 ], [ 73.053681226053641, 33.722267978003877 ], [ 73.053681226053641, 33.722263516036278 ], [ 73.053678544061313, 33.722263516036271 ], [ 73.053678544061313, 33.722259054068438 ], [ 73.053681226053641, 33.722259054068431 ], [ 73.053681226053641, 33.72225236111624 ], [ 73.053683908045983, 33.72225236111624 ], [ 73.053683908045983, 33.722247899147817 ], [ 73.053686590038311, 33.72224789914781 ], [ 73.053686590038311, 33.722243437179159 ], [ 73.053689272030653, 33.722243437179152 ], [ 73.053689272030653, 33.722238975210267 ], [ 73.05369195402298, 33.722238975210274 ], [ 73.05369195402298, 33.722234513241162 ], [ 73.053694636015322, 33.722234513241155 ], [ 73.053694636015322, 33.722230051271808 ], [ 73.05369731800765, 33.722230051271808 ], [ 73.05369731800765, 33.722227820287046 ], [ 73.053702681992334, 33.722227820287046 ], [ 73.053702681992334, 33.722225589302234 ], [ 73.053710727969346, 33.722225589302234 ], [ 73.053710727969346, 33.722227820287053 ], [ 73.053713409961674, 33.722227820287053 ], [ 73.053713409961674, 33.722230051271801 ], [ 73.053718773946358, 33.722230051271801 ], [ 73.053718773946358, 33.722232282256506 ], [ 73.053724137931027, 33.722232282256506 ], [ 73.053724137931027, 33.722234513241162 ], [ 73.053726819923369, 33.722234513241169 ], [ 73.053726819923369, 33.722236744225754 ], [ 73.053729501915697, 33.722236744225746 ], [ 73.053729501915697, 33.722238975210274 ], [ 73.053732183908039, 33.72223897521026 ], [ 73.053732183908039, 33.722243437179145 ], [ 73.053734865900381, 33.722243437179159 ], [ 73.053734865900381, 33.722261285052383 ], [ 73.053732183908039, 33.722261285052383 ], [ 73.053732183908039, 33.722265747020103 ], [ 73.053729501915697, 33.72226574702011 ], [ 73.053729501915697, 33.722270208987595 ], [ 73.053726819923369, 33.722270208987602 ], [ 73.053726819923369, 33.722274670954874 ], [ 73.053724137931027, 33.722274670954867 ], [ 73.053724137931027, 33.722279132921905 ], [ 73.053721455938685, 33.722279132921898 ], [ 73.053721455938685, 33.722283594888694 ], [ 73.053718773946358, 33.722283594888687 ], [ 73.053718773946358, 33.72229251882159 ], [ 73.053716091954016, 33.722292518821597 ], [ 73.053716091954016, 33.722299211770661 ], [ 73.053713409961674, 33.722299211770654 ], [ 73.053713409961674, 33.722303673736413 ], [ 73.053710727969346, 33.722303673736413 ], [ 73.053710727969346, 33.722308135701937 ], [ 73.053708045977004, 33.722308135701937 ], [ 73.053708045977004, 33.722312597667226 ], [ 73.053705363984662, 33.722312597667226 ], [ 73.053705363984662, 33.722317059632296 ], [ 73.053702681992334, 33.722317059632296 ], [ 73.053702681992334, 33.722319290614728 ], [ 73.0537, 33.722319290614728 ], [ 73.0537, 33.722321521597117 ], [ 73.05369731800765, 33.722321521597109 ], [ 73.05369731800765, 33.722323752579435 ], [ 73.053694636015322, 33.722323752579442 ], [ 73.053694636015322, 33.72232598356171 ], [ 73.053683908045983, 33.722325983561703 ] ] ] } },
{ "type": "Feature", "properties": { "value": 255, "area_m2": 34.692777239800108 }, "geometry": { "type": "Polygon", "coordinates": [ [ [ 73.056440996168575, 33.722290287838455 ], [ 73.056440996168575, 33.72228805685527 ], [ 73.056435632183906, 33.72228805685527 ], [ 73.056435632183906, 33.722285825872007 ], [ 73.056432950191564, 33.722285825872 ], [ 73.056432950191564, 33.722283594888687 ], [ 73.056427586206894, 33.722283594888687 ], [ 73.056427586206894, 33.722281363905317 ], [ 73.056422222222224, 33.722281363905324 ], [ 73.056422222222224, 33.722279132921898 ], [ 73.05641685823754, 33.722279132921898 ], [ 73.05641685823754, 33.7222769019384 ], [ 73.05641149425287, 33.7222769019384 ], [ 73.05641149425287, 33.722274670954867 ], [ 73.056406130268186, 33.722274670954874 ], [ 73.056406130268186, 33.722272439971256 ], [ 73.056403448275859, 33.722272439971256 ], [ 73.056403448275859, 33.722267978003885 ], [ 73.056400766283517, 33.722267978003877 ], [ 73.056400766283517, 33.722261285052383 ], [ 73.056398084291175, 33.722261285052383 ], [ 73.056398084291175, 33.72224789914781 ], [ 73.056400766283517, 33.722247899147817 ], [ 73.056400766283517, 33.722243437179152 ], [ 73.056406130268186, 33.722243437179152 ], [ 73.056406130268186, 33.722238975210267 ], [ 73.05641149425287, 33.722238975210274 ], [ 73.05641149425287, 33.722236744225746 ], [ 73.056414176245212, 33.722236744225739 ], [ 73.056414176245212, 33.722234513241162 ], [ 73.05641685823754, 33.722234513241155 ], [ 73.05641685823754, 33.722232282256499 ], [ 73.056419540229882, 33.722232282256513 ], [ 73.056419540229882, 33.722230051271801 ], [ 73.056422222222224, 33.722230051271801 ], [ 73.056422222222224, 33.722227820287053 ], [ 73.056424904214552, 33.72222782028706 ], [ 73.056424904214552, 33.722225589302219 ], [ 73.056427586206894, 33.722225589302226 ], [ 73.056427586206894, 33.722223358317351 ], [ 73.056449042145601, 33.722223358317351 ], [ 73.056449042145601, 33.722225589302226 ], [ 73.056454406130271, 33.722225589302234 ], [ 73.056454406130271, 33.722227820287053 ], [ 73.056462452107269, 33.722227820287053 ], [ 73.056462452107269, 33.722230051271801 ], [ 73.056465134099611, 33.722230051271815 ], [ 73.056465134099611, 33.722232282256513 ], [ 73.056467816091939, 33.722232282256506 ], [ 73.056467816091939, 33.722250130132053 ], [ 73.056465134099611, 33.722250130132053 ], [ 73.056465134099611, 33.722261285052383 ], [ 73.056462452107269, 33.72226128505239 ], [ 73.056462452107269, 33.722265747020096 ], [ 73.056459770114941, 33.72226574702011 ], [ 73.056459770114941, 33.7222769019384 ], [ 73.056457088122613, 33.7222769019384 ], [ 73.056457088122613, 33.722283594888694 ], [ 73.056454406130271, 33.722283594888694 ], [ 73.056454406130271, 33.72228805685527 ], [ 73.056451724137929, 33.72228805685527 ], [ 73.056451724137929, 33.722290287838455 ], [ 73.056440996168575, 33.722290287838455 ] ] ] } },
{ "type": "Feature", "properties": { "value": 255, "area_m2": 28.480010471970488 }, "geometry": { "type": "Polygon", "coordinates": [ [ [ 73.05860804597701, 33.722288056855263 ], [ 73.05860804597701, 33.722285825871992 ], [ 73.05860268199234, 33.722285825872007 ], [ 73.05860268199234, 33.722279132921891 ], [ 73.058597318007656, 33.722279132921905 ], [ 73.058597318007656, 33.722276901938407 ], [ 73.058594636015314, 33.7222769019384 ], [ 73.058594636015314, 33.722272439971256 ], [ 73.058591954022987, 33.722272439971256 ], [ 73.058591954022987, 33.722270208987609 ], [ 73.058589272030645, 33.722270208987602 ], [ 73.058589272030645, 33.722261285052383 ], [ 73.058586590038303, 33.722261285052383 ], [ 73.058586590038303, 33.722259054068431 ], [ 73.058589272030645, 33.722259054068438 ], [ 73.058589272030645, 33.722252361116233 ], [ 73.058591954022987, 33.722252361116233 ], [ 73.058591954022987, 33.722245668163524 ], [ 73.058594636015314, 33.722245668163517 ], [ 73.058594636015314, 33.722241206194745 ], [ 73.058597318007656, 33.722241206194738 ], [ 73.058597318007656, 33.72223897521026 ], [ 73.0586, 33.72223897521026 ], [ 73.0586, 33.722236744225746 ], [ 73.05860268199234, 33.722236744225754 ], [ 73.05860268199234, 33.722232282256506 ], [ 73.058605363984668, 33.722232282256506 ], [ 73.058605363984668, 33.72222782028706 ], [ 73.05860804597701, 33.72222782028706 ], [ 73.05860804597701, 33.722225589302219 ], [ 73.058610727969352, 33.722225589302226 ], [ 73.058610727969352, 33.722223358317351 ], [ 73.058618773946364, 33.722223358317343 ], [ 73.058618773946364, 33.722227820287038 ], [ 73.058621455938692, 33.72222782028706 ], [ 73.058621455938692, 33.722230051271815 ], [ 73.058624137931034, 33.722230051271808 ], [ 73.058624137931034, 33.722232282256506 ], [ 73.058626819923376, 33.722232282256499 ], [ 73.058626819923376, 33.722234513241148 ], [ 73.058632183908031, 33.722234513241169 ], [ 73.058632183908031, 33.722236744225746 ], [ 73.058634865900373, 33.722236744225746 ], [ 73.058634865900373, 33.722238975210267 ], [ 73.058637547892701, 33.722238975210274 ], [ 73.058637547892701, 33.722241206194738 ], [ 73.058642911877385, 33.722241206194738 ], [ 73.058642911877385, 33.722243437179159 ], [ 73.058648275862055, 33.722243437179152 ], [ 73.058648275862055, 33.72224789914781 ], [ 73.058650957854397, 33.722247899147817 ], [ 73.058650957854397, 33.722250130132046 ], [ 73.058653639846725, 33.722250130132046 ], [ 73.058653639846725, 33.722252361116233 ], [ 73.058650957854397, 33.72225236111624 ], [ 73.058650957854397, 33.722263516036271 ], [ 73.058648275862055, 33.722263516036271 ], [ 73.058648275862055, 33.722267978003892 ], [ 73.058645593869713, 33.722267978003877 ], [ 73.058645593869713, 33.722272439971256 ], [ 73.058642911877385, 33.722272439971256 ], [ 73.058642911877385, 33.722274670954867 ], [ 73.058640229885043, 33.722274670954867 ], [ 73.058640229885043, 33.722276901938407 ], [ 73.058637547892701, 33.7222769019384 ], [ 73.058637547892701, 33.722279132921891 ], [ 73.058634865900373, 33.722279132921898 ], [ 73.058634865900373, 33.722281363905324 ], [ 73.058632183908031, 33.722281363905324 ], [ 73.058632183908031, 33.722283594888701 ], [ 73.058629501915703, 33.722283594888687 ], [ 73.058629501915703, 33.722285825872 ], [ 73.058626819923376, 33.722285825872 ], [ 73.058626819923376, 33.722288056855263 ], [ 73.05860804597701, 33.722288056855263 ] ] ] } },
{ "type": "Feature", "properties": { "value": 255, "area_m2": 41.397648656350214 }, "geometry": { "type": "Polygon", "coordinates": [ [ [ 73.054273946360155, 33.722312597667234 ], [ 73.054273946360155, 33.722310366684603 ], [ 73.054268582375485, 33.72231036668461 ], [ 73.054268582375485, 33.722308135701944 ], [ 73.054265900383143, 33.722308135701937 ], [ 73.054265900383143, 33.722305904719192 ], [ 73.054263218390801, 33.7223059047192 ], [ 73.054263218390801, 33.72230367373642 ], [ 73.054257854406131, 33.722303673736413 ], [ 73.054257854406131, 33.722301442753555 ], [ 73.054255172413789, 33.722301442753562 ], [ 73.054255172413789, 33.722299211770661 ], [ 73.05424980842912, 33.722299211770654 ], [ 73.05424980842912, 33.722296980787696 ], [ 73.054247126436778, 33.722296980787696 ], [ 73.054247126436778, 33.722294749804668 ], [ 73.054244444444436, 33.722294749804675 ], [ 73.054244444444436, 33.722292518821604 ], [ 73.054239080459766, 33.722292518821597 ], [ 73.054239080459766, 33.722290287838455 ], [ 73.054241762452108, 33.722290287838462 ], [ 73.054241762452108, 33.722283594888687 ], [ 73.054244444444436, 33.722283594888687 ], [ 73.054244444444436, 33.7222769019384 ], [ 73.054247126436778, 33.722276901938407 ], [ 73.054247126436778, 33.722272439971263 ], [ 73.05424980842912, 33.722272439971256 ], [ 73.05424980842912, 33.722270208987602 ], [ 73.054252490421447, 33.722270208987595 ], [ 73.054252490421447, 33.722265747020103 ], [ 73.054255172413789, 33.722265747020096 ], [ 73.054255172413789, 33.722254592100356 ], [ 73.054257854406131, 33.722254592100356 ], [ 73.054257854406131, 33.722252361116226 ], [ 73.054255172413789, 33.722252361116233 ], [ 73.054255172413789, 33.722247899147817 ], [ 73.054257854406131, 33.72224789914781 ], [ 73.054257854406131, 33.722241206194745 ], [ 73.054255172413789, 33.722241206194738 ], [ 73.054255172413789, 33.722236744225754 ], [ 73.054257854406131, 33.722236744225746 ], [ 73.054257854406131, 33.722230051271808 ], [ 73.054260536398473, 33.722230051271808 ], [ 73.054260536398473, 33.722227820287046 ], [ 73.054263218390801, 33.722227820287053 ], [ 73.054263218390801, 33.722225589302219 ], [ 73.054265900383143, 33.722225589302234 ], [ 73.054265900383143, 33.722223358317351 ], [ 73.054271264367813, 33.722223358317343 ], [ 73.054271264367813, 33.722221127332418 ], [ 73.054276628352497, 33.722221127332418 ], [ 73.054276628352497, 33.722223358317351 ], [ 73.054284674329509, 33.722223358317343 ], [ 73.054284674329509, 33.72222782028706 ], [ 73.054287356321836, 33.722227820287053 ], [ 73.054287356321836, 33.722230051271808 ], [ 73.054290038314178, 33.722230051271801 ], [ 73.054290038314178, 33.722232282256513 ], [ 73.05429272030652, 33.722232282256513 ], [ 73.05429272030652, 33.722236744225754 ], [ 73.054295402298848, 33.722236744225746 ], [ 73.054295402298848, 33.722238975210267 ], [ 73.054298084291176, 33.722238975210267 ], [ 73.054298084291176, 33.722243437179159 ], [ 73.054300766283518, 33.722243437179152 ], [ 73.054300766283518, 33.722245668163517 ], [ 73.05430344827586, 33.722245668163509 ], [ 73.05430344827586, 33.722247899147817 ], [ 73.054306130268188, 33.722247899147803 ], [ 73.054306130268188, 33.722250130132046 ], [ 73.054311494252872, 33.722250130132046 ], [ 73.054311494252872, 33.722254592100356 ], [ 73.0543141762452, 33.722254592100363 ], [ 73.0543141762452, 33.722265747020103 ], [ 73.054311494252872, 33.722265747020103 ], [ 73.054311494252872, 33.722272439971263 ], [ 73.05430881226053, 33.722272439971256 ], [ 73.05430881226053, 33.722274670954867 ], [ 73.054306130268188, 33.722274670954874 ], [ 73.054306130268188, 33.722276901938407 ], [ 73.05430344827586, 33.7222769019384 ], [ 73.05430344827586, 33.72228136390531 ], [ 73.054300766283518, 33.722281363905317 ], [ 73.054300766283518, 33.722285825872 ], [ 73.054298084291176, 33.722285825871992 ], [ 73.054298084291176, 33.722290287838455 ], [ 73.054295402298848, 33.722290287838455 ], [ 73.054295402298848, 33.722294749804668 ], [ 73.05429272030652, 33.722294749804675 ], [ 73.05429272030652, 33.722299211770661 ], [ 73.054290038314178, 33.722299211770654 ], [ 73.054290038314178, 33.722301442753562 ], [ 73.054287356321836, 33.722301442753562 ], [ 73.054287356321836, 33.722303673736405 ], [ 73.054284674329509, 33.72230367373642 ], [ 73.054284674329509, 33.722308135701944 ], [ 73.054279310344825, 33.722308135701937 ], [ 73.054279310344825, 33.722312597667219 ], [ 73.054273946360155, 33.722312597667234 ] ] ] } },
{ "type": "Feature", "properties": { "value": 255, "area_m2": 59.543709045887532 }, "geometry": { "type": "Polygon", "coordinates": [ [ [ 73.054791570881235, 33.722299211770654 ], [ 73.054791570881235, 33.722296980787696 ], [ 73.054786206896551, 33.722296980787696 ], [ 73.054786206896551, 33.722294749804675 ], [ 73.054783524904224, 33.722294749804675 ], [ 73.054783524904224, 33.722292518821604 ], [ 73.05477816091954, 33.722292518821597 ], [ 73.05477816091954, 33.722290287838462 ], [ 73.054772796934856, 33.722290287838462 ], [ 73.054772796934856, 33.72228805685527 ], [ 73.054767432950186, 33.722288056855255 ], [ 73.054767432950186, 33.722285825872007 ], [ 73.054764750957844, 33.722285825872014 ], [ 73.054764750957844, 33.722283594888673 ], [ 73.054762068965516, 33.722283594888687 ], [ 73.054762068965516, 33.722272439971256 ], [ 73.054764750957844, 33.722272439971256 ], [ 73.054764750957844, 33.722270208987602 ], [ 73.054767432950186, 33.722270208987602 ], [ 73.054767432950186, 33.722263516036278 ], [ 73.054770114942528, 33.722263516036271 ], [ 73.054770114942528, 33.722261285052376 ], [ 73.054772796934856, 33.722261285052383 ], [ 73.054772796934856, 33.722256823084436 ], [ 73.054775478927212, 33.722256823084436 ], [ 73.054775478927212, 33.722252361116233 ], [ 73.05477816091954, 33.722252361116226 ], [ 73.05477816091954, 33.722247899147817 ], [ 73.054780842911867, 33.722247899147803 ], [ 73.054780842911867, 33.722245668163524 ], [ 73.054783524904224, 33.722245668163517 ], [ 73.054783524904224, 33.722241206194738 ], [ 73.054786206896551, 33.722241206194745 ], [ 73.054786206896551, 33.722238975210267 ], [ 73.054788888888893, 33.722238975210267 ], [ 73.054788888888893, 33.722236744225754 ], [ 73.054791570881235, 33.722236744225746 ], [ 73.054791570881235, 33.722232282256513 ], [ 73.054794252873563, 33.722232282256499 ], [ 73.054794252873563, 33.722230051271808 ], [ 73.054796934865905, 33.722230051271801 ], [ 73.054796934865905, 33.722227820287046 ], [ 73.054799616858247, 33.722227820287053 ], [ 73.054799616858247, 33.722221127332411 ], [ 73.054802298850575, 33.722221127332411 ], [ 73.054802298850575, 33.722218896347428 ], [ 73.054804980842917, 33.722218896347421 ], [ 73.054804980842917, 33.722214434377264 ], [ 73.054807662835259, 33.722214434377264 ], [ 73.054807662835259, 33.722212203392097 ], [ 73.054821072796926, 33.722212203392083 ], [ 73.054821072796926, 33.722214434377257 ], [ 73.054823754789268, 33.722214434377257 ], [ 73.054823754789268, 33.722216665362367 ], [ 73.054845210727962, 33.722216665362367 ], [ 73.054845210727962, 33.722218896347421 ], [ 73.054850574712631, 33.722218896347421 ], [ 73.054850574712631, 33.722221127332418 ], [ 73.054853256704973, 33.722221127332411 ], [ 73.054853256704973, 33.722223358317343 ], [ 73.054855938697315, 33.722223358317351 ], [ 73.054855938697315, 33.722225589302234 ], [ 73.054861302681999, 33.722225589302234 ], [ 73.054861302681999, 33.722227820287053 ], [ 73.054866666666669, 33.722227820287038 ], [ 73.054866666666669, 33.722241206194738 ], [ 73.054863984674327, 33.722241206194731 ], [ 73.054863984674327, 33.722247899147817 ], [ 73.054861302681999, 33.722247899147817 ], [ 73.054861302681999, 33.722250130132046 ], [ 73.054858620689657, 33.722250130132053 ], [ 73.054858620689657, 33.722252361116233 ], [ 73.054855938697315, 33.72225236111624 ], [ 73.054855938697315, 33.722256823084436 ], [ 73.054853256704973, 33.722256823084429 ], [ 73.054853256704973, 33.722259054068438 ], [ 73.054850574712631, 33.722259054068431 ], [ 73.054850574712631, 33.722261285052376 ], [ 73.054847892720304, 33.722261285052383 ], [ 73.054847892720304, 33.72226574702011 ], [ 73.054845210727962, 33.722265747020103 ], [ 73.054845210727962, 33.722270208987602 ], [ 73.05484252873562, 33.722270208987602 ], [ 73.05484252873562, 33.722272439971263 ], [ 73.054839846743292, 33.722272439971256 ], [ 73.054839846743292, 33.722276901938407 ], [ 73.05483716475095, 33.722276901938393 ], [ 73.05483716475095, 33.72228359488868 ], [ 73.054834482758608, 33.722283594888694 ], [ 73.054834482758608, 33.722285825871992 ], [ 73.05483180076628, 33.722285825872007 ], [ 73.05483180076628, 33.722292518821604 ], [ 73.054829118773938, 33.722292518821597 ], [ 73.054829118773938, 33.722294749804668 ], [ 73.054823754789268, 33.722294749804668 ], [ 73.054823754789268, 33.722296980787689 ], [ 73.054815708812257, 33.722296980787689 ], [ 73.054815708812257, 33.722299211770654 ], [ 73.054791570881235, 33.722299211770654 ] ] ] } },
{ "type": "Feature", "properties": { "value": 255, "area_m2": 27.926389463665366 }, "geometry": { "type": "Polygon", "coordinates": [ [ [ 73.059627203065119, 33.722274670954874 ], [ 73.059627203065119, 33.722272439971256 ], [ 73.059621839080449, 33.722272439971256 ], [ 73.059621839080449, 33.722270208987602 ], [ 73.05961647509578, 33.722270208987595 ], [ 73.05961647509578, 33.722267978003892 ], [ 73.059611111111096, 33.722267978003885 ], [ 73.059611111111096, 33.722265747020103 ], [ 73.059608429118768, 33.72226574702011 ], [ 73.059608429118768, 33.722263516036278 ], [ 73.059611111111096, 33.722263516036278 ], [ 73.059611111111096, 33.722259054068438 ], [ 73.059613793103438, 33.722259054068431 ], [ 73.059613793103438, 33.722256823084422 ], [ 73.05961647509578, 33.722256823084429 ], [ 73.05961647509578, 33.722247899147817 ], [ 73.059613793103438, 33.72224789914781 ], [ 73.059613793103438, 33.722232282256513 ], [ 73.05961647509578, 33.722232282256506 ], [ 73.05961647509578, 33.722230051271808 ], [ 73.059619157088107, 33.722230051271808 ], [ 73.059619157088107, 33.722225589302219 ], [ 73.059621839080449, 33.722225589302234 ], [ 73.059621839080449, 33.722223358317351 ], [ 73.059624521072791, 33.722223358317343 ], [ 73.059624521072791, 33.722221127332404 ], [ 73.059627203065119, 33.722221127332411 ], [ 73.059627203065119, 33.722218896347414 ], [ 73.059629885057461, 33.722218896347414 ], [ 73.059629885057461, 33.72221666536236 ], [ 73.059632567049803, 33.722216665362367 ], [ 73.059632567049803, 33.722212203392097 ], [ 73.059645977011499, 33.72221220339209 ], [ 73.059645977011499, 33.722214434377257 ], [ 73.059651340996169, 33.722214434377264 ], [ 73.059651340996169, 33.722216665362367 ], [ 73.059654022988511, 33.722216665362367 ], [ 73.059654022988511, 33.722221127332411 ], [ 73.059659386973181, 33.722221127332411 ], [ 73.059659386973181, 33.722223358317343 ], [ 73.05966475095785, 33.722223358317351 ], [ 73.05966475095785, 33.722225589302226 ], [ 73.059672796934848, 33.722225589302234 ], [ 73.059672796934848, 33.722230051271815 ], [ 73.05967547892719, 33.722230051271808 ], [ 73.05967547892719, 33.722245668163517 ], [ 73.05967011494252, 33.722245668163517 ], [ 73.05967011494252, 33.722250130132053 ], [ 73.059667432950192, 33.722250130132053 ], [ 73.059667432950192, 33.722252361116233 ], [ 73.05966475095785, 33.72225236111624 ], [ 73.05966475095785, 33.722254592100356 ], [ 73.059662068965523, 33.722254592100363 ], [ 73.059662068965523, 33.722256823084429 ], [ 73.059659386973181, 33.722256823084436 ], [ 73.059659386973181, 33.722259054068431 ], [ 73.059656704980839, 33.722259054068438 ], [ 73.059656704980839, 33.722261285052383 ], [ 73.059654022988511, 33.722261285052383 ], [ 73.059654022988511, 33.722263516036278 ], [ 73.059651340996169, 33.722263516036278 ], [ 73.059651340996169, 33.72226574702011 ], [ 73.059645977011499, 33.72226574702011 ], [ 73.059645977011499, 33.722267978003892 ], [ 73.059643295019143, 33.722267978003885 ], [ 73.059643295019143, 33.722270208987595 ], [ 73.059640613026815, 33.722270208987595 ], [ 73.059640613026815, 33.722272439971263 ], [ 73.059635249042131, 33.722272439971263 ], [ 73.059635249042131, 33.722274670954867 ], [ 73.059627203065119, 33.722274670954874 ] ] ] } },
{ "type": "Feature", "properties": { "value": 255, "area_m2": 27.065333420768173 }, "geometry": { "type": "Polygon", "coordinates": [ [ [ 73.05496321839081, 33.722259054068438 ], [ 73.05496321839081, 33.722256823084429 ], [ 73.054957854406126, 33.722256823084436 ], [ 73.054957854406126, 33.722254592100356 ], [ 73.054949808429114, 33.722254592100349 ], [ 73.054949808429114, 33.722252361116233 ], [ 73.054944444444445, 33.722252361116226 ], [ 73.054944444444445, 33.722250130132053 ], [ 73.054941762452103, 33.722250130132053 ], [ 73.054941762452103, 33.72224789914781 ], [ 73.054936398467433, 33.722247899147817 ], [ 73.054936398467433, 33.722245668163509 ], [ 73.054931034482749, 33.722245668163509 ], [ 73.054931034482749, 33.722243437179159 ], [ 73.054928352490421, 33.722243437179152 ], [ 73.054928352490421, 33.722241206194745 ], [ 73.054922988505737, 33.722241206194745 ], [ 73.054922988505737, 33.722238975210267 ], [ 73.054920306513395, 33.722238975210267 ], [ 73.054920306513395, 33.722236744225754 ], [ 73.054914942528725, 33.722236744225746 ], [ 73.054914942528725, 33.722234513241162 ], [ 73.054912260536383, 33.722234513241162 ], [ 73.054912260536383, 33.722232282256513 ], [ 73.054909578544056, 33.722232282256506 ], [ 73.054909578544056, 33.722230051271808 ], [ 73.054906896551714, 33.722230051271808 ], [ 73.054906896551714, 33.722227820287046 ], [ 73.054904214559386, 33.722227820287053 ], [ 73.054904214559386, 33.722218896347421 ], [ 73.054906896551714, 33.722218896347428 ], [ 73.054906896551714, 33.72221443437725 ], [ 73.054909578544056, 33.722214434377257 ], [ 73.054909578544056, 33.722212203392083 ], [ 73.054914942528725, 33.722212203392097 ], [ 73.054914942528725, 33.722209972406866 ], [ 73.054925670498079, 33.722209972406866 ], [ 73.054925670498079, 33.722212203392097 ], [ 73.054944444444445, 33.72221220339209 ], [ 73.054944444444445, 33.72221443437725 ], [ 73.054949808429114, 33.722214434377243 ], [ 73.054949808429114, 33.72221666536236 ], [ 73.054957854406126, 33.722216665362374 ], [ 73.054957854406126, 33.722218896347421 ], [ 73.05496321839081, 33.722218896347421 ], [ 73.05496321839081, 33.722221127332411 ], [ 73.05496858237548, 33.722221127332418 ], [ 73.05496858237548, 33.722223358317351 ], [ 73.054971264367822, 33.722223358317351 ], [ 73.054971264367822, 33.722225589302234 ], [ 73.054976628352492, 33.722225589302226 ], [ 73.054976628352492, 33.722227820287053 ], [ 73.054979310344834, 33.722227820287046 ], [ 73.054979310344834, 33.722230051271801 ], [ 73.054981992337162, 33.722230051271801 ], [ 73.054981992337162, 33.722232282256492 ], [ 73.054984674329503, 33.722232282256513 ], [ 73.054984674329503, 33.722234513241169 ], [ 73.054987356321831, 33.722234513241162 ], [ 73.054987356321831, 33.722241206194738 ], [ 73.054990038314173, 33.722241206194745 ], [ 73.054990038314173, 33.722250130132046 ], [ 73.054987356321831, 33.722250130132053 ], [ 73.054987356321831, 33.722252361116226 ], [ 73.054990038314173, 33.72225236111624 ], [ 73.054990038314173, 33.722254592100363 ], [ 73.054987356321831, 33.722254592100363 ], [ 73.054987356321831, 33.722256823084429 ], [ 73.054984674329503, 33.722256823084436 ], [ 73.054984674329503, 33.722259054068438 ], [ 73.05496321839081, 33.722259054068438 ] ] ] } },
{ "type": "Feature", "properties": { "value": 255, "area_m2": 61.635180700176832 }, "geometry": { "type": "Polygon", "coordinates": [ [ [ 73.054619923371646, 33.72226574702011 ], [ 73.054619923371646, 33.722263516036271 ], [ 73.054611877394635, 33.722263516036271 ], [ 73.054611877394635, 33.722261285052383 ], [ 73.054606513409965, 33.722261285052383 ], [ 73.054606513409965, 33.722256823084436 ], [ 73.054603831417623, 33.722256823084415 ], [ 73.054603831417623, 33.722252361116233 ], [ 73.054601149425281, 33.72225236111624 ], [ 73.054601149425281, 33.72224789914781 ], [ 73.054598467432953, 33.72224789914781 ], [ 73.054598467432953, 33.722238975210267 ], [ 73.054595785440611, 33.722238975210267 ], [ 73.054595785440611, 33.722234513241162 ], [ 73.054593103448269, 33.722234513241148 ], [ 73.054593103448269, 33.722232282256506 ], [ 73.054590421455941, 33.722232282256506 ], [ 73.054590421455941, 33.722218896347414 ], [ 73.054587739463599, 33.722218896347414 ], [ 73.054587739463599, 33.72221220339209 ], [ 73.054585057471257, 33.72221220339209 ], [ 73.054585057471257, 33.722209972406866 ], [ 73.05458237547893, 33.722209972406866 ], [ 73.05458237547893, 33.722205510436225 ], [ 73.054579693486573, 33.722205510436225 ], [ 73.054579693486573, 33.722196586494285 ], [ 73.054577011494246, 33.722196586494285 ], [ 73.054577011494246, 33.722194355508663 ], [ 73.054579693486573, 33.722194355508663 ], [ 73.054579693486573, 33.722192124522969 ], [ 73.054577011494246, 33.722192124522977 ], [ 73.054577011494246, 33.722178738607624 ], [ 73.054579693486573, 33.722178738607617 ], [ 73.054579693486573, 33.722176507621526 ], [ 73.054590421455941, 33.722176507621512 ], [ 73.054590421455941, 33.722174276635364 ], [ 73.054593103448269, 33.722174276635371 ], [ 73.054593103448269, 33.722176507621519 ], [ 73.054595785440611, 33.722176507621526 ], [ 73.054595785440611, 33.722178738607617 ], [ 73.054603831417623, 33.722178738607603 ], [ 73.054603831417623, 33.722180969593666 ], [ 73.054609195402293, 33.722180969593666 ], [ 73.054609195402293, 33.722185431565556 ], [ 73.054611877394635, 33.722185431565563 ], [ 73.054611877394635, 33.722183200579636 ], [ 73.054614559386977, 33.722183200579636 ], [ 73.054614559386977, 33.722185431565563 ], [ 73.054625287356316, 33.722185431565563 ], [ 73.054625287356316, 33.722187662551427 ], [ 73.05463601532567, 33.722187662551427 ], [ 73.05463601532567, 33.722192124522977 ], [ 73.05464137931034, 33.722192124522969 ], [ 73.05464137931034, 33.722194355508655 ], [ 73.054649425287352, 33.72219435550867 ], [ 73.054649425287352, 33.722196586494292 ], [ 73.054654789272021, 33.722196586494285 ], [ 73.054654789272021, 33.722198817479871 ], [ 73.054657471264363, 33.722198817479857 ], [ 73.054657471264363, 33.722201048465386 ], [ 73.054665517241375, 33.722201048465386 ], [ 73.054665517241375, 33.722203279450852 ], [ 73.054668199233717, 33.722203279450845 ], [ 73.054668199233717, 33.722205510436233 ], [ 73.054673563218387, 33.722205510436233 ], [ 73.054673563218387, 33.722207741421585 ], [ 73.054676245210729, 33.72220774142157 ], [ 73.054676245210729, 33.722209972406866 ], [ 73.054678927203057, 33.722209972406873 ], [ 73.054678927203057, 33.72221220339209 ], [ 73.054681609195399, 33.722212203392097 ], [ 73.054681609195399, 33.722221127332411 ], [ 73.054678927203057, 33.722221127332411 ], [ 73.054678927203057, 33.722225589302234 ], [ 73.054676245210729, 33.722225589302219 ], [ 73.054676245210729, 33.722232282256506 ], [ 73.054673563218387, 33.722232282256506 ], [ 73.054673563218387, 33.722236744225754 ], [ 73.054668199233717, 33.722236744225746 ], [ 73.054668199233717, 33.722238975210267 ], [ 73.054665517241375, 33.722238975210267 ], [ 73.054665517241375, 33.722243437179159 ], [ 73.054662835249033, 33.722243437179152 ], [ 73.054662835249033, 33.722245668163517 ], [ 73.054657471264363, 33.722245668163524 ], [ 73.054657471264363, 33.722247899147803 ], [ 73.054654789272021, 33.72224789914781 ], [ 73.054654789272021, 33.722263516036271 ], [ 73.05464674329501, 33.722263516036271 ], [ 73.05464674329501, 33.72226574702011 ], [ 73.054644061302682, 33.72226574702011 ], [ 73.054644061302682, 33.722263516036271 ], [ 73.05464137931034, 33.722263516036271 ], [ 73.05464137931034, 33.72226574702011 ], [ 73.054619923371646, 33.72226574702011 ] ] ] } },
{ "type": "Feature", "properties": { "value": 255, "area_m2": 26.388734368581883 }, "geometry": { "type": "Polygon", "coordinates": [ [ [ 73.055400383141773, 33.722183200579636 ], [ 73.055400383141773, 33.722180969593659 ], [ 73.055395019157089, 33.722180969593659 ], [ 73.055395019157089, 33.72217873860761 ], [ 73.055392337164747, 33.722178738607617 ], [ 73.055392337164747, 33.722176507621519 ], [ 73.055389655172405, 33.722176507621519 ], [ 73.055389655172405, 33.722174276635378 ], [ 73.055386973180077, 33.722174276635378 ], [ 73.055386973180077, 33.722169814662891 ], [ 73.055384291187735, 33.722169814662891 ], [ 73.055384291187735, 33.722165352690169 ], [ 73.055381609195393, 33.722165352690162 ], [ 73.055381609195393, 33.722154197757384 ], [ 73.055384291187735, 33.722154197757391 ], [ 73.055384291187735, 33.722151966770646 ], [ 73.055386973180077, 33.722151966770653 ], [ 73.055386973180077, 33.722149735783844 ], [ 73.055389655172405, 33.722149735783852 ], [ 73.055389655172405, 33.722147504797007 ], [ 73.055411111111113, 33.722147504797 ], [ 73.055411111111113, 33.722145273810099 ], [ 73.055413793103455, 33.722145273810092 ], [ 73.055413793103455, 33.722143042823134 ], [ 73.055416475095782, 33.722143042823127 ], [ 73.055416475095782, 33.722140811836105 ], [ 73.055419157088124, 33.722140811836105 ], [ 73.055419157088124, 33.722136349861884 ], [ 73.055429885057464, 33.722136349861891 ], [ 73.055429885057464, 33.722138580849027 ], [ 73.055437931034476, 33.722138580849027 ], [ 73.055437931034476, 33.722140811836105 ], [ 73.055443295019145, 33.722140811836105 ], [ 73.055443295019145, 33.722143042823149 ], [ 73.055448659003829, 33.722143042823134 ], [ 73.055448659003829, 33.722145273810092 ], [ 73.055454022988499, 33.722145273810092 ], [ 73.055454022988499, 33.722149735783859 ], [ 73.055459386973169, 33.722149735783859 ], [ 73.055459386973169, 33.72215642874405 ], [ 73.055456704980841, 33.72215642874405 ], [ 73.055456704980841, 33.72216089071722 ], [ 73.055454022988499, 33.722160890717227 ], [ 73.055454022988499, 33.722165352690162 ], [ 73.055448659003829, 33.722165352690169 ], [ 73.055448659003829, 33.722169814662891 ], [ 73.055445977011487, 33.722169814662898 ], [ 73.055445977011487, 33.722174276635364 ], [ 73.055443295019145, 33.722174276635357 ], [ 73.055443295019145, 33.72217873860761 ], [ 73.055440613026818, 33.722178738607617 ], [ 73.055440613026818, 33.722180969593666 ], [ 73.055435249042134, 33.722180969593666 ], [ 73.055435249042134, 33.722183200579643 ], [ 73.055400383141773, 33.722183200579636 ] ] ] } },
{ "type": "Feature", "properties": { "value": 255, "area_m2": 37.583864523477232 }, "geometry": { "type": "Polygon", "coordinates": [ [ [ 73.058157471264366, 33.722218896347421 ], [ 73.058157471264366, 33.722216665362374 ], [ 73.058154789272024, 33.722216665362367 ], [ 73.058154789272024, 33.722209972406866 ], [ 73.058157471264366, 33.722209972406873 ], [ 73.058157471264366, 33.722163121703723 ], [ 73.058154789272024, 33.72216312170373 ], [ 73.058154789272024, 33.722158659730674 ], [ 73.058152107279682, 33.72215865973066 ], [ 73.058152107279682, 33.722127425912753 ], [ 73.058160153256694, 33.722127425912745 ], [ 73.058160153256694, 33.722129656900123 ], [ 73.058170881226047, 33.722129656900123 ], [ 73.058170881226047, 33.722131887887436 ], [ 73.058181609195401, 33.722131887887443 ], [ 73.058181609195401, 33.722134118874699 ], [ 73.058195019157083, 33.722134118874692 ], [ 73.058195019157083, 33.722136349861898 ], [ 73.058200383141752, 33.722136349861898 ], [ 73.058200383141752, 33.722138580849034 ], [ 73.058211111111106, 33.722138580849034 ], [ 73.058211111111106, 33.722140811836105 ], [ 73.058213793103434, 33.722140811836105 ], [ 73.058213793103434, 33.722156428744057 ], [ 73.058211111111106, 33.72215642874405 ], [ 73.058211111111106, 33.722163121703723 ], [ 73.058208429118764, 33.722163121703723 ], [ 73.058208429118764, 33.722167583676558 ], [ 73.058205747126422, 33.722167583676551 ], [ 73.058205747126422, 33.722172045649167 ], [ 73.058203065134094, 33.72217204564916 ], [ 73.058203065134094, 33.722174276635371 ], [ 73.058200383141752, 33.722174276635371 ], [ 73.058200383141752, 33.72217873860761 ], [ 73.05819770114941, 33.722178738607617 ], [ 73.05819770114941, 33.722183200579629 ], [ 73.058195019157083, 33.722183200579636 ], [ 73.058195019157083, 33.722187662551434 ], [ 73.058192337164755, 33.72218766255142 ], [ 73.058192337164755, 33.722192124522984 ], [ 73.058189655172413, 33.722192124522969 ], [ 73.058189655172413, 33.722194355508655 ], [ 73.058186973180085, 33.72219435550867 ], [ 73.058186973180085, 33.722198817479864 ], [ 73.058184291187729, 33.722198817479864 ], [ 73.058184291187729, 33.722201048465386 ], [ 73.058181609195401, 33.722201048465386 ], [ 73.058181609195401, 33.722203279450845 ], [ 73.058178927203073, 33.722203279450845 ], [ 73.058178927203073, 33.722207741421592 ], [ 73.058176245210717, 33.722207741421585 ], [ 73.058176245210717, 33.722212203392097 ], [ 73.058173563218389, 33.722212203392104 ], [ 73.058173563218389, 33.722214434377257 ], [ 73.058170881226047, 33.722214434377257 ], [ 73.058170881226047, 33.722218896347428 ], [ 73.058157471264366, 33.722218896347421 ] ] ] } },
{ "type": "Feature", "properties": { "value": 255, "area_m2": 33.462627295033236 }, "geometry": { "type": "Polygon", "coordinates": [ [ [ 73.056274712643685, 33.722176507621526 ], [ 73.056274712643685, 33.722174276635364 ], [ 73.056266666666673, 33.722174276635371 ], [ 73.056266666666673, 33.722172045649145 ], [ 73.056258620689661, 33.722172045649152 ], [ 73.056258620689661, 33.722169814662891 ], [ 73.056253256704977, 33.722169814662898 ], [ 73.056253256704977, 33.722167583676558 ], [ 73.056247892720307, 33.722167583676558 ], [ 73.056247892720307, 33.722165352690169 ], [ 73.056245210727965, 33.722165352690162 ], [ 73.056245210727965, 33.722163121703723 ], [ 73.056242528735638, 33.72216312170373 ], [ 73.056242528735638, 33.722160890717234 ], [ 73.056237164750954, 33.722160890717227 ], [ 73.056237164750954, 33.722158659730667 ], [ 73.056234482758612, 33.722158659730674 ], [ 73.056234482758612, 33.722156428744057 ], [ 73.056229118773942, 33.722156428744057 ], [ 73.056229118773942, 33.722151966770653 ], [ 73.0562264367816, 33.722151966770646 ], [ 73.0562264367816, 33.722149735783866 ], [ 73.056223754789258, 33.722149735783859 ], [ 73.056223754789258, 33.722138580849034 ], [ 73.0562264367816, 33.722138580849027 ], [ 73.0562264367816, 33.722131887887429 ], [ 73.056229118773942, 33.722131887887436 ], [ 73.056229118773942, 33.722127425912745 ], [ 73.05623180076627, 33.722127425912753 ], [ 73.05623180076627, 33.722122963937842 ], [ 73.056234482758612, 33.722122963937842 ], [ 73.056234482758612, 33.722118501962683 ], [ 73.056237164750954, 33.72211850196269 ], [ 73.056237164750954, 33.722116270975029 ], [ 73.056239846743281, 33.722116270975029 ], [ 73.056239846743281, 33.722114039987311 ], [ 73.056263984674331, 33.722114039987304 ], [ 73.056263984674331, 33.722116270975022 ], [ 73.056266666666673, 33.722116270975022 ], [ 73.056266666666673, 33.72211850196269 ], [ 73.056269348659001, 33.722118501962683 ], [ 73.056269348659001, 33.722120732950295 ], [ 73.056272030651343, 33.722120732950302 ], [ 73.056272030651343, 33.722122963937835 ], [ 73.056274712643685, 33.722122963937828 ], [ 73.056274712643685, 33.722125194925326 ], [ 73.056282758620696, 33.722125194925319 ], [ 73.056282758620696, 33.722127425912753 ], [ 73.056288122605366, 33.722127425912753 ], [ 73.056288122605366, 33.722129656900123 ], [ 73.056293486590022, 33.72212965690013 ], [ 73.056293486590022, 33.722131887887443 ], [ 73.056296168582364, 33.72213188788745 ], [ 73.056296168582364, 33.722156428744057 ], [ 73.056293486590022, 33.722156428744057 ], [ 73.056293486590022, 33.722163121703723 ], [ 73.056290804597694, 33.72216312170373 ], [ 73.056290804597694, 33.722167583676558 ], [ 73.056288122605366, 33.722167583676558 ], [ 73.056288122605366, 33.722169814662905 ], [ 73.056285440613024, 33.722169814662898 ], [ 73.056285440613024, 33.722174276635371 ], [ 73.056280076628354, 33.722174276635371 ], [ 73.056280076628354, 33.722176507621526 ], [ 73.056274712643685, 33.722176507621526 ] ] ] } },
{ "type": "Feature", "properties": { "value": 255, "area_m2": 62.004276669969009 }, "geometry": { "type": "Polygon", "coordinates": [ [ [ 73.056524137931035, 33.722176507621526 ], [ 73.056524137931035, 33.722174276635371 ], [ 73.056516091954023, 33.722174276635364 ], [ 73.056516091954023, 33.722172045649152 ], [ 73.056508045977012, 33.722172045649152 ], [ 73.056508045977012, 33.722169814662898 ], [ 73.05650536398467, 33.722169814662898 ], [ 73.05650536398467, 33.722167583676558 ], [ 73.056502681992328, 33.722167583676558 ], [ 73.056502681992328, 33.722165352690169 ], [ 73.0565, 33.722165352690169 ], [ 73.0565, 33.72216312170373 ], [ 73.056497318007658, 33.722163121703723 ], [ 73.056497318007658, 33.722158659730667 ], [ 73.056494636015316, 33.722158659730674 ], [ 73.056494636015316, 33.72215196677066 ], [ 73.056491954022974, 33.722151966770653 ], [ 73.056491954022974, 33.722116270975036 ], [ 73.056494636015316, 33.722116270975029 ], [ 73.056494636015316, 33.722105116035863 ], [ 73.056497318007658, 33.722105116035863 ], [ 73.056497318007658, 33.722102885047853 ], [ 73.0565, 33.722102885047846 ], [ 73.0565, 33.722098423071657 ], [ 73.05650536398467, 33.722098423071657 ], [ 73.05650536398467, 33.72209619208347 ], [ 73.056510727969339, 33.722096192083477 ], [ 73.056510727969339, 33.722093961095233 ], [ 73.056532183908047, 33.722093961095233 ], [ 73.056532183908047, 33.72209619208347 ], [ 73.056537547892717, 33.722096192083477 ], [ 73.056537547892717, 33.72209842307165 ], [ 73.056540229885059, 33.72209842307165 ], [ 73.056540229885059, 33.722100654059787 ], [ 73.056545593869728, 33.722100654059787 ], [ 73.056545593869728, 33.722105116035856 ], [ 73.05654827586207, 33.722105116035863 ], [ 73.05654827586207, 33.722107347023808 ], [ 73.056553639846726, 33.722107347023808 ], [ 73.056553639846726, 33.722109578011704 ], [ 73.056556321839068, 33.722109578011704 ], [ 73.056556321839068, 33.722111808999529 ], [ 73.056561685823738, 33.722111808999536 ], [ 73.056561685823738, 33.722114039987311 ], [ 73.056567049808422, 33.722114039987304 ], [ 73.056567049808422, 33.722116270975029 ], [ 73.056569731800749, 33.722116270975022 ], [ 73.056569731800749, 33.72211850196269 ], [ 73.056572413793091, 33.72211850196269 ], [ 73.056572413793091, 33.722120732950295 ], [ 73.056575095785433, 33.72212073295028 ], [ 73.056575095785433, 33.722122963937842 ], [ 73.056580459770103, 33.722122963937842 ], [ 73.056580459770103, 33.722127425912745 ], [ 73.056585823754773, 33.722127425912745 ], [ 73.056585823754773, 33.722129656900123 ], [ 73.056588505747129, 33.722129656900123 ], [ 73.056588505747129, 33.722131887887429 ], [ 73.056591187739457, 33.722131887887443 ], [ 73.056591187739457, 33.722145273810092 ], [ 73.056588505747129, 33.722145273810099 ], [ 73.056588505747129, 33.722149735783859 ], [ 73.056585823754773, 33.722149735783866 ], [ 73.056585823754773, 33.722151966770646 ], [ 73.056580459770103, 33.722151966770653 ], [ 73.056580459770103, 33.72215642874405 ], [ 73.056577777777761, 33.722156428744057 ], [ 73.056577777777761, 33.72216089071722 ], [ 73.056572413793091, 33.722160890717227 ], [ 73.056572413793091, 33.722165352690169 ], [ 73.056569731800749, 33.722165352690176 ], [ 73.056569731800749, 33.722169814662891 ], [ 73.056556321839068, 33.722169814662898 ], [ 73.056556321839068, 33.722172045649152 ], [ 73.056553639846726, 33.722172045649167 ], [ 73.056553639846726, 33.722174276635371 ], [ 73.056537547892717, 33.722174276635364 ], [ 73.056537547892717, 33.722176507621519 ], [ 73.056532183908047, 33.722176507621519 ], [ 73.056532183908047, 33.722174276635371 ], [ 73.056529501915705, 33.722174276635364 ], [ 73.056529501915705, 33.722176507621526 ], [ 73.056524137931035, 33.722176507621526 ] ] ] } },
{ "type": "Feature", "properties": { "value": 255, "area_m2": 92.268000689105364 }, "geometry": { "type": "Polygon", "coordinates": [ [ [ 73.059361685823745, 33.722225589302219 ], [ 73.059361685823745, 33.722223358317343 ], [ 73.059359003831403, 33.722223358317343 ], [ 73.059359003831403, 33.722221127332411 ], [ 73.059350957854392, 33.722221127332418 ], [ 73.059350957854392, 33.722218896347428 ], [ 73.05934827586205, 33.722218896347414 ], [ 73.05934827586205, 33.722216665362367 ], [ 73.05934291187738, 33.72221666536236 ], [ 73.05934291187738, 33.722214434377257 ], [ 73.059340229885038, 33.722214434377257 ], [ 73.059340229885038, 33.72221220339209 ], [ 73.059334865900368, 33.722212203392097 ], [ 73.059334865900368, 33.722209972406858 ], [ 73.059332183908026, 33.722209972406866 ], [ 73.059332183908026, 33.722207741421592 ], [ 73.059329501915698, 33.722207741421585 ], [ 73.059329501915698, 33.72220551043624 ], [ 73.059326819923356, 33.722205510436233 ], [ 73.059326819923356, 33.722203279450838 ], [ 73.059324137931029, 33.722203279450845 ], [ 73.059324137931029, 33.722201048465386 ], [ 73.059318773946359, 33.722201048465394 ], [ 73.059318773946359, 33.722198817479871 ], [ 73.059316091954017, 33.722198817479871 ], [ 73.059316091954017, 33.722196586494292 ], [ 73.059313409961689, 33.722196586494285 ], [ 73.059313409961689, 33.722187662551427 ], [ 73.059310727969347, 33.722187662551427 ], [ 73.059310727969347, 33.722172045649152 ], [ 73.059313409961689, 33.72217204564916 ], [ 73.059313409961689, 33.722165352690169 ], [ 73.059316091954017, 33.722165352690162 ], [ 73.059316091954017, 33.722160890717234 ], [ 73.059318773946359, 33.722160890717241 ], [ 73.059318773946359, 33.722158659730674 ], [ 73.059321455938687, 33.722158659730681 ], [ 73.059321455938687, 33.722156428744057 ], [ 73.059324137931029, 33.72215642874405 ], [ 73.059324137931029, 33.722154197757369 ], [ 73.059326819923356, 33.722154197757376 ], [ 73.059326819923356, 33.722151966770646 ], [ 73.059329501915698, 33.72215196677066 ], [ 73.059329501915698, 33.722147504797 ], [ 73.059332183908026, 33.722147504797 ], [ 73.059332183908026, 33.722145273810092 ], [ 73.05933754789271, 33.722145273810092 ], [ 73.05933754789271, 33.722143042823127 ], [ 73.059340229885038, 33.722143042823127 ], [ 73.059340229885038, 33.722134118874692 ], [ 73.05934291187738, 33.722134118874692 ], [ 73.05934291187738, 33.722131887887443 ], [ 73.05934827586205, 33.722131887887443 ], [ 73.05934827586205, 33.72212965690013 ], [ 73.059350957854392, 33.722129656900123 ], [ 73.059350957854392, 33.722125194925333 ], [ 73.059353639846734, 33.722125194925326 ], [ 73.059353639846734, 33.722122963937849 ], [ 73.059356321839076, 33.722122963937842 ], [ 73.059356321839076, 33.722120732950302 ], [ 73.059359003831403, 33.722120732950287 ], [ 73.059359003831403, 33.722118501962683 ], [ 73.059361685823745, 33.722118501962697 ], [ 73.059361685823745, 33.722114039987304 ], [ 73.059364367816087, 33.722114039987304 ], [ 73.059364367816087, 33.722109578011704 ], [ 73.059367049808429, 33.722109578011704 ], [ 73.059367049808429, 33.722107347023815 ], [ 73.059369731800757, 33.722107347023815 ], [ 73.059369731800757, 33.722105116035848 ], [ 73.059372413793099, 33.722105116035863 ], [ 73.059372413793099, 33.722093961095233 ], [ 73.059375095785441, 33.722093961095233 ], [ 73.059375095785441, 33.722091730106925 ], [ 73.059380459770111, 33.722091730106925 ], [ 73.059380459770111, 33.722089499118567 ], [ 73.059391187739465, 33.72208949911856 ], [ 73.059391187739465, 33.722091730106918 ], [ 73.059393869731792, 33.722091730106925 ], [ 73.059393869731792, 33.722093961095233 ], [ 73.059396551724134, 33.722093961095226 ], [ 73.059396551724134, 33.72209619208347 ], [ 73.059399233716476, 33.72209619208347 ], [ 73.059399233716476, 33.72209842307165 ], [ 73.059401915708804, 33.72209842307165 ], [ 73.059401915708804, 33.72210065405978 ], [ 73.059404597701146, 33.722100654059787 ], [ 73.059404597701146, 33.722105116035863 ], [ 73.059407279693488, 33.722105116035863 ], [ 73.059407279693488, 33.722109578011697 ], [ 73.059412643678144, 33.722109578011704 ], [ 73.059412643678144, 33.722111808999536 ], [ 73.059415325670486, 33.722111808999536 ], [ 73.059415325670486, 33.722118501962697 ], [ 73.059418007662813, 33.722118501962683 ], [ 73.059418007662813, 33.722122963937842 ], [ 73.059415325670486, 33.722122963937842 ], [ 73.059415325670486, 33.722138580849034 ], [ 73.059412643678144, 33.722138580849027 ], [ 73.059412643678144, 33.722169814662898 ], [ 73.059409961685816, 33.722169814662898 ], [ 73.059409961685816, 33.722174276635371 ], [ 73.059407279693488, 33.722174276635364 ], [ 73.059407279693488, 33.72217873860761 ], [ 73.059404597701146, 33.72217873860761 ], [ 73.059404597701146, 33.722185431565563 ], [ 73.059401915708804, 33.722185431565563 ], [ 73.059401915708804, 33.72218989353722 ], [ 73.059399233716476, 33.72218989353722 ], [ 73.059399233716476, 33.72219435550867 ], [ 73.059396551724134, 33.72219435550867 ], [ 73.059396551724134, 33.722196586494292 ], [ 73.059393869731792, 33.722196586494285 ], [ 73.059393869731792, 33.722203279450845 ], [ 73.059391187739465, 33.722203279450845 ], [ 73.059391187739465, 33.722205510436233 ], [ 73.059388505747123, 33.722205510436233 ], [ 73.059388505747123, 33.722209972406873 ], [ 73.059385823754781, 33.722209972406866 ], [ 73.059385823754781, 33.722212203392097 ], [ 73.059383141762453, 33.722212203392097 ], [ 73.059383141762453, 33.722221127332418 ], [ 73.059380459770111, 33.722221127332411 ], [ 73.059380459770111, 33.722223358317351 ], [ 73.059377777777769, 33.722223358317343 ], [ 73.059377777777769, 33.722225589302219 ], [ 73.059361685823745, 33.722225589302219 ] ] ] } },
{ "type": "Feature", "properties": { "value": 255, "area_m2": 38.814206321915776 }, "geometry": { "type": "Polygon", "coordinates": [ [ [ 73.056196934865909, 33.722165352690176 ], [ 73.056196934865909, 33.722163121703723 ], [ 73.056191570881225, 33.72216312170373 ], [ 73.056191570881225, 33.72216089071722 ], [ 73.056188888888897, 33.722160890717234 ], [ 73.056188888888897, 33.722158659730674 ], [ 73.056183524904213, 33.722158659730674 ], [ 73.056183524904213, 33.722156428744057 ], [ 73.056178160919544, 33.722156428744057 ], [ 73.056178160919544, 33.722154197757384 ], [ 73.056175478927202, 33.722154197757384 ], [ 73.056175478927202, 33.72215196677066 ], [ 73.056170114942518, 33.722151966770653 ], [ 73.056170114942518, 33.722149735783852 ], [ 73.05616743295019, 33.722149735783852 ], [ 73.05616743295019, 33.722147504797015 ], [ 73.056164750957862, 33.722147504797007 ], [ 73.056164750957862, 33.722145273810092 ], [ 73.056162068965506, 33.722145273810099 ], [ 73.056162068965506, 33.722143042823134 ], [ 73.056159386973178, 33.722143042823134 ], [ 73.056159386973178, 33.72213858084902 ], [ 73.056162068965506, 33.722138580849034 ], [ 73.056162068965506, 33.722125194925326 ], [ 73.056164750957862, 33.722125194925319 ], [ 73.056164750957862, 33.722118501962683 ], [ 73.05616743295019, 33.722118501962683 ], [ 73.05616743295019, 33.722114039987311 ], [ 73.056170114942518, 33.722114039987311 ], [ 73.056170114942518, 33.722111808999536 ], [ 73.056172796934874, 33.722111808999543 ], [ 73.056172796934874, 33.722107347023815 ], [ 73.056178160919544, 33.722107347023808 ], [ 73.056178160919544, 33.722098423071664 ], [ 73.056180842911886, 33.72209842307165 ], [ 73.056180842911886, 33.722096192083477 ], [ 73.056183524904213, 33.722096192083477 ], [ 73.056183524904213, 33.722089499118574 ], [ 73.056188888888897, 33.722089499118574 ], [ 73.056188888888897, 33.722085037141696 ], [ 73.056199616858237, 33.722085037141696 ], [ 73.056199616858237, 33.722087268130167 ], [ 73.056207662835234, 33.722087268130167 ], [ 73.056207662835234, 33.722089499118567 ], [ 73.056210344827576, 33.722089499118567 ], [ 73.056210344827576, 33.722091730106932 ], [ 73.056213026819918, 33.722091730106932 ], [ 73.056213026819918, 33.72209396109524 ], [ 73.056215708812246, 33.722093961095226 ], [ 73.056215708812246, 33.722096192083477 ], [ 73.056218390804588, 33.722096192083477 ], [ 73.056218390804588, 33.722098423071664 ], [ 73.05622107279693, 33.72209842307165 ], [ 73.05622107279693, 33.72210065405978 ], [ 73.056223754789258, 33.722100654059787 ], [ 73.056223754789258, 33.72210288504786 ], [ 73.0562264367816, 33.722102885047846 ], [ 73.0562264367816, 33.722105116035856 ], [ 73.056229118773942, 33.722105116035863 ], [ 73.056229118773942, 33.722107347023808 ], [ 73.05623180076627, 33.722107347023808 ], [ 73.05623180076627, 33.722114039987304 ], [ 73.056229118773942, 33.722114039987311 ], [ 73.056229118773942, 33.722116270975022 ], [ 73.05623180076627, 33.722116270975029 ], [ 73.05623180076627, 33.722118501962697 ], [ 73.056229118773942, 33.72211850196269 ], [ 73.056229118773942, 33.722127425912745 ], [ 73.0562264367816, 33.722127425912753 ], [ 73.0562264367816, 33.722131887887429 ], [ 73.056223754789258, 33.722131887887443 ], [ 73.056223754789258, 33.722138580849034 ], [ 73.05622107279693, 33.722138580849034 ], [ 73.05622107279693, 33.722140811836105 ], [ 73.056218390804588, 33.722140811836105 ], [ 73.056218390804588, 33.722147504797007 ], [ 73.056215708812246, 33.722147504797007 ], [ 73.056215708812246, 33.722151966770653 ], [ 73.056213026819918, 33.722151966770653 ], [ 73.056213026819918, 33.72215642874405 ], [ 73.056210344827576, 33.722156428744057 ], [ 73.056210344827576, 33.722158659730674 ], [ 73.056207662835234, 33.722158659730681 ], [ 73.056207662835234, 33.722165352690169 ], [ 73.056196934865909, 33.722165352690176 ] ] ] } },
{ "type": "Feature", "properties": { "value": 255, "area_m2": 63.849721775937169 }, "geometry": { "type": "Polygon", "coordinates": [ [ [ 73.055909961685828, 33.72215196677066 ], [ 73.055909961685828, 33.722149735783844 ], [ 73.055893869731804, 33.722149735783859 ], [ 73.055893869731804, 33.722147504797015 ], [ 73.055883141762436, 33.722147504797015 ], [ 73.055883141762436, 33.722145273810092 ], [ 73.055877777777766, 33.722145273810092 ], [ 73.055877777777766, 33.722147504797007 ], [ 73.055875095785424, 33.722147504797015 ], [ 73.055875095785424, 33.722143042823134 ], [ 73.055872413793097, 33.722143042823127 ], [ 73.055872413793097, 33.722136349861898 ], [ 73.055869731800755, 33.722136349861898 ], [ 73.055869731800755, 33.722125194925326 ], [ 73.055867049808413, 33.722125194925319 ], [ 73.055867049808413, 33.722122963937842 ], [ 73.055869731800755, 33.722122963937842 ], [ 73.055869731800755, 33.722114039987311 ], [ 73.055872413793097, 33.722114039987311 ], [ 73.055872413793097, 33.722105116035863 ], [ 73.055875095785424, 33.722105116035856 ], [ 73.055875095785424, 33.72210288504786 ], [ 73.055877777777766, 33.722102885047846 ], [ 73.055877777777766, 33.72208726813016 ], [ 73.055880459770108, 33.72208726813016 ], [ 73.055880459770108, 33.722082806153153 ], [ 73.055883141762436, 33.722082806153153 ], [ 73.055883141762436, 33.722071651209632 ], [ 73.055885823754778, 33.722071651209646 ], [ 73.055885823754778, 33.722064958242818 ], [ 73.05588850574712, 33.722064958242825 ], [ 73.05588850574712, 33.722058265275493 ], [ 73.055893869731804, 33.722058265275493 ], [ 73.055893869731804, 33.722056034286268 ], [ 73.055896551724132, 33.722056034286261 ], [ 73.055896551724132, 33.722053803296994 ], [ 73.055915325670497, 33.722053803296987 ], [ 73.055915325670497, 33.722056034286268 ], [ 73.055923371647509, 33.722056034286268 ], [ 73.055923371647509, 33.722058265275493 ], [ 73.055926053639851, 33.722058265275493 ], [ 73.055926053639851, 33.72206049626466 ], [ 73.055931417624521, 33.722060496264653 ], [ 73.055931417624521, 33.722062727253785 ], [ 73.055934099616863, 33.722062727253778 ], [ 73.055934099616863, 33.722067189231815 ], [ 73.055936781609191, 33.722067189231815 ], [ 73.055936781609191, 33.722069420220755 ], [ 73.055939463601533, 33.722069420220748 ], [ 73.055939463601533, 33.722073882198444 ], [ 73.05594214559386, 33.722073882198458 ], [ 73.05594214559386, 33.722076113187221 ], [ 73.055944827586202, 33.722076113187214 ], [ 73.055944827586202, 33.722082806153153 ], [ 73.05594750957853, 33.722082806153161 ], [ 73.05594750957853, 33.722085037141689 ], [ 73.055950191570872, 33.722085037141689 ], [ 73.055950191570872, 33.722089499118567 ], [ 73.0559528735632, 33.722089499118574 ], [ 73.0559528735632, 33.722111808999536 ], [ 73.055950191570872, 33.722111808999529 ], [ 73.055950191570872, 33.722116270975029 ], [ 73.05594750957853, 33.722116270975022 ], [ 73.05594750957853, 33.722120732950287 ], [ 73.055944827586202, 33.722120732950295 ], [ 73.055944827586202, 33.722125194925319 ], [ 73.05594214559386, 33.722125194925326 ], [ 73.05594214559386, 33.72212965690013 ], [ 73.055939463601533, 33.722129656900123 ], [ 73.055939463601533, 33.722136349861891 ], [ 73.055936781609191, 33.722136349861906 ], [ 73.055936781609191, 33.722138580849041 ], [ 73.055934099616863, 33.72213858084902 ], [ 73.055934099616863, 33.722143042823127 ], [ 73.055931417624521, 33.722143042823141 ], [ 73.055931417624521, 33.722147504797007 ], [ 73.055934099616863, 33.722147504797007 ], [ 73.055934099616863, 33.722149735783844 ], [ 73.055931417624521, 33.722149735783852 ], [ 73.055931417624521, 33.72215196677066 ], [ 73.055909961685828, 33.72215196677066 ] ] ] } },
{ "type": "Feature", "properties": { "value": 255, "area_m2": 55.422547909673057 }, "geometry": { "type": "Polygon", "coordinates": [ [ [ 73.056373946360154, 33.722125194925326 ], [ 73.056373946360154, 33.722122963937849 ], [ 73.056365900383142, 33.722122963937842 ], [ 73.056365900383142, 33.722120732950295 ], [ 73.0563632183908, 33.722120732950295 ], [ 73.0563632183908, 33.722118501962697 ], [ 73.056355172413788, 33.722118501962683 ], [ 73.056355172413788, 33.722116270975029 ], [ 73.056347126436776, 33.722116270975029 ], [ 73.056347126436776, 33.722114039987311 ], [ 73.056341762452107, 33.722114039987304 ], [ 73.056341762452107, 33.722111808999536 ], [ 73.056339080459765, 33.722111808999536 ], [ 73.056339080459765, 33.722109578011704 ], [ 73.056333716475095, 33.722109578011704 ], [ 73.056333716475095, 33.722107347023808 ], [ 73.056331034482753, 33.722107347023815 ], [ 73.056331034482753, 33.722105116035863 ], [ 73.056325670498083, 33.722105116035848 ], [ 73.056325670498083, 33.722100654059787 ], [ 73.056320306513399, 33.72210065405978 ], [ 73.056320306513399, 33.722098423071657 ], [ 73.056317624521071, 33.722098423071657 ], [ 73.056317624521071, 33.72209619208347 ], [ 73.056314942528729, 33.72209619208347 ], [ 73.056314942528729, 33.722093961095226 ], [ 73.056312260536387, 33.722093961095226 ], [ 73.056312260536387, 33.722091730106925 ], [ 73.056306896551718, 33.722091730106932 ], [ 73.056306896551718, 33.722089499118574 ], [ 73.056304214559376, 33.722089499118567 ], [ 73.056304214559376, 33.722085037141689 ], [ 73.056301532567034, 33.722085037141696 ], [ 73.056301532567034, 33.722064958242825 ], [ 73.056304214559376, 33.722064958242825 ], [ 73.056304214559376, 33.722062727253778 ], [ 73.056309578544045, 33.722062727253778 ], [ 73.056309578544045, 33.722058265275493 ], [ 73.056317624521071, 33.722058265275486 ], [ 73.056317624521071, 33.722053803296994 ], [ 73.056320306513399, 33.722053803296994 ], [ 73.056320306513399, 33.722051572307635 ], [ 73.056328352490425, 33.722051572307649 ], [ 73.056328352490425, 33.722049341318233 ], [ 73.056333716475095, 33.72204934131824 ], [ 73.056333716475095, 33.722051572307642 ], [ 73.056341762452107, 33.722051572307649 ], [ 73.056341762452107, 33.722053803296987 ], [ 73.056347126436776, 33.722053803296994 ], [ 73.056347126436776, 33.722056034286261 ], [ 73.056355172413788, 33.722056034286268 ], [ 73.056355172413788, 33.722058265275493 ], [ 73.0563632183908, 33.722058265275493 ], [ 73.0563632183908, 33.722060496264668 ], [ 73.056373946360154, 33.722060496264653 ], [ 73.056373946360154, 33.722058265275493 ], [ 73.056390038314163, 33.722058265275493 ], [ 73.056390038314163, 33.722060496264675 ], [ 73.056392720306505, 33.72206049626466 ], [ 73.056392720306505, 33.722062727253778 ], [ 73.056395402298847, 33.722062727253778 ], [ 73.056395402298847, 33.722064958242825 ], [ 73.056400766283517, 33.722064958242818 ], [ 73.056400766283517, 33.722069420220748 ], [ 73.056403448275859, 33.722069420220755 ], [ 73.056403448275859, 33.722071651209646 ], [ 73.056406130268186, 33.722071651209646 ], [ 73.056406130268186, 33.722085037141689 ], [ 73.056403448275859, 33.722085037141696 ], [ 73.056403448275859, 33.722091730106932 ], [ 73.056400766283517, 33.722091730106932 ], [ 73.056400766283517, 33.722098423071664 ], [ 73.056398084291175, 33.72209842307165 ], [ 73.056398084291175, 33.722105116035863 ], [ 73.056395402298847, 33.722105116035863 ], [ 73.056395402298847, 33.722109578011704 ], [ 73.056392720306505, 33.722109578011704 ], [ 73.056392720306505, 33.722118501962683 ], [ 73.056390038314163, 33.72211850196269 ], [ 73.056390038314163, 33.722122963937842 ], [ 73.056384674329493, 33.722122963937842 ], [ 73.056384674329493, 33.722125194925326 ], [ 73.056373946360154, 33.722125194925326 ] ] ] } },
{ "type": "Feature", "properties": { "value": 255, "area_m2": 43.120061127722643 }, "geometry": { "type": "Polygon", "coordinates": [ [ [ 73.058200383141752, 33.72209396109524 ], [ 73.058200383141752, 33.722091730106925 ], [ 73.058195019157083, 33.722091730106932 ], [ 73.058195019157083, 33.722089499118574 ], [ 73.058189655172413, 33.722089499118567 ], [ 73.058189655172413, 33.72208726813016 ], [ 73.058186973180085, 33.722087268130174 ], [ 73.058186973180085, 33.722085037141696 ], [ 73.058181609195401, 33.722085037141682 ], [ 73.058181609195401, 33.722082806153161 ], [ 73.058178927203073, 33.722082806153161 ], [ 73.058178927203073, 33.722080575164568 ], [ 73.058176245210717, 33.722080575164583 ], [ 73.058176245210717, 33.72207834417592 ], [ 73.058173563218389, 33.722078344175927 ], [ 73.058173563218389, 33.722076113187221 ], [ 73.058170881226047, 33.722076113187221 ], [ 73.058170881226047, 33.722073882198451 ], [ 73.058168199233705, 33.722073882198444 ], [ 73.058168199233705, 33.722071651209632 ], [ 73.058165517241378, 33.722071651209639 ], [ 73.058165517241378, 33.722069420220755 ], [ 73.058162835249036, 33.722069420220755 ], [ 73.058162835249036, 33.722064958242825 ], [ 73.058160153256694, 33.722064958242818 ], [ 73.058160153256694, 33.722051572307642 ], [ 73.058162835249036, 33.722051572307649 ], [ 73.058162835249036, 33.722047110328781 ], [ 73.058165517241378, 33.722047110328781 ], [ 73.058165517241378, 33.722042648349692 ], [ 73.058168199233705, 33.722042648349699 ], [ 73.058168199233705, 33.722031493400948 ], [ 73.058170881226047, 33.722031493400962 ], [ 73.058170881226047, 33.72202703142105 ], [ 73.058173563218389, 33.72202703142105 ], [ 73.058173563218389, 33.722024800431008 ], [ 73.058176245210717, 33.722024800431008 ], [ 73.058176245210717, 33.722022569440917 ], [ 73.058181609195401, 33.722022569440909 ], [ 73.058181609195401, 33.722018107460542 ], [ 73.058186973180085, 33.722018107460549 ], [ 73.058186973180085, 33.722015876470273 ], [ 73.058189655172413, 33.722015876470266 ], [ 73.058189655172413, 33.722018107460549 ], [ 73.058192337164755, 33.722018107460542 ], [ 73.058192337164755, 33.722015876470266 ], [ 73.058205747126422, 33.722015876470266 ], [ 73.058205747126422, 33.722018107460549 ], [ 73.058211111111106, 33.722018107460549 ], [ 73.058211111111106, 33.722020338450776 ], [ 73.058213793103434, 33.722020338450754 ], [ 73.058213793103434, 33.722022569440909 ], [ 73.058216475095776, 33.722022569440909 ], [ 73.058216475095776, 33.722024800431008 ], [ 73.058219157088118, 33.722024800431001 ], [ 73.058219157088118, 33.722031493400955 ], [ 73.058224521072788, 33.722031493400955 ], [ 73.058224521072788, 33.722035955380612 ], [ 73.05822720306513, 33.722035955380626 ], [ 73.05822720306513, 33.722038186370369 ], [ 73.058232567049799, 33.722038186370362 ], [ 73.058232567049799, 33.722040417360056 ], [ 73.058235249042141, 33.722040417360056 ], [ 73.058235249042141, 33.722042648349692 ], [ 73.058237931034469, 33.722042648349699 ], [ 73.058237931034469, 33.722056034286268 ], [ 73.058235249042141, 33.722056034286261 ], [ 73.058235249042141, 33.722060496264653 ], [ 73.058232567049799, 33.722060496264646 ], [ 73.058232567049799, 33.722064958242825 ], [ 73.058229885057457, 33.722064958242825 ], [ 73.058229885057457, 33.722069420220762 ], [ 73.05822720306513, 33.722069420220748 ], [ 73.05822720306513, 33.722071651209646 ], [ 73.058224521072788, 33.722071651209625 ], [ 73.058224521072788, 33.722076113187214 ], [ 73.058221839080446, 33.722076113187221 ], [ 73.058221839080446, 33.722080575164568 ], [ 73.058219157088118, 33.722080575164576 ], [ 73.058219157088118, 33.72208726813016 ], [ 73.058216475095776, 33.72208726813016 ], [ 73.058216475095776, 33.722091730106932 ], [ 73.058213793103434, 33.722091730106925 ], [ 73.058213793103434, 33.722093961095226 ], [ 73.058200383141752, 33.72209396109524 ] ] ] } },
{ "type": "Feature", "properties": { "value": 255, "area_m2": 58.928619857352658 }, "geometry": { "type": "Polygon", "coordinates": [ [ [ 73.059989272030649, 33.72210065405978 ], [ 73.059989272030649, 33.722098423071664 ], [ 73.059983908045965, 33.722098423071643 ], [ 73.059983908045965, 33.722096192083477 ], [ 73.059978544061295, 33.722096192083477 ], [ 73.059978544061295, 33.72209396109524 ], [ 73.059973180076625, 33.722093961095226 ], [ 73.059973180076625, 33.722091730106925 ], [ 73.059967816091941, 33.722091730106925 ], [ 73.059967816091941, 33.722089499118574 ], [ 73.059965134099613, 33.722089499118567 ], [ 73.059965134099613, 33.722087268130167 ], [ 73.059962452107271, 33.722087268130167 ], [ 73.059962452107271, 33.722085037141682 ], [ 73.059959770114929, 33.722085037141696 ], [ 73.059959770114929, 33.722082806153153 ], [ 73.059954406130259, 33.722082806153153 ], [ 73.059954406130259, 33.722076113187221 ], [ 73.059949042145576, 33.722076113187221 ], [ 73.059949042145576, 33.722073882198451 ], [ 73.059946360153248, 33.722073882198451 ], [ 73.059946360153248, 33.722071651209632 ], [ 73.059940996168564, 33.722071651209639 ], [ 73.059940996168564, 33.722069420220748 ], [ 73.059927586206896, 33.722069420220748 ], [ 73.059927586206896, 33.722067189231822 ], [ 73.059924904214554, 33.722067189231822 ], [ 73.059924904214554, 33.722064958242825 ], [ 73.059919540229885, 33.722064958242825 ], [ 73.059919540229885, 33.722062727253778 ], [ 73.059916858237543, 33.722062727253778 ], [ 73.059916858237543, 33.722060496264646 ], [ 73.059914176245201, 33.722060496264653 ], [ 73.059914176245201, 33.722058265275493 ], [ 73.059911494252873, 33.722058265275493 ], [ 73.059911494252873, 33.722053803296994 ], [ 73.059908812260531, 33.72205380329698 ], [ 73.059908812260531, 33.722038186370362 ], [ 73.059911494252873, 33.722038186370369 ], [ 73.059911494252873, 33.722035955380626 ], [ 73.059914176245201, 33.722035955380626 ], [ 73.059914176245201, 33.722031493400948 ], [ 73.059916858237543, 33.722031493400948 ], [ 73.059916858237543, 33.722029262411027 ], [ 73.059919540229885, 33.722029262411034 ], [ 73.059919540229885, 33.722027031421042 ], [ 73.059922222222227, 33.72202703142105 ], [ 73.059922222222227, 33.722022569440917 ], [ 73.059924904214554, 33.722022569440909 ], [ 73.059924904214554, 33.722020338450761 ], [ 73.059927586206896, 33.722020338450761 ], [ 73.059927586206896, 33.722018107460542 ], [ 73.059930268199224, 33.722018107460549 ], [ 73.059930268199224, 33.722015876470259 ], [ 73.059932950191566, 33.722015876470273 ], [ 73.059932950191566, 33.722013645479947 ], [ 73.059935632183894, 33.722013645479954 ], [ 73.059935632183894, 33.722011414489558 ], [ 73.059938314176236, 33.722011414489565 ], [ 73.059938314176236, 33.722009183499125 ], [ 73.059943678160906, 33.722009183499111 ], [ 73.059943678160906, 33.722006952508615 ], [ 73.059957088122601, 33.722006952508615 ], [ 73.059957088122601, 33.722009183499118 ], [ 73.059962452107271, 33.722009183499111 ], [ 73.059962452107271, 33.722011414489558 ], [ 73.059967816091941, 33.722011414489558 ], [ 73.059967816091941, 33.72201364547994 ], [ 73.059970498084283, 33.722013645479947 ], [ 73.059970498084283, 33.722015876470266 ], [ 73.059975862068953, 33.722015876470273 ], [ 73.059975862068953, 33.722018107460549 ], [ 73.059983908045965, 33.722018107460549 ], [ 73.059983908045965, 33.722020338450761 ], [ 73.059991954022991, 33.722020338450761 ], [ 73.059991954022991, 33.722022569440902 ], [ 73.05999731800766, 33.722022569440917 ], [ 73.05999731800766, 33.722024800431001 ], [ 73.06, 33.722024800431008 ], [ 73.06, 33.722035955380626 ], [ 73.05999731800766, 33.722035955380626 ], [ 73.05999731800766, 33.72204934131824 ], [ 73.06, 33.72204934131824 ], [ 73.06, 33.72210065405978 ], [ 73.059989272030649, 33.72210065405978 ] ] ] } },
{ "type": "Feature", "properties": { "value": 255, "area_m2": 28.172654057831924 }, "geometry": { "type": "Polygon", "coordinates": [ [ [ 73.056095019157098, 33.722089499118582 ], [ 73.056095019157098, 33.722056034286261 ], [ 73.056097701149426, 33.722056034286254 ], [ 73.056097701149426, 33.722044879339265 ], [ 73.056100383141754, 33.722044879339265 ], [ 73.056100383141754, 33.722038186370369 ], [ 73.05610306513411, 33.722038186370369 ], [ 73.05610306513411, 33.722018107460549 ], [ 73.056105747126438, 33.722018107460542 ], [ 73.056105747126438, 33.722013645479947 ], [ 73.05610842911878, 33.722013645479947 ], [ 73.05610842911878, 33.722006952508615 ], [ 73.056111111111107, 33.722006952508607 ], [ 73.056111111111107, 33.722004721518054 ], [ 73.056113793103449, 33.722004721518047 ], [ 73.056113793103449, 33.722000259536763 ], [ 73.056116475095777, 33.722000259536749 ], [ 73.056116475095777, 33.721998028546025 ], [ 73.056119157088119, 33.721998028546018 ], [ 73.056119157088119, 33.721993566564393 ], [ 73.056132567049801, 33.721993566564386 ], [ 73.056132567049801, 33.721995797555238 ], [ 73.056135249042143, 33.72199579755523 ], [ 73.056135249042143, 33.721998028546018 ], [ 73.056137931034471, 33.721998028546025 ], [ 73.056137931034471, 33.72200025953677 ], [ 73.056140613026813, 33.722000259536756 ], [ 73.056140613026813, 33.722004721518054 ], [ 73.056143295019154, 33.722004721518061 ], [ 73.056143295019154, 33.722006952508615 ], [ 73.056145977011482, 33.722006952508615 ], [ 73.056145977011482, 33.722013645479947 ], [ 73.056148659003824, 33.722013645479947 ], [ 73.056148659003824, 33.72202703142105 ], [ 73.056145977011482, 33.722027031421042 ], [ 73.056145977011482, 33.722031493400948 ], [ 73.056143295019154, 33.722031493400955 ], [ 73.056143295019154, 33.722033724390819 ], [ 73.056140613026813, 33.722033724390805 ], [ 73.056140613026813, 33.722035955380619 ], [ 73.056137931034471, 33.722035955380626 ], [ 73.056137931034471, 33.722038186370362 ], [ 73.056135249042143, 33.722038186370369 ], [ 73.056135249042143, 33.722044879339272 ], [ 73.056132567049801, 33.722044879339265 ], [ 73.056132567049801, 33.722047110328774 ], [ 73.056129885057459, 33.722047110328774 ], [ 73.056129885057459, 33.722049341318233 ], [ 73.056127203065131, 33.72204934131824 ], [ 73.056127203065131, 33.722053803296994 ], [ 73.056124521072789, 33.722053803296994 ], [ 73.056124521072789, 33.722056034286268 ], [ 73.056121839080447, 33.722056034286268 ], [ 73.056121839080447, 33.72206049626466 ], [ 73.056119157088119, 33.72206049626466 ], [ 73.056119157088119, 33.722064958242832 ], [ 73.056116475095777, 33.722064958242825 ], [ 73.056116475095777, 33.722069420220748 ], [ 73.056113793103449, 33.722069420220755 ], [ 73.056113793103449, 33.722073882198451 ], [ 73.056111111111107, 33.722073882198451 ], [ 73.056111111111107, 33.722076113187214 ], [ 73.05610842911878, 33.722076113187228 ], [ 73.05610842911878, 33.722080575164576 ], [ 73.056105747126438, 33.722080575164576 ], [ 73.056105747126438, 33.722082806153153 ], [ 73.05610306513411, 33.722082806153153 ], [ 73.05610306513411, 33.722087268130167 ], [ 73.056097701149426, 33.722087268130167 ], [ 73.056097701149426, 33.722089499118574 ], [ 73.056095019157098, 33.722089499118582 ] ] ] } },
{ "type": "Feature", "properties": { "value": 255, "area_m2": 48.533347381095446 }, "geometry": { "type": "Polygon", "coordinates": [ [ [ 73.05535478927203, 33.722022569440917 ], [ 73.05535478927203, 33.722020338450761 ], [ 73.055349425287346, 33.722020338450768 ], [ 73.055349425287346, 33.722018107460542 ], [ 73.055344061302677, 33.722018107460549 ], [ 73.055344061302677, 33.722015876470266 ], [ 73.055341379310335, 33.722015876470273 ], [ 73.055341379310335, 33.722013645479947 ], [ 73.055338697318007, 33.722013645479947 ], [ 73.055338697318007, 33.722011414489565 ], [ 73.055336015325665, 33.722011414489565 ], [ 73.055336015325665, 33.72199133557347 ], [ 73.055338697318007, 33.721991335573492 ], [ 73.055338697318007, 33.721982411609261 ], [ 73.055341379310335, 33.721982411609254 ], [ 73.055341379310335, 33.721973487644128 ], [ 73.055344061302677, 33.721973487644128 ], [ 73.055344061302677, 33.721964563678057 ], [ 73.055346743295019, 33.72196456367805 ], [ 73.055346743295019, 33.721957870702894 ], [ 73.055349425287346, 33.721957870702894 ], [ 73.055349425287346, 33.72195117772722 ], [ 73.055352107279688, 33.721951177727227 ], [ 73.055352107279688, 33.721946715743144 ], [ 73.05535478927203, 33.721946715743144 ], [ 73.05535478927203, 33.721944484751013 ], [ 73.055357471264358, 33.72194448475102 ], [ 73.055357471264358, 33.721942253758833 ], [ 73.0553601532567, 33.72194225375884 ], [ 73.0553601532567, 33.721937791774295 ], [ 73.055362835249042, 33.721937791774295 ], [ 73.055362835249042, 33.721933329789522 ], [ 73.05536551724137, 33.721933329789508 ], [ 73.05536551724137, 33.72193109879705 ], [ 73.055368199233712, 33.721931098797043 ], [ 73.055368199233712, 33.721924405819273 ], [ 73.055370881226054, 33.721924405819273 ], [ 73.055370881226054, 33.721919943833811 ], [ 73.055373563218382, 33.721919943833804 ], [ 73.055373563218382, 33.7219154818481 ], [ 73.055376245210724, 33.7219154818481 ], [ 73.055376245210724, 33.721913250855167 ], [ 73.055378927203066, 33.72191325085516 ], [ 73.055378927203066, 33.721908788869115 ], [ 73.055381609195393, 33.721908788869122 ], [ 73.055381609195393, 33.721906557876011 ], [ 73.055384291187735, 33.721906557876018 ], [ 73.055384291187735, 33.721904326882843 ], [ 73.055386973180077, 33.721904326882843 ], [ 73.055386973180077, 33.721902095889611 ], [ 73.055397701149417, 33.721902095889604 ], [ 73.055397701149417, 33.72190432688285 ], [ 73.055400383141773, 33.721904326882843 ], [ 73.055400383141773, 33.721940022766582 ], [ 73.055397701149417, 33.721940022766582 ], [ 73.055397701149417, 33.721971256652694 ], [ 73.055395019157089, 33.721971256652687 ], [ 73.055395019157089, 33.721973487644121 ], [ 73.055397701149417, 33.721973487644128 ], [ 73.055397701149417, 33.721975718635491 ], [ 73.055395019157089, 33.721975718635498 ], [ 73.055395019157089, 33.721980180618068 ], [ 73.055392337164747, 33.721980180618068 ], [ 73.055392337164747, 33.72198687359149 ], [ 73.055389655172405, 33.72198687359149 ], [ 73.055389655172405, 33.721989104582512 ], [ 73.055386973180077, 33.721989104582505 ], [ 73.055386973180077, 33.721993566564379 ], [ 73.055384291187735, 33.721993566564379 ], [ 73.055384291187735, 33.72199579755523 ], [ 73.055381609195393, 33.72199579755523 ], [ 73.055381609195393, 33.722000259536763 ], [ 73.055378927203066, 33.722000259536756 ], [ 73.055378927203066, 33.722002490527444 ], [ 73.055376245210724, 33.722002490527444 ], [ 73.055376245210724, 33.722009183499118 ], [ 73.055373563218382, 33.722009183499118 ], [ 73.055373563218382, 33.722011414489558 ], [ 73.055370881226054, 33.722011414489565 ], [ 73.055370881226054, 33.722015876470266 ], [ 73.055368199233712, 33.722015876470273 ], [ 73.055368199233712, 33.722018107460542 ], [ 73.05536551724137, 33.722018107460549 ], [ 73.05536551724137, 33.722020338450754 ], [ 73.055362835249042, 33.722020338450761 ], [ 73.055362835249042, 33.722022569440917 ], [ 73.05535478927203, 33.722022569440917 ] ] ] } },
{ "type": "Feature", "properties": { "value": 255, "area_m2": 38.814389830366871 }, "geometry": { "type": "Polygon", "coordinates": [ [ [ 73.055770498084286, 33.721969025661203 ], [ 73.055770498084286, 33.721964563678057 ], [ 73.055767816091958, 33.721964563678057 ], [ 73.055767816091958, 33.721962332686388 ], [ 73.055762452107288, 33.721962332686395 ], [ 73.055762452107288, 33.721960101694684 ], [ 73.055757088122604, 33.721960101694684 ], [ 73.055757088122604, 33.721957870702887 ], [ 73.055754406130276, 33.721957870702894 ], [ 73.055754406130276, 33.721955639711062 ], [ 73.055749042145592, 33.721955639711069 ], [ 73.055749042145592, 33.721953408719173 ], [ 73.05574636015325, 33.72195340871918 ], [ 73.05574636015325, 33.72195117772722 ], [ 73.055740996168581, 33.72195117772722 ], [ 73.055740996168581, 33.721948946735196 ], [ 73.055735632183911, 33.721948946735203 ], [ 73.055735632183911, 33.721946715743137 ], [ 73.055730268199227, 33.721946715743144 ], [ 73.055730268199227, 33.721944484751013 ], [ 73.055724904214557, 33.721944484751013 ], [ 73.055724904214557, 33.72194225375884 ], [ 73.055722222222215, 33.721942253758826 ], [ 73.055722222222215, 33.721940022766574 ], [ 73.055719540229873, 33.721940022766582 ], [ 73.055719540229873, 33.721937791774295 ], [ 73.055716858237545, 33.721937791774288 ], [ 73.055716858237545, 33.721935560781937 ], [ 73.055714176245203, 33.721935560781937 ], [ 73.055714176245203, 33.721933329789515 ], [ 73.055711494252861, 33.721933329789522 ], [ 73.055711494252861, 33.721926636811922 ], [ 73.055708812260534, 33.721926636811915 ], [ 73.055708812260534, 33.721919943833818 ], [ 73.055714176245203, 33.721919943833811 ], [ 73.055714176245203, 33.721917712840984 ], [ 73.055716858237545, 33.721917712840991 ], [ 73.055716858237545, 33.721913250855174 ], [ 73.055722222222215, 33.721913250855167 ], [ 73.055722222222215, 33.721911019862169 ], [ 73.055724904214557, 33.721911019862169 ], [ 73.055724904214557, 33.721906557876011 ], [ 73.055727586206899, 33.721906557876011 ], [ 73.055727586206899, 33.721902095889604 ], [ 73.055732950191569, 33.721902095889604 ], [ 73.055732950191569, 33.721899864896322 ], [ 73.055735632183911, 33.721899864896329 ], [ 73.055735632183911, 33.721902095889604 ], [ 73.055743678160923, 33.721902095889604 ], [ 73.055743678160923, 33.721904326882843 ], [ 73.05574636015325, 33.721904326882843 ], [ 73.05574636015325, 33.721906557876018 ], [ 73.055751724137934, 33.721906557876011 ], [ 73.055751724137934, 33.721908788869115 ], [ 73.055754406130276, 33.721908788869122 ], [ 73.055754406130276, 33.721911019862169 ], [ 73.055759770114946, 33.721911019862162 ], [ 73.055759770114946, 33.72191325085516 ], [ 73.055765134099616, 33.721913250855167 ], [ 73.055765134099616, 33.7219154818481 ], [ 73.055767816091958, 33.721915481848093 ], [ 73.055767816091958, 33.721917712840984 ], [ 73.055773180076613, 33.721917712840977 ], [ 73.055773180076613, 33.721919943833811 ], [ 73.055775862068955, 33.721919943833804 ], [ 73.055775862068955, 33.721922174826574 ], [ 73.055781226053625, 33.721922174826567 ], [ 73.055781226053625, 33.721924405819273 ], [ 73.055783908045967, 33.72192440581928 ], [ 73.055783908045967, 33.721926636811929 ], [ 73.055786590038309, 33.721926636811929 ], [ 73.055786590038309, 33.721928867804522 ], [ 73.055789272030637, 33.721928867804507 ], [ 73.055789272030637, 33.721931098797043 ], [ 73.055791954022979, 33.721931098797043 ], [ 73.055791954022979, 33.721933329789529 ], [ 73.055794636015321, 33.721933329789515 ], [ 73.055794636015321, 33.72193556078193 ], [ 73.055797318007649, 33.721935560781937 ], [ 73.055797318007649, 33.721937791774295 ], [ 73.0558, 33.721937791774288 ], [ 73.0558, 33.721940022766582 ], [ 73.055802681992333, 33.721940022766582 ], [ 73.055802681992333, 33.721942253758833 ], [ 73.055808045977003, 33.721942253758833 ], [ 73.055808045977003, 33.721946715743144 ], [ 73.055810727969344, 33.721946715743144 ], [ 73.055810727969344, 33.721948946735196 ], [ 73.055808045977003, 33.721948946735196 ], [ 73.055808045977003, 33.721960101694691 ], [ 73.0558, 33.721960101694684 ], [ 73.0558, 33.721962332686388 ], [ 73.055797318007649, 33.721962332686395 ], [ 73.055797318007649, 33.72196456367805 ], [ 73.055789272030637, 33.721964563678057 ], [ 73.055789272030637, 33.72196902566121 ], [ 73.055770498084286, 33.721969025661203 ] ] ] } },
{ "type": "Feature", "properties": { "value": 255, "area_m2": 44.534994233176377 }, "geometry": { "type": "Polygon", "coordinates": [ [ [ 73.059147126436784, 33.721906557876011 ], [ 73.059147126436784, 33.721904326882843 ], [ 73.0591417624521, 33.721904326882843 ], [ 73.0591417624521, 33.721902095889611 ], [ 73.059139080459772, 33.721902095889604 ], [ 73.059139080459772, 33.721899864896329 ], [ 73.059133716475088, 33.721899864896329 ], [ 73.059133716475088, 33.721895402909574 ], [ 73.05913103448276, 33.721895402909581 ], [ 73.05913103448276, 33.721893171916115 ], [ 73.059128352490418, 33.721893171916122 ], [ 73.059128352490418, 33.721888709929033 ], [ 73.059125670498076, 33.721888709929026 ], [ 73.059125670498076, 33.721884247941695 ], [ 73.059122988505749, 33.721884247941695 ], [ 73.059122988505749, 33.721877554960265 ], [ 73.059120306513407, 33.721877554960265 ], [ 73.059120306513407, 33.721868630984247 ], [ 73.059122988505749, 33.721868630984247 ], [ 73.059122988505749, 33.721859707007276 ], [ 73.059125670498076, 33.721859707007283 ], [ 73.059125670498076, 33.721853014023942 ], [ 73.05913103448276, 33.721853014023935 ], [ 73.05913103448276, 33.721850783029375 ], [ 73.059133716475088, 33.721850783029367 ], [ 73.059133716475088, 33.721848552034764 ], [ 73.059139080459772, 33.721848552034764 ], [ 73.059139080459772, 33.721846321040083 ], [ 73.0591417624521, 33.721846321040083 ], [ 73.0591417624521, 33.721844090045352 ], [ 73.059149808429112, 33.721844090045344 ], [ 73.059149808429112, 33.721841859050556 ], [ 73.059157854406109, 33.721841859050556 ], [ 73.059157854406109, 33.721839628055712 ], [ 73.059163218390793, 33.721839628055697 ], [ 73.059163218390793, 33.721837397060796 ], [ 73.059168582375463, 33.721837397060796 ], [ 73.059168582375463, 33.721835166065823 ], [ 73.059173946360147, 33.72183516606583 ], [ 73.059173946360147, 33.721837397060803 ], [ 73.059179310344817, 33.721837397060796 ], [ 73.059179310344817, 33.721839628055704 ], [ 73.059184674329501, 33.721839628055704 ], [ 73.059184674329501, 33.721841859050556 ], [ 73.059179310344817, 33.721841859050549 ], [ 73.059179310344817, 33.721844090045352 ], [ 73.059181992337159, 33.721844090045352 ], [ 73.059181992337159, 33.721846321040083 ], [ 73.059184674329501, 33.721846321040083 ], [ 73.059184674329501, 33.721848552034771 ], [ 73.059187356321829, 33.721848552034771 ], [ 73.059187356321829, 33.721850783029375 ], [ 73.059190038314171, 33.721850783029375 ], [ 73.059190038314171, 33.721853014023928 ], [ 73.059192720306513, 33.721853014023949 ], [ 73.059192720306513, 33.721855245018446 ], [ 73.059198084291182, 33.721855245018446 ], [ 73.059198084291182, 33.721857476012893 ], [ 73.059200766283524, 33.7218574760129 ], [ 73.059200766283524, 33.721859707007283 ], [ 73.059206130268194, 33.721859707007276 ], [ 73.059206130268194, 33.721864168995879 ], [ 73.059208812260536, 33.721864168995886 ], [ 73.059208812260536, 33.721882016947959 ], [ 73.059206130268194, 33.721882016947966 ], [ 73.059206130268194, 33.721886478935396 ], [ 73.059203448275852, 33.721886478935389 ], [ 73.059203448275852, 33.721888709929033 ], [ 73.059200766283524, 33.721888709929033 ], [ 73.059200766283524, 33.721895402909595 ], [ 73.059198084291182, 33.721895402909574 ], [ 73.059198084291182, 33.721897633902984 ], [ 73.059168582375463, 33.721897633902984 ], [ 73.059168582375463, 33.721899864896329 ], [ 73.059157854406109, 33.721899864896322 ], [ 73.059157854406109, 33.721902095889611 ], [ 73.05915249042144, 33.721902095889604 ], [ 73.05915249042144, 33.721904326882843 ], [ 73.059149808429112, 33.721904326882843 ], [ 73.059149808429112, 33.721906557876004 ], [ 73.059147126436784, 33.721906557876011 ] ] ] } },
{ "type": "Feature", "properties": { "value": 255, "area_m2": 45.765491761075282 }, "geometry": { "type": "Polygon", "coordinates": [ [ [ 73.053630268199228, 33.721868630984233 ], [ 73.053630268199228, 33.721866399990091 ], [ 73.053622222222216, 33.721866399990084 ], [ 73.053622222222216, 33.721864168995879 ], [ 73.053614176245205, 33.721864168995872 ], [ 73.053614176245205, 33.721861938001602 ], [ 73.053608812260535, 33.721861938001602 ], [ 73.053608812260535, 33.721859707007276 ], [ 73.053603448275851, 33.721859707007283 ], [ 73.053603448275851, 33.721857476012893 ], [ 73.053598084291195, 33.7218574760129 ], [ 73.053598084291195, 33.721855245018446 ], [ 73.053592720306511, 33.721855245018432 ], [ 73.053592720306511, 33.721853014023935 ], [ 73.053587356321842, 33.721853014023949 ], [ 73.053587356321842, 33.721850783029375 ], [ 73.053581992337172, 33.721850783029375 ], [ 73.053581992337172, 33.721848552034764 ], [ 73.053576628352488, 33.721848552034757 ], [ 73.053576628352488, 33.721846321040083 ], [ 73.053571264367818, 33.721846321040083 ], [ 73.053571264367818, 33.721844090045352 ], [ 73.053568582375476, 33.721844090045352 ], [ 73.053568582375476, 33.721841859050549 ], [ 73.053565900383148, 33.721841859050549 ], [ 73.053565900383148, 33.721839628055704 ], [ 73.053560536398464, 33.721839628055704 ], [ 73.053560536398464, 33.721837397060796 ], [ 73.053557854406122, 33.721837397060796 ], [ 73.053557854406122, 33.72183516606583 ], [ 73.053555172413795, 33.72183516606583 ], [ 73.053555172413795, 33.7218329350708 ], [ 73.053549808429111, 33.7218329350708 ], [ 73.053549808429111, 33.721828473080585 ], [ 73.053547126436783, 33.721828473080578 ], [ 73.053547126436783, 33.721824011090121 ], [ 73.053544444444441, 33.721824011090128 ], [ 73.053544444444441, 33.721821780094821 ], [ 73.053547126436783, 33.721821780094814 ], [ 73.053547126436783, 33.721817318103994 ], [ 73.053549808429111, 33.721817318104009 ], [ 73.053549808429111, 33.72181508710851 ], [ 73.053552490421453, 33.721815087108517 ], [ 73.053552490421453, 33.721812856112969 ], [ 73.053555172413795, 33.721812856112962 ], [ 73.053555172413795, 33.721810625117364 ], [ 73.053557854406122, 33.721810625117371 ], [ 73.053557854406122, 33.721808394121702 ], [ 73.053560536398464, 33.721808394121709 ], [ 73.053560536398464, 33.721806163125983 ], [ 73.053565900383148, 33.721806163125983 ], [ 73.053565900383148, 33.721803932130214 ], [ 73.05357931034483, 33.721803932130214 ], [ 73.05357931034483, 33.721801701134368 ], [ 73.053581992337172, 33.72180170113436 ], [ 73.053581992337172, 33.721803932130214 ], [ 73.053592720306511, 33.721803932130214 ], [ 73.053592720306511, 33.72180616312599 ], [ 73.053598084291195, 33.72180616312599 ], [ 73.053598084291195, 33.721808394121702 ], [ 73.053606130268193, 33.721808394121695 ], [ 73.053606130268193, 33.721810625117364 ], [ 73.053616858237547, 33.721810625117364 ], [ 73.053616858237547, 33.721812856112976 ], [ 73.053619540229874, 33.721812856112962 ], [ 73.053619540229874, 33.72181508710851 ], [ 73.053627586206886, 33.721815087108517 ], [ 73.053627586206886, 33.721817318104009 ], [ 73.053640996168582, 33.721817318104009 ], [ 73.053640996168582, 33.721824011090121 ], [ 73.05364367816091, 33.721824011090128 ], [ 73.05364367816091, 33.72183739706081 ], [ 73.053646360153252, 33.721837397060796 ], [ 73.053646360153252, 33.721839628055712 ], [ 73.053649042145594, 33.721839628055704 ], [ 73.053649042145594, 33.721841859050549 ], [ 73.053651724137936, 33.721841859050542 ], [ 73.053651724137936, 33.721850783029375 ], [ 73.053649042145594, 33.721850783029375 ], [ 73.053649042145594, 33.721853014023935 ], [ 73.053654406130264, 33.721853014023949 ], [ 73.053654406130264, 33.7218574760129 ], [ 73.053651724137936, 33.721857476012886 ], [ 73.053651724137936, 33.721859707007283 ], [ 73.053654406130264, 33.721859707007283 ], [ 73.053654406130264, 33.721861938001602 ], [ 73.053651724137936, 33.721861938001602 ], [ 73.053651724137936, 33.721864168995872 ], [ 73.053649042145594, 33.721864168995879 ], [ 73.053649042145594, 33.721868630984247 ], [ 73.053630268199228, 33.721868630984233 ] ] ] } },
{ "type": "Feature", "properties": { "value": 255, "area_m2": 51.978053648314763 }, "geometry": { "type": "Polygon", "coordinates": [ [ [ 73.059034482758619, 33.721877554960273 ], [ 73.059034482758619, 33.721875323966351 ], [ 73.059026436781608, 33.721875323966358 ], [ 73.059026436781608, 33.721873092972373 ], [ 73.059021072796938, 33.72187309297238 ], [ 73.059021072796938, 33.721870861978346 ], [ 73.059018390804582, 33.721870861978346 ], [ 73.059018390804582, 33.721866399990091 ], [ 73.059015708812254, 33.721866399990084 ], [ 73.059015708812254, 33.721864168995886 ], [ 73.059013026819926, 33.721864168995879 ], [ 73.059013026819926, 33.721855245018446 ], [ 73.05901034482757, 33.721855245018439 ], [ 73.05901034482757, 33.721853014023935 ], [ 73.059013026819926, 33.721853014023942 ], [ 73.059013026819926, 33.721850783029367 ], [ 73.059015708812254, 33.721850783029375 ], [ 73.059015708812254, 33.721848552034764 ], [ 73.059013026819926, 33.721848552034757 ], [ 73.059013026819926, 33.721844090045352 ], [ 73.059015708812254, 33.721844090045344 ], [ 73.059015708812254, 33.721839628055704 ], [ 73.059013026819926, 33.721839628055704 ], [ 73.059013026819926, 33.72183516606583 ], [ 73.059015708812254, 33.72183516606583 ], [ 73.059015708812254, 33.721824011090121 ], [ 73.059018390804582, 33.721824011090114 ], [ 73.059018390804582, 33.721821780094814 ], [ 73.059021072796938, 33.721821780094807 ], [ 73.059021072796938, 33.721819549099436 ], [ 73.059023754789266, 33.721819549099436 ], [ 73.059023754789266, 33.721815087108517 ], [ 73.059026436781608, 33.721815087108517 ], [ 73.059026436781608, 33.721810625117371 ], [ 73.05902911877395, 33.721810625117364 ], [ 73.05902911877395, 33.721806163125983 ], [ 73.059031800766277, 33.72180616312599 ], [ 73.059031800766277, 33.721801701134375 ], [ 73.059034482758619, 33.721801701134368 ], [ 73.059034482758619, 33.721797239142511 ], [ 73.059037164750961, 33.721797239142518 ], [ 73.059037164750961, 33.721792777150441 ], [ 73.059039846743289, 33.721792777150434 ], [ 73.059039846743289, 33.721790546154331 ], [ 73.059042528735631, 33.721790546154324 ], [ 73.059042528735631, 33.721786084161891 ], [ 73.059045210727973, 33.721786084161884 ], [ 73.059045210727973, 33.721783853165597 ], [ 73.059047892720301, 33.72178385316559 ], [ 73.059047892720301, 33.721781622169239 ], [ 73.059055938697313, 33.721781622169232 ], [ 73.059055938697313, 33.721783853165583 ], [ 73.059063984674324, 33.72178385316559 ], [ 73.059063984674324, 33.721786084161899 ], [ 73.059066666666652, 33.721786084161899 ], [ 73.059066666666652, 33.721788315158136 ], [ 73.059072030651322, 33.721788315158136 ], [ 73.059072030651322, 33.721790546154331 ], [ 73.059077394636006, 33.721790546154324 ], [ 73.059077394636006, 33.721792777150448 ], [ 73.059085440613018, 33.721792777150441 ], [ 73.059085440613018, 33.721790546154331 ], [ 73.059093486590029, 33.721790546154331 ], [ 73.059093486590029, 33.721792777150434 ], [ 73.059096168582371, 33.721792777150441 ], [ 73.059096168582371, 33.721806163125983 ], [ 73.059093486590029, 33.721806163125983 ], [ 73.059093486590029, 33.721812856112962 ], [ 73.059090804597687, 33.721812856112969 ], [ 73.059090804597687, 33.721817318104009 ], [ 73.059088122605345, 33.721817318104009 ], [ 73.059088122605345, 33.721819549099436 ], [ 73.059085440613018, 33.721819549099436 ], [ 73.059085440613018, 33.721821780094807 ], [ 73.059082758620676, 33.7218217800948 ], [ 73.059082758620676, 33.721826242085378 ], [ 73.059080076628334, 33.721826242085378 ], [ 73.059080076628334, 33.721830704075721 ], [ 73.059077394636006, 33.721830704075728 ], [ 73.059077394636006, 33.721837397060803 ], [ 73.059074712643664, 33.721837397060803 ], [ 73.059074712643664, 33.721841859050556 ], [ 73.059072030651322, 33.721841859050549 ], [ 73.059072030651322, 33.721848552034764 ], [ 73.059069348658994, 33.721848552034757 ], [ 73.059069348658994, 33.721855245018446 ], [ 73.059066666666652, 33.721855245018439 ], [ 73.059066666666652, 33.721857476012886 ], [ 73.059063984674324, 33.721857476012886 ], [ 73.059063984674324, 33.721861938001602 ], [ 73.059061302681982, 33.721861938001595 ], [ 73.059061302681982, 33.721864168995879 ], [ 73.059058620689655, 33.721864168995886 ], [ 73.059058620689655, 33.72186863098424 ], [ 73.059055938697313, 33.72186863098424 ], [ 73.059055938697313, 33.721873092972366 ], [ 73.059053256704985, 33.721873092972366 ], [ 73.059053256704985, 33.721875323966351 ], [ 73.059050574712643, 33.721875323966351 ], [ 73.059050574712643, 33.721877554960273 ], [ 73.059034482758619, 33.721877554960273 ] ] ] } },
{ "type": "Feature", "properties": { "value": 255, "area_m2": 32.478652906155645 }, "geometry": { "type": "Polygon", "coordinates": [ [ [ 73.058329118773941, 33.72180616312599 ], [ 73.058329118773941, 33.721803932130214 ], [ 73.058315708812245, 33.721803932130214 ], [ 73.058315708812245, 33.721801701134368 ], [ 73.058313026819917, 33.721801701134368 ], [ 73.058313026819917, 33.721799470138464 ], [ 73.058307662835233, 33.721799470138457 ], [ 73.058307662835233, 33.721797239142511 ], [ 73.058302298850563, 33.721797239142518 ], [ 73.058302298850563, 33.721795008146515 ], [ 73.058296934865893, 33.721795008146515 ], [ 73.058296934865893, 33.721792777150441 ], [ 73.058294252873551, 33.721792777150448 ], [ 73.058294252873551, 33.721790546154317 ], [ 73.05829157088121, 33.721790546154317 ], [ 73.05829157088121, 33.721788315158143 ], [ 73.058288888888882, 33.721788315158129 ], [ 73.058288888888882, 33.721786084161884 ], [ 73.05828620689654, 33.721786084161884 ], [ 73.05828620689654, 33.72178385316559 ], [ 73.05828084291187, 33.721783853165583 ], [ 73.05828084291187, 33.721781622169232 ], [ 73.058278160919542, 33.721781622169239 ], [ 73.058278160919542, 33.721779391172817 ], [ 73.0582754789272, 33.721779391172802 ], [ 73.0582754789272, 33.721777160176337 ], [ 73.058272796934872, 33.721777160176337 ], [ 73.058272796934872, 33.72176823618986 ], [ 73.0582754789272, 33.721768236189853 ], [ 73.0582754789272, 33.72176377419629 ], [ 73.058278160919542, 33.721763774196276 ], [ 73.058278160919542, 33.721761543199392 ], [ 73.05828084291187, 33.721761543199392 ], [ 73.05828084291187, 33.72175708120546 ], [ 73.058283524904212, 33.721757081205467 ], [ 73.058283524904212, 33.721754850208399 ], [ 73.05828620689654, 33.721754850208406 ], [ 73.05828620689654, 33.721750388214112 ], [ 73.058288888888882, 33.721750388214119 ], [ 73.058288888888882, 33.721748157216894 ], [ 73.05829157088121, 33.721748157216908 ], [ 73.05829157088121, 33.721745926219619 ], [ 73.058302298850563, 33.721745926219612 ], [ 73.058302298850563, 33.721748157216901 ], [ 73.058307662835233, 33.721748157216901 ], [ 73.058307662835233, 33.721750388214119 ], [ 73.058310344827575, 33.721750388214126 ], [ 73.058310344827575, 33.721752619211294 ], [ 73.058313026819917, 33.721752619211294 ], [ 73.058313026819917, 33.721754850208413 ], [ 73.058318390804601, 33.721754850208406 ], [ 73.058318390804601, 33.721757081205453 ], [ 73.058323754789257, 33.72175708120546 ], [ 73.058323754789257, 33.721759312202458 ], [ 73.058326436781613, 33.721759312202458 ], [ 73.058326436781613, 33.721761543199392 ], [ 73.058331800766283, 33.721761543199392 ], [ 73.058331800766283, 33.72176377419629 ], [ 73.058337164750952, 33.721763774196283 ], [ 73.058337164750952, 33.721766005193089 ], [ 73.058342528735636, 33.721766005193089 ], [ 73.058342528735636, 33.721768236189853 ], [ 73.058350574712648, 33.721768236189853 ], [ 73.058350574712648, 33.721770467186573 ], [ 73.058355938697318, 33.721770467186559 ], [ 73.058355938697318, 33.721772698183216 ], [ 73.05835862068966, 33.721772698183216 ], [ 73.05835862068966, 33.721774929179794 ], [ 73.058355938697318, 33.721774929179801 ], [ 73.058355938697318, 33.72178385316559 ], [ 73.058353256704976, 33.721783853165597 ], [ 73.058353256704976, 33.721786084161884 ], [ 73.058350574712648, 33.721786084161899 ], [ 73.058350574712648, 33.721801701134368 ], [ 73.058347892720306, 33.721801701134368 ], [ 73.058347892720306, 33.721803932130214 ], [ 73.058345210727964, 33.721803932130214 ], [ 73.058345210727964, 33.721806163125983 ], [ 73.058342528735636, 33.72180616312599 ], [ 73.058342528735636, 33.721803932130214 ], [ 73.058339846743294, 33.721803932130214 ], [ 73.058339846743294, 33.721806163125983 ], [ 73.058337164750952, 33.721806163125983 ], [ 73.058337164750952, 33.721803932130214 ], [ 73.058331800766283, 33.721803932130214 ], [ 73.058331800766283, 33.721806163125983 ], [ 73.058329118773941, 33.72180616312599 ] ] ] } },
{ "type": "Feature", "properties": { "value": 255, "area_m2": 58.683263260379583 }, "geometry": { "type": "Polygon", "coordinates": [ [ [ 73.053386206896548, 33.7218217800948 ], [ 73.053386206896548, 33.721819549099443 ], [ 73.053378160919536, 33.721819549099443 ], [ 73.053378160919536, 33.721817318104009 ], [ 73.053375478927194, 33.721817318104009 ], [ 73.053375478927194, 33.721815087108517 ], [ 73.053370114942524, 33.721815087108517 ], [ 73.053370114942524, 33.721812856112969 ], [ 73.053367432950182, 33.721812856112962 ], [ 73.053367432950182, 33.721810625117364 ], [ 73.053362068965512, 33.721810625117357 ], [ 73.053362068965512, 33.721808394121709 ], [ 73.05335938697317, 33.721808394121702 ], [ 73.05335938697317, 33.721806163125983 ], [ 73.053354022988501, 33.72180616312599 ], [ 73.053354022988501, 33.721803932130207 ], [ 73.053351340996159, 33.7218039321302 ], [ 73.053351340996159, 33.721801701134368 ], [ 73.053345977011489, 33.721801701134375 ], [ 73.053345977011489, 33.721799470138471 ], [ 73.053340613026819, 33.721799470138464 ], [ 73.053340613026819, 33.721797239142504 ], [ 73.053335249042149, 33.721797239142511 ], [ 73.053335249042149, 33.721795008146515 ], [ 73.053332567049821, 33.721795008146522 ], [ 73.053332567049821, 33.721788315158136 ], [ 73.053335249042149, 33.721788315158122 ], [ 73.053335249042149, 33.721783853165583 ], [ 73.053337931034491, 33.721783853165583 ], [ 73.053337931034491, 33.72177716017633 ], [ 73.053340613026819, 33.72177716017633 ], [ 73.053340613026819, 33.721774929179809 ], [ 73.053343295019147, 33.721774929179801 ], [ 73.053343295019147, 33.721770467186573 ], [ 73.053345977011489, 33.721770467186573 ], [ 73.053345977011489, 33.721768236189853 ], [ 73.053348659003831, 33.721768236189853 ], [ 73.053348659003831, 33.721766005193089 ], [ 73.053351340996159, 33.721766005193096 ], [ 73.053351340996159, 33.721761543199392 ], [ 73.053354022988501, 33.721761543199392 ], [ 73.053354022988501, 33.721759312202458 ], [ 73.053356704980843, 33.721759312202458 ], [ 73.053356704980843, 33.721754850208413 ], [ 73.05335938697317, 33.721754850208399 ], [ 73.05335938697317, 33.721750388214112 ], [ 73.053362068965512, 33.721750388214126 ], [ 73.053362068965512, 33.721745926219619 ], [ 73.053364750957854, 33.721745926219612 ], [ 73.053364750957854, 33.72174146422487 ], [ 73.053367432950182, 33.721741464224863 ], [ 73.053367432950182, 33.721737002229894 ], [ 73.053370114942524, 33.721737002229887 ], [ 73.053370114942524, 33.721734771232306 ], [ 73.053372796934866, 33.721734771232306 ], [ 73.053372796934866, 33.721730309236982 ], [ 73.053375478927194, 33.721730309236982 ], [ 73.053375478927194, 33.721728078239231 ], [ 73.053380842911878, 33.721728078239224 ], [ 73.053380842911878, 33.721725847241423 ], [ 73.053391570881217, 33.721725847241423 ], [ 73.053391570881217, 33.721728078239224 ], [ 73.053396934865901, 33.721728078239224 ], [ 73.053396934865901, 33.721730309236982 ], [ 73.053402298850585, 33.721730309236982 ], [ 73.053402298850585, 33.721732540234676 ], [ 73.053404980842913, 33.721732540234676 ], [ 73.053404980842913, 33.721734771232299 ], [ 73.053407662835255, 33.721734771232313 ], [ 73.053407662835255, 33.721737002229887 ], [ 73.053410344827597, 33.721737002229887 ], [ 73.053410344827597, 33.721739233227403 ], [ 73.053413026819925, 33.721739233227396 ], [ 73.053413026819925, 33.721741464224863 ], [ 73.053415708812267, 33.721741464224856 ], [ 73.053415708812267, 33.721743695222266 ], [ 73.053421072796937, 33.721743695222266 ], [ 73.053421072796937, 33.721745926219612 ], [ 73.053426436781606, 33.721745926219612 ], [ 73.053426436781606, 33.721750388214119 ], [ 73.053431800766276, 33.721750388214119 ], [ 73.053431800766276, 33.721752619211294 ], [ 73.053429118773948, 33.72175261921128 ], [ 73.053429118773948, 33.721768236189853 ], [ 73.053426436781606, 33.721768236189853 ], [ 73.053426436781606, 33.721774929179801 ], [ 73.053423754789279, 33.721774929179801 ], [ 73.053423754789279, 33.72177716017633 ], [ 73.053421072796937, 33.721777160176337 ], [ 73.053421072796937, 33.721781622169225 ], [ 73.053418390804609, 33.721781622169239 ], [ 73.053418390804609, 33.72178385316559 ], [ 73.053415708812267, 33.72178385316559 ], [ 73.053415708812267, 33.721790546154324 ], [ 73.053413026819925, 33.72179054615431 ], [ 73.053413026819925, 33.721799470138471 ], [ 73.053410344827597, 33.721799470138471 ], [ 73.053410344827597, 33.721801701134368 ], [ 73.053407662835255, 33.721801701134368 ], [ 73.053407662835255, 33.721806163125983 ], [ 73.053404980842913, 33.72180616312599 ], [ 73.053404980842913, 33.721808394121702 ], [ 73.053402298850585, 33.721808394121688 ], [ 73.053402298850585, 33.721812856112962 ], [ 73.053399616858243, 33.721812856112976 ], [ 73.053399616858243, 33.721817318104016 ], [ 73.053396934865901, 33.721817318104016 ], [ 73.053396934865901, 33.721819549099436 ], [ 73.053391570881217, 33.721819549099436 ], [ 73.053391570881217, 33.721821780094807 ], [ 73.053386206896548, 33.7218217800948 ] ] ] } },
{ "type": "Feature", "properties": { "value": 255, "area_m2": 58.621552513211796 }, "geometry": { "type": "Polygon", "coordinates": [ [ [ 73.058852107279691, 33.721772698183223 ], [ 73.058852107279691, 33.721770467186573 ], [ 73.058846743295007, 33.721770467186566 ], [ 73.058846743295007, 33.721768236189853 ], [ 73.058841379310337, 33.72176823618986 ], [ 73.058841379310337, 33.721766005193103 ], [ 73.058830651340983, 33.721766005193096 ], [ 73.058830651340983, 33.72176377419629 ], [ 73.058822605363972, 33.721763774196283 ], [ 73.058822605363972, 33.721759312202458 ], [ 73.058819923371644, 33.721759312202451 ], [ 73.058819923371644, 33.721739233227403 ], [ 73.058822605363972, 33.721739233227389 ], [ 73.058822605363972, 33.721734771232292 ], [ 73.058825287356314, 33.721734771232313 ], [ 73.058825287356314, 33.721728078239224 ], [ 73.058827969348656, 33.721728078239231 ], [ 73.058827969348656, 33.721723616243558 ], [ 73.058830651340983, 33.721723616243551 ], [ 73.058830651340983, 33.721721385245637 ], [ 73.058833333333325, 33.721721385245637 ], [ 73.058833333333325, 33.721716923249609 ], [ 73.058836015325667, 33.721716923249609 ], [ 73.058836015325667, 33.721712461253347 ], [ 73.058838697317995, 33.721712461253347 ], [ 73.058838697317995, 33.721710230255141 ], [ 73.058841379310337, 33.721710230255141 ], [ 73.058841379310337, 33.721705768258552 ], [ 73.058844061302679, 33.721705768258545 ], [ 73.058844061302679, 33.721701306261714 ], [ 73.058846743295007, 33.721701306261707 ], [ 73.058846743295007, 33.721696844264649 ], [ 73.058849425287349, 33.721696844264649 ], [ 73.058849425287349, 33.721690151268611 ], [ 73.058852107279691, 33.721690151268604 ], [ 73.058852107279691, 33.721687920269815 ], [ 73.058854789272019, 33.721687920269815 ], [ 73.058854789272019, 33.721683458272054 ], [ 73.05888160919541, 33.721683458272054 ], [ 73.05888160919541, 33.721681227273088 ], [ 73.058884291187738, 33.721681227273088 ], [ 73.058884291187738, 33.721678996274065 ], [ 73.058886973180066, 33.721678996274065 ], [ 73.058886973180066, 33.721681227273095 ], [ 73.058889655172408, 33.721681227273088 ], [ 73.058889655172408, 33.721683458272047 ], [ 73.058903065134089, 33.721683458272047 ], [ 73.058903065134089, 33.721678996274072 ], [ 73.058905747126431, 33.721678996274058 ], [ 73.058905747126431, 33.721674534275841 ], [ 73.058908429118759, 33.721674534275841 ], [ 73.058908429118759, 33.721676765274971 ], [ 73.058911111111101, 33.721676765274971 ], [ 73.058911111111101, 33.721681227273088 ], [ 73.058913793103443, 33.721681227273088 ], [ 73.058913793103443, 33.721683458272047 ], [ 73.058916475095771, 33.721683458272054 ], [ 73.058916475095771, 33.721703537260154 ], [ 73.058913793103443, 33.72170353726014 ], [ 73.058913793103443, 33.721707999256878 ], [ 73.058911111111101, 33.721707999256871 ], [ 73.058911111111101, 33.721710230255148 ], [ 73.058908429118759, 33.721710230255141 ], [ 73.058908429118759, 33.72171469225151 ], [ 73.058905747126431, 33.721714692251517 ], [ 73.058905747126431, 33.721716923249609 ], [ 73.058903065134089, 33.721716923249609 ], [ 73.058903065134089, 33.721719154247644 ], [ 73.058900383141747, 33.721719154247651 ], [ 73.058900383141747, 33.721723616243565 ], [ 73.058897701149419, 33.721723616243558 ], [ 73.058897701149419, 33.721725847241423 ], [ 73.058895019157077, 33.72172584724143 ], [ 73.058895019157077, 33.721730309236982 ], [ 73.058892337164735, 33.721730309236982 ], [ 73.058892337164735, 33.721732540234669 ], [ 73.058889655172408, 33.721732540234669 ], [ 73.058889655172408, 33.721734771232306 ], [ 73.058886973180066, 33.721734771232299 ], [ 73.058886973180066, 33.721739233227389 ], [ 73.058884291187738, 33.721739233227403 ], [ 73.058884291187738, 33.721741464224863 ], [ 73.058886973180066, 33.721741464224863 ], [ 73.058886973180066, 33.721743695222266 ], [ 73.058884291187738, 33.721743695222258 ], [ 73.058884291187738, 33.721748157216894 ], [ 73.05888160919541, 33.721748157216894 ], [ 73.05888160919541, 33.721763774196283 ], [ 73.058878927203054, 33.721763774196276 ], [ 73.058878927203054, 33.721768236189853 ], [ 73.058876245210726, 33.721768236189867 ], [ 73.058876245210726, 33.721770467186573 ], [ 73.058870881226042, 33.721770467186573 ], [ 73.058870881226042, 33.721772698183216 ], [ 73.058852107279691, 33.721772698183223 ] ] ] } },
{ "type": "Feature", "properties": { "value": 255, "area_m2": 57.699163684878982 }, "geometry": { "type": "Polygon", "coordinates": [ [ [ 73.053088505747112, 33.721743695222266 ], [ 73.053088505747112, 33.72174146422487 ], [ 73.053085823754785, 33.721741464224856 ], [ 73.053085823754785, 33.721734771232299 ], [ 73.053077777777787, 33.721734771232292 ], [ 73.053077777777787, 33.721732540234676 ], [ 73.053080459770115, 33.721732540234676 ], [ 73.053080459770115, 33.721728078239217 ], [ 73.053077777777787, 33.721728078239224 ], [ 73.053077777777787, 33.721725847241437 ], [ 73.053072413793103, 33.721725847241423 ], [ 73.053072413793103, 33.721728078239224 ], [ 73.053069731800775, 33.721728078239224 ], [ 73.053069731800775, 33.721730309236989 ], [ 73.053067049808433, 33.721730309236975 ], [ 73.053067049808433, 33.721732540234676 ], [ 73.053064367816091, 33.721732540234676 ], [ 73.053064367816091, 33.721734771232306 ], [ 73.053059003831422, 33.721734771232306 ], [ 73.053059003831422, 33.721737002229887 ], [ 73.053034865900372, 33.721737002229894 ], [ 73.053034865900372, 33.721734771232299 ], [ 73.05302681992336, 33.721734771232306 ], [ 73.05302681992336, 33.721732540234676 ], [ 73.053024137931033, 33.721732540234683 ], [ 73.053024137931033, 33.721730309236989 ], [ 73.053018773946349, 33.721730309236982 ], [ 73.053018773946349, 33.721728078239224 ], [ 73.053016091954021, 33.721728078239224 ], [ 73.053016091954021, 33.72172584724143 ], [ 73.053013409961679, 33.721725847241423 ], [ 73.053013409961679, 33.721723616243558 ], [ 73.053010727969337, 33.721723616243551 ], [ 73.053010727969337, 33.721719154247644 ], [ 73.053008045977009, 33.721719154247644 ], [ 73.053008045977009, 33.721703537260154 ], [ 73.053013409961679, 33.721703537260154 ], [ 73.053013409961679, 33.721699075263203 ], [ 73.053016091954021, 33.721699075263196 ], [ 73.053016091954021, 33.721687920269815 ], [ 73.053024137931033, 33.721687920269829 ], [ 73.053024137931033, 33.721678996274072 ], [ 73.053018773946349, 33.721678996274058 ], [ 73.053018773946349, 33.721676765274978 ], [ 73.053016091954021, 33.721676765274985 ], [ 73.053016091954021, 33.721674534275849 ], [ 73.053024137931033, 33.721674534275841 ], [ 73.053024137931033, 33.721672303276648 ], [ 73.053029501915702, 33.721672303276634 ], [ 73.053029501915702, 33.721674534275841 ], [ 73.053037547892714, 33.721674534275841 ], [ 73.053037547892714, 33.721676765274978 ], [ 73.053040229885056, 33.721676765274985 ], [ 73.053040229885056, 33.721678996274065 ], [ 73.05304559386974, 33.721678996274058 ], [ 73.05304559386974, 33.721681227273081 ], [ 73.05305632183908, 33.721681227273088 ], [ 73.05305632183908, 33.721683458272047 ], [ 73.053059003831422, 33.721683458272047 ], [ 73.053059003831422, 33.721681227273088 ], [ 73.053064367816091, 33.721681227273088 ], [ 73.053064367816091, 33.721683458272054 ], [ 73.053067049808433, 33.721683458272047 ], [ 73.053067049808433, 33.721681227273088 ], [ 73.053077777777787, 33.721681227273081 ], [ 73.053077777777787, 33.721678996274058 ], [ 73.053085823754785, 33.721678996274065 ], [ 73.053085823754785, 33.721670072277384 ], [ 73.053091187739454, 33.721670072277384 ], [ 73.053091187739454, 33.721672303276634 ], [ 73.053093869731796, 33.721672303276627 ], [ 73.053093869731796, 33.721674534275841 ], [ 73.053099233716466, 33.721674534275841 ], [ 73.053099233716466, 33.721676765274978 ], [ 73.053101915708808, 33.721676765274978 ], [ 73.053101915708808, 33.721678996274072 ], [ 73.053107279693492, 33.721678996274065 ], [ 73.053107279693492, 33.721683458272047 ], [ 73.053115325670504, 33.721683458272061 ], [ 73.053115325670504, 33.72168568927097 ], [ 73.053118007662832, 33.72168568927097 ], [ 73.053118007662832, 33.721687920269829 ], [ 73.053120689655159, 33.721687920269822 ], [ 73.053120689655159, 33.721692382267342 ], [ 73.053123371647516, 33.721692382267342 ], [ 73.053123371647516, 33.721705768258545 ], [ 73.053120689655159, 33.721705768258538 ], [ 73.053120689655159, 33.721710230255148 ], [ 73.053118007662832, 33.721710230255141 ], [ 73.053118007662832, 33.721714692251524 ], [ 73.053115325670504, 33.72171469225151 ], [ 73.053115325670504, 33.721716923249609 ], [ 73.053112643678148, 33.721716923249616 ], [ 73.053112643678148, 33.721714692251517 ], [ 73.053107279693492, 33.72171469225151 ], [ 73.053107279693492, 33.721716923249609 ], [ 73.053104597701136, 33.721716923249609 ], [ 73.053104597701136, 33.721721385245637 ], [ 73.053101915708808, 33.72172138524563 ], [ 73.053101915708808, 33.721728078239217 ], [ 73.053096551724124, 33.721728078239224 ], [ 73.053096551724124, 33.721732540234676 ], [ 73.053101915708808, 33.721732540234676 ], [ 73.053101915708808, 33.721734771232306 ], [ 73.053096551724124, 33.721734771232292 ], [ 73.053096551724124, 33.721737002229887 ], [ 73.053093869731796, 33.721737002229887 ], [ 73.053093869731796, 33.721739233227389 ], [ 73.053096551724124, 33.721739233227403 ], [ 73.053096551724124, 33.72174146422487 ], [ 73.053093869731796, 33.721741464224863 ], [ 73.053093869731796, 33.721743695222266 ], [ 73.053088505747112, 33.721743695222266 ] ] ] } },
{ "type": "Feature", "properties": { "value": 255, "area_m2": 30.202754476528476 }, "geometry": { "type": "Polygon", "coordinates": [ [ [ 73.057886590038308, 33.721734771232299 ], [ 73.057886590038308, 33.721732540234676 ], [ 73.057878544061296, 33.721732540234676 ], [ 73.057878544061296, 33.721730309236975 ], [ 73.057875862068954, 33.721730309236982 ], [ 73.057875862068954, 33.721728078239224 ], [ 73.057873180076612, 33.721728078239224 ], [ 73.057873180076612, 33.721723616243558 ], [ 73.057870498084284, 33.721723616243551 ], [ 73.057870498084284, 33.72171246125334 ], [ 73.057873180076612, 33.721712461253354 ], [ 73.057873180076612, 33.721701306261707 ], [ 73.057875862068954, 33.721701306261714 ], [ 73.057875862068954, 33.72168568927097 ], [ 73.057878544061296, 33.721685689270963 ], [ 73.057878544061296, 33.721678996274065 ], [ 73.057881226053624, 33.721678996274058 ], [ 73.057881226053624, 33.721674534275834 ], [ 73.057883908045966, 33.721674534275841 ], [ 73.057883908045966, 33.721670072277369 ], [ 73.057886590038308, 33.721670072277377 ], [ 73.057886590038308, 33.721667841278048 ], [ 73.05788927203065, 33.721667841278055 ], [ 73.05788927203065, 33.721665610278698 ], [ 73.057891954022978, 33.721665610278698 ], [ 73.057891954022978, 33.721661148279779 ], [ 73.057897318007662, 33.721661148279779 ], [ 73.057897318007662, 33.721658917280223 ], [ 73.057918773946355, 33.721658917280223 ], [ 73.057918773946355, 33.721661148279772 ], [ 73.057924137931039, 33.721661148279779 ], [ 73.057924137931039, 33.721665610278691 ], [ 73.057926819923367, 33.721665610278691 ], [ 73.057926819923367, 33.721687920269822 ], [ 73.057924137931039, 33.721687920269822 ], [ 73.057924137931039, 33.721690151268611 ], [ 73.057921455938697, 33.721690151268596 ], [ 73.057921455938697, 33.721694613266017 ], [ 73.057918773946355, 33.721694613266017 ], [ 73.057918773946355, 33.72169907526321 ], [ 73.057916091954027, 33.72169907526321 ], [ 73.057916091954027, 33.721705768258538 ], [ 73.057913409961685, 33.721705768258545 ], [ 73.057913409961685, 33.721712461253354 ], [ 73.057910727969343, 33.721712461253354 ], [ 73.057910727969343, 33.721719154247644 ], [ 73.057908045977015, 33.721719154247651 ], [ 73.057908045977015, 33.721723616243558 ], [ 73.057905363984673, 33.721723616243551 ], [ 73.057905363984673, 33.721725847241423 ], [ 73.057902681992331, 33.72172584724143 ], [ 73.057902681992331, 33.721730309236982 ], [ 73.057897318007662, 33.721730309236982 ], [ 73.057897318007662, 33.721732540234676 ], [ 73.057891954022978, 33.721732540234676 ], [ 73.057891954022978, 33.721734771232299 ], [ 73.057886590038308, 33.721734771232299 ] ] ] } },
{ "type": "Feature", "properties": { "value": 255, "area_m2": 26.94259961253956 }, "geometry": { "type": "Polygon", "coordinates": [ [ [ 73.057773946360143, 33.721696844264642 ], [ 73.057773946360143, 33.721694613266017 ], [ 73.057771264367801, 33.721694613266017 ], [ 73.057771264367801, 33.721692382267349 ], [ 73.057765900383131, 33.721692382267335 ], [ 73.057765900383131, 33.721690151268611 ], [ 73.057763218390804, 33.721690151268611 ], [ 73.057763218390804, 33.721687920269822 ], [ 73.057757854406134, 33.721687920269822 ], [ 73.057757854406134, 33.72168568927097 ], [ 73.057755172413792, 33.72168568927097 ], [ 73.057755172413792, 33.721681227273081 ], [ 73.05775249042145, 33.721681227273081 ], [ 73.05775249042145, 33.721678996274058 ], [ 73.057749808429122, 33.721678996274065 ], [ 73.057749808429122, 33.721674534275834 ], [ 73.05774712643678, 33.721674534275834 ], [ 73.05774712643678, 33.721670072277377 ], [ 73.057749808429122, 33.721670072277377 ], [ 73.057749808429122, 33.721667841278062 ], [ 73.05774712643678, 33.721667841278048 ], [ 73.05774712643678, 33.721658917280223 ], [ 73.057749808429122, 33.721658917280223 ], [ 73.057749808429122, 33.721652224281229 ], [ 73.05775249042145, 33.721652224281229 ], [ 73.05775249042145, 33.721649993281446 ], [ 73.057755172413792, 33.721649993281446 ], [ 73.057755172413792, 33.721647762281613 ], [ 73.057757854406134, 33.721647762281613 ], [ 73.057757854406134, 33.721645531281716 ], [ 73.057763218390804, 33.721645531281716 ], [ 73.057763218390804, 33.721641069281752 ], [ 73.057771264367801, 33.721641069281745 ], [ 73.057771264367801, 33.721638838281677 ], [ 73.057784674329497, 33.721638838281692 ], [ 73.057784674329497, 33.721641069281752 ], [ 73.057790038314167, 33.721641069281752 ], [ 73.057790038314167, 33.721643300281769 ], [ 73.057792720306509, 33.721643300281762 ], [ 73.057792720306509, 33.721645531281716 ], [ 73.057798084291178, 33.721645531281709 ], [ 73.057798084291178, 33.721647762281606 ], [ 73.05780076628352, 33.721647762281606 ], [ 73.05780076628352, 33.721649993281439 ], [ 73.057803448275862, 33.721649993281432 ], [ 73.057803448275862, 33.721652224281229 ], [ 73.057808812260532, 33.721652224281222 ], [ 73.057808812260532, 33.721654455280962 ], [ 73.057811494252874, 33.721654455280969 ], [ 73.057811494252874, 33.721663379279271 ], [ 73.057808812260532, 33.721663379279263 ], [ 73.057808812260532, 33.721667841278055 ], [ 73.05780613026819, 33.721667841278048 ], [ 73.05780613026819, 33.721672303276634 ], [ 73.057803448275862, 33.721672303276627 ], [ 73.057803448275862, 33.721676765274971 ], [ 73.05780076628352, 33.721676765274971 ], [ 73.05780076628352, 33.721678996274058 ], [ 73.057798084291178, 33.721678996274051 ], [ 73.057798084291178, 33.72168568927097 ], [ 73.057795402298837, 33.721685689270963 ], [ 73.057795402298837, 33.721687920269815 ], [ 73.057792720306509, 33.721687920269815 ], [ 73.057792720306509, 33.721692382267335 ], [ 73.057790038314167, 33.721692382267342 ], [ 73.057790038314167, 33.721694613266024 ], [ 73.057787356321825, 33.721694613266017 ], [ 73.057787356321825, 33.721696844264642 ], [ 73.057773946360143, 33.721696844264642 ] ] ] } },
{ "type": "Feature", "properties": { "value": 255, "area_m2": 34.631643478732904 }, "geometry": { "type": "Polygon", "coordinates": [ [ [ 73.059761302681977, 33.721699075263203 ], [ 73.059761302681977, 33.721696844264642 ], [ 73.059758620689649, 33.721696844264649 ], [ 73.059758620689649, 33.72169461326601 ], [ 73.059755938697307, 33.721694613266017 ], [ 73.059755938697307, 33.721692382267335 ], [ 73.059750574712638, 33.721692382267328 ], [ 73.059750574712638, 33.721690151268611 ], [ 73.05974789272031, 33.721690151268611 ], [ 73.05974789272031, 33.72168568927097 ], [ 73.059745210727968, 33.72168568927097 ], [ 73.059745210727968, 33.721683458272047 ], [ 73.05974789272031, 33.721683458272047 ], [ 73.05974789272031, 33.721676765274978 ], [ 73.059750574712638, 33.721676765274985 ], [ 73.059750574712638, 33.721672303276634 ], [ 73.05974789272031, 33.721672303276634 ], [ 73.05974789272031, 33.721670072277384 ], [ 73.059750574712638, 33.721670072277384 ], [ 73.059750574712638, 33.721667841278048 ], [ 73.05974789272031, 33.721667841278048 ], [ 73.05974789272031, 33.721665610278691 ], [ 73.059745210727968, 33.721665610278684 ], [ 73.059745210727968, 33.721663379279256 ], [ 73.059742528735626, 33.721663379279249 ], [ 73.059742528735626, 33.721661148279779 ], [ 73.059739846743298, 33.721661148279779 ], [ 73.059739846743298, 33.721658917280209 ], [ 73.059737164750956, 33.721658917280223 ], [ 73.059737164750956, 33.721656686280625 ], [ 73.059734482758614, 33.721656686280625 ], [ 73.059734482758614, 33.721645531281723 ], [ 73.059737164750956, 33.721645531281716 ], [ 73.059737164750956, 33.721643300281769 ], [ 73.059734482758614, 33.721643300281762 ], [ 73.059734482758614, 33.721641069281766 ], [ 73.059737164750956, 33.721641069281745 ], [ 73.059737164750956, 33.721638838281685 ], [ 73.059739846743298, 33.721638838281685 ], [ 73.059739846743298, 33.721634376281365 ], [ 73.059742528735626, 33.721634376281365 ], [ 73.059742528735626, 33.721632145281127 ], [ 73.059745210727968, 33.721632145281134 ], [ 73.059745210727968, 33.721629914280825 ], [ 73.05974789272031, 33.721629914280825 ], [ 73.05974789272031, 33.721627683280474 ], [ 73.059761302681977, 33.721627683280467 ], [ 73.059761302681977, 33.721629914280825 ], [ 73.059769348658989, 33.721629914280825 ], [ 73.059769348658989, 33.721632145281127 ], [ 73.059777394636001, 33.721632145281127 ], [ 73.059777394636001, 33.721634376281372 ], [ 73.059782758620671, 33.721634376281372 ], [ 73.059782758620671, 33.721638838281685 ], [ 73.059785440613027, 33.721638838281692 ], [ 73.059785440613027, 33.721641069281752 ], [ 73.059788122605354, 33.721641069281759 ], [ 73.059788122605354, 33.721643300281769 ], [ 73.059785440613027, 33.721643300281762 ], [ 73.059785440613027, 33.721645531281723 ], [ 73.059788122605354, 33.721645531281716 ], [ 73.059788122605354, 33.721649993281446 ], [ 73.059790804597696, 33.721649993281453 ], [ 73.059790804597696, 33.721652224281222 ], [ 73.059793486590038, 33.721652224281222 ], [ 73.059793486590038, 33.721656686280618 ], [ 73.059796168582366, 33.721656686280625 ], [ 73.059796168582366, 33.721661148279786 ], [ 73.059798850574708, 33.721661148279772 ], [ 73.059798850574708, 33.721667841278048 ], [ 73.05980153256705, 33.721667841278062 ], [ 73.05980153256705, 33.721687920269822 ], [ 73.059798850574708, 33.721687920269822 ], [ 73.059798850574708, 33.721692382267335 ], [ 73.059788122605354, 33.721692382267342 ], [ 73.059788122605354, 33.721694613266017 ], [ 73.059780076628343, 33.721694613266024 ], [ 73.059780076628343, 33.721696844264642 ], [ 73.059774712643659, 33.721696844264642 ], [ 73.059774712643659, 33.72169907526321 ], [ 73.059761302681977, 33.721699075263203 ] ] ] } },
{ "type": "Feature", "properties": { "value": 255, "area_m2": 32.909410299205732 }, "geometry": { "type": "Polygon", "coordinates": [ [ [ 73.05561494252872, 33.721681227273088 ], [ 73.05561494252872, 33.721678996274072 ], [ 73.055606896551708, 33.721678996274058 ], [ 73.055606896551708, 33.721676765274985 ], [ 73.055601532567039, 33.721676765274971 ], [ 73.055601532567039, 33.721674534275841 ], [ 73.055593486590041, 33.721674534275841 ], [ 73.055593486590041, 33.721672303276634 ], [ 73.055588122605371, 33.721672303276641 ], [ 73.055588122605371, 33.721670072277377 ], [ 73.055585440613029, 33.721670072277369 ], [ 73.055585440613029, 33.721667841278062 ], [ 73.055582758620687, 33.721667841278055 ], [ 73.055582758620687, 33.721647762281606 ], [ 73.055585440613029, 33.721647762281606 ], [ 73.055585440613029, 33.721641069281759 ], [ 73.055588122605371, 33.721641069281745 ], [ 73.055588122605371, 33.721636607281553 ], [ 73.055590804597699, 33.72163660728156 ], [ 73.055590804597699, 33.72163214528112 ], [ 73.055593486590041, 33.721632145281127 ], [ 73.055593486590041, 33.721629914280825 ], [ 73.055596168582369, 33.721629914280825 ], [ 73.055596168582369, 33.721625452280037 ], [ 73.055598850574697, 33.721625452280044 ], [ 73.055598850574697, 33.721623221279565 ], [ 73.055601532567039, 33.721623221279586 ], [ 73.055601532567039, 33.721620990279042 ], [ 73.055604214559381, 33.72162099027905 ], [ 73.055604214559381, 33.721618759278449 ], [ 73.05561494252872, 33.721618759278442 ], [ 73.05561494252872, 33.721620990279042 ], [ 73.055622988505746, 33.721620990279057 ], [ 73.055622988505746, 33.721623221279579 ], [ 73.055628352490416, 33.721623221279572 ], [ 73.055628352490416, 33.721625452280051 ], [ 73.055631034482758, 33.721625452280044 ], [ 73.055631034482758, 33.72162768328046 ], [ 73.055636398467428, 33.721627683280467 ], [ 73.055636398467428, 33.721629914280832 ], [ 73.055641762452112, 33.721629914280825 ], [ 73.055641762452112, 33.721634376281365 ], [ 73.05564444444444, 33.721634376281365 ], [ 73.05564444444444, 33.72163214528112 ], [ 73.055647126436781, 33.721632145281127 ], [ 73.055647126436781, 33.721634376281365 ], [ 73.055649808429123, 33.721634376281365 ], [ 73.055649808429123, 33.721643300281769 ], [ 73.055652490421451, 33.721643300281769 ], [ 73.055652490421451, 33.721654455280962 ], [ 73.055649808429123, 33.721654455280969 ], [ 73.055649808429123, 33.721658917280209 ], [ 73.055647126436781, 33.721658917280223 ], [ 73.055647126436781, 33.721663379279256 ], [ 73.05564444444444, 33.721663379279263 ], [ 73.05564444444444, 33.721665610278691 ], [ 73.055641762452112, 33.721665610278691 ], [ 73.055641762452112, 33.721667841278048 ], [ 73.05563908045977, 33.721667841278055 ], [ 73.05563908045977, 33.721672303276641 ], [ 73.055636398467428, 33.721672303276634 ], [ 73.055636398467428, 33.721674534275849 ], [ 73.055633716475086, 33.721674534275841 ], [ 73.055633716475086, 33.721678996274065 ], [ 73.055631034482758, 33.721678996274065 ], [ 73.055631034482758, 33.721681227273088 ], [ 73.05561494252872, 33.721681227273088 ] ] ] } },
{ "type": "Feature", "properties": { "value": 255, "area_m2": 27.619254772831738 }, "geometry": { "type": "Polygon", "coordinates": [ [ [ 73.05839348659002, 33.721641069281752 ], [ 73.05839348659002, 33.721638838281685 ], [ 73.058388122605351, 33.721638838281692 ], [ 73.058388122605351, 33.72163660728156 ], [ 73.058385440613009, 33.721636607281553 ], [ 73.058385440613009, 33.721634376281372 ], [ 73.058377394635997, 33.721634376281365 ], [ 73.058377394635997, 33.721632145281134 ], [ 73.058374712643669, 33.721632145281134 ], [ 73.058374712643669, 33.721629914280825 ], [ 73.058369348658999, 33.721629914280825 ], [ 73.058369348658999, 33.72162768328046 ], [ 73.058366666666672, 33.72162768328046 ], [ 73.058366666666672, 33.721623221279565 ], [ 73.05836398467433, 33.721623221279579 ], [ 73.05836398467433, 33.721607604274617 ], [ 73.058361302681988, 33.721607604274624 ], [ 73.058361302681988, 33.721605373273682 ], [ 73.05836398467433, 33.72160537327369 ], [ 73.05836398467433, 33.721600911271636 ], [ 73.058380076628339, 33.721600911271629 ], [ 73.058380076628339, 33.721603142272691 ], [ 73.058388122605351, 33.721603142272691 ], [ 73.058388122605351, 33.72160537327369 ], [ 73.058431034482751, 33.721605373273697 ], [ 73.058431034482751, 33.721607604274624 ], [ 73.058433716475093, 33.721607604274617 ], [ 73.058433716475093, 33.721614297277085 ], [ 73.058436398467435, 33.7216142972771 ], [ 73.058436398467435, 33.721616528277792 ], [ 73.058439080459763, 33.721616528277792 ], [ 73.058439080459763, 33.721618759278442 ], [ 73.058444444444447, 33.721618759278449 ], [ 73.058444444444447, 33.721620990279042 ], [ 73.058447126436775, 33.72162099027905 ], [ 73.058447126436775, 33.721623221279579 ], [ 73.058449808429117, 33.721623221279572 ], [ 73.058449808429117, 33.721638838281685 ], [ 73.058447126436775, 33.721638838281685 ], [ 73.058447126436775, 33.721641069281745 ], [ 73.05839348659002, 33.721641069281752 ] ] ] } },
{ "type": "Feature", "properties": { "value": 255, "area_m2": 46.073091499157272 }, "geometry": { "type": "Polygon", "coordinates": [ [ [ 73.059836398467425, 33.721618759278449 ], [ 73.059836398467425, 33.721616528277792 ], [ 73.059833716475097, 33.721616528277799 ], [ 73.059833716475097, 33.7216142972771 ], [ 73.059831034482755, 33.721614297277092 ], [ 73.059831034482755, 33.721612066276329 ], [ 73.059828352490413, 33.721612066276329 ], [ 73.059828352490413, 33.721609835275501 ], [ 73.059825670498086, 33.721609835275501 ], [ 73.059825670498086, 33.721607604274624 ], [ 73.059822988505744, 33.721607604274624 ], [ 73.059822988505744, 33.72160537327369 ], [ 73.059820306513402, 33.721605373273682 ], [ 73.059820306513402, 33.721603142272677 ], [ 73.059817624521074, 33.721603142272684 ], [ 73.059817624521074, 33.721600911271629 ], [ 73.059814942528732, 33.721600911271629 ], [ 73.059814942528732, 33.721598680270517 ], [ 73.05981226053639, 33.721598680270525 ], [ 73.05981226053639, 33.721596449269349 ], [ 73.059809578544062, 33.721596449269349 ], [ 73.059809578544062, 33.721594218268123 ], [ 73.05980689655172, 33.721594218268116 ], [ 73.05980689655172, 33.721589756265502 ], [ 73.059804214559378, 33.721589756265502 ], [ 73.059804214559378, 33.721578601257889 ], [ 73.05980689655172, 33.721578601257896 ], [ 73.05980689655172, 33.721574139254443 ], [ 73.059809578544062, 33.721574139254443 ], [ 73.059809578544062, 33.721571908252642 ], [ 73.05981226053639, 33.721571908252642 ], [ 73.05981226053639, 33.72156967725077 ], [ 73.059814942528732, 33.72156967725077 ], [ 73.059814942528732, 33.721567446248862 ], [ 73.059817624521074, 33.721567446248855 ], [ 73.059817624521074, 33.721562984244819 ], [ 73.059820306513402, 33.721562984244819 ], [ 73.059820306513402, 33.721558522240571 ], [ 73.059822988505744, 33.721558522240578 ], [ 73.059822988505744, 33.72155406023608 ], [ 73.059825670498086, 33.721554060236073 ], [ 73.059825670498086, 33.72154959823137 ], [ 73.059828352490413, 33.721549598231363 ], [ 73.059828352490413, 33.72154513622641 ], [ 73.059831034482755, 33.72154513622641 ], [ 73.059831034482755, 33.721542905223856 ], [ 73.059833716475097, 33.721542905223849 ], [ 73.059833716475097, 33.721540674221231 ], [ 73.059836398467425, 33.721540674221217 ], [ 73.059836398467425, 33.721538443218556 ], [ 73.059839080459767, 33.721538443218549 ], [ 73.059839080459767, 33.72153621221581 ], [ 73.059847126436765, 33.72153621221581 ], [ 73.059847126436765, 33.721538443218563 ], [ 73.059852490421434, 33.721538443218556 ], [ 73.059852490421434, 33.721542905223842 ], [ 73.059857854406118, 33.721542905223842 ], [ 73.059857854406118, 33.72154513622641 ], [ 73.05986053639846, 33.721545136226403 ], [ 73.05986053639846, 33.721547367228908 ], [ 73.05986590038313, 33.721547367228908 ], [ 73.05986590038313, 33.721549598231363 ], [ 73.059871264367814, 33.72154959823137 ], [ 73.059871264367814, 33.721551829233753 ], [ 73.059873946360142, 33.721551829233753 ], [ 73.059873946360142, 33.721554060236073 ], [ 73.059876628352484, 33.721554060236073 ], [ 73.059876628352484, 33.72155629123835 ], [ 73.059879310344826, 33.72155629123835 ], [ 73.059879310344826, 33.721558522240571 ], [ 73.059884674329496, 33.721558522240571 ], [ 73.059884674329496, 33.721560753242734 ], [ 73.059890038314165, 33.721560753242734 ], [ 73.059890038314165, 33.721562984244827 ], [ 73.059892720306507, 33.721562984244819 ], [ 73.059892720306507, 33.721571908252642 ], [ 73.059890038314165, 33.721571908252635 ], [ 73.059890038314165, 33.721574139254443 ], [ 73.059887356321838, 33.721574139254443 ], [ 73.059887356321838, 33.721578601257882 ], [ 73.059884674329496, 33.721578601257882 ], [ 73.059884674329496, 33.7215830632611 ], [ 73.059881992337154, 33.7215830632611 ], [ 73.059881992337154, 33.721587525264084 ], [ 73.059879310344826, 33.721587525264084 ], [ 73.059879310344826, 33.721591987266834 ], [ 73.059876628352484, 33.721591987266827 ], [ 73.059876628352484, 33.721594218268116 ], [ 73.059873946360142, 33.721594218268123 ], [ 73.059873946360142, 33.721598680270525 ], [ 73.059871264367814, 33.721598680270517 ], [ 73.059871264367814, 33.721603142272691 ], [ 73.059868582375472, 33.721603142272684 ], [ 73.059868582375472, 33.721605373273682 ], [ 73.05986590038313, 33.721605373273682 ], [ 73.05986590038313, 33.721607604274624 ], [ 73.059863218390788, 33.721607604274617 ], [ 73.059863218390788, 33.721609835275501 ], [ 73.05986053639846, 33.721609835275501 ], [ 73.05986053639846, 33.721612066276329 ], [ 73.059857854406118, 33.721612066276322 ], [ 73.059857854406118, 33.721614297277092 ], [ 73.059852490421434, 33.721614297277092 ], [ 73.059852490421434, 33.721616528277792 ], [ 73.059841762452109, 33.721616528277785 ], [ 73.059841762452109, 33.721618759278435 ], [ 73.059836398467425, 33.721618759278449 ] ] ] } },
{ "type": "Feature", "properties": { "value": 255, "area_m2": 58.74482130962928 }, "geometry": { "type": "Polygon", "coordinates": [ [ [ 73.058439080459763, 33.721607604274624 ], [ 73.058439080459763, 33.721605373273697 ], [ 73.058433716475093, 33.721605373273682 ], [ 73.058433716475093, 33.721603142272691 ], [ 73.058431034482751, 33.721603142272691 ], [ 73.058431034482751, 33.721600911271636 ], [ 73.058425670498082, 33.721600911271643 ], [ 73.058425670498082, 33.721598680270525 ], [ 73.05842298850574, 33.721598680270525 ], [ 73.05842298850574, 33.721596449269349 ], [ 73.05841762452107, 33.721596449269356 ], [ 73.05841762452107, 33.721594218268109 ], [ 73.058414942528728, 33.721594218268116 ], [ 73.058414942528728, 33.721591987266834 ], [ 73.0584122605364, 33.721591987266827 ], [ 73.0584122605364, 33.721589756265494 ], [ 73.058406896551716, 33.721589756265487 ], [ 73.058406896551716, 33.721587525264084 ], [ 73.058401532567046, 33.721587525264084 ], [ 73.058401532567046, 33.721585294262631 ], [ 73.058396168582362, 33.721585294262624 ], [ 73.058396168582362, 33.721583063261107 ], [ 73.058390804597693, 33.721583063261107 ], [ 73.058390804597693, 33.721580832259527 ], [ 73.058385440613009, 33.721580832259534 ], [ 73.058385440613009, 33.721578601257889 ], [ 73.058382758620681, 33.721578601257889 ], [ 73.058382758620681, 33.721576370256201 ], [ 73.058380076628339, 33.721576370256194 ], [ 73.058380076628339, 33.721574139254443 ], [ 73.058377394635997, 33.721574139254443 ], [ 73.058377394635997, 33.721571908252635 ], [ 73.058374712643669, 33.721571908252635 ], [ 73.058374712643669, 33.721567446248855 ], [ 73.058372030651327, 33.721567446248855 ], [ 73.058372030651327, 33.721562984244819 ], [ 73.058374712643669, 33.721562984244812 ], [ 73.058374712643669, 33.72154513622641 ], [ 73.058377394635997, 33.72154513622641 ], [ 73.058377394635997, 33.721538443218556 ], [ 73.058380076628339, 33.721538443218556 ], [ 73.058380076628339, 33.721531750210175 ], [ 73.058382758620681, 33.721531750210161 ], [ 73.058382758620681, 33.721529519207252 ], [ 73.058385440613009, 33.721529519207245 ], [ 73.058385440613009, 33.721527288204285 ], [ 73.058388122605351, 33.721527288204278 ], [ 73.058388122605351, 33.721525057201262 ], [ 73.058396168582362, 33.721525057201255 ], [ 73.058396168582362, 33.721522826198161 ], [ 73.058406896551716, 33.721522826198161 ], [ 73.058406896551716, 33.721520595195038 ], [ 73.05842298850574, 33.721520595195031 ], [ 73.05842298850574, 33.721522826198168 ], [ 73.058431034482751, 33.721522826198168 ], [ 73.058431034482751, 33.721525057201255 ], [ 73.058436398467435, 33.721525057201255 ], [ 73.058436398467435, 33.721527288204278 ], [ 73.058444444444447, 33.721527288204278 ], [ 73.058444444444447, 33.721529519207252 ], [ 73.058447126436775, 33.721529519207245 ], [ 73.058447126436775, 33.721531750210161 ], [ 73.058449808429117, 33.721531750210168 ], [ 73.058449808429117, 33.721533981213014 ], [ 73.058452490421459, 33.721533981213014 ], [ 73.058452490421459, 33.72153621221581 ], [ 73.058455172413787, 33.72153621221581 ], [ 73.058455172413787, 33.72154067422121 ], [ 73.058457854406129, 33.721540674221224 ], [ 73.058457854406129, 33.721547367228915 ], [ 73.058460536398456, 33.721547367228901 ], [ 73.058460536398456, 33.721558522240578 ], [ 73.058463218390784, 33.721558522240571 ], [ 73.058463218390784, 33.721578601257882 ], [ 73.058460536398456, 33.721578601257882 ], [ 73.058460536398456, 33.721598680270517 ], [ 73.058457854406129, 33.721598680270525 ], [ 73.058457854406129, 33.721600911271636 ], [ 73.058455172413787, 33.721600911271629 ], [ 73.058455172413787, 33.721603142272691 ], [ 73.058452490421459, 33.721603142272684 ], [ 73.058452490421459, 33.721607604274617 ], [ 73.058439080459763, 33.721607604274624 ] ] ] } },
{ "type": "Feature", "properties": { "value": 255, "area_m2": 53.085894943419788 }, "geometry": { "type": "Polygon", "coordinates": [ [ [ 73.053882375478921, 33.721551829233753 ], [ 73.053882375478921, 33.721549598231363 ], [ 73.053874329501909, 33.721549598231356 ], [ 73.053874329501909, 33.721547367228915 ], [ 73.053868965517225, 33.721547367228908 ], [ 73.053868965517225, 33.721545136226403 ], [ 73.053866283524897, 33.72154513622641 ], [ 73.053866283524897, 33.721542905223849 ], [ 73.0538582375479, 33.721542905223849 ], [ 73.0538582375479, 33.721540674221224 ], [ 73.053855555555558, 33.721540674221224 ], [ 73.053855555555558, 33.721538443218556 ], [ 73.053850191570888, 33.721538443218549 ], [ 73.053850191570888, 33.72153621221581 ], [ 73.053844827586204, 33.72153621221581 ], [ 73.053844827586204, 33.721533981213014 ], [ 73.053839463601534, 33.721533981213014 ], [ 73.053839463601534, 33.721531750210168 ], [ 73.053834099616864, 33.721531750210161 ], [ 73.053834099616864, 33.721529519207252 ], [ 73.053831417624522, 33.721529519207245 ], [ 73.053831417624522, 33.721527288204285 ], [ 73.05382873563218, 33.721527288204285 ], [ 73.05382873563218, 33.721525057201255 ], [ 73.05382337164751, 33.721525057201255 ], [ 73.05382337164751, 33.721522826198175 ], [ 73.053820689655169, 33.721522826198175 ], [ 73.053820689655169, 33.721520595195031 ], [ 73.053818007662841, 33.721520595195031 ], [ 73.053818007662841, 33.72151836419183 ], [ 73.053815325670485, 33.721518364191823 ], [ 73.053815325670485, 33.721516133188572 ], [ 73.053812643678157, 33.721516133188565 ], [ 73.053812643678157, 33.721498285160422 ], [ 73.053815325670485, 33.721498285160422 ], [ 73.053815325670485, 33.721493823152798 ], [ 73.053818007662841, 33.721493823152791 ], [ 73.053818007662841, 33.721491592148901 ], [ 73.05382337164751, 33.721491592148894 ], [ 73.05382337164751, 33.721487130140943 ], [ 73.053826053639852, 33.721487130140943 ], [ 73.053826053639852, 33.721482668132737 ], [ 73.05382873563218, 33.72148266813273 ], [ 73.05382873563218, 33.721475975120001 ], [ 73.053831417624522, 33.721475975120001 ], [ 73.053831417624522, 33.721471513111226 ], [ 73.053836781609192, 33.721471513111226 ], [ 73.053836781609192, 33.721469282106753 ], [ 73.053844827586204, 33.721469282106746 ], [ 73.053844827586204, 33.721471513111233 ], [ 73.053852873563216, 33.721471513111226 ], [ 73.053852873563216, 33.721473744115649 ], [ 73.053855555555558, 33.721473744115649 ], [ 73.053855555555558, 33.721475975119994 ], [ 73.053860919540227, 33.721475975119994 ], [ 73.053860919540227, 33.721478206124303 ], [ 73.053863601532555, 33.721478206124303 ], [ 73.053863601532555, 33.721480437128548 ], [ 73.053868965517225, 33.721480437128555 ], [ 73.053868965517225, 33.721482668132737 ], [ 73.053871647509581, 33.72148266813273 ], [ 73.053871647509581, 33.721484899136861 ], [ 73.053874329501909, 33.721484899136868 ], [ 73.053874329501909, 33.721487130140936 ], [ 73.053879693486593, 33.721487130140943 ], [ 73.053879693486593, 33.721489361144947 ], [ 73.053882375478921, 33.72148936114494 ], [ 73.053882375478921, 33.721491592148894 ], [ 73.053887739463605, 33.721491592148894 ], [ 73.053887739463605, 33.721493823152798 ], [ 73.053893103448274, 33.721493823152791 ], [ 73.053893103448274, 33.721498285160415 ], [ 73.053895785440616, 33.721498285160422 ], [ 73.053895785440616, 33.721500516164141 ], [ 73.053901149425286, 33.721500516164141 ], [ 73.053901149425286, 33.721502747167804 ], [ 73.053903831417628, 33.721502747167797 ], [ 73.053903831417628, 33.72150497817141 ], [ 73.053909195402298, 33.721504978171417 ], [ 73.053909195402298, 33.721507209174945 ], [ 73.05391187739464, 33.721507209174945 ], [ 73.05391187739464, 33.721509440178444 ], [ 73.05391724137931, 33.721509440178437 ], [ 73.05391724137931, 33.721511671181879 ], [ 73.053919923371652, 33.721511671181879 ], [ 73.053919923371652, 33.721520595195031 ], [ 73.05391724137931, 33.721520595195031 ], [ 73.05391724137931, 33.721525057201262 ], [ 73.053914559386968, 33.721525057201262 ], [ 73.053914559386968, 33.721527288204285 ], [ 73.053909195402298, 33.721527288204285 ], [ 73.053909195402298, 33.721529519207252 ], [ 73.053903831417628, 33.721529519207252 ], [ 73.053903831417628, 33.721531750210161 ], [ 73.053898467432944, 33.721531750210161 ], [ 73.053898467432944, 33.721533981213014 ], [ 73.053895785440616, 33.721533981213021 ], [ 73.053895785440616, 33.721542905223842 ], [ 73.053893103448274, 33.721542905223842 ], [ 73.053893103448274, 33.721549598231363 ], [ 73.053890421455932, 33.721549598231363 ], [ 73.053890421455932, 33.721551829233739 ], [ 73.053882375478921, 33.721551829233753 ] ] ] } },
{ "type": "Feature", "properties": { "value": 255, "area_m2": 64.896204137291889 }, "geometry": { "type": "Polygon", "coordinates": [ [ [ 73.058506130268199, 33.721540674221217 ], [ 73.058506130268199, 33.721538443218556 ], [ 73.058498084291188, 33.721538443218556 ], [ 73.058498084291188, 33.721536212215803 ], [ 73.058492720306504, 33.72153621221581 ], [ 73.058492720306504, 33.721533981213014 ], [ 73.058487356321834, 33.721533981213014 ], [ 73.058487356321834, 33.721531750210168 ], [ 73.058484674329492, 33.721531750210168 ], [ 73.058484674329492, 33.721529519207252 ], [ 73.058473946360138, 33.721529519207252 ], [ 73.058473946360138, 33.721527288204292 ], [ 73.058468582375468, 33.721527288204278 ], [ 73.058468582375468, 33.721522826198161 ], [ 73.058463218390784, 33.721522826198175 ], [ 73.058463218390784, 33.721520595195031 ], [ 73.058460536398456, 33.721520595195031 ], [ 73.058460536398456, 33.721518364191823 ], [ 73.058457854406129, 33.721518364191837 ], [ 73.058457854406129, 33.721516133188572 ], [ 73.058452490421459, 33.721516133188572 ], [ 73.058452490421459, 33.721513902185251 ], [ 73.058447126436775, 33.721513902185258 ], [ 73.058447126436775, 33.721511671181872 ], [ 73.058444444444447, 33.721511671181887 ], [ 73.058444444444447, 33.721509440178444 ], [ 73.058439080459763, 33.721509440178437 ], [ 73.058439080459763, 33.721507209174945 ], [ 73.058431034482751, 33.721507209174945 ], [ 73.058431034482751, 33.72150497817141 ], [ 73.058428352490424, 33.721504978171417 ], [ 73.058428352490424, 33.721502747167797 ], [ 73.058425670498082, 33.721502747167804 ], [ 73.058425670498082, 33.721500516164141 ], [ 73.05842298850574, 33.721500516164141 ], [ 73.05842298850574, 33.721498285160408 ], [ 73.058420306513412, 33.721498285160422 ], [ 73.058420306513412, 33.72148713014095 ], [ 73.05842298850574, 33.721487130140936 ], [ 73.05842298850574, 33.72148266813273 ], [ 73.058425670498082, 33.72148266813273 ], [ 73.058425670498082, 33.721480437128555 ], [ 73.058428352490424, 33.721480437128555 ], [ 73.058428352490424, 33.721478206124303 ], [ 73.058431034482751, 33.721478206124289 ], [ 73.058431034482751, 33.721475975119994 ], [ 73.058436398467435, 33.721475975119994 ], [ 73.058436398467435, 33.721473744115642 ], [ 73.058441762452105, 33.721473744115642 ], [ 73.058441762452105, 33.72147151311124 ], [ 73.058444444444447, 33.721471513111233 ], [ 73.058444444444447, 33.721469282106753 ], [ 73.058449808429117, 33.721469282106746 ], [ 73.058449808429117, 33.721471513111226 ], [ 73.058465900383126, 33.721471513111219 ], [ 73.058465900383126, 33.721469282106746 ], [ 73.058473946360138, 33.721469282106746 ], [ 73.058473946360138, 33.721467051102216 ], [ 73.05847662835248, 33.721467051102209 ], [ 73.05847662835248, 33.721464820097616 ], [ 73.058492720306504, 33.72146482009763 ], [ 73.058492720306504, 33.721462589092972 ], [ 73.058506130268199, 33.72146258909298 ], [ 73.058506130268199, 33.721460358088258 ], [ 73.058508812260527, 33.721460358088265 ], [ 73.058508812260527, 33.72146258909298 ], [ 73.058514176245211, 33.721462589092965 ], [ 73.058514176245211, 33.721464820097623 ], [ 73.058519540229881, 33.72146482009763 ], [ 73.058519540229881, 33.721467051102209 ], [ 73.058524904214551, 33.721467051102209 ], [ 73.058524904214551, 33.721469282106746 ], [ 73.058530268199235, 33.721469282106746 ], [ 73.058530268199235, 33.72147151311124 ], [ 73.058535632183904, 33.721471513111233 ], [ 73.058535632183904, 33.721473744115642 ], [ 73.058538314176246, 33.721473744115649 ], [ 73.058538314176246, 33.721478206124303 ], [ 73.058540996168574, 33.721478206124303 ], [ 73.058540996168574, 33.721500516164141 ], [ 73.058538314176246, 33.721500516164141 ], [ 73.058538314176246, 33.721504978171424 ], [ 73.058535632183904, 33.721504978171417 ], [ 73.058535632183904, 33.721509440178444 ], [ 73.058532950191577, 33.721509440178444 ], [ 73.058532950191577, 33.721511671181879 ], [ 73.058530268199235, 33.721511671181872 ], [ 73.058530268199235, 33.721513902185265 ], [ 73.058527586206893, 33.721513902185258 ], [ 73.058527586206893, 33.721520595195038 ], [ 73.058524904214551, 33.721520595195038 ], [ 73.058524904214551, 33.721525057201255 ], [ 73.058522222222223, 33.721525057201269 ], [ 73.058522222222223, 33.721533981213014 ], [ 73.058519540229881, 33.721533981213014 ], [ 73.058519540229881, 33.72153621221581 ], [ 73.058516858237539, 33.72153621221581 ], [ 73.058516858237539, 33.721538443218542 ], [ 73.058514176245211, 33.721538443218549 ], [ 73.058514176245211, 33.721540674221217 ], [ 73.058506130268199, 33.721540674221217 ] ] ] } },
{ "type": "Feature", "properties": { "value": 255, "area_m2": 42.013494015255908 }, "geometry": { "type": "Polygon", "coordinates": [ [ [ 73.057189272030641, 33.721453665073795 ], [ 73.057189272030641, 33.721451434068854 ], [ 73.057181226053629, 33.721451434068854 ], [ 73.057181226053629, 33.721449203063848 ], [ 73.057175862068959, 33.721449203063848 ], [ 73.057175862068959, 33.7214469720588 ], [ 73.057173180076617, 33.7214469720588 ], [ 73.057173180076617, 33.721444741053681 ], [ 73.057167816091948, 33.721444741053695 ], [ 73.057167816091948, 33.721442510048504 ], [ 73.057165134099606, 33.721442510048497 ], [ 73.057165134099606, 33.721440279043293 ], [ 73.057159770114936, 33.721440279043293 ], [ 73.057159770114936, 33.721438048037996 ], [ 73.057157088122594, 33.721438048037996 ], [ 73.057157088122594, 33.721435817032656 ], [ 73.057151724137938, 33.721435817032649 ], [ 73.057151724137938, 33.721433586027246 ], [ 73.057146360153254, 33.721433586027246 ], [ 73.057146360153254, 33.721431355021785 ], [ 73.057143678160926, 33.721431355021785 ], [ 73.057143678160926, 33.721429124016261 ], [ 73.057140996168584, 33.721429124016261 ], [ 73.057140996168584, 33.72142689301068 ], [ 73.057138314176242, 33.72142689301068 ], [ 73.057138314176242, 33.721413506975999 ], [ 73.057140996168584, 33.721413506976006 ], [ 73.057140996168584, 33.721404582951727 ], [ 73.057143678160926, 33.721404582951727 ], [ 73.057143678160926, 33.721400120939229 ], [ 73.057146360153254, 33.721400120939229 ], [ 73.057146360153254, 33.721393427920056 ], [ 73.057149042145596, 33.721393427920056 ], [ 73.057149042145596, 33.721388965906996 ], [ 73.057151724137938, 33.721388965906996 ], [ 73.057151724137938, 33.721384503893688 ], [ 73.057154406130266, 33.721384503893688 ], [ 73.057154406130266, 33.721382272886949 ], [ 73.057157088122594, 33.721382272886956 ], [ 73.057157088122594, 33.721380041880174 ], [ 73.057162452107264, 33.721380041880167 ], [ 73.057162452107264, 33.721382272886956 ], [ 73.057170498084275, 33.721382272886956 ], [ 73.057170498084275, 33.721384503893688 ], [ 73.057178544061287, 33.721384503893688 ], [ 73.057178544061287, 33.721386734900371 ], [ 73.057183908045971, 33.721386734900371 ], [ 73.057183908045971, 33.721388965906989 ], [ 73.057189272030641, 33.721388965907003 ], [ 73.057189272030641, 33.721391196913558 ], [ 73.057191954022983, 33.721391196913558 ], [ 73.057191954022983, 33.721393427920056 ], [ 73.057194636015325, 33.721393427920056 ], [ 73.057194636015325, 33.721395658926511 ], [ 73.0572, 33.721395658926504 ], [ 73.0572, 33.721400120939236 ], [ 73.057205363984664, 33.721400120939236 ], [ 73.057205363984664, 33.7214023519455 ], [ 73.057208045977006, 33.721402351945493 ], [ 73.057208045977006, 33.721404582951727 ], [ 73.057210727969348, 33.721404582951727 ], [ 73.057210727969348, 33.721406813957877 ], [ 73.05721340996169, 33.721406813957877 ], [ 73.05721340996169, 33.72140904496397 ], [ 73.057216091954018, 33.72140904496397 ], [ 73.057216091954018, 33.72141127597002 ], [ 73.05721877394636, 33.72141127597002 ], [ 73.05721877394636, 33.721413506975999 ], [ 73.057221455938702, 33.721413506976013 ], [ 73.057221455938702, 33.721415737981928 ], [ 73.05722413793103, 33.721415737981921 ], [ 73.05722413793103, 33.721417968987794 ], [ 73.057221455938702, 33.721417968987794 ], [ 73.057221455938702, 33.721429124016261 ], [ 73.05721877394636, 33.721429124016261 ], [ 73.05721877394636, 33.721435817032649 ], [ 73.057216091954018, 33.721435817032649 ], [ 73.057216091954018, 33.721438048037989 ], [ 73.05721340996169, 33.721438048037996 ], [ 73.05721340996169, 33.721440279043293 ], [ 73.057210727969348, 33.721440279043293 ], [ 73.057210727969348, 33.721442510048504 ], [ 73.057208045977006, 33.721442510048504 ], [ 73.057208045977006, 33.721446972058793 ], [ 73.057205363984664, 33.721446972058793 ], [ 73.057205363984664, 33.721449203063848 ], [ 73.057202681992337, 33.721449203063848 ], [ 73.057202681992337, 33.721451434068854 ], [ 73.0572, 33.721451434068847 ], [ 73.0572, 33.721453665073803 ], [ 73.057189272030641, 33.721453665073795 ] ] ] } },
{ "type": "Feature", "properties": { "value": 255, "area_m2": 28.788158878286321 }, "geometry": { "type": "Polygon", "coordinates": [ [ [ 73.057390421455935, 33.721460358088265 ], [ 73.057390421455935, 33.721458127083501 ], [ 73.057387739463593, 33.721458127083501 ], [ 73.057387739463593, 33.721455896078673 ], [ 73.057382375478923, 33.721455896078673 ], [ 73.057382375478923, 33.721453665073795 ], [ 73.057377011494253, 33.721453665073795 ], [ 73.057377011494253, 33.721451434068854 ], [ 73.057368965517242, 33.721451434068861 ], [ 73.057368965517242, 33.721449203063841 ], [ 73.0573662835249, 33.721449203063855 ], [ 73.0573662835249, 33.721442510048504 ], [ 73.057363601532558, 33.721442510048504 ], [ 73.057363601532558, 33.721440279043293 ], [ 73.0573662835249, 33.721440279043286 ], [ 73.0573662835249, 33.721426893010687 ], [ 73.057368965517242, 33.72142689301068 ], [ 73.057368965517242, 33.7214023519455 ], [ 73.057371647509569, 33.721402351945486 ], [ 73.057371647509569, 33.721388965906989 ], [ 73.057374329501911, 33.721388965906996 ], [ 73.057374329501911, 33.721386734900378 ], [ 73.057377011494253, 33.721386734900378 ], [ 73.057377011494253, 33.721382272886949 ], [ 73.057379693486581, 33.721382272886949 ], [ 73.057379693486581, 33.721377810873307 ], [ 73.057387739463593, 33.721377810873307 ], [ 73.057387739463593, 33.721375579866383 ], [ 73.057390421455935, 33.721375579866397 ], [ 73.057390421455935, 33.721377810873307 ], [ 73.057398467432947, 33.721377810873314 ], [ 73.057398467432947, 33.721380041880167 ], [ 73.057401149425289, 33.72138004188016 ], [ 73.057401149425289, 33.721382272886956 ], [ 73.057406513409958, 33.721382272886956 ], [ 73.057406513409958, 33.721384503893688 ], [ 73.057411877394628, 33.721384503893681 ], [ 73.057411877394628, 33.721386734900364 ], [ 73.05741455938697, 33.721386734900378 ], [ 73.05741455938697, 33.721400120939229 ], [ 73.057411877394628, 33.721400120939229 ], [ 73.057411877394628, 33.721406813957877 ], [ 73.0574091954023, 33.721406813957877 ], [ 73.0574091954023, 33.72141127597002 ], [ 73.057406513409958, 33.72141127597002 ], [ 73.057406513409958, 33.721415737981921 ], [ 73.057403831417616, 33.721415737981928 ], [ 73.057403831417616, 33.721435817032649 ], [ 73.057398467432947, 33.721435817032649 ], [ 73.057398467432947, 33.721440279043286 ], [ 73.057395785440605, 33.721440279043293 ], [ 73.057395785440605, 33.721444741053688 ], [ 73.057398467432947, 33.721444741053695 ], [ 73.057398467432947, 33.721451434068861 ], [ 73.057401149425289, 33.721451434068861 ], [ 73.057401149425289, 33.721460358088272 ], [ 73.057390421455935, 33.721460358088265 ] ] ] } },
{ "type": "Feature", "properties": { "value": 255, "area_m2": 41.460005987306737 }, "geometry": { "type": "Polygon", "coordinates": [ [ [ 73.05369731800765, 33.721442510048504 ], [ 73.05369731800765, 33.721438048037989 ], [ 73.05369195402298, 33.721438048037989 ], [ 73.05369195402298, 33.721435817032642 ], [ 73.053686590038311, 33.721435817032642 ], [ 73.053686590038311, 33.721433586027231 ], [ 73.053681226053641, 33.721433586027246 ], [ 73.053681226053641, 33.721431355021778 ], [ 73.053675862068971, 33.721431355021785 ], [ 73.053675862068971, 33.721429124016261 ], [ 73.053673180076629, 33.721429124016261 ], [ 73.053673180076629, 33.721426893010687 ], [ 73.053665134099617, 33.72142689301068 ], [ 73.053665134099617, 33.721424662005056 ], [ 73.053659770114947, 33.721424662005056 ], [ 73.053659770114947, 33.721422430999354 ], [ 73.053654406130264, 33.721422430999354 ], [ 73.053654406130264, 33.721420199993602 ], [ 73.053649042145594, 33.721420199993609 ], [ 73.053649042145594, 33.721417968987801 ], [ 73.053646360153252, 33.721417968987801 ], [ 73.053646360153252, 33.721413506975999 ], [ 73.05364367816091, 33.721413506976013 ], [ 73.05364367816091, 33.72141127597002 ], [ 73.053640996168582, 33.721411275970027 ], [ 73.053640996168582, 33.721406813957884 ], [ 73.05363831417624, 33.721406813957877 ], [ 73.05363831417624, 33.7214023519455 ], [ 73.053635632183898, 33.7214023519455 ], [ 73.053635632183898, 33.721400120939222 ], [ 73.05363295019157, 33.721400120939236 ], [ 73.05363295019157, 33.721397889932902 ], [ 73.053630268199228, 33.721397889932902 ], [ 73.053630268199228, 33.721388965906982 ], [ 73.053627586206886, 33.721388965906996 ], [ 73.053627586206886, 33.721386734900378 ], [ 73.053630268199228, 33.721386734900385 ], [ 73.053630268199228, 33.721375579866397 ], [ 73.05363295019157, 33.721375579866397 ], [ 73.05363295019157, 33.721371117852406 ], [ 73.053635632183898, 33.721371117852399 ], [ 73.053635632183898, 33.721368886845319 ], [ 73.053640996168582, 33.721368886845312 ], [ 73.053640996168582, 33.721371117852399 ], [ 73.053649042145594, 33.721371117852399 ], [ 73.053649042145594, 33.721373348859423 ], [ 73.053659770114947, 33.721373348859423 ], [ 73.053659770114947, 33.72137557986639 ], [ 73.053667816091959, 33.72137557986639 ], [ 73.053667816091959, 33.72138004188016 ], [ 73.053673180076629, 33.72138004188016 ], [ 73.053673180076629, 33.721382272886942 ], [ 73.053675862068971, 33.721382272886956 ], [ 73.053675862068971, 33.721384503893681 ], [ 73.053678544061313, 33.721384503893688 ], [ 73.053678544061313, 33.721386734900371 ], [ 73.053686590038311, 33.721386734900378 ], [ 73.053686590038311, 33.721388965906996 ], [ 73.05369195402298, 33.721388965906996 ], [ 73.05369195402298, 33.721391196913565 ], [ 73.05369731800765, 33.721391196913558 ], [ 73.05369731800765, 33.721393427920056 ], [ 73.0537, 33.721393427920056 ], [ 73.0537, 33.721395658926497 ], [ 73.053705363984662, 33.721395658926497 ], [ 73.053705363984662, 33.721397889932909 ], [ 73.053708045977004, 33.721397889932909 ], [ 73.053708045977004, 33.721400120939229 ], [ 73.053713409961674, 33.721400120939229 ], [ 73.053713409961674, 33.72140458295172 ], [ 73.053716091954016, 33.721404582951727 ], [ 73.053716091954016, 33.721406813957877 ], [ 73.053721455938685, 33.721406813957877 ], [ 73.053721455938685, 33.72140904496397 ], [ 73.053724137931027, 33.72140904496397 ], [ 73.053724137931027, 33.721411275970027 ], [ 73.053726819923369, 33.721411275970027 ], [ 73.053726819923369, 33.721413506976006 ], [ 73.053729501915697, 33.721413506976013 ], [ 73.053729501915697, 33.721422430999361 ], [ 73.053724137931027, 33.721422430999361 ], [ 73.053724137931027, 33.721426893010687 ], [ 73.053721455938685, 33.721426893010687 ], [ 73.053721455938685, 33.721431355021785 ], [ 73.053718773946358, 33.721431355021778 ], [ 73.053718773946358, 33.721433586027231 ], [ 73.053716091954016, 33.721433586027239 ], [ 73.053716091954016, 33.721438048037989 ], [ 73.053713409961674, 33.721438048037996 ], [ 73.053713409961674, 33.721442510048504 ], [ 73.05369731800765, 33.721442510048504 ] ] ] } },
{ "type": "Feature", "properties": { "value": 255, "area_m2": 49.579624982908456 }, "geometry": { "type": "Polygon", "coordinates": [ [ [ 73.057545977011486, 33.721411275970013 ], [ 73.057545977011486, 33.721409044963977 ], [ 73.057543295019144, 33.72140904496397 ], [ 73.057543295019144, 33.721406813957877 ], [ 73.057545977011486, 33.721406813957877 ], [ 73.057545977011486, 33.721404582951727 ], [ 73.057543295019144, 33.721404582951727 ], [ 73.057543295019144, 33.721395658926504 ], [ 73.057540613026816, 33.721395658926504 ], [ 73.057540613026816, 33.721393427920056 ], [ 73.057537931034474, 33.721393427920056 ], [ 73.057537931034474, 33.721391196913551 ], [ 73.057540613026816, 33.721391196913558 ], [ 73.057540613026816, 33.721388965906996 ], [ 73.057537931034474, 33.721388965907003 ], [ 73.057537931034474, 33.721384503893688 ], [ 73.057535249042132, 33.721384503893688 ], [ 73.057535249042132, 33.721380041880167 ], [ 73.057532567049805, 33.721380041880167 ], [ 73.057532567049805, 33.721373348859416 ], [ 73.057535249042132, 33.721373348859416 ], [ 73.057535249042132, 33.721362193823708 ], [ 73.057655938697323, 33.721362193823708 ], [ 73.057655938697323, 33.721386734900378 ], [ 73.057653256704981, 33.721386734900378 ], [ 73.057653256704981, 33.721391196913565 ], [ 73.057650574712639, 33.721391196913558 ], [ 73.057650574712639, 33.721393427920063 ], [ 73.057642528735627, 33.721393427920063 ], [ 73.057642528735627, 33.721395658926511 ], [ 73.057631800766288, 33.721395658926504 ], [ 73.057631800766288, 33.721397889932895 ], [ 73.05762107279692, 33.721397889932895 ], [ 73.05762107279692, 33.721400120939229 ], [ 73.05761034482758, 33.721400120939229 ], [ 73.05761034482758, 33.721402351945493 ], [ 73.057599616858226, 33.7214023519455 ], [ 73.057599616858226, 33.721404582951727 ], [ 73.057588888888887, 33.72140458295172 ], [ 73.057588888888887, 33.721406813957877 ], [ 73.057575478927205, 33.721406813957877 ], [ 73.057575478927205, 33.72140904496397 ], [ 73.057567432950194, 33.72140904496397 ], [ 73.057567432950194, 33.721411275970013 ], [ 73.057545977011486, 33.721411275970013 ] ] ] } },
{ "type": "Feature", "properties": { "value": 255, "area_m2": 35.739142296133437 }, "geometry": { "type": "Polygon", "coordinates": [ [ [ 73.058334482758625, 33.721415737981935 ], [ 73.058334482758625, 33.721413506975999 ], [ 73.058329118773941, 33.721413506976006 ], [ 73.058329118773941, 33.721409044963977 ], [ 73.058326436781613, 33.721409044963977 ], [ 73.058326436781613, 33.721404582951727 ], [ 73.058321072796929, 33.72140458295172 ], [ 73.058321072796929, 33.721402351945493 ], [ 73.058318390804601, 33.721402351945507 ], [ 73.058318390804601, 33.721400120939229 ], [ 73.058315708812245, 33.721400120939236 ], [ 73.058315708812245, 33.721397889932909 ], [ 73.058313026819917, 33.721397889932902 ], [ 73.058313026819917, 33.721395658926511 ], [ 73.058307662835233, 33.721395658926497 ], [ 73.058307662835233, 33.721393427920056 ], [ 73.058302298850563, 33.721393427920056 ], [ 73.058302298850563, 33.721391196913558 ], [ 73.058299616858221, 33.721391196913551 ], [ 73.058299616858221, 33.721388965906996 ], [ 73.05829157088121, 33.721388965906996 ], [ 73.05829157088121, 33.721386734900378 ], [ 73.05828620689654, 33.721386734900378 ], [ 73.05828620689654, 33.721384503893681 ], [ 73.05828084291187, 33.721384503893688 ], [ 73.05828084291187, 33.721382272886963 ], [ 73.058278160919542, 33.721382272886949 ], [ 73.058278160919542, 33.721380041880167 ], [ 73.058272796934872, 33.72138004188016 ], [ 73.058272796934872, 33.721377810873307 ], [ 73.05827011494253, 33.721377810873307 ], [ 73.05827011494253, 33.721375579866397 ], [ 73.058267432950188, 33.721375579866397 ], [ 73.058267432950188, 33.721373348859423 ], [ 73.058264750957861, 33.721373348859416 ], [ 73.058264750957861, 33.721359962816379 ], [ 73.058355938697318, 33.721359962816386 ], [ 73.058355938697318, 33.721362193823701 ], [ 73.05835862068966, 33.721362193823715 ], [ 73.05835862068966, 33.721364424830973 ], [ 73.058355938697318, 33.721364424830973 ], [ 73.058355938697318, 33.721366655838168 ], [ 73.05835862068966, 33.721366655838168 ], [ 73.05835862068966, 33.721382272886956 ], [ 73.058355938697318, 33.721382272886956 ], [ 73.058355938697318, 33.721413506976013 ], [ 73.058353256704976, 33.721413506975999 ], [ 73.058353256704976, 33.721415737981921 ], [ 73.058334482758625, 33.721415737981935 ] ] ] } },
{ "type": "Feature", "properties": { "value": 255, "area_m2": 41.275446556503141 }, "geometry": { "type": "Polygon", "coordinates": [ [ [ 73.054526053639847, 33.721395658926511 ], [ 73.054526053639847, 33.721393427920056 ], [ 73.054518007662836, 33.721393427920056 ], [ 73.054518007662836, 33.721377810873314 ], [ 73.054512643678166, 33.721377810873307 ], [ 73.054512643678166, 33.721375579866397 ], [ 73.05450996168581, 33.721375579866397 ], [ 73.05450996168581, 33.721362193823708 ], [ 73.054507279693482, 33.721362193823708 ], [ 73.054507279693482, 33.721359962816386 ], [ 73.05464674329501, 33.721359962816393 ], [ 73.05464674329501, 33.721364424830973 ], [ 73.054644061302682, 33.721364424830973 ], [ 73.054644061302682, 33.721373348859416 ], [ 73.05464674329501, 33.721373348859416 ], [ 73.05464674329501, 33.721375579866397 ], [ 73.054644061302682, 33.721375579866397 ], [ 73.054644061302682, 33.721380041880167 ], [ 73.05464137931034, 33.72138004188016 ], [ 73.05464137931034, 33.721382272886949 ], [ 73.054638697318012, 33.721382272886956 ], [ 73.054638697318012, 33.721384503893688 ], [ 73.054625287356316, 33.721384503893688 ], [ 73.054625287356316, 33.721386734900378 ], [ 73.054606513409965, 33.721386734900371 ], [ 73.054606513409965, 33.721388965906996 ], [ 73.054590421455941, 33.721388965906996 ], [ 73.054590421455941, 33.721391196913551 ], [ 73.054574329501918, 33.721391196913558 ], [ 73.054574329501918, 33.721393427920056 ], [ 73.054550191570883, 33.721393427920063 ], [ 73.054550191570883, 33.721395658926504 ], [ 73.054526053639847, 33.721395658926511 ] ] ] } },
{ "type": "Feature", "properties": { "value": 255, "area_m2": 28.480588242396884 }, "geometry": { "type": "Polygon", "coordinates": [ [ [ 73.058479310344822, 33.721415737981921 ], [ 73.058479310344822, 33.721413506976006 ], [ 73.05847126436781, 33.721413506976006 ], [ 73.05847126436781, 33.72141127597002 ], [ 73.058460536398456, 33.721411275970013 ], [ 73.058460536398456, 33.72140904496397 ], [ 73.058455172413787, 33.72140904496397 ], [ 73.058455172413787, 33.721406813957884 ], [ 73.058449808429117, 33.721406813957877 ], [ 73.058449808429117, 33.72140458295172 ], [ 73.058444444444447, 33.721404582951727 ], [ 73.058444444444447, 33.721402351945493 ], [ 73.058439080459763, 33.7214023519455 ], [ 73.058439080459763, 33.721397889932895 ], [ 73.058436398467435, 33.721397889932909 ], [ 73.058436398467435, 33.721362193823715 ], [ 73.058439080459763, 33.721362193823708 ], [ 73.058439080459763, 33.721357731809 ], [ 73.058490038314176, 33.721357731809015 ], [ 73.058490038314176, 33.721415737981921 ], [ 73.058479310344822, 33.721415737981921 ] ] ] } },
{ "type": "Feature", "properties": { "value": 255, "area_m2": 35.862205986021252 }, "geometry": { "type": "Polygon", "coordinates": [ [ [ 73.057039080459774, 33.721417968987787 ], [ 73.057039080459774, 33.721415737981921 ], [ 73.05702835249042, 33.721415737981928 ], [ 73.05702835249042, 33.721413506976006 ], [ 73.057025670498078, 33.721413506975999 ], [ 73.057025670498078, 33.721411275970013 ], [ 73.05702298850575, 33.72141127597002 ], [ 73.05702298850575, 33.721409044963977 ], [ 73.057020306513408, 33.721409044963977 ], [ 73.057020306513408, 33.721406813957877 ], [ 73.05702298850575, 33.721406813957884 ], [ 73.05702298850575, 33.721404582951727 ], [ 73.057020306513408, 33.72140458295172 ], [ 73.057020306513408, 33.721402351945486 ], [ 73.05702298850575, 33.721402351945493 ], [ 73.05702298850575, 33.721395658926511 ], [ 73.057020306513408, 33.721395658926504 ], [ 73.057020306513408, 33.721393427920056 ], [ 73.05702298850575, 33.721393427920056 ], [ 73.05702298850575, 33.721386734900371 ], [ 73.057025670498078, 33.721386734900378 ], [ 73.057025670498078, 33.721382272886956 ], [ 73.05702835249042, 33.721382272886956 ], [ 73.05702835249042, 33.721359962816386 ], [ 73.057031034482762, 33.721359962816379 ], [ 73.057031034482762, 33.721357731809007 ], [ 73.057076628352476, 33.721357731809007 ], [ 73.057076628352476, 33.721359962816393 ], [ 73.057079310344818, 33.721359962816379 ], [ 73.057079310344818, 33.721362193823708 ], [ 73.05708735632183, 33.721362193823715 ], [ 73.05708735632183, 33.721364424830966 ], [ 73.057090038314172, 33.721364424830966 ], [ 73.057090038314172, 33.721371117852406 ], [ 73.0570927203065, 33.721371117852392 ], [ 73.0570927203065, 33.721380041880167 ], [ 73.057090038314172, 33.721380041880167 ], [ 73.057090038314172, 33.721386734900378 ], [ 73.05708735632183, 33.721386734900371 ], [ 73.05708735632183, 33.721395658926511 ], [ 73.057084674329488, 33.721395658926511 ], [ 73.057084674329488, 33.721400120939229 ], [ 73.057079310344818, 33.721400120939236 ], [ 73.057079310344818, 33.72140904496397 ], [ 73.057073946360148, 33.72140904496397 ], [ 73.057073946360148, 33.72141127597002 ], [ 73.057071264367806, 33.72141127597002 ], [ 73.057071264367806, 33.721417968987787 ], [ 73.057068582375479, 33.721417968987787 ], [ 73.057068582375479, 33.721415737981921 ], [ 73.057057854406125, 33.721415737981928 ], [ 73.057057854406125, 33.721417968987794 ], [ 73.057039080459774, 33.721417968987787 ] ] ] } },
{ "type": "Feature", "properties": { "value": 255, "area_m2": 35.246993612882768 }, "geometry": { "type": "Polygon", "coordinates": [ [ [ 73.059780076628343, 33.721420199993602 ], [ 73.059780076628343, 33.721417968987801 ], [ 73.059774712643659, 33.721417968987794 ], [ 73.059774712643659, 33.721415737981914 ], [ 73.059772030651331, 33.721415737981921 ], [ 73.059772030651331, 33.721413506976006 ], [ 73.059769348658989, 33.721413506975999 ], [ 73.059769348658989, 33.721411275970013 ], [ 73.059766666666647, 33.721411275970006 ], [ 73.059766666666647, 33.72140904496397 ], [ 73.059763984674319, 33.721409044963977 ], [ 73.059763984674319, 33.72140458295172 ], [ 73.059761302681977, 33.72140458295172 ], [ 73.059761302681977, 33.7214023519455 ], [ 73.059758620689649, 33.7214023519455 ], [ 73.059758620689649, 33.721397889932909 ], [ 73.059755938697307, 33.721397889932902 ], [ 73.059755938697307, 33.721382272886942 ], [ 73.059758620689649, 33.721382272886963 ], [ 73.059758620689649, 33.721373348859423 ], [ 73.059761302681977, 33.721373348859416 ], [ 73.059761302681977, 33.721357731809007 ], [ 73.059763984674319, 33.721357731809015 ], [ 73.059763984674319, 33.721355500801579 ], [ 73.059772030651331, 33.721355500801586 ], [ 73.059772030651331, 33.721353269794086 ], [ 73.059788122605354, 33.721353269794086 ], [ 73.059788122605354, 33.721355500801579 ], [ 73.059790804597696, 33.721355500801586 ], [ 73.059790804597696, 33.721357731809015 ], [ 73.059793486590038, 33.721357731809 ], [ 73.059793486590038, 33.721359962816379 ], [ 73.059796168582366, 33.721359962816379 ], [ 73.059796168582366, 33.72136665583816 ], [ 73.059798850574708, 33.721366655838168 ], [ 73.059798850574708, 33.721368886845312 ], [ 73.05980153256705, 33.721368886845319 ], [ 73.05980153256705, 33.721371117852406 ], [ 73.059814942528732, 33.721371117852406 ], [ 73.059814942528732, 33.721373348859423 ], [ 73.059820306513402, 33.721373348859423 ], [ 73.059820306513402, 33.721377810873314 ], [ 73.059822988505744, 33.721377810873314 ], [ 73.059822988505744, 33.721400120939229 ], [ 73.059820306513402, 33.721400120939236 ], [ 73.059820306513402, 33.72140904496397 ], [ 73.059817624521074, 33.72140904496397 ], [ 73.059817624521074, 33.721413506975999 ], [ 73.059814942528732, 33.721413506976013 ], [ 73.059814942528732, 33.721415737981914 ], [ 73.05981226053639, 33.721415737981921 ], [ 73.05981226053639, 33.721417968987794 ], [ 73.05980689655172, 33.721417968987801 ], [ 73.05980689655172, 33.721420199993602 ], [ 73.059780076628343, 33.721420199993602 ] ] ] } },
{ "type": "Feature", "properties": { "value": 255, "area_m2": 65.696084177484835 }, "geometry": { "type": "Polygon", "coordinates": [ [ [ 73.057309961685817, 33.721446972058793 ], [ 73.057309961685817, 33.721444741053681 ], [ 73.057301915708805, 33.721444741053681 ], [ 73.057301915708805, 33.721442510048504 ], [ 73.057296551724136, 33.721442510048512 ], [ 73.057296551724136, 33.721440279043293 ], [ 73.057291187739466, 33.721440279043293 ], [ 73.057291187739466, 33.721438048038003 ], [ 73.057283141762454, 33.721438048037989 ], [ 73.057283141762454, 33.721435817032649 ], [ 73.057280459770112, 33.721435817032649 ], [ 73.057280459770112, 33.721433586027246 ], [ 73.057275095785428, 33.721433586027246 ], [ 73.057275095785428, 33.721431355021785 ], [ 73.057269731800758, 33.721431355021785 ], [ 73.057269731800758, 33.721429124016268 ], [ 73.057267049808416, 33.721429124016268 ], [ 73.057267049808416, 33.721424662005056 ], [ 73.057264367816074, 33.721424662005049 ], [ 73.057264367816074, 33.72141127597002 ], [ 73.057267049808416, 33.72141127597002 ], [ 73.057267049808416, 33.72140681395787 ], [ 73.057269731800758, 33.721406813957877 ], [ 73.057269731800758, 33.721402351945493 ], [ 73.057272413793086, 33.7214023519455 ], [ 73.057272413793086, 33.721400120939236 ], [ 73.057275095785428, 33.721400120939244 ], [ 73.057275095785428, 33.721395658926511 ], [ 73.05727777777777, 33.721395658926511 ], [ 73.05727777777777, 33.721391196913544 ], [ 73.057280459770112, 33.721391196913565 ], [ 73.057280459770112, 33.721388965906996 ], [ 73.057283141762454, 33.721388965907003 ], [ 73.057283141762454, 33.721384503893688 ], [ 73.057285823754782, 33.721384503893688 ], [ 73.057285823754782, 33.721382272886956 ], [ 73.057288505747124, 33.721382272886949 ], [ 73.057288505747124, 33.72138004188016 ], [ 73.057291187739466, 33.721380041880153 ], [ 73.057291187739466, 33.7213778108733 ], [ 73.057293869731794, 33.721377810873314 ], [ 73.057293869731794, 33.721373348859416 ], [ 73.057296551724136, 33.721373348859409 ], [ 73.057296551724136, 33.721371117852399 ], [ 73.057299233716478, 33.721371117852406 ], [ 73.057299233716478, 33.721362193823708 ], [ 73.057301915708805, 33.721362193823708 ], [ 73.057301915708805, 33.721359962816386 ], [ 73.057309961685817, 33.721359962816386 ], [ 73.057309961685817, 33.721355500801579 ], [ 73.057315325670501, 33.721355500801586 ], [ 73.057315325670501, 33.721353269794093 ], [ 73.057318007662829, 33.721353269794086 ], [ 73.057318007662829, 33.721351038786537 ], [ 73.05733678160918, 33.721351038786544 ], [ 73.05733678160918, 33.721353269794086 ], [ 73.057339463601522, 33.721353269794086 ], [ 73.057339463601522, 33.721355500801586 ], [ 73.05734214559385, 33.721355500801586 ], [ 73.05734214559385, 33.721357731809015 ], [ 73.057344827586192, 33.721357731809 ], [ 73.057344827586192, 33.721359962816379 ], [ 73.057347509578534, 33.721359962816386 ], [ 73.057347509578534, 33.721362193823715 ], [ 73.057352873563218, 33.721362193823708 ], [ 73.057352873563218, 33.721364424830973 ], [ 73.057355555555546, 33.721364424830973 ], [ 73.057355555555546, 33.721366655838168 ], [ 73.057358237547874, 33.72136665583816 ], [ 73.057358237547874, 33.721368886845312 ], [ 73.05736091954023, 33.721368886845312 ], [ 73.05736091954023, 33.721371117852399 ], [ 73.057363601532558, 33.721371117852399 ], [ 73.057363601532558, 33.721373348859423 ], [ 73.0573662835249, 33.721373348859416 ], [ 73.0573662835249, 33.721375579866383 ], [ 73.057368965517242, 33.72137557986639 ], [ 73.057368965517242, 33.721388965907003 ], [ 73.0573662835249, 33.721388965906996 ], [ 73.0573662835249, 33.721395658926511 ], [ 73.057363601532558, 33.721395658926504 ], [ 73.057363601532558, 33.721397889932902 ], [ 73.05736091954023, 33.721397889932909 ], [ 73.05736091954023, 33.721402351945493 ], [ 73.057358237547874, 33.721402351945486 ], [ 73.057358237547874, 33.721404582951727 ], [ 73.057355555555546, 33.721404582951727 ], [ 73.057355555555546, 33.721406813957884 ], [ 73.057352873563218, 33.721406813957877 ], [ 73.057352873563218, 33.721411275970027 ], [ 73.057350191570862, 33.721411275970013 ], [ 73.057350191570862, 33.721415737981921 ], [ 73.057347509578534, 33.721415737981928 ], [ 73.057347509578534, 33.721417968987794 ], [ 73.057344827586192, 33.721417968987808 ], [ 73.057344827586192, 33.721422430999354 ], [ 73.05734214559385, 33.721422430999354 ], [ 73.05734214559385, 33.721426893010687 ], [ 73.057339463601522, 33.721426893010673 ], [ 73.057339463601522, 33.721431355021785 ], [ 73.05733678160918, 33.721431355021785 ], [ 73.05733678160918, 33.721433586027246 ], [ 73.057334099616853, 33.721433586027246 ], [ 73.057334099616853, 33.721438048037989 ], [ 73.057328735632183, 33.721438048037989 ], [ 73.057328735632183, 33.721440279043293 ], [ 73.057326053639841, 33.721440279043293 ], [ 73.057326053639841, 33.721444741053688 ], [ 73.057320689655171, 33.721444741053681 ], [ 73.057320689655171, 33.7214469720588 ], [ 73.057309961685817, 33.721446972058793 ] ] ] } },
{ "type": "Feature", "properties": { "value": 255, "area_m2": 101.25065154573218 }, "geometry": { "type": "Polygon", "coordinates": [ [ [ 73.0587314176245, 33.721433586027239 ], [ 73.0587314176245, 33.721431355021785 ], [ 73.058720689655161, 33.721431355021785 ], [ 73.058720689655161, 33.721429124016261 ], [ 73.058715325670491, 33.721429124016261 ], [ 73.058715325670491, 33.721426893010687 ], [ 73.058712643678163, 33.72142689301068 ], [ 73.058712643678163, 33.721424662005049 ], [ 73.058707279693479, 33.721424662005056 ], [ 73.058707279693479, 33.721422430999361 ], [ 73.058704597701151, 33.721422430999361 ], [ 73.058704597701151, 33.721420199993602 ], [ 73.058699233716467, 33.721420199993609 ], [ 73.058699233716467, 33.721417968987801 ], [ 73.058693869731798, 33.721417968987787 ], [ 73.058693869731798, 33.721415737981914 ], [ 73.058691187739456, 33.721415737981935 ], [ 73.058691187739456, 33.721413506976006 ], [ 73.058685823754786, 33.721413506975999 ], [ 73.058685823754786, 33.72141127597002 ], [ 73.058683141762444, 33.72141127597002 ], [ 73.058683141762444, 33.72140904496397 ], [ 73.058680459770116, 33.72140904496397 ], [ 73.058680459770116, 33.721406813957877 ], [ 73.058677777777774, 33.721406813957877 ], [ 73.058677777777774, 33.721404582951727 ], [ 73.058672413793104, 33.721404582951727 ], [ 73.058672413793104, 33.721402351945493 ], [ 73.058669731800762, 33.721402351945507 ], [ 73.058669731800762, 33.721400120939236 ], [ 73.058664367816078, 33.721400120939236 ], [ 73.058664367816078, 33.721397889932909 ], [ 73.058661685823751, 33.721397889932895 ], [ 73.058661685823751, 33.721395658926504 ], [ 73.058656321839067, 33.721395658926511 ], [ 73.058656321839067, 33.721393427920063 ], [ 73.058648275862055, 33.721393427920056 ], [ 73.058648275862055, 33.721391196913565 ], [ 73.058645593869713, 33.721391196913565 ], [ 73.058645593869713, 33.721388965906989 ], [ 73.058640229885043, 33.721388965906989 ], [ 73.058640229885043, 33.721386734900371 ], [ 73.058637547892701, 33.721386734900378 ], [ 73.058637547892701, 33.721384503893688 ], [ 73.058634865900373, 33.721384503893688 ], [ 73.058634865900373, 33.721380041880167 ], [ 73.058632183908031, 33.721380041880167 ], [ 73.058632183908031, 33.721373348859423 ], [ 73.058629501915703, 33.721373348859416 ], [ 73.058629501915703, 33.721357731809015 ], [ 73.058637547892701, 33.721357731809015 ], [ 73.058637547892701, 33.721348807778931 ], [ 73.058640229885043, 33.721348807778931 ], [ 73.058640229885043, 33.721344345763541 ], [ 73.058642911877385, 33.721344345763548 ], [ 73.058642911877385, 33.721337652740026 ], [ 73.058645593869713, 33.721337652740026 ], [ 73.058645593869713, 33.721330959715992 ], [ 73.058648275862055, 33.721330959715985 ], [ 73.058648275862055, 33.721326497699678 ], [ 73.058650957854397, 33.721326497699671 ], [ 73.058650957854397, 33.721319804674764 ], [ 73.058653639846725, 33.721319804674756 ], [ 73.058653639846725, 33.721315342657874 ], [ 73.058656321839067, 33.721315342657874 ], [ 73.058656321839067, 33.721313111649337 ], [ 73.058659003831409, 33.721313111649344 ], [ 73.058659003831409, 33.721310880640743 ], [ 73.05866704980842, 33.721310880640729 ], [ 73.05866704980842, 33.721308649632078 ], [ 73.058680459770116, 33.721308649632078 ], [ 73.058680459770116, 33.721310880640729 ], [ 73.058685823754786, 33.721310880640729 ], [ 73.058685823754786, 33.721313111649344 ], [ 73.058691187739456, 33.721313111649337 ], [ 73.058691187739456, 33.721315342657874 ], [ 73.058693869731798, 33.721315342657874 ], [ 73.058693869731798, 33.721319804674764 ], [ 73.058699233716467, 33.721319804674756 ], [ 73.058699233716467, 33.721322035683123 ], [ 73.058701915708809, 33.721322035683123 ], [ 73.058701915708809, 33.721328728707846 ], [ 73.058704597701151, 33.72132872870786 ], [ 73.058704597701151, 33.721344345763548 ], [ 73.058701915708809, 33.721344345763541 ], [ 73.058701915708809, 33.721348807778931 ], [ 73.058699233716467, 33.721348807778931 ], [ 73.058699233716467, 33.721351038786537 ], [ 73.05869655172414, 33.721351038786537 ], [ 73.05869655172414, 33.721353269794086 ], [ 73.058693869731798, 33.721353269794086 ], [ 73.058693869731798, 33.721357731809 ], [ 73.058707279693479, 33.721357731809015 ], [ 73.058707279693479, 33.721355500801586 ], [ 73.058734099616842, 33.721355500801572 ], [ 73.058734099616842, 33.721357731809 ], [ 73.05875019157088, 33.721357731809022 ], [ 73.05875019157088, 33.721359962816386 ], [ 73.058752873563208, 33.721359962816386 ], [ 73.058752873563208, 33.72136665583816 ], [ 73.05875555555555, 33.721366655838175 ], [ 73.05875555555555, 33.721368886845326 ], [ 73.058768965517231, 33.721368886845319 ], [ 73.058768965517231, 33.721371117852406 ], [ 73.058774329501915, 33.721371117852392 ], [ 73.058774329501915, 33.721373348859416 ], [ 73.058771647509573, 33.721373348859416 ], [ 73.058771647509573, 33.72137557986639 ], [ 73.058774329501915, 33.72137557986639 ], [ 73.058774329501915, 33.721386734900371 ], [ 73.058771647509573, 33.721386734900371 ], [ 73.058771647509573, 33.721391196913558 ], [ 73.058768965517231, 33.721391196913551 ], [ 73.058768965517231, 33.721395658926511 ], [ 73.058766283524903, 33.721395658926511 ], [ 73.058766283524903, 33.721397889932902 ], [ 73.058763601532561, 33.721397889932909 ], [ 73.058763601532561, 33.721402351945493 ], [ 73.058760919540219, 33.7214023519455 ], [ 73.058760919540219, 33.721404582951727 ], [ 73.058758237547892, 33.72140458295172 ], [ 73.058758237547892, 33.72140904496397 ], [ 73.05875555555555, 33.72140904496397 ], [ 73.05875555555555, 33.721411275970027 ], [ 73.058752873563208, 33.721411275970013 ], [ 73.058752873563208, 33.721415737981928 ], [ 73.05875019157088, 33.721415737981914 ], [ 73.05875019157088, 33.721420199993609 ], [ 73.058747509578538, 33.721420199993602 ], [ 73.058747509578538, 33.721422430999347 ], [ 73.058744827586196, 33.721422430999354 ], [ 73.058744827586196, 33.72142689301068 ], [ 73.058742145593868, 33.721426893010687 ], [ 73.058742145593868, 33.721431355021792 ], [ 73.058739463601512, 33.721431355021778 ], [ 73.058739463601512, 33.721433586027239 ], [ 73.0587314176245, 33.721433586027239 ] ] ] } },
{ "type": "Feature", "properties": { "value": 255, "area_m2": 52.409341504886527 }, "geometry": { "type": "Polygon", "coordinates": [ [ [ 73.056384674329493, 33.721393427920056 ], [ 73.056384674329493, 33.721391196913565 ], [ 73.056381992337151, 33.721391196913551 ], [ 73.056381992337151, 33.721388965906989 ], [ 73.056376628352481, 33.721388965906989 ], [ 73.056376628352481, 33.721386734900385 ], [ 73.056373946360154, 33.721386734900378 ], [ 73.056373946360154, 33.721384503893688 ], [ 73.056371264367812, 33.721384503893688 ], [ 73.056371264367812, 33.721382272886949 ], [ 73.056368582375484, 33.721382272886956 ], [ 73.056368582375484, 33.721377810873307 ], [ 73.056365900383142, 33.721377810873314 ], [ 73.056365900383142, 33.72137557986639 ], [ 73.0563632183908, 33.721375579866383 ], [ 73.0563632183908, 33.721368886845319 ], [ 73.056360536398472, 33.721368886845312 ], [ 73.056360536398472, 33.721359962816386 ], [ 73.056371264367812, 33.721359962816386 ], [ 73.056371264367812, 33.721357731809 ], [ 73.056368582375484, 33.721357731809007 ], [ 73.056368582375484, 33.721355500801586 ], [ 73.056365900383142, 33.721355500801579 ], [ 73.056365900383142, 33.721351038786544 ], [ 73.0563632183908, 33.721351038786537 ], [ 73.0563632183908, 33.721348807778931 ], [ 73.056360536398472, 33.721348807778931 ], [ 73.056360536398472, 33.721346576771261 ], [ 73.05635785440613, 33.721346576771261 ], [ 73.05635785440613, 33.721342114755764 ], [ 73.056355172413788, 33.721342114755771 ], [ 73.056355172413788, 33.721335421732064 ], [ 73.05635249042146, 33.721335421732071 ], [ 73.05635249042146, 33.72133319072406 ], [ 73.056355172413788, 33.721333190724067 ], [ 73.056355172413788, 33.721326497699671 ], [ 73.05635785440613, 33.721326497699671 ], [ 73.05635785440613, 33.72132203568313 ], [ 73.056360536398472, 33.721322035683123 ], [ 73.056360536398472, 33.72131757366634 ], [ 73.0563632183908, 33.72131757366634 ], [ 73.0563632183908, 33.721313111649337 ], [ 73.056365900383142, 33.721313111649344 ], [ 73.056365900383142, 33.721308649632078 ], [ 73.056368582375484, 33.721308649632086 ], [ 73.056368582375484, 33.721306418623378 ], [ 73.056371264367812, 33.721306418623378 ], [ 73.056371264367812, 33.721301956605785 ], [ 73.056376628352481, 33.721301956605792 ], [ 73.056376628352481, 33.721299725596907 ], [ 73.056379310344823, 33.721299725596907 ], [ 73.056379310344823, 33.721297494587965 ], [ 73.056381992337151, 33.721297494587972 ], [ 73.056381992337151, 33.721295263578952 ], [ 73.056392720306505, 33.721295263578945 ], [ 73.056392720306505, 33.721297494587951 ], [ 73.056398084291175, 33.721297494587958 ], [ 73.056398084291175, 33.7212997255969 ], [ 73.056403448275859, 33.7212997255969 ], [ 73.056403448275859, 33.721301956605785 ], [ 73.056408812260528, 33.721301956605792 ], [ 73.056408812260528, 33.721306418623378 ], [ 73.056414176245212, 33.721306418623378 ], [ 73.056414176245212, 33.721310880640736 ], [ 73.05641685823754, 33.721310880640729 ], [ 73.05641685823754, 33.72131311164933 ], [ 73.056419540229882, 33.72131311164933 ], [ 73.056419540229882, 33.721388965907003 ], [ 73.056414176245212, 33.721388965907003 ], [ 73.056414176245212, 33.721391196913558 ], [ 73.05641149425287, 33.721391196913558 ], [ 73.05641149425287, 33.721393427920063 ], [ 73.056384674329493, 33.721393427920056 ] ] ] } },
{ "type": "Feature", "properties": { "value": 255, "area_m2": 25.528026956502636 }, "geometry": { "type": "Polygon", "coordinates": [ [ [ 73.058015325670496, 33.721310880640736 ], [ 73.058015325670496, 33.721308649632071 ], [ 73.058009961685826, 33.721308649632078 ], [ 73.058009961685826, 33.721306418623378 ], [ 73.058004597701142, 33.721306418623378 ], [ 73.058004597701142, 33.721304187614614 ], [ 73.058001915708815, 33.721304187614606 ], [ 73.058001915708815, 33.721301956605792 ], [ 73.057999233716473, 33.721301956605799 ], [ 73.057999233716473, 33.7212997255969 ], [ 73.057996551724131, 33.721299725596893 ], [ 73.057996551724131, 33.721295263578945 ], [ 73.057993869731803, 33.721295263578959 ], [ 73.057993869731803, 33.721293032569889 ], [ 73.057991187739461, 33.721293032569896 ], [ 73.057991187739461, 33.721286339542388 ], [ 73.057988505747119, 33.721286339542381 ], [ 73.057988505747119, 33.721284108533098 ], [ 73.057985823754791, 33.721284108533098 ], [ 73.057985823754791, 33.721281877523758 ], [ 73.057983141762449, 33.721281877523744 ], [ 73.057983141762449, 33.72127964651434 ], [ 73.057980459770107, 33.72127964651434 ], [ 73.057980459770107, 33.721277415504893 ], [ 73.057977777777779, 33.721277415504893 ], [ 73.057977777777779, 33.721275184495376 ], [ 73.057975095785437, 33.721275184495376 ], [ 73.057975095785437, 33.721268491466454 ], [ 73.057977777777779, 33.721268491466446 ], [ 73.057977777777779, 33.721261798437013 ], [ 73.057980459770107, 33.721261798437027 ], [ 73.057980459770107, 33.721259567427111 ], [ 73.057983141762449, 33.721259567427097 ], [ 73.057983141762449, 33.721257336417111 ], [ 73.057985823754791, 33.721257336417118 ], [ 73.057985823754791, 33.721252874396967 ], [ 73.058001915708815, 33.721252874396967 ], [ 73.058001915708815, 33.721255105407067 ], [ 73.058004597701142, 33.721255105407074 ], [ 73.058004597701142, 33.721257336417125 ], [ 73.058007279693484, 33.721257336417118 ], [ 73.058007279693484, 33.721259567427104 ], [ 73.058009961685826, 33.721259567427104 ], [ 73.058009961685826, 33.7212640294469 ], [ 73.058015325670496, 33.721264029446886 ], [ 73.058015325670496, 33.721266260456694 ], [ 73.058018007662838, 33.721266260456709 ], [ 73.058018007662838, 33.721268491466454 ], [ 73.058023371647508, 33.721268491466454 ], [ 73.058023371647508, 33.721270722476142 ], [ 73.058026053639836, 33.721270722476149 ], [ 73.058026053639836, 33.721272953485787 ], [ 73.058028735632163, 33.721272953485794 ], [ 73.058028735632163, 33.721275184495376 ], [ 73.058034099616847, 33.721275184495376 ], [ 73.058034099616847, 33.721277415504886 ], [ 73.058036781609175, 33.721277415504879 ], [ 73.058036781609175, 33.72127964651434 ], [ 73.058039463601517, 33.721279646514333 ], [ 73.058039463601517, 33.721281877523751 ], [ 73.058044827586187, 33.721281877523751 ], [ 73.058044827586187, 33.721284108533098 ], [ 73.058047509578543, 33.721284108533091 ], [ 73.058047509578543, 33.721286339542395 ], [ 73.058050191570871, 33.721286339542381 ], [ 73.058050191570871, 33.721293032569882 ], [ 73.058047509578543, 33.721293032569896 ], [ 73.058047509578543, 33.721295263578952 ], [ 73.058044827586187, 33.721295263578952 ], [ 73.058044827586187, 33.721297494587972 ], [ 73.058042145593859, 33.721297494587965 ], [ 73.058042145593859, 33.721301956605792 ], [ 73.058039463601517, 33.721301956605792 ], [ 73.058039463601517, 33.721304187614606 ], [ 73.058036781609175, 33.721304187614606 ], [ 73.058036781609175, 33.721306418623378 ], [ 73.058034099616847, 33.721306418623385 ], [ 73.058034099616847, 33.721308649632078 ], [ 73.058028735632163, 33.721308649632078 ], [ 73.058028735632163, 33.721310880640729 ], [ 73.058015325670496, 33.721310880640736 ] ] ] } },
{ "type": "Feature", "properties": { "value": 255, "area_m2": 47.795896028922805 }, "geometry": { "type": "Polygon", "coordinates": [ [ [ 73.057071264367806, 33.721313111649337 ], [ 73.057071264367806, 33.721310880640736 ], [ 73.057065900383137, 33.721310880640729 ], [ 73.057065900383137, 33.721308649632078 ], [ 73.057063218390809, 33.721308649632078 ], [ 73.057063218390809, 33.721306418623371 ], [ 73.057057854406125, 33.721306418623378 ], [ 73.057057854406125, 33.721304187614606 ], [ 73.057055172413797, 33.721304187614614 ], [ 73.057055172413797, 33.721299725596907 ], [ 73.057052490421455, 33.7212997255969 ], [ 73.057052490421455, 33.721293032569889 ], [ 73.057049808429113, 33.721293032569903 ], [ 73.057049808429113, 33.721277415504893 ], [ 73.057052490421455, 33.721277415504893 ], [ 73.057052490421455, 33.721275184495369 ], [ 73.057049808429113, 33.721275184495376 ], [ 73.057049808429113, 33.721272953485794 ], [ 73.057052490421455, 33.721272953485787 ], [ 73.057052490421455, 33.721257336417118 ], [ 73.057055172413797, 33.721257336417118 ], [ 73.057055172413797, 33.72125064338681 ], [ 73.057057854406125, 33.72125064338681 ], [ 73.057057854406125, 33.721246181366325 ], [ 73.057060536398467, 33.721246181366311 ], [ 73.057060536398467, 33.721241719345599 ], [ 73.057063218390809, 33.721241719345599 ], [ 73.057063218390809, 33.721239488335158 ], [ 73.057065900383137, 33.721239488335158 ], [ 73.057065900383137, 33.721237257324638 ], [ 73.057068582375479, 33.721237257324638 ], [ 73.057068582375479, 33.721232795303457 ], [ 73.057071264367806, 33.72123279530345 ], [ 73.057071264367806, 33.72123056429276 ], [ 73.05708735632183, 33.721230564292775 ], [ 73.05708735632183, 33.72123279530345 ], [ 73.057095402298842, 33.72123279530345 ], [ 73.057095402298842, 33.721235026314083 ], [ 73.057098084291184, 33.721235026314091 ], [ 73.057098084291184, 33.721237257324645 ], [ 73.057100766283511, 33.721237257324638 ], [ 73.057100766283511, 33.721239488335158 ], [ 73.057103448275853, 33.721239488335151 ], [ 73.057103448275853, 33.721241719345592 ], [ 73.057106130268195, 33.721241719345599 ], [ 73.057106130268195, 33.721243950355984 ], [ 73.057108812260537, 33.721243950355984 ], [ 73.057108812260537, 33.721246181366325 ], [ 73.057111494252865, 33.721246181366304 ], [ 73.057111494252865, 33.721248412376603 ], [ 73.057114176245207, 33.721248412376596 ], [ 73.057114176245207, 33.72125064338681 ], [ 73.057116858237549, 33.72125064338681 ], [ 73.057116858237549, 33.72125287439696 ], [ 73.057119540229877, 33.721252874396967 ], [ 73.057119540229877, 33.721255105407074 ], [ 73.057122222222219, 33.721255105407067 ], [ 73.057122222222219, 33.721257336417125 ], [ 73.057124904214561, 33.721257336417111 ], [ 73.057124904214561, 33.7212640294469 ], [ 73.057127586206889, 33.721264029446893 ], [ 73.057127586206889, 33.721277415504886 ], [ 73.057124904214561, 33.721277415504893 ], [ 73.057124904214561, 33.72127964651434 ], [ 73.057122222222219, 33.72127964651434 ], [ 73.057122222222219, 33.721281877523744 ], [ 73.057119540229877, 33.721281877523758 ], [ 73.057119540229877, 33.721284108533091 ], [ 73.057116858237549, 33.721284108533098 ], [ 73.057116858237549, 33.721286339542381 ], [ 73.057114176245207, 33.721286339542381 ], [ 73.057114176245207, 33.721290801560791 ], [ 73.057111494252865, 33.721290801560791 ], [ 73.057111494252865, 33.721293032569889 ], [ 73.057108812260537, 33.721293032569903 ], [ 73.057108812260537, 33.7212997255969 ], [ 73.057106130268195, 33.7212997255969 ], [ 73.057106130268195, 33.721301956605785 ], [ 73.057103448275853, 33.721301956605785 ], [ 73.057103448275853, 33.721304187614606 ], [ 73.057100766283511, 33.721304187614606 ], [ 73.057100766283511, 33.721306418623378 ], [ 73.057098084291184, 33.721306418623385 ], [ 73.057098084291184, 33.721308649632086 ], [ 73.057095402298842, 33.721308649632078 ], [ 73.057095402298842, 33.721310880640736 ], [ 73.057090038314172, 33.721310880640729 ], [ 73.057090038314172, 33.721313111649337 ], [ 73.057071264367806, 33.721313111649337 ] ] ] } },
{ "type": "Feature", "properties": { "value": 255, "area_m2": 29.588002282194019 }, "geometry": { "type": "Polygon", "coordinates": [ [ [ 73.054821072796926, 33.721281877523758 ], [ 73.054821072796926, 33.72127964651434 ], [ 73.054813026819929, 33.721279646514347 ], [ 73.054813026819929, 33.721277415504893 ], [ 73.054807662835259, 33.721277415504893 ], [ 73.054807662835259, 33.721275184495369 ], [ 73.054804980842917, 33.721275184495376 ], [ 73.054804980842917, 33.721272953485794 ], [ 73.054799616858247, 33.721272953485794 ], [ 73.054799616858247, 33.721270722476142 ], [ 73.054794252873563, 33.721270722476142 ], [ 73.054794252873563, 33.721268491466454 ], [ 73.054791570881235, 33.721268491466454 ], [ 73.054791570881235, 33.721257336417118 ], [ 73.054794252873563, 33.721257336417111 ], [ 73.054794252873563, 33.721252874396967 ], [ 73.054796934865905, 33.721252874396974 ], [ 73.054796934865905, 33.72124841237661 ], [ 73.054799616858247, 33.721248412376603 ], [ 73.054799616858247, 33.721241719345599 ], [ 73.054802298850575, 33.721241719345599 ], [ 73.054802298850575, 33.721237257324638 ], [ 73.054804980842917, 33.721237257324645 ], [ 73.054804980842917, 33.721232795303465 ], [ 73.054807662835259, 33.72123279530345 ], [ 73.054807662835259, 33.721230564292775 ], [ 73.054810344827587, 33.72123056429276 ], [ 73.054810344827587, 33.721228333282042 ], [ 73.054813026819929, 33.721228333282042 ], [ 73.054813026819929, 33.721226102271245 ], [ 73.054826436781596, 33.721226102271253 ], [ 73.054826436781596, 33.721228333282035 ], [ 73.054834482758608, 33.721228333282042 ], [ 73.054834482758608, 33.721230564292782 ], [ 73.054839846743292, 33.721230564292767 ], [ 73.054839846743292, 33.721232795303457 ], [ 73.05484252873562, 33.72123279530345 ], [ 73.05484252873562, 33.721235026314083 ], [ 73.054845210727962, 33.721235026314083 ], [ 73.054845210727962, 33.721237257324645 ], [ 73.054853256704973, 33.721237257324638 ], [ 73.054853256704973, 33.721239488335158 ], [ 73.054858620689657, 33.721239488335151 ], [ 73.054858620689657, 33.721268491466454 ], [ 73.054855938697315, 33.721268491466454 ], [ 73.054855938697315, 33.721275184495376 ], [ 73.054853256704973, 33.721275184495376 ], [ 73.054853256704973, 33.721279646514347 ], [ 73.05483716475095, 33.72127964651434 ], [ 73.05483716475095, 33.721281877523758 ], [ 73.054821072796926, 33.721281877523758 ] ] ] } },
{ "type": "Feature", "properties": { "value": 255, "area_m2": 66.434452921392378 }, "geometry": { "type": "Polygon", "coordinates": [ [ [ 73.05688084291188, 33.72133988374793 ], [ 73.05688084291188, 33.721337652740033 ], [ 73.056875478927211, 33.721337652740019 ], [ 73.056875478927211, 33.721335421732064 ], [ 73.056870114942527, 33.721335421732071 ], [ 73.056870114942527, 33.72133319072406 ], [ 73.056864750957843, 33.721333190724053 ], [ 73.056864750957843, 33.721330959715992 ], [ 73.056859386973187, 33.721330959715992 ], [ 73.056859386973187, 33.721328728707853 ], [ 73.056856704980831, 33.721328728707853 ], [ 73.056856704980831, 33.721324266691425 ], [ 73.056854022988503, 33.721324266691418 ], [ 73.056854022988503, 33.721322035683123 ], [ 73.056851340996161, 33.72132203568313 ], [ 73.056851340996161, 33.72131757366634 ], [ 73.056848659003819, 33.72131757366634 ], [ 73.056848659003819, 33.721308649632078 ], [ 73.056845977011491, 33.721308649632086 ], [ 73.056845977011491, 33.721277415504893 ], [ 73.056843295019149, 33.721277415504893 ], [ 73.056843295019149, 33.721272953485787 ], [ 73.056840613026807, 33.721272953485787 ], [ 73.056840613026807, 33.721270722476156 ], [ 73.05683793103448, 33.721270722476149 ], [ 73.05683793103448, 33.721268491466454 ], [ 73.056835249042138, 33.721268491466461 ], [ 73.056835249042138, 33.721266260456702 ], [ 73.056832567049796, 33.721266260456709 ], [ 73.056832567049796, 33.721259567427104 ], [ 73.056829885057468, 33.721259567427111 ], [ 73.056829885057468, 33.721232795303465 ], [ 73.056832567049796, 33.721232795303465 ], [ 73.056832567049796, 33.721228333282042 ], [ 73.056835249042138, 33.721228333282035 ], [ 73.056835249042138, 33.721226102271253 ], [ 73.05683793103448, 33.721226102271238 ], [ 73.05683793103448, 33.721223871260392 ], [ 73.056854022988503, 33.721223871260385 ], [ 73.056854022988503, 33.721226102271238 ], [ 73.056864750957843, 33.721226102271238 ], [ 73.056864750957843, 33.721228333282035 ], [ 73.056870114942527, 33.721228333282035 ], [ 73.056870114942527, 33.721230564292775 ], [ 73.056878160919538, 33.721230564292775 ], [ 73.056878160919538, 33.72123279530345 ], [ 73.056883524904222, 33.721232795303443 ], [ 73.056883524904222, 33.721235026314083 ], [ 73.056888888888892, 33.721235026314083 ], [ 73.056888888888892, 33.721237257324645 ], [ 73.05689157088122, 33.721237257324638 ], [ 73.05689157088122, 33.721239488335158 ], [ 73.05689693486589, 33.721239488335144 ], [ 73.05689693486589, 33.721243950355984 ], [ 73.056902298850559, 33.721243950355984 ], [ 73.056902298850559, 33.721246181366318 ], [ 73.056904980842901, 33.721246181366318 ], [ 73.056904980842901, 33.72125064338681 ], [ 73.056907662835243, 33.72125064338681 ], [ 73.056907662835243, 33.721259567427097 ], [ 73.056904980842901, 33.721259567427104 ], [ 73.056904980842901, 33.721275184495376 ], [ 73.056902298850559, 33.721275184495362 ], [ 73.056902298850559, 33.721286339542395 ], [ 73.056899616858232, 33.721286339542395 ], [ 73.056899616858232, 33.721293032569896 ], [ 73.056902298850559, 33.721293032569903 ], [ 73.056902298850559, 33.721304187614621 ], [ 73.056904980842901, 33.721304187614614 ], [ 73.056904980842901, 33.721313111649337 ], [ 73.056902298850559, 33.721313111649337 ], [ 73.056902298850559, 33.721328728707853 ], [ 73.056899616858232, 33.72132872870786 ], [ 73.056899616858232, 33.721335421732057 ], [ 73.05689693486589, 33.721335421732064 ], [ 73.05689693486589, 33.721337652740026 ], [ 73.056894252873562, 33.721337652740033 ], [ 73.056894252873562, 33.72133988374793 ], [ 73.05688084291188, 33.72133988374793 ] ] ] } },
{ "type": "Feature", "properties": { "value": 255, "area_m2": 53.885898552790522 }, "geometry": { "type": "Polygon", "coordinates": [ [ [ 73.054418773946352, 33.7212640294469 ], [ 73.054418773946352, 33.72126179843702 ], [ 73.0544, 33.721261798437027 ], [ 73.0544, 33.721259567427104 ], [ 73.054394636015317, 33.721259567427104 ], [ 73.054394636015317, 33.721257336417111 ], [ 73.054391954022975, 33.721257336417111 ], [ 73.054391954022975, 33.721255105407067 ], [ 73.054389272030647, 33.721255105407074 ], [ 73.054389272030647, 33.721252874396967 ], [ 73.054386590038305, 33.72125287439696 ], [ 73.054386590038305, 33.721248412376603 ], [ 73.054383908045978, 33.721248412376603 ], [ 73.054383908045978, 33.721246181366311 ], [ 73.054381226053636, 33.721246181366318 ], [ 73.054381226053636, 33.721241719345592 ], [ 73.054378544061308, 33.721241719345599 ], [ 73.054378544061308, 33.721239488335151 ], [ 73.054375862068966, 33.721239488335158 ], [ 73.054375862068966, 33.721237257324645 ], [ 73.054370498084296, 33.721237257324645 ], [ 73.054370498084296, 33.721235026314069 ], [ 73.054365134099626, 33.721235026314083 ], [ 73.054365134099626, 33.721232795303457 ], [ 73.054362452107284, 33.721232795303457 ], [ 73.054362452107284, 33.721230564292767 ], [ 73.054359770114942, 33.721230564292767 ], [ 73.054359770114942, 33.721228333282028 ], [ 73.0543570881226, 33.721228333282028 ], [ 73.0543570881226, 33.721226102271238 ], [ 73.054354406130273, 33.721226102271253 ], [ 73.054354406130273, 33.721223871260392 ], [ 73.054351724137931, 33.721223871260385 ], [ 73.054351724137931, 33.721221640249489 ], [ 73.054349042145589, 33.721221640249482 ], [ 73.054349042145589, 33.721217178227477 ], [ 73.054346360153261, 33.721217178227477 ], [ 73.054346360153261, 33.721212716205237 ], [ 73.054343678160919, 33.721212716205251 ], [ 73.054343678160919, 33.721206023171469 ], [ 73.054340996168577, 33.721206023171476 ], [ 73.054340996168577, 33.721199330137161 ], [ 73.054343678160919, 33.721199330137168 ], [ 73.054343678160919, 33.721194868113997 ], [ 73.054346360153261, 33.721194868113997 ], [ 73.054346360153261, 33.721192637102341 ], [ 73.054349042145589, 33.721192637102334 ], [ 73.054349042145589, 33.721190406090621 ], [ 73.054351724137931, 33.721190406090614 ], [ 73.054351724137931, 33.721188175078844 ], [ 73.0543570881226, 33.721188175078844 ], [ 73.0543570881226, 33.721185944066981 ], [ 73.054373180076638, 33.721185944066981 ], [ 73.054373180076638, 33.721188175078844 ], [ 73.054383908045978, 33.721188175078844 ], [ 73.054383908045978, 33.721190406090614 ], [ 73.054386590038305, 33.721190406090621 ], [ 73.054386590038305, 33.721192637102334 ], [ 73.054391954022975, 33.721192637102334 ], [ 73.054391954022975, 33.721194868113997 ], [ 73.054394636015317, 33.721194868114004 ], [ 73.054394636015317, 33.721197099125618 ], [ 73.054397318007659, 33.721197099125618 ], [ 73.054397318007659, 33.721199330137168 ], [ 73.054405363984671, 33.721199330137168 ], [ 73.054405363984671, 33.721201561148654 ], [ 73.054410727969341, 33.721201561148654 ], [ 73.054410727969341, 33.72120379216009 ], [ 73.054413409961683, 33.72120379216009 ], [ 73.054413409961683, 33.721206023171462 ], [ 73.054421455938694, 33.721206023171469 ], [ 73.054421455938694, 33.72120825418277 ], [ 73.054426819923364, 33.721208254182777 ], [ 73.054426819923364, 33.721210485194042 ], [ 73.054429501915706, 33.721210485194042 ], [ 73.054429501915706, 33.721212716205244 ], [ 73.054432183908048, 33.721212716205258 ], [ 73.054432183908048, 33.721214947216396 ], [ 73.054437547892718, 33.721214947216396 ], [ 73.054437547892718, 33.7212194092385 ], [ 73.05444022988506, 33.7212194092385 ], [ 73.05444022988506, 33.721221640249475 ], [ 73.054442911877402, 33.721221640249475 ], [ 73.054442911877402, 33.721228333282042 ], [ 73.054448275862072, 33.721228333282042 ], [ 73.054448275862072, 33.721235026314091 ], [ 73.054450957854414, 33.721235026314083 ], [ 73.054450957854414, 33.721252874396967 ], [ 73.054448275862072, 33.721252874396967 ], [ 73.054448275862072, 33.721257336417118 ], [ 73.054442911877402, 33.721257336417125 ], [ 73.054442911877402, 33.721259567427104 ], [ 73.05444022988506, 33.721259567427104 ], [ 73.05444022988506, 33.721261798437013 ], [ 73.054432183908048, 33.721261798437027 ], [ 73.054432183908048, 33.721264029446893 ], [ 73.054418773946352, 33.7212640294469 ] ] ] } },
{ "type": "Feature", "properties": { "value": 255, "area_m2": 43.059453953760688 }, "geometry": { "type": "Polygon", "coordinates": [ [ [ 73.057591570881215, 33.721206023171462 ], [ 73.057591570881215, 33.721203792160097 ], [ 73.057588888888887, 33.721203792160097 ], [ 73.057588888888887, 33.721201561148654 ], [ 73.057583524904217, 33.721201561148668 ], [ 73.057583524904217, 33.721199330137161 ], [ 73.057580842911875, 33.721199330137168 ], [ 73.057580842911875, 33.721197099125618 ], [ 73.057578160919547, 33.721197099125618 ], [ 73.057578160919547, 33.721194868113997 ], [ 73.057575478927205, 33.721194868114004 ], [ 73.057575478927205, 33.721192637102334 ], [ 73.057572796934863, 33.721192637102334 ], [ 73.057572796934863, 33.721190406090614 ], [ 73.057570114942536, 33.721190406090621 ], [ 73.057570114942536, 33.721188175078844 ], [ 73.057567432950194, 33.721188175078844 ], [ 73.057567432950194, 33.721185944066988 ], [ 73.057564750957852, 33.721185944066988 ], [ 73.057564750957852, 33.721183713055098 ], [ 73.057562068965524, 33.72118371305509 ], [ 73.057562068965524, 33.721181482043136 ], [ 73.057559386973168, 33.721181482043136 ], [ 73.057559386973168, 33.721179251031124 ], [ 73.05755670498084, 33.721179251031124 ], [ 73.05755670498084, 33.721177020019056 ], [ 73.057554022988512, 33.721177020019056 ], [ 73.057554022988512, 33.721172557994748 ], [ 73.057551340996156, 33.721172557994741 ], [ 73.057551340996156, 33.721170326982495 ], [ 73.057548659003828, 33.721170326982502 ], [ 73.057548659003828, 33.721165864957818 ], [ 73.057545977011486, 33.721165864957825 ], [ 73.057545977011486, 33.721163633945409 ], [ 73.057543295019144, 33.721163633945402 ], [ 73.057543295019144, 33.721156940907797 ], [ 73.057540613026816, 33.721156940907797 ], [ 73.057540613026816, 33.721154709895139 ], [ 73.057537931034474, 33.721154709895146 ], [ 73.057537931034474, 33.721152478882424 ], [ 73.057535249042132, 33.721152478882438 ], [ 73.057535249042132, 33.721145785843952 ], [ 73.057537931034474, 33.721145785843966 ], [ 73.057537931034474, 33.72114132381801 ], [ 73.057540613026816, 33.72114132381801 ], [ 73.057540613026816, 33.721139092804954 ], [ 73.057543295019144, 33.721139092804961 ], [ 73.057543295019144, 33.721136861791841 ], [ 73.057545977011486, 33.721136861791848 ], [ 73.057545977011486, 33.721134630778664 ], [ 73.057548659003828, 33.721134630778664 ], [ 73.057548659003828, 33.721132399765438 ], [ 73.057554022988512, 33.721132399765445 ], [ 73.057554022988512, 33.721130168752154 ], [ 73.057580842911875, 33.721130168752147 ], [ 73.057580842911875, 33.721132399765445 ], [ 73.057583524904217, 33.721132399765452 ], [ 73.057583524904217, 33.721134630778671 ], [ 73.057586206896545, 33.721134630778671 ], [ 73.057586206896545, 33.721136861791841 ], [ 73.057588888888887, 33.721136861791848 ], [ 73.057588888888887, 33.721141323818017 ], [ 73.057594252873557, 33.721141323818017 ], [ 73.057594252873557, 33.721143554831016 ], [ 73.057596934865884, 33.721143554831023 ], [ 73.057596934865884, 33.721148016856851 ], [ 73.057602298850568, 33.721148016856851 ], [ 73.057602298850568, 33.721152478882438 ], [ 73.057604980842896, 33.721152478882424 ], [ 73.057604980842896, 33.721154709895139 ], [ 73.057607662835238, 33.721154709895146 ], [ 73.057607662835238, 33.72115694090779 ], [ 73.05761034482758, 33.721156940907804 ], [ 73.05761034482758, 33.721159171920391 ], [ 73.057613026819908, 33.721159171920398 ], [ 73.057613026819908, 33.721161402932935 ], [ 73.057618390804592, 33.721161402932943 ], [ 73.057618390804592, 33.721163633945409 ], [ 73.05762107279692, 33.721163633945402 ], [ 73.05762107279692, 33.721165864957825 ], [ 73.057623754789276, 33.721165864957818 ], [ 73.057623754789276, 33.721168095970192 ], [ 73.057626436781604, 33.721168095970185 ], [ 73.057626436781604, 33.721170326982488 ], [ 73.057629118773932, 33.721170326982488 ], [ 73.057629118773932, 33.721172557994734 ], [ 73.057631800766288, 33.721172557994748 ], [ 73.057631800766288, 33.721179251031131 ], [ 73.057626436781604, 33.721179251031131 ], [ 73.057626436781604, 33.721183713055105 ], [ 73.057623754789276, 33.721183713055098 ], [ 73.057623754789276, 33.721185944066988 ], [ 73.05762107279692, 33.721185944066988 ], [ 73.05762107279692, 33.721188175078844 ], [ 73.057618390804592, 33.721188175078836 ], [ 73.057618390804592, 33.721190406090621 ], [ 73.05761570881225, 33.721190406090621 ], [ 73.05761570881225, 33.721192637102334 ], [ 73.057613026819908, 33.721192637102341 ], [ 73.057613026819908, 33.721197099125618 ], [ 73.05761034482758, 33.721197099125618 ], [ 73.05761034482758, 33.721199330137168 ], [ 73.057607662835238, 33.721199330137168 ], [ 73.057607662835238, 33.721201561148661 ], [ 73.057604980842896, 33.721201561148661 ], [ 73.057604980842896, 33.721203792160075 ], [ 73.057602298850568, 33.72120379216009 ], [ 73.057602298850568, 33.721206023171469 ], [ 73.057591570881215, 33.721206023171462 ] ] ] } },
{ "type": "Feature", "properties": { "value": 255, "area_m2": 70.125577332930561 }, "geometry": { "type": "Polygon", "coordinates": [ [ [ 73.054872030651339, 33.721185944066988 ], [ 73.054872030651339, 33.72118371305509 ], [ 73.05484252873562, 33.721183713055098 ], [ 73.05484252873562, 33.721181482043143 ], [ 73.054823754789268, 33.721181482043143 ], [ 73.054823754789268, 33.721179251031124 ], [ 73.054804980842917, 33.721179251031124 ], [ 73.054804980842917, 33.721177020019056 ], [ 73.054788888888893, 33.721177020019056 ], [ 73.054788888888893, 33.721174789006923 ], [ 73.054772796934856, 33.721174789006923 ], [ 73.054772796934856, 33.721172557994734 ], [ 73.054764750957844, 33.721172557994741 ], [ 73.054764750957844, 33.721136861791848 ], [ 73.054767432950186, 33.721136861791841 ], [ 73.054767432950186, 33.721127937738814 ], [ 73.054770114942528, 33.7211279377388 ], [ 73.054770114942528, 33.721123475711927 ], [ 73.054772796934856, 33.721123475711941 ], [ 73.054772796934856, 33.721121244698402 ], [ 73.054775478927212, 33.721121244698402 ], [ 73.054775478927212, 33.721119013684834 ], [ 73.054802298850575, 33.721119013684827 ], [ 73.054802298850575, 33.721121244698402 ], [ 73.054807662835259, 33.721121244698402 ], [ 73.054807662835259, 33.721123475711927 ], [ 73.054815708812257, 33.721123475711941 ], [ 73.054815708812257, 33.721125706725395 ], [ 73.054829118773938, 33.721125706725395 ], [ 73.054829118773938, 33.7211279377388 ], [ 73.05483180076628, 33.7211279377388 ], [ 73.05483180076628, 33.721125706725388 ], [ 73.05483716475095, 33.721125706725395 ], [ 73.05483716475095, 33.721127937738807 ], [ 73.054847892720304, 33.721127937738792 ], [ 73.054847892720304, 33.721130168752154 ], [ 73.054853256704973, 33.721130168752147 ], [ 73.054853256704973, 33.721125706725402 ], [ 73.054855938697315, 33.721125706725395 ], [ 73.054855938697315, 33.721127937738807 ], [ 73.054858620689657, 33.7211279377388 ], [ 73.054858620689657, 33.721130168752154 ], [ 73.054861302681999, 33.721130168752154 ], [ 73.054861302681999, 33.7211279377388 ], [ 73.054866666666669, 33.721127937738807 ], [ 73.054866666666669, 33.721130168752147 ], [ 73.054882758620693, 33.721130168752154 ], [ 73.054882758620693, 33.721132399765438 ], [ 73.054888122605362, 33.721132399765445 ], [ 73.054888122605362, 33.721134630778671 ], [ 73.054890804597704, 33.721134630778664 ], [ 73.054890804597704, 33.721139092804961 ], [ 73.054893486590046, 33.721139092804954 ], [ 73.054893486590046, 33.721152478882431 ], [ 73.054890804597704, 33.721152478882424 ], [ 73.054890804597704, 33.721168095970178 ], [ 73.054888122605362, 33.721168095970185 ], [ 73.054888122605362, 33.721177020019056 ], [ 73.054885440613035, 33.721177020019056 ], [ 73.054885440613035, 33.721181482043136 ], [ 73.054882758620693, 33.721181482043143 ], [ 73.054882758620693, 33.721183713055098 ], [ 73.054880076628351, 33.721183713055098 ], [ 73.054880076628351, 33.721185944066981 ], [ 73.054872030651339, 33.721185944066988 ] ] ] } },
{ "type": "Feature", "properties": { "value": 255, "area_m2": 99.405984226060554 }, "geometry": { "type": "Polygon", "coordinates": [ [ [ 73.05623180076627, 33.72120379216009 ], [ 73.05623180076627, 33.721201561148668 ], [ 73.05622107279693, 33.721201561148668 ], [ 73.05622107279693, 33.721199330137161 ], [ 73.056218390804588, 33.721199330137168 ], [ 73.056218390804588, 33.721197099125618 ], [ 73.056210344827576, 33.721197099125618 ], [ 73.056210344827576, 33.721194868113997 ], [ 73.056207662835234, 33.721194868114004 ], [ 73.056207662835234, 33.721192637102334 ], [ 73.056202298850565, 33.721192637102334 ], [ 73.056202298850565, 33.721190406090614 ], [ 73.056199616858237, 33.721190406090614 ], [ 73.056199616858237, 33.721188175078844 ], [ 73.056194252873567, 33.721188175078844 ], [ 73.056194252873567, 33.721185944066981 ], [ 73.056188888888897, 33.721185944066988 ], [ 73.056188888888897, 33.721183713055105 ], [ 73.056186206896555, 33.721183713055098 ], [ 73.056186206896555, 33.721181482043143 ], [ 73.056183524904213, 33.721181482043143 ], [ 73.056183524904213, 33.721179251031124 ], [ 73.056178160919544, 33.721179251031124 ], [ 73.056178160919544, 33.721177020019056 ], [ 73.056175478927202, 33.721177020019049 ], [ 73.056175478927202, 33.721174789006923 ], [ 73.056172796934874, 33.721174789006916 ], [ 73.056172796934874, 33.721172557994741 ], [ 73.05616743295019, 33.721172557994741 ], [ 73.05616743295019, 33.721170326982488 ], [ 73.056164750957862, 33.721170326982481 ], [ 73.056164750957862, 33.721165864957825 ], [ 73.056162068965506, 33.721165864957818 ], [ 73.056162068965506, 33.721163633945416 ], [ 73.056159386973178, 33.721163633945409 ], [ 73.056159386973178, 33.721156940907797 ], [ 73.056156704980836, 33.721156940907797 ], [ 73.056156704980836, 33.721148016856851 ], [ 73.056159386973178, 33.721148016856851 ], [ 73.056159386973178, 33.721141323818017 ], [ 73.056162068965506, 33.72114132381801 ], [ 73.056162068965506, 33.721134630778671 ], [ 73.056164750957862, 33.721134630778664 ], [ 73.056164750957862, 33.72113239976543 ], [ 73.05616743295019, 33.721132399765438 ], [ 73.05616743295019, 33.721130168752154 ], [ 73.056170114942518, 33.721130168752154 ], [ 73.056170114942518, 33.721107858616065 ], [ 73.056172796934874, 33.721107858616065 ], [ 73.056172796934874, 33.721101165574112 ], [ 73.056175478927202, 33.721101165574105 ], [ 73.056175478927202, 33.721096703545847 ], [ 73.056178160919544, 33.72109670354584 ], [ 73.056178160919544, 33.721094472531625 ], [ 73.056180842911886, 33.721094472531625 ], [ 73.056180842911886, 33.721092241517347 ], [ 73.056183524904213, 33.721092241517347 ], [ 73.056183524904213, 33.721090010503026 ], [ 73.056207662835234, 33.721090010503019 ], [ 73.056207662835234, 33.721092241517354 ], [ 73.056210344827576, 33.721092241517354 ], [ 73.056210344827576, 33.721094472531632 ], [ 73.056218390804588, 33.721094472531632 ], [ 73.056218390804588, 33.721096703545847 ], [ 73.0562264367816, 33.72109670354584 ], [ 73.0562264367816, 33.721098934560004 ], [ 73.05623180076627, 33.721098934560011 ], [ 73.05623180076627, 33.721101165574105 ], [ 73.056234482758612, 33.721101165574098 ], [ 73.056234482758612, 33.721103396588148 ], [ 73.056239846743281, 33.721103396588155 ], [ 73.056239846743281, 33.721105627602142 ], [ 73.056245210727965, 33.721105627602135 ], [ 73.056245210727965, 33.721107858616065 ], [ 73.056250574712649, 33.721107858616065 ], [ 73.056250574712649, 33.721110089629931 ], [ 73.056253256704977, 33.721110089629931 ], [ 73.056253256704977, 33.721112320643741 ], [ 73.056255938697319, 33.721112320643748 ], [ 73.056255938697319, 33.721114551657507 ], [ 73.056261302681989, 33.721114551657507 ], [ 73.056261302681989, 33.721116782671203 ], [ 73.056266666666673, 33.721116782671203 ], [ 73.056266666666673, 33.721119013684834 ], [ 73.056269348659001, 33.721119013684834 ], [ 73.056269348659001, 33.721121244698409 ], [ 73.056272030651343, 33.721121244698402 ], [ 73.056272030651343, 33.721123475711941 ], [ 73.056274712643685, 33.721123475711927 ], [ 73.056274712643685, 33.721125706725395 ], [ 73.056277394636012, 33.721125706725395 ], [ 73.056277394636012, 33.721130168752154 ], [ 73.056280076628354, 33.721130168752154 ], [ 73.056280076628354, 33.721136861791841 ], [ 73.056282758620696, 33.721136861791848 ], [ 73.056282758620696, 33.721139092804954 ], [ 73.056288122605366, 33.721139092804961 ], [ 73.056288122605366, 33.72114132381801 ], [ 73.056282758620696, 33.72114132381801 ], [ 73.056282758620696, 33.721143554831016 ], [ 73.056280076628354, 33.721143554831016 ], [ 73.056280076628354, 33.721150247869673 ], [ 73.056277394636012, 33.721150247869659 ], [ 73.056277394636012, 33.721154709895139 ], [ 73.056274712643685, 33.721154709895131 ], [ 73.056274712643685, 33.721156940907797 ], [ 73.056272030651343, 33.721156940907804 ], [ 73.056272030651343, 33.721161402932935 ], [ 73.056269348659001, 33.721161402932928 ], [ 73.056269348659001, 33.721168095970192 ], [ 73.056266666666673, 33.721168095970178 ], [ 73.056266666666673, 33.721170326982495 ], [ 73.056263984674331, 33.721170326982495 ], [ 73.056263984674331, 33.721174789006923 ], [ 73.056261302681989, 33.721174789006923 ], [ 73.056261302681989, 33.721181482043143 ], [ 73.056258620689661, 33.721181482043143 ], [ 73.056258620689661, 33.721183713055105 ], [ 73.056255938697319, 33.721183713055105 ], [ 73.056255938697319, 33.721185944066981 ], [ 73.056253256704977, 33.721185944066981 ], [ 73.056253256704977, 33.721192637102341 ], [ 73.056250574712649, 33.721192637102327 ], [ 73.056250574712649, 33.721197099125618 ], [ 73.056247892720307, 33.721197099125618 ], [ 73.056247892720307, 33.721199330137161 ], [ 73.056245210727965, 33.721199330137168 ], [ 73.056245210727965, 33.721201561148668 ], [ 73.056242528735638, 33.721201561148661 ], [ 73.056242528735638, 33.72120379216009 ], [ 73.05623180076627, 33.72120379216009 ] ] ] } },
{ "type": "Feature", "properties": { "value": 255, "area_m2": 58.376565773593839 }, "geometry": { "type": "Polygon", "coordinates": [ [ [ 73.053002681992325, 33.7212194092385 ], [ 73.053002681992325, 33.72115024786968 ], [ 73.053005363984667, 33.721150247869666 ], [ 73.053005363984667, 33.721116782671196 ], [ 73.053008045977009, 33.721116782671203 ], [ 73.053008045977009, 33.721107858616065 ], [ 73.053010727969337, 33.721107858616065 ], [ 73.053010727969337, 33.721105627602142 ], [ 73.053013409961679, 33.721105627602135 ], [ 73.053013409961679, 33.721101165574098 ], [ 73.053016091954021, 33.721101165574105 ], [ 73.053016091954021, 33.721098934560004 ], [ 73.053018773946349, 33.721098934560004 ], [ 73.053018773946349, 33.721094472531625 ], [ 73.053021455938691, 33.721094472531639 ], [ 73.053021455938691, 33.72109224151734 ], [ 73.053024137931033, 33.721092241517354 ], [ 73.053024137931033, 33.721090010503019 ], [ 73.053029501915702, 33.721090010503019 ], [ 73.053029501915702, 33.721087779488627 ], [ 73.053042911877384, 33.721087779488627 ], [ 73.053042911877384, 33.721090010503019 ], [ 73.053048275862068, 33.721090010503026 ], [ 73.053048275862068, 33.721092241517361 ], [ 73.053053639846752, 33.721092241517354 ], [ 73.053053639846752, 33.721094472531625 ], [ 73.05305632183908, 33.721094472531632 ], [ 73.05305632183908, 33.72109670354584 ], [ 73.053059003831422, 33.721096703545847 ], [ 73.053059003831422, 33.721098934560004 ], [ 73.053061685823764, 33.721098934560004 ], [ 73.053061685823764, 33.721101165574105 ], [ 73.053067049808433, 33.721101165574105 ], [ 73.053067049808433, 33.721103396588155 ], [ 73.053069731800775, 33.721103396588155 ], [ 73.053069731800775, 33.721107858616065 ], [ 73.053067049808433, 33.721107858616065 ], [ 73.053067049808433, 33.721110089629931 ], [ 73.053069731800775, 33.721110089629924 ], [ 73.053069731800775, 33.721112320643741 ], [ 73.053072413793103, 33.721112320643748 ], [ 73.053072413793103, 33.721125706725395 ], [ 73.053069731800775, 33.721125706725395 ], [ 73.053069731800775, 33.721132399765445 ], [ 73.053067049808433, 33.721132399765445 ], [ 73.053067049808433, 33.721136861791848 ], [ 73.053064367816091, 33.721136861791848 ], [ 73.053064367816091, 33.72114132381801 ], [ 73.053061685823764, 33.72114132381801 ], [ 73.053061685823764, 33.721145785843959 ], [ 73.053059003831422, 33.721145785843959 ], [ 73.053059003831422, 33.721150247869666 ], [ 73.05305632183908, 33.721150247869666 ], [ 73.05305632183908, 33.721154709895131 ], [ 73.053053639846752, 33.721154709895146 ], [ 73.053053639846752, 33.721159171920391 ], [ 73.05305095785441, 33.721159171920391 ], [ 73.05305095785441, 33.721163633945409 ], [ 73.053048275862068, 33.721163633945402 ], [ 73.053048275862068, 33.721168095970185 ], [ 73.05304559386974, 33.721168095970185 ], [ 73.05304559386974, 33.721170326982488 ], [ 73.053042911877384, 33.721170326982495 ], [ 73.053042911877384, 33.721174789006916 ], [ 73.053040229885056, 33.72117478900693 ], [ 73.053040229885056, 33.721179251031124 ], [ 73.053037547892714, 33.721179251031131 ], [ 73.053037547892714, 33.721181482043143 ], [ 73.053034865900372, 33.721181482043143 ], [ 73.053034865900372, 33.721185944066981 ], [ 73.053032183908044, 33.721185944066981 ], [ 73.053032183908044, 33.721192637102334 ], [ 73.053029501915702, 33.721192637102341 ], [ 73.053029501915702, 33.721197099125618 ], [ 73.05302681992336, 33.721197099125618 ], [ 73.05302681992336, 33.721201561148668 ], [ 73.053024137931033, 33.721201561148661 ], [ 73.053024137931033, 33.721206023171476 ], [ 73.053021455938691, 33.721206023171476 ], [ 73.053021455938691, 33.721210485194042 ], [ 73.053018773946349, 33.72121048519405 ], [ 73.053018773946349, 33.721212716205237 ], [ 73.053016091954021, 33.721212716205251 ], [ 73.053016091954021, 33.721214947216396 ], [ 73.053013409961679, 33.721214947216389 ], [ 73.053013409961679, 33.721217178227477 ], [ 73.053008045977009, 33.721217178227484 ], [ 73.053008045977009, 33.7212194092385 ], [ 73.053002681992325, 33.7212194092385 ] ] ] } },
{ "type": "Feature", "properties": { "value": 255, "area_m2": 89.563671296939532 }, "geometry": { "type": "Polygon", "coordinates": [ [ [ 73.058264750957861, 33.721190406090614 ], [ 73.058264750957861, 33.721188175078844 ], [ 73.058251340996165, 33.721188175078829 ], [ 73.058251340996165, 33.721185944066988 ], [ 73.058248659003837, 33.721185944066988 ], [ 73.058248659003837, 33.721183713055105 ], [ 73.058240613026811, 33.721183713055098 ], [ 73.058240613026811, 33.721181482043143 ], [ 73.058237931034469, 33.721181482043143 ], [ 73.058237931034469, 33.721179251031131 ], [ 73.058232567049799, 33.721179251031124 ], [ 73.058232567049799, 33.721177020019056 ], [ 73.05822720306513, 33.721177020019049 ], [ 73.05822720306513, 33.721174789006923 ], [ 73.058208429118764, 33.721174789006923 ], [ 73.058208429118764, 33.721170326982488 ], [ 73.058203065134094, 33.721170326982502 ], [ 73.058203065134094, 33.721168095970192 ], [ 73.05819770114941, 33.721168095970178 ], [ 73.05819770114941, 33.721165864957818 ], [ 73.058195019157083, 33.721165864957825 ], [ 73.058195019157083, 33.721163633945402 ], [ 73.058192337164755, 33.721163633945402 ], [ 73.058192337164755, 33.721161402932935 ], [ 73.058186973180085, 33.721161402932935 ], [ 73.058186973180085, 33.721159171920391 ], [ 73.058184291187729, 33.721159171920391 ], [ 73.058184291187729, 33.721156940907797 ], [ 73.058178927203073, 33.721156940907797 ], [ 73.058178927203073, 33.721154709895146 ], [ 73.058176245210717, 33.721154709895139 ], [ 73.058176245210717, 33.721152478882438 ], [ 73.058173563218389, 33.721152478882424 ], [ 73.058173563218389, 33.721150247869666 ], [ 73.058170881226047, 33.721150247869673 ], [ 73.058170881226047, 33.721148016856858 ], [ 73.058168199233705, 33.721148016856851 ], [ 73.058168199233705, 33.721141323818017 ], [ 73.058170881226047, 33.721141323818024 ], [ 73.058170881226047, 33.721116782671196 ], [ 73.058173563218389, 33.721116782671196 ], [ 73.058173563218389, 33.7211145516575 ], [ 73.058176245210717, 33.7211145516575 ], [ 73.058176245210717, 33.721107858616065 ], [ 73.058178927203073, 33.721107858616065 ], [ 73.058178927203073, 33.721105627602142 ], [ 73.058181609195401, 33.721105627602142 ], [ 73.058181609195401, 33.721101165574098 ], [ 73.058178927203073, 33.721101165574112 ], [ 73.058178927203073, 33.721098934560004 ], [ 73.058186973180085, 33.721098934560011 ], [ 73.058186973180085, 33.72109670354584 ], [ 73.058195019157083, 33.72109670354584 ], [ 73.058195019157083, 33.721094472531632 ], [ 73.05819770114941, 33.721094472531632 ], [ 73.05819770114941, 33.721090010503019 ], [ 73.058200383141752, 33.721090010503019 ], [ 73.058200383141752, 33.72108777948862 ], [ 73.058216475095776, 33.721087779488634 ], [ 73.058216475095776, 33.721090010503019 ], [ 73.058224521072788, 33.721090010503019 ], [ 73.058224521072788, 33.721092241517354 ], [ 73.05822720306513, 33.721092241517347 ], [ 73.05822720306513, 33.721094472531625 ], [ 73.058232567049799, 33.721094472531625 ], [ 73.058232567049799, 33.72109670354584 ], [ 73.058235249042141, 33.72109670354584 ], [ 73.058235249042141, 33.721098934560004 ], [ 73.058245977011481, 33.721098934560004 ], [ 73.058245977011481, 33.721103396588155 ], [ 73.058248659003837, 33.721103396588148 ], [ 73.058248659003837, 33.721110089629931 ], [ 73.058254022988493, 33.721110089629931 ], [ 73.058254022988493, 33.721112320643741 ], [ 73.058256704980849, 33.721112320643741 ], [ 73.058256704980849, 33.721114551657514 ], [ 73.058254022988493, 33.721114551657507 ], [ 73.058254022988493, 33.721116782671203 ], [ 73.058251340996165, 33.72111678267121 ], [ 73.058251340996165, 33.721119013684827 ], [ 73.058256704980849, 33.721119013684834 ], [ 73.058256704980849, 33.721121244698409 ], [ 73.058259386973177, 33.721121244698402 ], [ 73.058259386973177, 33.721123475711934 ], [ 73.058256704980849, 33.721123475711927 ], [ 73.058256704980849, 33.721127937738807 ], [ 73.058262068965519, 33.7211279377388 ], [ 73.058262068965519, 33.721125706725395 ], [ 73.05827011494253, 33.721125706725395 ], [ 73.05827011494253, 33.721127937738807 ], [ 73.058272796934872, 33.7211279377388 ], [ 73.058272796934872, 33.721125706725395 ], [ 73.0582754789272, 33.721125706725395 ], [ 73.0582754789272, 33.7211279377388 ], [ 73.058294252873551, 33.721127937738807 ], [ 73.058294252873551, 33.721125706725395 ], [ 73.058302298850563, 33.721125706725395 ], [ 73.058302298850563, 33.721127937738807 ], [ 73.058310344827575, 33.721127937738814 ], [ 73.058310344827575, 33.721143554831009 ], [ 73.058307662835233, 33.721143554831016 ], [ 73.058307662835233, 33.721145785843959 ], [ 73.058304980842905, 33.721145785843959 ], [ 73.058304980842905, 33.721150247869666 ], [ 73.058302298850563, 33.721150247869666 ], [ 73.058302298850563, 33.721154709895153 ], [ 73.058299616858221, 33.721154709895146 ], [ 73.058299616858221, 33.721156940907797 ], [ 73.058296934865893, 33.721156940907797 ], [ 73.058296934865893, 33.721159171920384 ], [ 73.058294252873551, 33.721159171920391 ], [ 73.058294252873551, 33.721161402932935 ], [ 73.05829157088121, 33.721161402932935 ], [ 73.05829157088121, 33.721163633945409 ], [ 73.058288888888882, 33.721163633945409 ], [ 73.058288888888882, 33.721165864957825 ], [ 73.05828620689654, 33.721165864957818 ], [ 73.05828620689654, 33.721170326982502 ], [ 73.058283524904212, 33.721170326982495 ], [ 73.058283524904212, 33.721172557994741 ], [ 73.05828084291187, 33.721172557994741 ], [ 73.05828084291187, 33.721177020019056 ], [ 73.058278160919542, 33.721177020019063 ], [ 73.058278160919542, 33.721183713055105 ], [ 73.0582754789272, 33.721183713055105 ], [ 73.0582754789272, 33.721185944066981 ], [ 73.05827011494253, 33.721185944066981 ], [ 73.05827011494253, 33.721188175078844 ], [ 73.058267432950188, 33.721188175078836 ], [ 73.058267432950188, 33.721190406090614 ], [ 73.058264750957861, 33.721190406090614 ] ] ] } },
{ "type": "Feature", "properties": { "value": 255, "area_m2": 52.348208690128729 }, "geometry": { "type": "Polygon", "coordinates": [ [ [ 73.054504597701154, 33.721145785843959 ], [ 73.054504597701154, 33.721143554831016 ], [ 73.054501915708798, 33.721143554831016 ], [ 73.054501915708798, 33.721141323818017 ], [ 73.05449923371647, 33.72114132381801 ], [ 73.05449923371647, 33.721139092804954 ], [ 73.054493869731786, 33.721139092804961 ], [ 73.054493869731786, 33.721136861791841 ], [ 73.054491187739458, 33.721136861791848 ], [ 73.054491187739458, 33.721132399765438 ], [ 73.054488505747116, 33.721132399765445 ], [ 73.054488505747116, 33.721130168752154 ], [ 73.054485823754774, 33.721130168752154 ], [ 73.054485823754774, 33.721125706725395 ], [ 73.054491187739458, 33.721125706725395 ], [ 73.054491187739458, 33.721121244698402 ], [ 73.054488505747116, 33.721121244698402 ], [ 73.054488505747116, 33.721119013684834 ], [ 73.054485823754774, 33.721119013684834 ], [ 73.054485823754774, 33.721112320643734 ], [ 73.054483141762447, 33.721112320643748 ], [ 73.054483141762447, 33.721110089629938 ], [ 73.054477777777763, 33.721110089629931 ], [ 73.054477777777763, 33.721103396588155 ], [ 73.054475095785435, 33.721103396588155 ], [ 73.054475095785435, 33.721098934560004 ], [ 73.054472413793093, 33.721098934560011 ], [ 73.054472413793093, 33.72108777948862 ], [ 73.054475095785435, 33.721087779488627 ], [ 73.054475095785435, 33.72108108644511 ], [ 73.054477777777763, 33.721081086445125 ], [ 73.054477777777763, 33.721076624415801 ], [ 73.054480459770105, 33.721076624415815 ], [ 73.054480459770105, 33.721072162386278 ], [ 73.054483141762447, 33.721072162386278 ], [ 73.054483141762447, 33.721067700356492 ], [ 73.054485823754774, 33.7210677003565 ], [ 73.054485823754774, 33.721065469341532 ], [ 73.054488505747116, 33.721065469341532 ], [ 73.054488505747116, 33.721061007311427 ], [ 73.054491187739458, 33.721061007311427 ], [ 73.054491187739458, 33.721058776296267 ], [ 73.054493869731786, 33.721058776296253 ], [ 73.054493869731786, 33.721056545281051 ], [ 73.054496551724128, 33.721056545281051 ], [ 73.054496551724128, 33.7210543142658 ], [ 73.05450996168581, 33.721054314265807 ], [ 73.05450996168581, 33.721056545281066 ], [ 73.054515325670494, 33.721056545281058 ], [ 73.054515325670494, 33.721058776296267 ], [ 73.054520689655178, 33.721058776296267 ], [ 73.054520689655178, 33.72106100731142 ], [ 73.054526053639847, 33.72106100731142 ], [ 73.054526053639847, 33.721063238326501 ], [ 73.054528735632189, 33.721063238326487 ], [ 73.054528735632189, 33.721065469341532 ], [ 73.054534099616859, 33.721065469341532 ], [ 73.054534099616859, 33.7210677003565 ], [ 73.054536781609201, 33.721067700356492 ], [ 73.054536781609201, 33.721069931371396 ], [ 73.054542145593871, 33.721069931371403 ], [ 73.054542145593871, 33.721072162386264 ], [ 73.054544827586213, 33.721072162386278 ], [ 73.054544827586213, 33.721074393401061 ], [ 73.054550191570883, 33.721074393401068 ], [ 73.054550191570883, 33.721076624415808 ], [ 73.054552873563225, 33.721076624415808 ], [ 73.054552873563225, 33.721078855430498 ], [ 73.05455823754788, 33.721078855430498 ], [ 73.05455823754788, 33.72108108644511 ], [ 73.054560919540222, 33.721081086445125 ], [ 73.054560919540222, 33.721083317459673 ], [ 73.05456360153255, 33.72108331745968 ], [ 73.05456360153255, 33.721085548474178 ], [ 73.054566283524906, 33.721085548474171 ], [ 73.054566283524906, 33.721094472531639 ], [ 73.05456360153255, 33.721094472531632 ], [ 73.05456360153255, 33.721096703545847 ], [ 73.05455823754788, 33.72109670354584 ], [ 73.05455823754788, 33.721098934560011 ], [ 73.054555555555552, 33.721098934560004 ], [ 73.054555555555552, 33.721101165574112 ], [ 73.054547509578541, 33.721101165574098 ], [ 73.054547509578541, 33.721103396588155 ], [ 73.054544827586213, 33.721103396588155 ], [ 73.054544827586213, 33.721105627602142 ], [ 73.054536781609201, 33.721105627602135 ], [ 73.054536781609201, 33.721107858616065 ], [ 73.054526053639847, 33.721107858616065 ], [ 73.054526053639847, 33.721112320643741 ], [ 73.054523371647505, 33.721112320643748 ], [ 73.054523371647505, 33.721114551657507 ], [ 73.054520689655178, 33.7211145516575 ], [ 73.054520689655178, 33.721116782671203 ], [ 73.054528735632189, 33.721116782671196 ], [ 73.054528735632189, 33.721119013684827 ], [ 73.054534099616859, 33.721119013684834 ], [ 73.054534099616859, 33.721125706725395 ], [ 73.054536781609201, 33.721125706725388 ], [ 73.054536781609201, 33.721134630778664 ], [ 73.054534099616859, 33.721134630778671 ], [ 73.054534099616859, 33.721136861791841 ], [ 73.054531417624517, 33.721136861791855 ], [ 73.054531417624517, 33.721139092804968 ], [ 73.054528735632189, 33.721139092804968 ], [ 73.054528735632189, 33.72114132381801 ], [ 73.054526053639847, 33.721141323818017 ], [ 73.054526053639847, 33.721143554831016 ], [ 73.054523371647505, 33.721143554831023 ], [ 73.054523371647505, 33.721145785843952 ], [ 73.054504597701154, 33.721145785843959 ] ] ] } },
{ "type": "Feature", "properties": { "value": 255, "area_m2": 37.769359610632819 }, "geometry": { "type": "Polygon", "coordinates": [ [ [ 73.05809042145593, 33.721098934560004 ], [ 73.05809042145593, 33.72109670354584 ], [ 73.05808505747126, 33.72109670354584 ], [ 73.05808505747126, 33.721094472531632 ], [ 73.05807969348659, 33.721094472531618 ], [ 73.05807969348659, 33.721092241517354 ], [ 73.058066283524894, 33.721092241517347 ], [ 73.058066283524894, 33.721090010503026 ], [ 73.058055555555555, 33.721090010503019 ], [ 73.058055555555555, 33.721087779488627 ], [ 73.058042145593859, 33.72108777948862 ], [ 73.058042145593859, 33.721085548474178 ], [ 73.058039463601517, 33.721085548474171 ], [ 73.058039463601517, 33.72108331745968 ], [ 73.058034099616847, 33.72108331745968 ], [ 73.058034099616847, 33.72108108644511 ], [ 73.058031417624505, 33.721081086445118 ], [ 73.058031417624505, 33.721076624415801 ], [ 73.058028735632163, 33.721076624415808 ], [ 73.058028735632163, 33.721074393401068 ], [ 73.058031417624505, 33.721074393401061 ], [ 73.058031417624505, 33.7210677003565 ], [ 73.058034099616847, 33.7210677003565 ], [ 73.058034099616847, 33.72106100731142 ], [ 73.058036781609175, 33.721061007311413 ], [ 73.058036781609175, 33.721056545281058 ], [ 73.058039463601517, 33.721056545281066 ], [ 73.058039463601517, 33.721052083250484 ], [ 73.058042145593859, 33.721052083250484 ], [ 73.058042145593859, 33.721047621219675 ], [ 73.058047509578543, 33.721047621219675 ], [ 73.058047509578543, 33.721045390204182 ], [ 73.058050191570871, 33.721045390204182 ], [ 73.058050191570871, 33.721043159188632 ], [ 73.058077011494248, 33.721043159188639 ], [ 73.058077011494248, 33.721045390204189 ], [ 73.058082375478918, 33.721045390204182 ], [ 73.058082375478918, 33.721047621219661 ], [ 73.058087739463602, 33.721047621219668 ], [ 73.058087739463602, 33.721049852235105 ], [ 73.05809042145593, 33.721049852235105 ], [ 73.05809042145593, 33.721052083250484 ], [ 73.058093103448272, 33.721052083250484 ], [ 73.058093103448272, 33.721054314265807 ], [ 73.058098467432941, 33.721054314265807 ], [ 73.058098467432941, 33.721056545281058 ], [ 73.058103831417625, 33.721056545281066 ], [ 73.058103831417625, 33.721058776296267 ], [ 73.058109195402295, 33.721058776296275 ], [ 73.058109195402295, 33.72106100731142 ], [ 73.058114559386965, 33.72106100731142 ], [ 73.058114559386965, 33.721063238326501 ], [ 73.058117241379307, 33.721063238326487 ], [ 73.058117241379307, 33.721067700356492 ], [ 73.058119923371635, 33.7210677003565 ], [ 73.058119923371635, 33.721094472531625 ], [ 73.058117241379307, 33.721094472531632 ], [ 73.058117241379307, 33.721096703545847 ], [ 73.058114559386965, 33.721096703545847 ], [ 73.058114559386965, 33.721098934560004 ], [ 73.05809042145593, 33.721098934560004 ] ] ] } },
{ "type": "Feature", "properties": { "value": 255, "area_m2": 41.644776521263232 }, "geometry": { "type": "Polygon", "coordinates": [ [ [ 73.05669042145594, 33.721094472531625 ], [ 73.05669042145594, 33.721092241517354 ], [ 73.056682375478928, 33.721092241517361 ], [ 73.056682375478928, 33.721090010503019 ], [ 73.056663601532549, 33.721090010503012 ], [ 73.056663601532549, 33.721092241517354 ], [ 73.056652873563209, 33.721092241517354 ], [ 73.056652873563209, 33.721090010503019 ], [ 73.056647509578525, 33.721090010503026 ], [ 73.056647509578525, 33.721087779488627 ], [ 73.056644827586197, 33.721087779488627 ], [ 73.056644827586197, 33.72108331745968 ], [ 73.056639463601527, 33.72108331745968 ], [ 73.056639463601527, 33.721078855430484 ], [ 73.056636781609186, 33.721078855430491 ], [ 73.056636781609186, 33.721076624415808 ], [ 73.056634099616858, 33.721076624415801 ], [ 73.056634099616858, 33.721072162386271 ], [ 73.056631417624516, 33.721072162386271 ], [ 73.056631417624516, 33.72106993137141 ], [ 73.056626053639846, 33.721069931371417 ], [ 73.056626053639846, 33.721065469341525 ], [ 73.056623371647504, 33.721065469341532 ], [ 73.056623371647504, 33.721061007311413 ], [ 73.056620689655176, 33.721061007311427 ], [ 73.056620689655176, 33.721056545281066 ], [ 73.056618007662834, 33.721056545281058 ], [ 73.056618007662834, 33.721054314265793 ], [ 73.056615325670492, 33.721054314265814 ], [ 73.056615325670492, 33.721043159188639 ], [ 73.056612643678164, 33.721043159188625 ], [ 73.056612643678164, 33.721040928173011 ], [ 73.056615325670492, 33.721040928173011 ], [ 73.056615325670492, 33.721038697157361 ], [ 73.056618007662834, 33.721038697157354 ], [ 73.056618007662834, 33.721034235125835 ], [ 73.056623371647504, 33.721034235125842 ], [ 73.056623371647504, 33.721032004110008 ], [ 73.056628735632188, 33.721032004110015 ], [ 73.056628735632188, 33.721029773094102 ], [ 73.056636781609186, 33.721029773094102 ], [ 73.056636781609186, 33.721027542078147 ], [ 73.056652873563209, 33.721027542078147 ], [ 73.056652873563209, 33.721029773094102 ], [ 73.056660919540221, 33.721029773094102 ], [ 73.056660919540221, 33.721032004110015 ], [ 73.056666283524905, 33.721032004110015 ], [ 73.056666283524905, 33.721034235125842 ], [ 73.056671647509575, 33.721034235125842 ], [ 73.056671647509575, 33.721036466141626 ], [ 73.056674329501917, 33.721036466141626 ], [ 73.056674329501917, 33.721038697157361 ], [ 73.056679693486586, 33.721038697157368 ], [ 73.056679693486586, 33.721040928173011 ], [ 73.056682375478928, 33.721040928173018 ], [ 73.056682375478928, 33.721043159188639 ], [ 73.056685057471256, 33.721043159188632 ], [ 73.056685057471256, 33.721045390204182 ], [ 73.056687739463598, 33.721045390204189 ], [ 73.056687739463598, 33.721047621219675 ], [ 73.05669042145594, 33.721047621219675 ], [ 73.05669042145594, 33.721052083250491 ], [ 73.056693103448268, 33.721052083250477 ], [ 73.056693103448268, 33.721056545281066 ], [ 73.05669578544061, 33.721056545281058 ], [ 73.05669578544061, 33.721063238326494 ], [ 73.056698467432952, 33.721063238326494 ], [ 73.056698467432952, 33.7210677003565 ], [ 73.05670114942528, 33.721067700356492 ], [ 73.05670114942528, 33.721072162386271 ], [ 73.056703831417622, 33.721072162386278 ], [ 73.056703831417622, 33.72108331745968 ], [ 73.05670114942528, 33.72108331745968 ], [ 73.05670114942528, 33.721087779488627 ], [ 73.05669578544061, 33.72108777948862 ], [ 73.05669578544061, 33.721090010503026 ], [ 73.056693103448268, 33.721090010503026 ], [ 73.056693103448268, 33.721094472531625 ], [ 73.05669042145594, 33.721094472531625 ] ] ] } },
{ "type": "Feature", "properties": { "value": 255, "area_m2": 73.816486407470819 }, "geometry": { "type": "Polygon", "coordinates": [ [ [ 73.05602528735632, 33.721098934560004 ], [ 73.05602528735632, 33.721096703545847 ], [ 73.056017241379308, 33.721096703545847 ], [ 73.056017241379308, 33.721094472531625 ], [ 73.056009195402297, 33.721094472531632 ], [ 73.056009195402297, 33.721092241517354 ], [ 73.056006513409955, 33.721092241517354 ], [ 73.056006513409955, 33.721090010503026 ], [ 73.056001149425285, 33.721090010503026 ], [ 73.056001149425285, 33.721087779488627 ], [ 73.055995785440615, 33.72108777948862 ], [ 73.055995785440615, 33.721085548474186 ], [ 73.055990421455931, 33.721085548474186 ], [ 73.055990421455931, 33.72108331745968 ], [ 73.055985057471261, 33.721083317459673 ], [ 73.055985057471261, 33.721081086445103 ], [ 73.055979693486591, 33.721081086445118 ], [ 73.055979693486591, 33.721078855430498 ], [ 73.055974329501908, 33.721078855430484 ], [ 73.055974329501908, 33.721076624415808 ], [ 73.05597164750958, 33.721076624415801 ], [ 73.05597164750958, 33.721074393401068 ], [ 73.055968965517224, 33.721074393401061 ], [ 73.055968965517224, 33.721072162386278 ], [ 73.055963601532568, 33.721072162386271 ], [ 73.055963601532568, 33.721069931371403 ], [ 73.055960919540212, 33.721069931371403 ], [ 73.055960919540212, 33.721063238326501 ], [ 73.055958237547884, 33.721063238326494 ], [ 73.055958237547884, 33.721061007311413 ], [ 73.055960919540212, 33.72106100731142 ], [ 73.055960919540212, 33.721056545281073 ], [ 73.055958237547884, 33.721056545281066 ], [ 73.055958237547884, 33.721054314265807 ], [ 73.055963601532568, 33.7210543142658 ], [ 73.055963601532568, 33.721038697157361 ], [ 73.055966283524896, 33.721038697157354 ], [ 73.055966283524896, 33.721036466141634 ], [ 73.055963601532568, 33.721036466141634 ], [ 73.055963601532568, 33.721032004110008 ], [ 73.055966283524896, 33.721032004110008 ], [ 73.055966283524896, 33.721029773094102 ], [ 73.05597164750958, 33.721029773094095 ], [ 73.05597164750958, 33.721027542078154 ], [ 73.055985057471261, 33.72102754207814 ], [ 73.055985057471261, 33.721023080046074 ], [ 73.055995785440615, 33.721023080046081 ], [ 73.055995785440615, 33.721025311062142 ], [ 73.056003831417627, 33.721025311062135 ], [ 73.056003831417627, 33.721027542078147 ], [ 73.056009195402297, 33.721027542078147 ], [ 73.056009195402297, 33.721029773094102 ], [ 73.056017241379308, 33.721029773094102 ], [ 73.056017241379308, 33.721032004110008 ], [ 73.056022605363978, 33.721032004110008 ], [ 73.056022605363978, 33.721034235125835 ], [ 73.05602528735632, 33.721034235125842 ], [ 73.05602528735632, 33.721032004110008 ], [ 73.05603601532566, 33.721032004110008 ], [ 73.05603601532566, 33.721029773094102 ], [ 73.056038697317987, 33.721029773094102 ], [ 73.056038697317987, 33.721027542078147 ], [ 73.056041379310344, 33.721027542078147 ], [ 73.056041379310344, 33.721025311062135 ], [ 73.056046743295013, 33.721025311062135 ], [ 73.056046743295013, 33.721020849029934 ], [ 73.056052107279683, 33.721020849029934 ], [ 73.056052107279683, 33.721018618013737 ], [ 73.056068199233707, 33.721018618013751 ], [ 73.056068199233707, 33.721020849029927 ], [ 73.056076245210718, 33.721020849029927 ], [ 73.056076245210718, 33.721023080046074 ], [ 73.05607892720306, 33.721023080046074 ], [ 73.05607892720306, 33.721027542078147 ], [ 73.056081609195402, 33.721027542078147 ], [ 73.056081609195402, 33.721038697157347 ], [ 73.05607892720306, 33.721038697157354 ], [ 73.05607892720306, 33.721045390204182 ], [ 73.056076245210718, 33.721045390204175 ], [ 73.056076245210718, 33.7210543142658 ], [ 73.056073563218391, 33.721054314265793 ], [ 73.056073563218391, 33.721065469341532 ], [ 73.056070881226049, 33.721065469341518 ], [ 73.056070881226049, 33.721067700356492 ], [ 73.056073563218391, 33.721067700356492 ], [ 73.056073563218391, 33.721072162386271 ], [ 73.056070881226049, 33.721072162386264 ], [ 73.056070881226049, 33.721078855430477 ], [ 73.056068199233707, 33.721078855430491 ], [ 73.056068199233707, 33.721085548474186 ], [ 73.056065517241379, 33.721085548474178 ], [ 73.056065517241379, 33.72108777948862 ], [ 73.056062835249037, 33.721087779488627 ], [ 73.056062835249037, 33.721090010503026 ], [ 73.056060153256695, 33.721090010503033 ], [ 73.056060153256695, 33.721094472531618 ], [ 73.056057471264367, 33.721094472531632 ], [ 73.056057471264367, 33.721096703545847 ], [ 73.056052107279683, 33.72109670354584 ], [ 73.056052107279683, 33.721098934560004 ], [ 73.05602528735632, 33.721098934560004 ] ] ] } },
{ "type": "Feature", "properties": { "value": 255, "area_m2": 77.445797334403352 }, "geometry": { "type": "Polygon", "coordinates": [ [ [ 73.058184291187729, 33.721029773094102 ], [ 73.058184291187729, 33.721027542078147 ], [ 73.058160153256694, 33.721027542078147 ], [ 73.058160153256694, 33.721025311062128 ], [ 73.058157471264366, 33.721025311062142 ], [ 73.058157471264366, 33.721023080046081 ], [ 73.058154789272024, 33.721023080046074 ], [ 73.058154789272024, 33.721020849029927 ], [ 73.058149425287354, 33.721020849029927 ], [ 73.058149425287354, 33.721018618013737 ], [ 73.058146743295012, 33.721018618013744 ], [ 73.058146743295012, 33.721016386997498 ], [ 73.05814406130267, 33.721016386997498 ], [ 73.05814406130267, 33.721014155981202 ], [ 73.058141379310342, 33.721014155981194 ], [ 73.058141379310342, 33.721011924964841 ], [ 73.058136015325658, 33.721011924964834 ], [ 73.058136015325658, 33.72100969394841 ], [ 73.05813333333333, 33.721009693948403 ], [ 73.05813333333333, 33.721007462931922 ], [ 73.058130651340988, 33.721007462931937 ], [ 73.058130651340988, 33.721005231915392 ], [ 73.058127969348647, 33.721005231915399 ], [ 73.058127969348647, 33.721003000898797 ], [ 73.058125287356319, 33.72100300089879 ], [ 73.058125287356319, 33.721000769882146 ], [ 73.058122605363963, 33.721000769882146 ], [ 73.058122605363963, 33.720998538865437 ], [ 73.058125287356319, 33.720998538865437 ], [ 73.058125287356319, 33.72099184581495 ], [ 73.058122605363963, 33.720991845814943 ], [ 73.058122605363963, 33.720987383781022 ], [ 73.058125287356319, 33.720987383781022 ], [ 73.058125287356319, 33.720982921746838 ], [ 73.058127969348647, 33.720982921746831 ], [ 73.058127969348647, 33.720980690729675 ], [ 73.058130651340988, 33.720980690729668 ], [ 73.058130651340988, 33.720978459712434 ], [ 73.05813333333333, 33.720978459712434 ], [ 73.05813333333333, 33.720976228695143 ], [ 73.058136015325658, 33.720976228695136 ], [ 73.058136015325658, 33.720973997677795 ], [ 73.05814406130267, 33.720973997677795 ], [ 73.05814406130267, 33.720971766660384 ], [ 73.058146743295012, 33.720971766660391 ], [ 73.058146743295012, 33.720969535642922 ], [ 73.058149425287354, 33.720969535642915 ], [ 73.058149425287354, 33.720967304625397 ], [ 73.058154789272024, 33.720967304625397 ], [ 73.058154789272024, 33.720962842590176 ], [ 73.058157471264366, 33.720962842590168 ], [ 73.058157471264366, 33.720958380554734 ], [ 73.058162835249036, 33.720958380554727 ], [ 73.058162835249036, 33.72095614953691 ], [ 73.058165517241378, 33.720956149536924 ], [ 73.058165517241378, 33.720951687501113 ], [ 73.058168199233705, 33.72095168750112 ], [ 73.058168199233705, 33.720947225465082 ], [ 73.058170881226047, 33.720947225465082 ], [ 73.058170881226047, 33.720944994446995 ], [ 73.058173563218389, 33.720944994446988 ], [ 73.058173563218389, 33.720940532410623 ], [ 73.058176245210717, 33.720940532410616 ], [ 73.058176245210717, 33.720938301392337 ], [ 73.058178927203073, 33.720938301392337 ], [ 73.058178927203073, 33.720936070374002 ], [ 73.058181609195401, 33.720936070374002 ], [ 73.058181609195401, 33.720933839355602 ], [ 73.058184291187729, 33.72093383935561 ], [ 73.058184291187729, 33.720931608337168 ], [ 73.058189655172413, 33.720931608337168 ], [ 73.058189655172413, 33.720929377318654 ], [ 73.05819770114941, 33.720929377318647 ], [ 73.05819770114941, 33.720931608337168 ], [ 73.058205747126422, 33.72093160833716 ], [ 73.058205747126422, 33.720933839355602 ], [ 73.058208429118764, 33.720933839355602 ], [ 73.058208429118764, 33.720936070373995 ], [ 73.058221839080446, 33.720936070374002 ], [ 73.058221839080446, 33.720938301392337 ], [ 73.05822720306513, 33.72093830139233 ], [ 73.05822720306513, 33.720940532410623 ], [ 73.058232567049799, 33.720940532410616 ], [ 73.058232567049799, 33.720944994446988 ], [ 73.058243295019153, 33.720944994446995 ], [ 73.058243295019153, 33.720947225465082 ], [ 73.058245977011481, 33.720947225465082 ], [ 73.058245977011481, 33.720949456483133 ], [ 73.058248659003837, 33.72094945648314 ], [ 73.058248659003837, 33.720956149536924 ], [ 73.058245977011481, 33.720956149536917 ], [ 73.058245977011481, 33.720965073607822 ], [ 73.058243295019153, 33.720965073607822 ], [ 73.058243295019153, 33.720967304625397 ], [ 73.058240613026811, 33.720967304625397 ], [ 73.058240613026811, 33.720969535642915 ], [ 73.058237931034469, 33.720969535642922 ], [ 73.058237931034469, 33.720973997677795 ], [ 73.058235249042141, 33.720973997677795 ], [ 73.058235249042141, 33.720976228695143 ], [ 73.058232567049799, 33.720976228695143 ], [ 73.058232567049799, 33.720980690729668 ], [ 73.058229885057457, 33.720980690729661 ], [ 73.058229885057457, 33.720985152763959 ], [ 73.05822720306513, 33.720985152763944 ], [ 73.05822720306513, 33.720987383781015 ], [ 73.058224521072788, 33.720987383781015 ], [ 73.058224521072788, 33.72099184581495 ], [ 73.058221839080446, 33.72099184581495 ], [ 73.058221839080446, 33.720996307848672 ], [ 73.058219157088118, 33.720996307848658 ], [ 73.058219157088118, 33.721000769882153 ], [ 73.058216475095776, 33.721000769882139 ], [ 73.058216475095776, 33.72100300089879 ], [ 73.058213793103434, 33.721003000898797 ], [ 73.058213793103434, 33.721007462931929 ], [ 73.058211111111106, 33.721007462931929 ], [ 73.058211111111106, 33.72100969394841 ], [ 73.058208429118764, 33.721009693948403 ], [ 73.058208429118764, 33.721016386997491 ], [ 73.058205747126422, 33.721016386997498 ], [ 73.058205747126422, 33.721020849029941 ], [ 73.058203065134094, 33.721020849029927 ], [ 73.058203065134094, 33.721025311062135 ], [ 73.058200383141752, 33.721025311062135 ], [ 73.058200383141752, 33.72102754207814 ], [ 73.058192337164755, 33.721027542078154 ], [ 73.058192337164755, 33.721029773094102 ], [ 73.058184291187729, 33.721029773094102 ] ] ] } },
{ "type": "Feature", "properties": { "value": 255, "area_m2": 49.641552714193502 }, "geometry": { "type": "Polygon", "coordinates": [ [ [ 73.059871264367814, 33.720998538865445 ], [ 73.059871264367814, 33.720996307848672 ], [ 73.059868582375472, 33.720996307848665 ], [ 73.059868582375472, 33.720994076831843 ], [ 73.059863218390788, 33.720994076831836 ], [ 73.059863218390788, 33.720991845814943 ], [ 73.05986053639846, 33.72099184581495 ], [ 73.05986053639846, 33.720987383781022 ], [ 73.059857854406118, 33.720987383781022 ], [ 73.059857854406118, 33.720985152763944 ], [ 73.059855172413776, 33.720985152763951 ], [ 73.059855172413776, 33.720982921746838 ], [ 73.059852490421434, 33.720982921746838 ], [ 73.059852490421434, 33.720976228695143 ], [ 73.059849808429107, 33.72097622869515 ], [ 73.059849808429107, 33.720973997677795 ], [ 73.059847126436765, 33.720973997677802 ], [ 73.059847126436765, 33.720971766660391 ], [ 73.059844444444437, 33.720971766660384 ], [ 73.059844444444437, 33.720969535642915 ], [ 73.059841762452109, 33.720969535642915 ], [ 73.059841762452109, 33.720960611572465 ], [ 73.059839080459767, 33.720960611572472 ], [ 73.059839080459767, 33.720958380554727 ], [ 73.059836398467425, 33.720958380554741 ], [ 73.059836398467425, 33.720953918519051 ], [ 73.059833716475097, 33.720953918519044 ], [ 73.059833716475097, 33.72095168750112 ], [ 73.059831034482755, 33.72095168750112 ], [ 73.059831034482755, 33.72094945648314 ], [ 73.059828352490413, 33.72094945648314 ], [ 73.059828352490413, 33.720944994446988 ], [ 73.059825670498086, 33.720944994446988 ], [ 73.059825670498086, 33.720940532410609 ], [ 73.059822988505744, 33.720940532410623 ], [ 73.059822988505744, 33.720936070373995 ], [ 73.059820306513402, 33.720936070373995 ], [ 73.059820306513402, 33.72093383935561 ], [ 73.059817624521074, 33.72093383935561 ], [ 73.059817624521074, 33.720927146300077 ], [ 73.05981226053639, 33.72092714630007 ], [ 73.05981226053639, 33.720904836111238 ], [ 73.059844444444437, 33.720904836111224 ], [ 73.059844444444437, 33.720907067130376 ], [ 73.059849808429107, 33.720907067130391 ], [ 73.059849808429107, 33.720913760187464 ], [ 73.059852490421434, 33.720913760187464 ], [ 73.059852490421434, 33.720918222225244 ], [ 73.059855172413776, 33.720918222225244 ], [ 73.059855172413776, 33.720920453244027 ], [ 73.059857854406118, 33.720920453244027 ], [ 73.059857854406118, 33.720922684262781 ], [ 73.05986053639846, 33.720922684262781 ], [ 73.05986053639846, 33.720924915281458 ], [ 73.059863218390788, 33.720924915281458 ], [ 73.059863218390788, 33.72092714630007 ], [ 73.05986590038313, 33.72092714630007 ], [ 73.05986590038313, 33.720929377318647 ], [ 73.059873946360142, 33.72092937731864 ], [ 73.059873946360142, 33.720931608337168 ], [ 73.059879310344826, 33.72093160833716 ], [ 73.059879310344826, 33.72093383935561 ], [ 73.059881992337154, 33.72093383935561 ], [ 73.059881992337154, 33.720936070373995 ], [ 73.059884674329496, 33.720936070374002 ], [ 73.059884674329496, 33.720938301392337 ], [ 73.059887356321838, 33.720938301392337 ], [ 73.059887356321838, 33.720940532410616 ], [ 73.059890038314165, 33.720940532410616 ], [ 73.059890038314165, 33.72094276342883 ], [ 73.059892720306507, 33.720942763428823 ], [ 73.059892720306507, 33.720944994446988 ], [ 73.059895402298849, 33.720944994446988 ], [ 73.059895402298849, 33.720949456483133 ], [ 73.059898084291177, 33.72094945648314 ], [ 73.059898084291177, 33.720951687501127 ], [ 73.059900766283519, 33.720951687501113 ], [ 73.059900766283519, 33.720956149536917 ], [ 73.059903448275861, 33.720956149536917 ], [ 73.059903448275861, 33.720958380554741 ], [ 73.059906130268189, 33.720958380554741 ], [ 73.059906130268189, 33.720978459712427 ], [ 73.059903448275861, 33.720978459712434 ], [ 73.059903448275861, 33.720980690729661 ], [ 73.059900766283519, 33.720980690729661 ], [ 73.059900766283519, 33.720982921746831 ], [ 73.059898084291177, 33.720982921746831 ], [ 73.059898084291177, 33.720985152763951 ], [ 73.059895402298849, 33.720985152763959 ], [ 73.059895402298849, 33.720989614798007 ], [ 73.059892720306507, 33.720989614798007 ], [ 73.059892720306507, 33.720991845814943 ], [ 73.059890038314165, 33.720991845814943 ], [ 73.059890038314165, 33.720996307848658 ], [ 73.059887356321838, 33.720996307848672 ], [ 73.059887356321838, 33.720998538865437 ], [ 73.059871264367814, 33.720998538865445 ] ] ] } },
{ "type": "Feature", "properties": { "value": 255, "area_m2": 38.015536890819661 }, "geometry": { "type": "Polygon", "coordinates": [ [ [ 73.057854406130261, 33.720978459712427 ], [ 73.057854406130261, 33.720976228695136 ], [ 73.057851724137919, 33.720976228695129 ], [ 73.057851724137919, 33.720973997677795 ], [ 73.057846360153249, 33.720973997677795 ], [ 73.057846360153249, 33.720969535642908 ], [ 73.057843678160921, 33.720969535642915 ], [ 73.057843678160921, 33.720967304625397 ], [ 73.057840996168579, 33.720967304625404 ], [ 73.057840996168579, 33.720962842590168 ], [ 73.057838314176252, 33.720962842590168 ], [ 73.057838314176252, 33.720953918519037 ], [ 73.05783563218391, 33.720953918519044 ], [ 73.05783563218391, 33.720944994446988 ], [ 73.057838314176252, 33.720944994446988 ], [ 73.057838314176252, 33.720940532410623 ], [ 73.057840996168579, 33.720940532410616 ], [ 73.057840996168579, 33.720936070373995 ], [ 73.057843678160921, 33.720936070374002 ], [ 73.057843678160921, 33.72093383935561 ], [ 73.057846360153249, 33.720933839355602 ], [ 73.057846360153249, 33.720931608337168 ], [ 73.057849042145591, 33.720931608337146 ], [ 73.057849042145591, 33.720924915281472 ], [ 73.057846360153249, 33.720924915281465 ], [ 73.057846360153249, 33.720920453244027 ], [ 73.057849042145591, 33.720920453244034 ], [ 73.057849042145591, 33.720907067130383 ], [ 73.057851724137919, 33.720907067130376 ], [ 73.057851724137919, 33.720904836111238 ], [ 73.057854406130261, 33.720904836111238 ], [ 73.057854406130261, 33.720900374072777 ], [ 73.057857088122589, 33.72090037407277 ], [ 73.057857088122589, 33.720898143053454 ], [ 73.057859770114931, 33.720898143053454 ], [ 73.057859770114931, 33.720895912034067 ], [ 73.057873180076612, 33.720895912034081 ], [ 73.057873180076612, 33.720898143053461 ], [ 73.057875862068954, 33.720898143053454 ], [ 73.057875862068954, 33.720902605092036 ], [ 73.057878544061296, 33.720902605092036 ], [ 73.057878544061296, 33.720904836111231 ], [ 73.057881226053624, 33.720904836111231 ], [ 73.057881226053624, 33.720902605092029 ], [ 73.057883908045966, 33.720902605092036 ], [ 73.057883908045966, 33.720911529168497 ], [ 73.057886590038308, 33.72091152916849 ], [ 73.057886590038308, 33.720913760187472 ], [ 73.05788927203065, 33.720913760187464 ], [ 73.05788927203065, 33.720918222225229 ], [ 73.05789463601532, 33.720918222225244 ], [ 73.05789463601532, 33.720922684262781 ], [ 73.057897318007662, 33.720922684262774 ], [ 73.057897318007662, 33.720920453244034 ], [ 73.0579, 33.720920453244027 ], [ 73.0579, 33.720929377318647 ], [ 73.057902681992331, 33.720929377318647 ], [ 73.057902681992331, 33.720940532410616 ], [ 73.0579, 33.720940532410623 ], [ 73.0579, 33.720947225465089 ], [ 73.057897318007662, 33.720947225465075 ], [ 73.057897318007662, 33.72095168750112 ], [ 73.05789463601532, 33.72095168750112 ], [ 73.05789463601532, 33.720956149536924 ], [ 73.057891954022978, 33.720956149536924 ], [ 73.057891954022978, 33.720958380554741 ], [ 73.05788927203065, 33.720958380554727 ], [ 73.05788927203065, 33.72096061157248 ], [ 73.057886590038308, 33.72096061157248 ], [ 73.057886590038308, 33.720965073607822 ], [ 73.057883908045966, 33.720965073607822 ], [ 73.057883908045966, 33.720969535642922 ], [ 73.057881226053624, 33.720969535642915 ], [ 73.057881226053624, 33.720971766660384 ], [ 73.057878544061296, 33.720971766660391 ], [ 73.057878544061296, 33.720973997677795 ], [ 73.057875862068954, 33.720973997677795 ], [ 73.057875862068954, 33.720976228695136 ], [ 73.057867816091942, 33.720976228695143 ], [ 73.057867816091942, 33.720978459712427 ], [ 73.057854406130261, 33.720978459712427 ] ] ] } },
{ "type": "Feature", "properties": { "value": 255, "area_m2": 49.149701372079889 }, "geometry": { "type": "Polygon", "coordinates": [ [ [ 73.054067432950191, 33.720978459712434 ], [ 73.054067432950191, 33.720976228695136 ], [ 73.054062068965507, 33.720976228695143 ], [ 73.054062068965507, 33.720973997677795 ], [ 73.054056704980837, 33.720973997677795 ], [ 73.054056704980837, 33.720971766660391 ], [ 73.054048659003826, 33.720971766660391 ], [ 73.054048659003826, 33.720969535642915 ], [ 73.054045977011484, 33.720969535642915 ], [ 73.054045977011484, 33.72096730462539 ], [ 73.054043295019156, 33.720967304625404 ], [ 73.054043295019156, 33.720965073607815 ], [ 73.054037931034472, 33.720965073607815 ], [ 73.054037931034472, 33.72095168750112 ], [ 73.054040613026814, 33.720951687501127 ], [ 73.054040613026814, 33.720944994446988 ], [ 73.054043295019156, 33.720944994446995 ], [ 73.054043295019156, 33.720929377318654 ], [ 73.054045977011484, 33.720929377318647 ], [ 73.054045977011484, 33.720924915281465 ], [ 73.054043295019156, 33.720924915281465 ], [ 73.054043295019156, 33.720920453244027 ], [ 73.054045977011484, 33.720920453244034 ], [ 73.054045977011484, 33.720918222225244 ], [ 73.054043295019156, 33.720918222225244 ], [ 73.054043295019156, 33.720909298149465 ], [ 73.054040613026814, 33.720909298149465 ], [ 73.054040613026814, 33.720907067130369 ], [ 73.054037931034472, 33.720907067130376 ], [ 73.054037931034472, 33.720900374072762 ], [ 73.054035249042144, 33.72090037407277 ], [ 73.054035249042144, 33.720895912034067 ], [ 73.054032567049802, 33.720895912034067 ], [ 73.054032567049802, 33.720882525916586 ], [ 73.054035249042144, 33.720882525916586 ], [ 73.054035249042144, 33.720880294896794 ], [ 73.054037931034472, 33.720880294896787 ], [ 73.054037931034472, 33.720882525916586 ], [ 73.054048659003826, 33.720882525916586 ], [ 73.054048659003826, 33.720884756936314 ], [ 73.054054022988495, 33.720884756936314 ], [ 73.054054022988495, 33.720886987955978 ], [ 73.054064750957849, 33.720886987955971 ], [ 73.054064750957849, 33.7208892189756 ], [ 73.054070114942519, 33.7208892189756 ], [ 73.054070114942519, 33.720891449995136 ], [ 73.054075478927203, 33.720891449995143 ], [ 73.054075478927203, 33.72089368101463 ], [ 73.054080842911887, 33.72089368101463 ], [ 73.054080842911887, 33.720895912034074 ], [ 73.054086206896542, 33.720895912034074 ], [ 73.054086206896542, 33.720898143053461 ], [ 73.054091570881226, 33.720898143053454 ], [ 73.054091570881226, 33.72090037407277 ], [ 73.054094252873568, 33.720900374072777 ], [ 73.054094252873568, 33.720902605092036 ], [ 73.05409693486591, 33.720902605092043 ], [ 73.05409693486591, 33.720907067130369 ], [ 73.054099616858238, 33.720907067130376 ], [ 73.054099616858238, 33.720909298149458 ], [ 73.05410229885058, 33.720909298149465 ], [ 73.05410229885058, 33.720913760187464 ], [ 73.054104980842922, 33.720913760187464 ], [ 73.054104980842922, 33.72092714630007 ], [ 73.05410229885058, 33.72092714630007 ], [ 73.05410229885058, 33.720929377318647 ], [ 73.054099616858238, 33.720929377318654 ], [ 73.054099616858238, 33.720936070373995 ], [ 73.05409693486591, 33.720936070374002 ], [ 73.05409693486591, 33.720942763428823 ], [ 73.054094252873568, 33.720942763428823 ], [ 73.054094252873568, 33.720951687501127 ], [ 73.054091570881226, 33.720951687501127 ], [ 73.054091570881226, 33.720956149536917 ], [ 73.054088888888899, 33.720956149536917 ], [ 73.054088888888899, 33.720960611572472 ], [ 73.054091570881226, 33.72096061157248 ], [ 73.054091570881226, 33.720965073607829 ], [ 73.054088888888899, 33.720965073607822 ], [ 73.054088888888899, 33.720971766660384 ], [ 73.054086206896542, 33.720971766660384 ], [ 73.054086206896542, 33.720976228695136 ], [ 73.054088888888899, 33.720976228695143 ], [ 73.054088888888899, 33.720978459712434 ], [ 73.054067432950191, 33.720978459712434 ] ] ] } },
{ "type": "Feature", "properties": { "value": 255, "area_m2": 73.447574600329347 }, "geometry": { "type": "Polygon", "coordinates": [ [ [ 73.057790038314167, 33.720942763428823 ], [ 73.057790038314167, 33.720940532410616 ], [ 73.057784674329497, 33.720940532410616 ], [ 73.057784674329497, 33.720938301392337 ], [ 73.057781992337155, 33.720938301392337 ], [ 73.057781992337155, 33.720936070374002 ], [ 73.057779310344813, 33.72093607037398 ], [ 73.057779310344813, 33.72093383935561 ], [ 73.057773946360143, 33.720933839355602 ], [ 73.057773946360143, 33.72093160833716 ], [ 73.057771264367801, 33.720931608337168 ], [ 73.057771264367801, 33.720929377318647 ], [ 73.057768582375459, 33.72092937731864 ], [ 73.057768582375459, 33.72092714630007 ], [ 73.057765900383131, 33.72092714630007 ], [ 73.057765900383131, 33.720924915281465 ], [ 73.057763218390804, 33.720924915281458 ], [ 73.057763218390804, 33.720922684262781 ], [ 73.057760536398462, 33.720922684262788 ], [ 73.057760536398462, 33.720918222225244 ], [ 73.057757854406134, 33.720918222225244 ], [ 73.057757854406134, 33.720913760187472 ], [ 73.057755172413792, 33.72091376018745 ], [ 73.057755172413792, 33.72091152916849 ], [ 73.05775249042145, 33.720911529168497 ], [ 73.05775249042145, 33.720909298149465 ], [ 73.05774712643678, 33.720909298149472 ], [ 73.05774712643678, 33.720907067130376 ], [ 73.05774176245211, 33.720907067130369 ], [ 73.05774176245211, 33.720904836111231 ], [ 73.057739080459768, 33.720904836111231 ], [ 73.057739080459768, 33.720902605092036 ], [ 73.057733716475099, 33.720902605092036 ], [ 73.057733716475099, 33.72090037407277 ], [ 73.057731034482757, 33.720900374072777 ], [ 73.057731034482757, 33.720895912034067 ], [ 73.057728352490415, 33.720895912034074 ], [ 73.057728352490415, 33.720891449995136 ], [ 73.057725670498087, 33.720891449995143 ], [ 73.057725670498087, 33.720884756936321 ], [ 73.057728352490415, 33.720884756936314 ], [ 73.057728352490415, 33.720869139797024 ], [ 73.057731034482757, 33.720869139797017 ], [ 73.057731034482757, 33.720866908776877 ], [ 73.057733716475099, 33.720866908776884 ], [ 73.057733716475099, 33.720864677756687 ], [ 73.057736398467426, 33.72086467775668 ], [ 73.057736398467426, 33.720862446736433 ], [ 73.057739080459768, 33.72086244673644 ], [ 73.057739080459768, 33.720857984695776 ], [ 73.05774176245211, 33.720857984695783 ], [ 73.05774176245211, 33.720855753675352 ], [ 73.057744444444438, 33.720855753675366 ], [ 73.057744444444438, 33.72085352265487 ], [ 73.05774712643678, 33.720853522654878 ], [ 73.05774712643678, 33.720851291634347 ], [ 73.057749808429122, 33.720851291634339 ], [ 73.057749808429122, 33.72084459857237 ], [ 73.057765900383131, 33.720844598572377 ], [ 73.057765900383131, 33.720846829593093 ], [ 73.057768582375459, 33.720846829593086 ], [ 73.057768582375459, 33.720849060613745 ], [ 73.057776628352485, 33.720849060613752 ], [ 73.057776628352485, 33.720851291634347 ], [ 73.057779310344813, 33.720851291634347 ], [ 73.057779310344813, 33.720853522654878 ], [ 73.057776628352485, 33.72085352265487 ], [ 73.057776628352485, 33.720855753675359 ], [ 73.057787356321825, 33.720855753675359 ], [ 73.057787356321825, 33.720857984695776 ], [ 73.057784674329497, 33.720857984695776 ], [ 73.057784674329497, 33.720860215716137 ], [ 73.057787356321825, 33.720860215716137 ], [ 73.057787356321825, 33.720869139797017 ], [ 73.057784674329497, 33.720869139797024 ], [ 73.057784674329497, 33.72087806387696 ], [ 73.057781992337155, 33.72087806387696 ], [ 73.057781992337155, 33.720882525916593 ], [ 73.057779310344813, 33.720882525916586 ], [ 73.057779310344813, 33.720886987955971 ], [ 73.057776628352485, 33.720886987955971 ], [ 73.057776628352485, 33.720891449995143 ], [ 73.057779310344813, 33.720891449995136 ], [ 73.057779310344813, 33.720889218975607 ], [ 73.057784674329497, 33.720889218975607 ], [ 73.057784674329497, 33.720886987955971 ], [ 73.057787356321825, 33.720886987955971 ], [ 73.057787356321825, 33.720884756936314 ], [ 73.057790038314167, 33.720884756936314 ], [ 73.057790038314167, 33.720882525916593 ], [ 73.057792720306509, 33.720882525916586 ], [ 73.057792720306509, 33.72087806387696 ], [ 73.057795402298837, 33.72087806387696 ], [ 73.057795402298837, 33.720875832857061 ], [ 73.057798084291178, 33.720875832857068 ], [ 73.057798084291178, 33.720871370817093 ], [ 73.05780076628352, 33.7208713708171 ], [ 73.05780076628352, 33.720869139797031 ], [ 73.057803448275862, 33.720869139797017 ], [ 73.057803448275862, 33.720866908776877 ], [ 73.057819540229886, 33.720866908776877 ], [ 73.057819540229886, 33.720869139797024 ], [ 73.057827586206898, 33.720869139797024 ], [ 73.057827586206898, 33.720871370817093 ], [ 73.057832950191568, 33.720871370817093 ], [ 73.057832950191568, 33.720873601837113 ], [ 73.057838314176252, 33.720873601837106 ], [ 73.057838314176252, 33.720875832857068 ], [ 73.057843678160921, 33.720875832857061 ], [ 73.057843678160921, 33.720882525916586 ], [ 73.057846360153249, 33.720882525916586 ], [ 73.057846360153249, 33.720904836111224 ], [ 73.057843678160921, 33.720904836111231 ], [ 73.057843678160921, 33.720907067130369 ], [ 73.057840996168579, 33.720907067130369 ], [ 73.057840996168579, 33.720909298149472 ], [ 73.057838314176252, 33.720909298149472 ], [ 73.057838314176252, 33.720911529168482 ], [ 73.05783563218391, 33.72091152916849 ], [ 73.05783563218391, 33.720913760187457 ], [ 73.057832950191568, 33.720913760187472 ], [ 73.057832950191568, 33.720915991206383 ], [ 73.057827586206898, 33.720915991206383 ], [ 73.057827586206898, 33.720922684262774 ], [ 73.057824904214556, 33.720922684262781 ], [ 73.057824904214556, 33.720924915281465 ], [ 73.057822222222214, 33.720924915281465 ], [ 73.057822222222214, 33.72092937731864 ], [ 73.057819540229886, 33.720929377318654 ], [ 73.057819540229886, 33.720938301392337 ], [ 73.057816858237544, 33.720938301392337 ], [ 73.057816858237544, 33.720940532410623 ], [ 73.057811494252874, 33.720940532410616 ], [ 73.057811494252874, 33.72094276342883 ], [ 73.057790038314167, 33.720942763428823 ] ] ] } },
{ "type": "Feature", "properties": { "value": 255, "area_m2": 25.958907209726199 }, "geometry": { "type": "Polygon", "coordinates": [ [ [ 73.057795402298837, 33.720837905509896 ], [ 73.057795402298837, 33.720835674488953 ], [ 73.057790038314167, 33.72083567448896 ], [ 73.057790038314167, 33.720833443467967 ], [ 73.057784674329497, 33.720833443467967 ], [ 73.057784674329497, 33.720831212446889 ], [ 73.057779310344813, 33.720831212446889 ], [ 73.057779310344813, 33.720828981425768 ], [ 73.057757854406134, 33.720828981425775 ], [ 73.057757854406134, 33.72082451938337 ], [ 73.057755172413792, 33.72082451938337 ], [ 73.057755172413792, 33.720817826319326 ], [ 73.05775249042145, 33.720817826319319 ], [ 73.05775249042145, 33.720806671211427 ], [ 73.057755172413792, 33.72080667121142 ], [ 73.057755172413792, 33.720799978145976 ], [ 73.057757854406134, 33.720799978145976 ], [ 73.057757854406134, 33.720797747124045 ], [ 73.057760536398462, 33.720797747124045 ], [ 73.057760536398462, 33.720795516102058 ], [ 73.057765900383131, 33.720795516102044 ], [ 73.057765900383131, 33.720793285080013 ], [ 73.057779310344813, 33.720793285080013 ], [ 73.057779310344813, 33.720791054057912 ], [ 73.057787356321825, 33.720791054057905 ], [ 73.057787356321825, 33.72078882303574 ], [ 73.057798084291178, 33.720788823035754 ], [ 73.057798084291178, 33.720791054057905 ], [ 73.057803448275862, 33.720791054057912 ], [ 73.057803448275862, 33.72079328508002 ], [ 73.057808812260532, 33.720793285080013 ], [ 73.057808812260532, 33.720795516102058 ], [ 73.057814176245202, 33.720795516102051 ], [ 73.057814176245202, 33.720797747124045 ], [ 73.057816858237544, 33.720797747124045 ], [ 73.057816858237544, 33.720795516102051 ], [ 73.057819540229886, 33.720795516102051 ], [ 73.057819540229886, 33.72079774712406 ], [ 73.057822222222214, 33.720797747124045 ], [ 73.057822222222214, 33.720802209167843 ], [ 73.057824904214556, 33.720802209167843 ], [ 73.057824904214556, 33.72080667121142 ], [ 73.057822222222214, 33.72080667121142 ], [ 73.057822222222214, 33.720813364276331 ], [ 73.057819540229886, 33.720813364276324 ], [ 73.057819540229886, 33.720817826319319 ], [ 73.057816858237544, 33.720817826319319 ], [ 73.057816858237544, 33.720820057340724 ], [ 73.057814176245202, 33.720820057340724 ], [ 73.057814176245202, 33.720826750404598 ], [ 73.057811494252874, 33.720826750404598 ], [ 73.057811494252874, 33.720835674488953 ], [ 73.057808812260532, 33.72083567448896 ], [ 73.057808812260532, 33.720837905509896 ], [ 73.057795402298837, 33.720837905509896 ] ] ] } },
{ "type": "Feature", "properties": { "value": 255, "area_m2": 63.974678076807685 }, "geometry": { "type": "Polygon", "coordinates": [ [ [ 73.056159386973178, 33.720842367551612 ], [ 73.056159386973178, 33.720840136530796 ], [ 73.056151340996166, 33.720840136530789 ], [ 73.056151340996166, 33.720837905509903 ], [ 73.056145977011482, 33.720837905509889 ], [ 73.056145977011482, 33.72083567448896 ], [ 73.056140613026813, 33.720835674488953 ], [ 73.056140613026813, 33.72083344346796 ], [ 73.056135249042143, 33.72083344346796 ], [ 73.056135249042143, 33.720831212446889 ], [ 73.056132567049801, 33.720831212446889 ], [ 73.056132567049801, 33.720828981425768 ], [ 73.056127203065131, 33.720828981425782 ], [ 73.056127203065131, 33.720826750404598 ], [ 73.056121839080447, 33.720826750404605 ], [ 73.056121839080447, 33.72082451938337 ], [ 73.056119157088119, 33.720824519383363 ], [ 73.056119157088119, 33.720822288362086 ], [ 73.056116475095777, 33.720822288362086 ], [ 73.056116475095777, 33.720820057340717 ], [ 73.056113793103449, 33.720820057340717 ], [ 73.056113793103449, 33.720817826319319 ], [ 73.05610842911878, 33.720817826319319 ], [ 73.05610842911878, 33.720815595297857 ], [ 73.05610306513411, 33.720815595297857 ], [ 73.05610306513411, 33.720813364276317 ], [ 73.056100383141754, 33.720813364276331 ], [ 73.056100383141754, 33.720811133254763 ], [ 73.056097701149426, 33.720811133254749 ], [ 73.056097701149426, 33.720804440189653 ], [ 73.056100383141754, 33.720804440189646 ], [ 73.056100383141754, 33.720799978145976 ], [ 73.05610306513411, 33.720799978145976 ], [ 73.05610306513411, 33.720795516102058 ], [ 73.056105747126438, 33.720795516102058 ], [ 73.056105747126438, 33.720791054057912 ], [ 73.05610842911878, 33.720791054057912 ], [ 73.05610842911878, 33.720788823035747 ], [ 73.056111111111107, 33.720788823035747 ], [ 73.056111111111107, 33.720786592013539 ], [ 73.056113793103449, 33.720786592013539 ], [ 73.056113793103449, 33.720784360991253 ], [ 73.056095019157098, 33.72078436099126 ], [ 73.056095019157098, 33.720782129968931 ], [ 73.056092337164742, 33.720782129968924 ], [ 73.056092337164742, 33.720739740533539 ], [ 73.056095019157098, 33.720739740533546 ], [ 73.056095019157098, 33.720737509510045 ], [ 73.056097701149426, 33.720737509510045 ], [ 73.056097701149426, 33.720739740533539 ], [ 73.056105747126438, 33.720739740533539 ], [ 73.056105747126438, 33.720741971556983 ], [ 73.056116475095777, 33.720741971556969 ], [ 73.056116475095777, 33.720744202580356 ], [ 73.056127203065131, 33.720744202580349 ], [ 73.056127203065131, 33.720746433603672 ], [ 73.056148659003824, 33.720746433603679 ], [ 73.056148659003824, 33.720748664626946 ], [ 73.056151340996166, 33.720748664626946 ], [ 73.056151340996166, 33.720750895650141 ], [ 73.056154022988494, 33.720750895650141 ], [ 73.056154022988494, 33.720753126673294 ], [ 73.056156704980836, 33.72075312667328 ], [ 73.056156704980836, 33.720757588719401 ], [ 73.056159386973178, 33.720757588719415 ], [ 73.056159386973178, 33.720764281788156 ], [ 73.056162068965506, 33.720764281788149 ], [ 73.056162068965506, 33.720766512810954 ], [ 73.056164750957862, 33.720766512810954 ], [ 73.056164750957862, 33.720768743833695 ], [ 73.05616743295019, 33.720768743833688 ], [ 73.05616743295019, 33.720770974856372 ], [ 73.056170114942518, 33.720770974856357 ], [ 73.056170114942518, 33.720773205878992 ], [ 73.056172796934874, 33.720773205879006 ], [ 73.056172796934874, 33.720779898946525 ], [ 73.056170114942518, 33.720779898946532 ], [ 73.056170114942518, 33.720782129968924 ], [ 73.05616743295019, 33.720782129968917 ], [ 73.05616743295019, 33.720795516102058 ], [ 73.056162068965506, 33.720795516102058 ], [ 73.056162068965506, 33.720797747124038 ], [ 73.056164750957862, 33.720797747124045 ], [ 73.056164750957862, 33.720799978145976 ], [ 73.05616743295019, 33.720799978145976 ], [ 73.05616743295019, 33.720802209167836 ], [ 73.056170114942518, 33.72080220916785 ], [ 73.056170114942518, 33.72080444018966 ], [ 73.056172796934874, 33.720804440189653 ], [ 73.056172796934874, 33.720806671211413 ], [ 73.056175478927202, 33.720806671211434 ], [ 73.056175478927202, 33.720808902233102 ], [ 73.056178160919544, 33.720808902233124 ], [ 73.056178160919544, 33.720811133254756 ], [ 73.056180842911886, 33.720811133254756 ], [ 73.056180842911886, 33.720813364276339 ], [ 73.056183524904213, 33.720813364276317 ], [ 73.056183524904213, 33.720815595297857 ], [ 73.056186206896555, 33.720815595297857 ], [ 73.056186206896555, 33.720820057340717 ], [ 73.056188888888897, 33.720820057340717 ], [ 73.056188888888897, 33.720822288362086 ], [ 73.056186206896555, 33.720822288362086 ], [ 73.056186206896555, 33.72082451938337 ], [ 73.056183524904213, 33.72082451938337 ], [ 73.056183524904213, 33.720826750404605 ], [ 73.056180842911886, 33.720826750404605 ], [ 73.056180842911886, 33.720828981425782 ], [ 73.056178160919544, 33.72082898142579 ], [ 73.056178160919544, 33.72083344346796 ], [ 73.056175478927202, 33.72083344346796 ], [ 73.056175478927202, 33.72083567448896 ], [ 73.056172796934874, 33.72083567448896 ], [ 73.056172796934874, 33.720837905509889 ], [ 73.056170114942518, 33.720837905509896 ], [ 73.056170114942518, 33.720840136530789 ], [ 73.056162068965506, 33.720840136530789 ], [ 73.056162068965506, 33.720842367551612 ], [ 73.056159386973178, 33.720842367551612 ] ] ] } },
{ "type": "Feature", "properties": { "value": 255, "area_m2": 65.881553501557477 }, "geometry": { "type": "Polygon", "coordinates": [ [ [ 73.057588888888887, 33.720828981425775 ], [ 73.057588888888887, 33.720826750404612 ], [ 73.057583524904217, 33.720826750404605 ], [ 73.057583524904217, 33.72082451938337 ], [ 73.057578160919547, 33.72082451938337 ], [ 73.057578160919547, 33.720822288362086 ], [ 73.057575478927205, 33.720822288362079 ], [ 73.057575478927205, 33.720820057340731 ], [ 73.057570114942536, 33.720820057340724 ], [ 73.057570114942536, 33.720817826319319 ], [ 73.057567432950194, 33.720817826319319 ], [ 73.057567432950194, 33.720815595297857 ], [ 73.057564750957852, 33.720815595297857 ], [ 73.057564750957852, 33.720813364276331 ], [ 73.057559386973168, 33.720813364276331 ], [ 73.057559386973168, 33.720811133254763 ], [ 73.05755670498084, 33.720811133254763 ], [ 73.05755670498084, 33.720808902233109 ], [ 73.057551340996156, 33.720808902233117 ], [ 73.057551340996156, 33.720806671211413 ], [ 73.057548659003828, 33.720806671211427 ], [ 73.057548659003828, 33.720804440189646 ], [ 73.057545977011486, 33.720804440189653 ], [ 73.057545977011486, 33.720802209167836 ], [ 73.057543295019144, 33.72080220916785 ], [ 73.057543295019144, 33.720799978145976 ], [ 73.057540613026816, 33.720799978145976 ], [ 73.057540613026816, 33.720793285080013 ], [ 73.057543295019144, 33.72079328508002 ], [ 73.057543295019144, 33.720773205878999 ], [ 73.057545977011486, 33.720773205878999 ], [ 73.057545977011486, 33.720766512810954 ], [ 73.057548659003828, 33.720766512810954 ], [ 73.057548659003828, 33.720762050765295 ], [ 73.057551340996156, 33.720762050765288 ], [ 73.057551340996156, 33.720757588719401 ], [ 73.057554022988512, 33.720757588719408 ], [ 73.057554022988512, 33.720753126673287 ], [ 73.05755670498084, 33.720753126673294 ], [ 73.05755670498084, 33.720748664626939 ], [ 73.057559386973168, 33.720748664626932 ], [ 73.057559386973168, 33.720744202580356 ], [ 73.057562068965524, 33.720744202580356 ], [ 73.057562068965524, 33.720741971556983 ], [ 73.057564750957852, 33.720741971556983 ], [ 73.057564750957852, 33.720735278486508 ], [ 73.057567432950194, 33.720735278486501 ], [ 73.057567432950194, 33.720733047462886 ], [ 73.057570114942536, 33.720733047462886 ], [ 73.057570114942536, 33.720730816439222 ], [ 73.057572796934863, 33.720730816439222 ], [ 73.057572796934863, 33.720728585415493 ], [ 73.057588888888887, 33.720728585415479 ], [ 73.057588888888887, 33.720730816439215 ], [ 73.057591570881215, 33.720730816439222 ], [ 73.057591570881215, 33.720733047462879 ], [ 73.057596934865884, 33.720733047462893 ], [ 73.057596934865884, 33.720735278486501 ], [ 73.057602298850568, 33.720735278486508 ], [ 73.057602298850568, 33.720739740533531 ], [ 73.057599616858226, 33.720739740533546 ], [ 73.057599616858226, 33.720741971556969 ], [ 73.057607662835238, 33.720741971556969 ], [ 73.057607662835238, 33.720746433603679 ], [ 73.05761034482758, 33.720746433603679 ], [ 73.05761034482758, 33.720748664626939 ], [ 73.057613026819908, 33.720748664626946 ], [ 73.057613026819908, 33.720750895650141 ], [ 73.05761570881225, 33.720750895650134 ], [ 73.05761570881225, 33.720753126673287 ], [ 73.05762107279692, 33.720753126673287 ], [ 73.05762107279692, 33.720755357696376 ], [ 73.057634482758615, 33.720755357696369 ], [ 73.057634482758615, 33.720757588719408 ], [ 73.057639846743299, 33.720757588719401 ], [ 73.057639846743299, 33.720762050765295 ], [ 73.057642528735627, 33.720762050765288 ], [ 73.057642528735627, 33.720764281788163 ], [ 73.057639846743299, 33.720764281788156 ], [ 73.057639846743299, 33.720768743833688 ], [ 73.057637164750957, 33.720768743833695 ], [ 73.057637164750957, 33.720779898946525 ], [ 73.057634482758615, 33.720779898946532 ], [ 73.057634482758615, 33.720782129968917 ], [ 73.057631800766288, 33.720782129968924 ], [ 73.057631800766288, 33.72078436099126 ], [ 73.057626436781604, 33.720784360991253 ], [ 73.057626436781604, 33.720788823035754 ], [ 73.057623754789276, 33.720788823035747 ], [ 73.057623754789276, 33.720793285080013 ], [ 73.05762107279692, 33.720793285080013 ], [ 73.05762107279692, 33.720795516102051 ], [ 73.057618390804592, 33.720795516102058 ], [ 73.057618390804592, 33.720804440189667 ], [ 73.05761570881225, 33.72080444018966 ], [ 73.05761570881225, 33.72080667121142 ], [ 73.057613026819908, 33.72080667121142 ], [ 73.057613026819908, 33.720813364276324 ], [ 73.05761034482758, 33.720813364276324 ], [ 73.05761034482758, 33.720826750404612 ], [ 73.057604980842896, 33.720826750404605 ], [ 73.057604980842896, 33.720828981425775 ], [ 73.057588888888887, 33.720828981425775 ] ] ] } },
{ "type": "Feature", "properties": { "value": 255, "area_m2": 39.553707693526846 }, "geometry": { "type": "Polygon", "coordinates": [ [ [ 73.053868965517225, 33.720762050765288 ], [ 73.053868965517225, 33.720759819742376 ], [ 73.053860919540227, 33.720759819742376 ], [ 73.053860919540227, 33.720757588719401 ], [ 73.053855555555558, 33.720757588719408 ], [ 73.053855555555558, 33.720755357696369 ], [ 73.053850191570888, 33.720755357696369 ], [ 73.053850191570888, 33.720753126673287 ], [ 73.053844827586204, 33.720753126673287 ], [ 73.053844827586204, 33.720750895650134 ], [ 73.053842145593876, 33.720750895650148 ], [ 73.053842145593876, 33.720748664626953 ], [ 73.053836781609192, 33.720748664626939 ], [ 73.053836781609192, 33.720746433603672 ], [ 73.053834099616864, 33.720746433603679 ], [ 73.053834099616864, 33.720744202580356 ], [ 73.05382873563218, 33.720744202580356 ], [ 73.05382873563218, 33.720741971556983 ], [ 73.05382337164751, 33.720741971556976 ], [ 73.05382337164751, 33.720739740533546 ], [ 73.053818007662841, 33.720739740533531 ], [ 73.053818007662841, 33.720737509510037 ], [ 73.053812643678157, 33.720737509510045 ], [ 73.053812643678157, 33.720735278486501 ], [ 73.053807279693473, 33.720735278486501 ], [ 73.053807279693473, 33.720733047462886 ], [ 73.053801915708803, 33.720733047462886 ], [ 73.053801915708803, 33.720730816439207 ], [ 73.053796551724133, 33.720730816439222 ], [ 73.053796551724133, 33.720728585415493 ], [ 73.053793869731791, 33.720728585415493 ], [ 73.053793869731791, 33.720726354391715 ], [ 73.053791187739449, 33.720726354391701 ], [ 73.053791187739449, 33.720724123367845 ], [ 73.053785823754779, 33.720724123367852 ], [ 73.053785823754779, 33.72072189234396 ], [ 73.053783141762437, 33.72072189234396 ], [ 73.053783141762437, 33.720717430295991 ], [ 73.05378045977011, 33.720717430295991 ], [ 73.05378045977011, 33.720697351077227 ], [ 73.053783141762437, 33.720697351077227 ], [ 73.053783141762437, 33.720695120052639 ], [ 73.05378045977011, 33.720695120052646 ], [ 73.05378045977011, 33.720690658003264 ], [ 73.053783141762437, 33.720690658003257 ], [ 73.053783141762437, 33.720688426978491 ], [ 73.053796551724133, 33.720688426978484 ], [ 73.053796551724133, 33.720690658003264 ], [ 73.053801915708803, 33.720690658003257 ], [ 73.053801915708803, 33.720692889027987 ], [ 73.053804597701145, 33.72069288902798 ], [ 73.053804597701145, 33.720695120052639 ], [ 73.053807279693473, 33.720695120052646 ], [ 73.053807279693473, 33.720697351077227 ], [ 73.053812643678157, 33.72069735107722 ], [ 73.053812643678157, 33.720699582101773 ], [ 73.053815325670485, 33.72069958210178 ], [ 73.053815325670485, 33.72070181312624 ], [ 73.053818007662841, 33.720701813126233 ], [ 73.053818007662841, 33.720704044150658 ], [ 73.05382337164751, 33.720704044150672 ], [ 73.05382337164751, 33.720706275175033 ], [ 73.053831417624522, 33.720706275175033 ], [ 73.053831417624522, 33.720708506199344 ], [ 73.053834099616864, 33.720708506199344 ], [ 73.053834099616864, 33.720710737223584 ], [ 73.053839463601534, 33.720710737223591 ], [ 73.053839463601534, 33.720712968247767 ], [ 73.053844827586204, 33.720712968247781 ], [ 73.053844827586204, 33.720715199271922 ], [ 73.053850191570888, 33.720715199271915 ], [ 73.053850191570888, 33.720717430295991 ], [ 73.053855555555558, 33.720717430295991 ], [ 73.053855555555558, 33.720719661319997 ], [ 73.053860919540227, 33.720719661320004 ], [ 73.053860919540227, 33.72072189234396 ], [ 73.053866283524897, 33.72072189234396 ], [ 73.053866283524897, 33.720724123367845 ], [ 73.053871647509581, 33.720724123367852 ], [ 73.053871647509581, 33.720726354391701 ], [ 73.053877011494237, 33.720726354391708 ], [ 73.053877011494237, 33.720728585415486 ], [ 73.053879693486593, 33.720728585415493 ], [ 73.053879693486593, 33.720730816439215 ], [ 73.053882375478921, 33.720730816439215 ], [ 73.053882375478921, 33.720737509510037 ], [ 73.053885057471248, 33.720737509510045 ], [ 73.053885057471248, 33.720741971556976 ], [ 73.053887739463605, 33.720741971556983 ], [ 73.053887739463605, 33.720759819742376 ], [ 73.053885057471248, 33.720759819742383 ], [ 73.053885057471248, 33.720762050765288 ], [ 73.053868965517225, 33.720762050765288 ] ] ] } },
{ "type": "Feature", "properties": { "value": 255, "area_m2": 89.933678533235067 }, "geometry": { "type": "Polygon", "coordinates": [ [ [ 73.056878160919538, 33.720784360991253 ], [ 73.056878160919538, 33.720782129968917 ], [ 73.056870114942527, 33.720782129968924 ], [ 73.056870114942527, 33.720779898946525 ], [ 73.056867432950199, 33.720779898946525 ], [ 73.056867432950199, 33.720777667924075 ], [ 73.056862068965515, 33.720777667924075 ], [ 73.056862068965515, 33.720775436901583 ], [ 73.056856704980831, 33.720775436901569 ], [ 73.056856704980831, 33.720773205878999 ], [ 73.056854022988503, 33.720773205878999 ], [ 73.056854022988503, 33.720770974856372 ], [ 73.056851340996161, 33.720770974856364 ], [ 73.056851340996161, 33.720768743833695 ], [ 73.056845977011491, 33.720768743833702 ], [ 73.056845977011491, 33.720766512810947 ], [ 73.056843295019149, 33.720766512810954 ], [ 73.056843295019149, 33.720764281788149 ], [ 73.056840613026807, 33.720764281788156 ], [ 73.056840613026807, 33.720762050765295 ], [ 73.05683793103448, 33.720762050765302 ], [ 73.05683793103448, 33.72075312667328 ], [ 73.056840613026807, 33.720753126673294 ], [ 73.056840613026807, 33.720744202580356 ], [ 73.056843295019149, 33.720744202580356 ], [ 73.056843295019149, 33.720730816439215 ], [ 73.056845977011491, 33.720730816439207 ], [ 73.056845977011491, 33.720726354391701 ], [ 73.056848659003819, 33.720726354391708 ], [ 73.056848659003819, 33.720721892343974 ], [ 73.056851340996161, 33.720721892343967 ], [ 73.056851340996161, 33.720717430295991 ], [ 73.056854022988503, 33.720717430295991 ], [ 73.056854022988503, 33.720710737223591 ], [ 73.056856704980831, 33.720710737223584 ], [ 73.056856704980831, 33.72070627517504 ], [ 73.056859386973187, 33.72070627517504 ], [ 73.056859386973187, 33.72069958210178 ], [ 73.056862068965515, 33.72069958210178 ], [ 73.056862068965515, 33.720692889027973 ], [ 73.056864750957843, 33.72069288902798 ], [ 73.056864750957843, 33.720690658003271 ], [ 73.056867432950199, 33.720690658003271 ], [ 73.056867432950199, 33.720688426978498 ], [ 73.056872796934869, 33.720688426978498 ], [ 73.056872796934869, 33.720686195953675 ], [ 73.056888888888892, 33.720686195953668 ], [ 73.056888888888892, 33.720688426978484 ], [ 73.05689693486589, 33.720688426978491 ], [ 73.05689693486589, 33.720690658003271 ], [ 73.056899616858232, 33.720690658003271 ], [ 73.056899616858232, 33.720695120052632 ], [ 73.056904980842901, 33.720695120052639 ], [ 73.056904980842901, 33.720697351077227 ], [ 73.056907662835243, 33.72069735107722 ], [ 73.056907662835243, 33.72069958210178 ], [ 73.056910344827571, 33.72069958210178 ], [ 73.056910344827571, 33.72070181312624 ], [ 73.056915708812255, 33.720701813126233 ], [ 73.056915708812255, 33.720704044150672 ], [ 73.056918390804583, 33.720704044150665 ], [ 73.056918390804583, 33.720706275175026 ], [ 73.056921072796925, 33.72070627517504 ], [ 73.056921072796925, 33.720708506199344 ], [ 73.056923754789267, 33.720708506199337 ], [ 73.056923754789267, 33.720710737223584 ], [ 73.056929118773937, 33.720710737223577 ], [ 73.056929118773937, 33.720712968247774 ], [ 73.056934482758606, 33.720712968247774 ], [ 73.056934482758606, 33.720715199271908 ], [ 73.056937164750963, 33.720715199271908 ], [ 73.056937164750963, 33.720717430295984 ], [ 73.056942528735632, 33.720717430295991 ], [ 73.056942528735632, 33.720719661320011 ], [ 73.056945210727974, 33.720719661320011 ], [ 73.056945210727974, 33.720721892343967 ], [ 73.056947892720302, 33.720721892343974 ], [ 73.056947892720302, 33.720724123367852 ], [ 73.056950574712644, 33.720724123367852 ], [ 73.056950574712644, 33.720726354391708 ], [ 73.056953256704986, 33.720726354391701 ], [ 73.056953256704986, 33.720728585415486 ], [ 73.056955938697314, 33.7207285854155 ], [ 73.056955938697314, 33.720733047462886 ], [ 73.056958620689656, 33.720733047462879 ], [ 73.056958620689656, 33.720744202580356 ], [ 73.056961302681998, 33.720744202580356 ], [ 73.056961302681998, 33.720746433603665 ], [ 73.056958620689656, 33.720746433603672 ], [ 73.056958620689656, 33.720766512810954 ], [ 73.056955938697314, 33.720766512810954 ], [ 73.056955938697314, 33.720770974856364 ], [ 73.056958620689656, 33.720770974856372 ], [ 73.056958620689656, 33.720773205878999 ], [ 73.056955938697314, 33.720773205879006 ], [ 73.056955938697314, 33.720775436901562 ], [ 73.056953256704986, 33.720775436901569 ], [ 73.056953256704986, 33.720779898946525 ], [ 73.056945210727974, 33.720779898946532 ], [ 73.056945210727974, 33.720782129968924 ], [ 73.056942528735632, 33.720782129968917 ], [ 73.056942528735632, 33.720784360991267 ], [ 73.056926436781595, 33.72078436099126 ], [ 73.056926436781595, 33.720782129968917 ], [ 73.056918390804583, 33.720782129968924 ], [ 73.056918390804583, 33.720779898946525 ], [ 73.056904980842901, 33.720779898946525 ], [ 73.056904980842901, 33.720782129968924 ], [ 73.056899616858232, 33.720782129968924 ], [ 73.056899616858232, 33.72078436099126 ], [ 73.056878160919538, 33.720784360991253 ] ] ] } },
{ "type": "Feature", "properties": { "value": 255, "area_m2": 32.541054334288631 }, "geometry": { "type": "Polygon", "coordinates": [ [ [ 73.056341762452107, 33.720695120052632 ], [ 73.056341762452107, 33.720692889027966 ], [ 73.056339080459765, 33.72069288902798 ], [ 73.056339080459765, 33.720690658003271 ], [ 73.056333716475095, 33.720690658003264 ], [ 73.056333716475095, 33.720688426978491 ], [ 73.056331034482753, 33.720688426978498 ], [ 73.056331034482753, 33.720686195953668 ], [ 73.056325670498083, 33.720686195953661 ], [ 73.056325670498083, 33.720681733903845 ], [ 73.056320306513399, 33.720681733903838 ], [ 73.056320306513399, 33.720677271853781 ], [ 73.056317624521071, 33.720677271853774 ], [ 73.056317624521071, 33.720668347752962 ], [ 73.056320306513399, 33.720668347752962 ], [ 73.056320306513399, 33.720659423651213 ], [ 73.056322988505741, 33.720659423651206 ], [ 73.056322988505741, 33.720652730574301 ], [ 73.056325670498083, 33.720652730574301 ], [ 73.056325670498083, 33.72065049954854 ], [ 73.056328352490425, 33.720650499548533 ], [ 73.056328352490425, 33.720643806470925 ], [ 73.056331034482753, 33.720643806470925 ], [ 73.056331034482753, 33.720639344418885 ], [ 73.056333716475095, 33.720639344418885 ], [ 73.056333716475095, 33.720637113392783 ], [ 73.056336398467437, 33.72063711339279 ], [ 73.056336398467437, 33.720634882366618 ], [ 73.056347126436776, 33.720634882366603 ], [ 73.056347126436776, 33.720637113392776 ], [ 73.056355172413788, 33.720637113392783 ], [ 73.056355172413788, 33.720639344418871 ], [ 73.056360536398472, 33.720639344418885 ], [ 73.056360536398472, 33.72063711339279 ], [ 73.056373946360154, 33.720637113392783 ], [ 73.056373946360154, 33.720639344418892 ], [ 73.056371264367812, 33.720639344418885 ], [ 73.056371264367812, 33.72064157544493 ], [ 73.056376628352481, 33.720641575444937 ], [ 73.056376628352481, 33.720646037496849 ], [ 73.056379310344823, 33.720646037496849 ], [ 73.056379310344823, 33.720648268522709 ], [ 73.056381992337151, 33.720648268522716 ], [ 73.056381992337151, 33.72065049954854 ], [ 73.056384674329493, 33.720650499548526 ], [ 73.056384674329493, 33.720652730574294 ], [ 73.056387356321835, 33.720652730574301 ], [ 73.056387356321835, 33.720654961599976 ], [ 73.056390038314163, 33.72065496159999 ], [ 73.056390038314163, 33.720657192625623 ], [ 73.056392720306505, 33.72065719262563 ], [ 73.056392720306505, 33.720666116727614 ], [ 73.056390038314163, 33.720666116727607 ], [ 73.056390038314163, 33.720668347752955 ], [ 73.056387356321835, 33.720668347752955 ], [ 73.056387356321835, 33.720670578778247 ], [ 73.056384674329493, 33.720670578778254 ], [ 73.056384674329493, 33.720672809803474 ], [ 73.056381992337151, 33.72067280980346 ], [ 73.056381992337151, 33.720675040828652 ], [ 73.056379310344823, 33.720675040828645 ], [ 73.056379310344823, 33.720677271853766 ], [ 73.056376628352481, 33.720677271853781 ], [ 73.056376628352481, 33.720679502878831 ], [ 73.056373946360154, 33.720679502878838 ], [ 73.056373946360154, 33.720683964928782 ], [ 73.056371264367812, 33.720683964928782 ], [ 73.056371264367812, 33.720688426978491 ], [ 73.056368582375484, 33.720688426978498 ], [ 73.056368582375484, 33.720690658003271 ], [ 73.056365900383142, 33.720690658003271 ], [ 73.056365900383142, 33.72069288902798 ], [ 73.056360536398472, 33.720692889027973 ], [ 73.056360536398472, 33.720695120052639 ], [ 73.056341762452107, 33.720695120052632 ] ] ] } },
{ "type": "Feature", "properties": { "value": 255, "area_m2": 31.249246788383569 }, "geometry": { "type": "Polygon", "coordinates": [ [ [ 73.057910727969343, 33.720650499548533 ], [ 73.057910727969343, 33.720648268522716 ], [ 73.057902681992331, 33.720648268522716 ], [ 73.057902681992331, 33.720646037496842 ], [ 73.0579, 33.720646037496849 ], [ 73.0579, 33.720643806470925 ], [ 73.057897318007662, 33.720643806470932 ], [ 73.057897318007662, 33.720641575444937 ], [ 73.05789463601532, 33.72064157544493 ], [ 73.05789463601532, 33.720639344418885 ], [ 73.057891954022978, 33.720639344418885 ], [ 73.057891954022978, 33.720623727234944 ], [ 73.05789463601532, 33.720623727234937 ], [ 73.05789463601532, 33.720612572101821 ], [ 73.057897318007662, 33.720612572101828 ], [ 73.057897318007662, 33.720603647994267 ], [ 73.0579, 33.72060364799426 ], [ 73.0579, 33.720594723885782 ], [ 73.057902681992331, 33.720594723885782 ], [ 73.057902681992331, 33.720592492858536 ], [ 73.0579, 33.720592492858529 ], [ 73.0579, 33.720585799776373 ], [ 73.057902681992331, 33.72058579977638 ], [ 73.057902681992331, 33.720583568748893 ], [ 73.057908045977015, 33.720583568748893 ], [ 73.057908045977015, 33.720585799776387 ], [ 73.057913409961685, 33.72058579977638 ], [ 73.057913409961685, 33.720588030803832 ], [ 73.057921455938697, 33.720588030803832 ], [ 73.057921455938697, 33.720590261831212 ], [ 73.057924137931039, 33.720590261831205 ], [ 73.057924137931039, 33.720592492858536 ], [ 73.057932183908051, 33.720592492858529 ], [ 73.057932183908051, 33.720594723885789 ], [ 73.057937547892706, 33.720594723885782 ], [ 73.057937547892706, 33.720596954912985 ], [ 73.057942911877376, 33.720596954912992 ], [ 73.057942911877376, 33.720599185940152 ], [ 73.05794827586206, 33.720599185940152 ], [ 73.05794827586206, 33.720601416967241 ], [ 73.057950957854388, 33.720601416967234 ], [ 73.057950957854388, 33.72060364799426 ], [ 73.05795363984673, 33.72060364799426 ], [ 73.05795363984673, 33.72061926518186 ], [ 73.057950957854388, 33.72061926518186 ], [ 73.057950957854388, 33.720623727234937 ], [ 73.05794827586206, 33.720623727234937 ], [ 73.05794827586206, 33.720630420314109 ], [ 73.057945593869718, 33.720630420314116 ], [ 73.057945593869718, 33.720639344418885 ], [ 73.057942911877376, 33.720639344418885 ], [ 73.057942911877376, 33.720643806470925 ], [ 73.057940229885048, 33.720643806470925 ], [ 73.057940229885048, 33.720646037496849 ], [ 73.057937547892706, 33.720646037496842 ], [ 73.057937547892706, 33.720648268522709 ], [ 73.057932183908051, 33.720648268522709 ], [ 73.057932183908051, 33.720650499548533 ], [ 73.057910727969343, 33.720650499548533 ] ] ] } },
{ "type": "Feature", "properties": { "value": 255, "area_m2": 88.272864584528037 }, "geometry": { "type": "Polygon", "coordinates": [ [ [ 73.059184674329501, 33.720679502878838 ], [ 73.059184674329501, 33.720677271853774 ], [ 73.059179310344817, 33.720677271853781 ], [ 73.059179310344817, 33.720675040828652 ], [ 73.059171264367805, 33.720675040828645 ], [ 73.059171264367805, 33.720672809803474 ], [ 73.059168582375463, 33.720672809803474 ], [ 73.059168582375463, 33.72067057877824 ], [ 73.059163218390793, 33.720670578778254 ], [ 73.059163218390793, 33.720668347752962 ], [ 73.059160536398451, 33.720668347752955 ], [ 73.059160536398451, 33.720666116727607 ], [ 73.05915249042144, 33.720666116727614 ], [ 73.05915249042144, 33.720661654676725 ], [ 73.059149808429112, 33.720661654676725 ], [ 73.059149808429112, 33.720659423651206 ], [ 73.059144444444442, 33.720659423651199 ], [ 73.059144444444442, 33.720657192625623 ], [ 73.0591417624521, 33.72065719262563 ], [ 73.0591417624521, 33.72065496159999 ], [ 73.059139080459772, 33.720654961599983 ], [ 73.059139080459772, 33.720652730574301 ], [ 73.05913103448276, 33.720652730574287 ], [ 73.05913103448276, 33.720648268522709 ], [ 73.059128352490418, 33.720648268522709 ], [ 73.059128352490418, 33.720646037496849 ], [ 73.059120306513407, 33.720646037496842 ], [ 73.059120306513407, 33.720643806470925 ], [ 73.059117624521065, 33.720643806470925 ], [ 73.059117624521065, 33.72064157544493 ], [ 73.059114942528737, 33.72064157544493 ], [ 73.059114942528737, 33.720639344418885 ], [ 73.059112260536395, 33.720639344418892 ], [ 73.059112260536395, 33.720637113392783 ], [ 73.059109578544053, 33.720637113392776 ], [ 73.059109578544053, 33.720625958261387 ], [ 73.059106896551725, 33.720625958261394 ], [ 73.059106896551725, 33.720614803128548 ], [ 73.059104214559383, 33.720614803128555 ], [ 73.059104214559383, 33.720612572101828 ], [ 73.059106896551725, 33.720612572101828 ], [ 73.059106896551725, 33.720588030803839 ], [ 73.059109578544053, 33.720588030803832 ], [ 73.059109578544053, 33.72058579977638 ], [ 73.059112260536395, 33.720585799776387 ], [ 73.059112260536395, 33.7205835687489 ], [ 73.059109578544053, 33.720583568748893 ], [ 73.059109578544053, 33.720581337721342 ], [ 73.059114942528737, 33.720581337721342 ], [ 73.059114942528737, 33.720579106693734 ], [ 73.059122988505749, 33.720579106693734 ], [ 73.059122988505749, 33.720576875666055 ], [ 73.059155172413782, 33.720576875666062 ], [ 73.059155172413782, 33.720579106693727 ], [ 73.059160536398451, 33.720579106693734 ], [ 73.059160536398451, 33.720581337721342 ], [ 73.059165900383135, 33.720581337721342 ], [ 73.059165900383135, 33.72058579977638 ], [ 73.059171264367805, 33.72058579977638 ], [ 73.059171264367805, 33.720588030803832 ], [ 73.059173946360147, 33.720588030803832 ], [ 73.059173946360147, 33.720590261831205 ], [ 73.059179310344817, 33.720590261831198 ], [ 73.059179310344817, 33.720592492858529 ], [ 73.059181992337159, 33.720592492858522 ], [ 73.059181992337159, 33.720594723885789 ], [ 73.059187356321829, 33.720594723885775 ], [ 73.059187356321829, 33.720596954912992 ], [ 73.059192720306513, 33.720596954912992 ], [ 73.059192720306513, 33.720603647994267 ], [ 73.05919540229884, 33.720603647994267 ], [ 73.05919540229884, 33.720605879021242 ], [ 73.059198084291182, 33.72060587902125 ], [ 73.059198084291182, 33.720610341075009 ], [ 73.059203448275852, 33.720610341075016 ], [ 73.059203448275852, 33.720612572101821 ], [ 73.059206130268194, 33.720612572101807 ], [ 73.059206130268194, 33.720614803128548 ], [ 73.059208812260536, 33.720614803128541 ], [ 73.059208812260536, 33.720617034155232 ], [ 73.059211494252864, 33.720617034155239 ], [ 73.059211494252864, 33.72061926518186 ], [ 73.059219540229876, 33.72061926518186 ], [ 73.059219540229876, 33.72062149620843 ], [ 73.059222222222218, 33.720621496208423 ], [ 73.059222222222218, 33.720623727234937 ], [ 73.059230268199229, 33.72062372723493 ], [ 73.059230268199229, 33.720646037496842 ], [ 73.059227586206902, 33.720646037496842 ], [ 73.059227586206902, 33.720648268522709 ], [ 73.05922490421456, 33.720648268522716 ], [ 73.05922490421456, 33.720654961599976 ], [ 73.059222222222218, 33.720654961599976 ], [ 73.059222222222218, 33.720659423651206 ], [ 73.059219540229876, 33.720659423651199 ], [ 73.059219540229876, 33.720661654676732 ], [ 73.059216858237548, 33.720661654676739 ], [ 73.059216858237548, 33.720666116727621 ], [ 73.059214176245206, 33.720666116727614 ], [ 73.059214176245206, 33.720670578778247 ], [ 73.059211494252864, 33.72067057877824 ], [ 73.059211494252864, 33.720672809803474 ], [ 73.059208812260536, 33.720672809803474 ], [ 73.059208812260536, 33.720675040828652 ], [ 73.059206130268194, 33.72067504082866 ], [ 73.059206130268194, 33.720677271853766 ], [ 73.059203448275852, 33.720677271853781 ], [ 73.059203448275852, 33.720679502878831 ], [ 73.059184674329501, 33.720679502878838 ] ] ] } },
{ "type": "Feature", "properties": { "value": 255, "area_m2": 42.998485541331441 }, "geometry": { "type": "Polygon", "coordinates": [ [ [ 73.059037164750961, 33.72060364799426 ], [ 73.059037164750961, 33.720601416967241 ], [ 73.059031800766277, 33.720601416967241 ], [ 73.059031800766277, 33.720599185940145 ], [ 73.05902911877395, 33.720599185940145 ], [ 73.05902911877395, 33.720596954912985 ], [ 73.059026436781608, 33.720596954912999 ], [ 73.059026436781608, 33.720592492858529 ], [ 73.059023754789266, 33.720592492858529 ], [ 73.059023754789266, 33.720588030803832 ], [ 73.059021072796938, 33.720588030803832 ], [ 73.059021072796938, 33.720583568748886 ], [ 73.059023754789266, 33.720583568748893 ], [ 73.059023754789266, 33.720576875666055 ], [ 73.059026436781608, 33.720576875666062 ], [ 73.059026436781608, 33.720567951554798 ], [ 73.05902911877395, 33.720567951554806 ], [ 73.05902911877395, 33.720561258470759 ], [ 73.059031800766277, 33.720561258470745 ], [ 73.059031800766277, 33.72055456538618 ], [ 73.059034482758619, 33.720554565386173 ], [ 73.059034482758619, 33.720552334357862 ], [ 73.059037164750961, 33.720552334357862 ], [ 73.059037164750961, 33.720547872301076 ], [ 73.059050574712643, 33.72054787230109 ], [ 73.059050574712643, 33.720545641272601 ], [ 73.059053256704985, 33.720545641272594 ], [ 73.059053256704985, 33.720541179215473 ], [ 73.059055938697313, 33.720541179215466 ], [ 73.059055938697313, 33.720538948186814 ], [ 73.059058620689655, 33.720538948186807 ], [ 73.059058620689655, 33.720536717158105 ], [ 73.059061302681982, 33.720536717158105 ], [ 73.059061302681982, 33.720534486129331 ], [ 73.059066666666652, 33.720534486129331 ], [ 73.059066666666652, 33.720530024071607 ], [ 73.059069348658994, 33.7205300240716 ], [ 73.059069348658994, 33.72052779304267 ], [ 73.059072030651322, 33.720527793042677 ], [ 73.059072030651322, 33.720525562013663 ], [ 73.059074712643664, 33.72052556201367 ], [ 73.059074712643664, 33.720523330984612 ], [ 73.059088122605345, 33.720523330984605 ], [ 73.059088122605345, 33.720521099955477 ], [ 73.059090804597687, 33.720521099955477 ], [ 73.059090804597687, 33.720523330984605 ], [ 73.059093486590029, 33.720523330984598 ], [ 73.059093486590029, 33.720525562013663 ], [ 73.059096168582371, 33.720525562013663 ], [ 73.059096168582371, 33.72052779304267 ], [ 73.059104214559383, 33.72052779304267 ], [ 73.059104214559383, 33.720541179215466 ], [ 73.059106896551725, 33.720541179215466 ], [ 73.059106896551725, 33.720543410244055 ], [ 73.059104214559383, 33.720543410244055 ], [ 73.059104214559383, 33.720545641272594 ], [ 73.059101532567041, 33.720545641272601 ], [ 73.059101532567041, 33.720552334357883 ], [ 73.059098850574713, 33.720552334357869 ], [ 73.059098850574713, 33.720556796414428 ], [ 73.059096168582371, 33.720556796414414 ], [ 73.059096168582371, 33.720559027442619 ], [ 73.059093486590029, 33.720559027442619 ], [ 73.059093486590029, 33.720565720526835 ], [ 73.059090804597687, 33.720565720526842 ], [ 73.059090804597687, 33.720572413610547 ], [ 73.059088122605345, 33.720572413610547 ], [ 73.059088122605345, 33.720579106693719 ], [ 73.059085440613018, 33.720579106693727 ], [ 73.059085440613018, 33.7205835687489 ], [ 73.059082758620676, 33.720583568748893 ], [ 73.059082758620676, 33.720585799776387 ], [ 73.059080076628334, 33.720585799776387 ], [ 73.059080076628334, 33.720588030803825 ], [ 73.059077394636006, 33.720588030803839 ], [ 73.059077394636006, 33.720592492858529 ], [ 73.059074712643664, 33.720592492858529 ], [ 73.059074712643664, 33.720594723885775 ], [ 73.059069348658994, 33.720594723885789 ], [ 73.059069348658994, 33.720596954912992 ], [ 73.059066666666652, 33.720596954912999 ], [ 73.059066666666652, 33.720599185940152 ], [ 73.059063984674324, 33.720599185940145 ], [ 73.059063984674324, 33.720601416967241 ], [ 73.059058620689655, 33.720601416967241 ], [ 73.059058620689655, 33.72060364799426 ], [ 73.059037164750961, 33.72060364799426 ] ] ] } },
{ "type": "Feature", "properties": { "value": 255, "area_m2": 34.694101808000788 }, "geometry": { "type": "Polygon", "coordinates": [ [ [ 73.057642528735627, 33.720599185940145 ], [ 73.057642528735627, 33.720596954912992 ], [ 73.057634482758615, 33.720596954912992 ], [ 73.057634482758615, 33.720594723885782 ], [ 73.057618390804592, 33.720594723885789 ], [ 73.057618390804592, 33.720592492858536 ], [ 73.05761570881225, 33.720592492858529 ], [ 73.05761570881225, 33.720590261831212 ], [ 73.057613026819908, 33.720590261831212 ], [ 73.057613026819908, 33.72058579977638 ], [ 73.05761034482758, 33.72058579977638 ], [ 73.05761034482758, 33.720563489498822 ], [ 73.057607662835238, 33.720563489498815 ], [ 73.057607662835238, 33.720561258470752 ], [ 73.057604980842896, 33.720561258470752 ], [ 73.057604980842896, 33.720554565386173 ], [ 73.057602298850568, 33.720554565386188 ], [ 73.057602298850568, 33.720547872301076 ], [ 73.057604980842896, 33.720547872301076 ], [ 73.057604980842896, 33.720541179215466 ], [ 73.057607662835238, 33.720541179215459 ], [ 73.057607662835238, 33.720538948186807 ], [ 73.05761034482758, 33.720538948186807 ], [ 73.05761034482758, 33.720534486129331 ], [ 73.05761570881225, 33.720534486129317 ], [ 73.05761570881225, 33.720532255100494 ], [ 73.057618390804592, 33.720532255100501 ], [ 73.057618390804592, 33.7205300240716 ], [ 73.057626436781604, 33.7205300240716 ], [ 73.057626436781604, 33.72052779304267 ], [ 73.057629118773932, 33.720527793042663 ], [ 73.057629118773932, 33.72052556201367 ], [ 73.057631800766288, 33.720525562013655 ], [ 73.057631800766288, 33.720523330984612 ], [ 73.057634482758615, 33.720523330984612 ], [ 73.057634482758615, 33.720521099955484 ], [ 73.057639846743299, 33.720521099955484 ], [ 73.057639846743299, 33.720523330984612 ], [ 73.057645210727969, 33.720523330984605 ], [ 73.057645210727969, 33.720525562013663 ], [ 73.057647892720311, 33.72052556201367 ], [ 73.057647892720311, 33.720527793042663 ], [ 73.057650574712639, 33.720527793042656 ], [ 73.057650574712639, 33.7205300240716 ], [ 73.057653256704981, 33.720530024071607 ], [ 73.057653256704981, 33.720532255100501 ], [ 73.057658620689651, 33.720532255100494 ], [ 73.057658620689651, 33.720536717158097 ], [ 73.057666666666663, 33.720536717158097 ], [ 73.057666666666663, 33.7205389481868 ], [ 73.057669348659005, 33.720538948186814 ], [ 73.057669348659005, 33.720547872301083 ], [ 73.057666666666663, 33.720547872301076 ], [ 73.057666666666663, 33.720550103329515 ], [ 73.057663984674335, 33.720550103329508 ], [ 73.057663984674335, 33.72055456538618 ], [ 73.057658620689651, 33.720554565386173 ], [ 73.057658620689651, 33.720559027442633 ], [ 73.057655938697323, 33.720559027442633 ], [ 73.057655938697323, 33.720561258470752 ], [ 73.057653256704981, 33.720561258470745 ], [ 73.057653256704981, 33.720570182582719 ], [ 73.057655938697323, 33.720570182582719 ], [ 73.057655938697323, 33.720572413610547 ], [ 73.057653256704981, 33.72057241361054 ], [ 73.057653256704981, 33.720574644638326 ], [ 73.057655938697323, 33.72057464463834 ], [ 73.057655938697323, 33.720583568748886 ], [ 73.057653256704981, 33.720583568748893 ], [ 73.057653256704981, 33.720588030803825 ], [ 73.057655938697323, 33.720588030803832 ], [ 73.057655938697323, 33.720590261831212 ], [ 73.057653256704981, 33.720590261831205 ], [ 73.057653256704981, 33.720594723885782 ], [ 73.057650574712639, 33.720594723885775 ], [ 73.057650574712639, 33.720599185940152 ], [ 73.057642528735627, 33.720599185940145 ] ] ] } },
{ "type": "Feature", "properties": { "value": 255, "area_m2": 66.066440762970117 }, "geometry": { "type": "Polygon", "coordinates": [ [ [ 73.057379693486581, 33.720610341075009 ], [ 73.057379693486581, 33.720608110048161 ], [ 73.057371647509569, 33.720608110048168 ], [ 73.057371647509569, 33.72060587902125 ], [ 73.0573662835249, 33.720605879021235 ], [ 73.0573662835249, 33.720603647994253 ], [ 73.057363601532558, 33.72060364799426 ], [ 73.057363601532558, 33.720601416967234 ], [ 73.05736091954023, 33.720601416967241 ], [ 73.05736091954023, 33.720599185940152 ], [ 73.057355555555546, 33.720599185940145 ], [ 73.057355555555546, 33.720594723885782 ], [ 73.057352873563218, 33.720594723885789 ], [ 73.057352873563218, 33.720592492858536 ], [ 73.057350191570862, 33.720592492858529 ], [ 73.057350191570862, 33.720588030803832 ], [ 73.057347509578534, 33.720588030803832 ], [ 73.057347509578534, 33.720561258470752 ], [ 73.057350191570862, 33.720561258470745 ], [ 73.057350191570862, 33.720556796414414 ], [ 73.057352873563218, 33.720556796414428 ], [ 73.057352873563218, 33.720552334357862 ], [ 73.057355555555546, 33.720552334357876 ], [ 73.057355555555546, 33.720550103329501 ], [ 73.057358237547874, 33.720550103329501 ], [ 73.057358237547874, 33.720545641272608 ], [ 73.05736091954023, 33.720545641272594 ], [ 73.05736091954023, 33.720538948186807 ], [ 73.057363601532558, 33.720538948186814 ], [ 73.057363601532558, 33.720523330984612 ], [ 73.0573662835249, 33.720523330984612 ], [ 73.0573662835249, 33.720514406867778 ], [ 73.057368965517242, 33.720514406867778 ], [ 73.057368965517242, 33.720509944809024 ], [ 73.057377011494253, 33.720509944809017 ], [ 73.057377011494253, 33.720507713779554 ], [ 73.057379693486581, 33.720507713779547 ], [ 73.057379693486581, 33.720509944809017 ], [ 73.057387739463593, 33.720509944809017 ], [ 73.057387739463593, 33.720512175838422 ], [ 73.057393103448277, 33.720512175838422 ], [ 73.057393103448277, 33.720516637897077 ], [ 73.057398467432947, 33.720516637897077 ], [ 73.057398467432947, 33.720518868926305 ], [ 73.057403831417616, 33.720518868926305 ], [ 73.057403831417616, 33.720521099955477 ], [ 73.0574091954023, 33.720521099955477 ], [ 73.0574091954023, 33.720523330984612 ], [ 73.05741455938697, 33.720523330984605 ], [ 73.05741455938697, 33.720525562013663 ], [ 73.057417241379298, 33.720525562013663 ], [ 73.057417241379298, 33.72052779304267 ], [ 73.057422605363982, 33.720527793042663 ], [ 73.057422605363982, 33.720530024071607 ], [ 73.05742528735631, 33.7205300240716 ], [ 73.05742528735631, 33.720532255100501 ], [ 73.057427969348637, 33.720532255100501 ], [ 73.057427969348637, 33.720534486129338 ], [ 73.057430651340994, 33.720534486129331 ], [ 73.057430651340994, 33.720536717158097 ], [ 73.057436015325663, 33.720536717158097 ], [ 73.057436015325663, 33.720538948186821 ], [ 73.057438697318005, 33.720538948186807 ], [ 73.057438697318005, 33.720541179215459 ], [ 73.057441379310333, 33.720541179215459 ], [ 73.057441379310333, 33.720545641272594 ], [ 73.057444061302675, 33.720545641272587 ], [ 73.057444061302675, 33.720567951554798 ], [ 73.057441379310333, 33.720567951554798 ], [ 73.057441379310333, 33.720572413610547 ], [ 73.057438697318005, 33.720572413610547 ], [ 73.057438697318005, 33.720574644638333 ], [ 73.057436015325663, 33.72057464463834 ], [ 73.057436015325663, 33.720579106693727 ], [ 73.057427969348637, 33.720579106693727 ], [ 73.057427969348637, 33.720581337721335 ], [ 73.05741992337164, 33.720581337721342 ], [ 73.05741992337164, 33.720583568748893 ], [ 73.057411877394628, 33.720583568748893 ], [ 73.057411877394628, 33.720585799776373 ], [ 73.0574091954023, 33.72058579977638 ], [ 73.0574091954023, 33.720590261831212 ], [ 73.057406513409958, 33.720590261831205 ], [ 73.057406513409958, 33.720592492858529 ], [ 73.057403831417616, 33.720592492858529 ], [ 73.057403831417616, 33.720594723885789 ], [ 73.057401149425289, 33.720594723885789 ], [ 73.057401149425289, 33.720596954912992 ], [ 73.057398467432947, 33.720596954912992 ], [ 73.057398467432947, 33.720599185940152 ], [ 73.057395785440605, 33.720599185940152 ], [ 73.057395785440605, 33.720601416967234 ], [ 73.057393103448277, 33.720601416967234 ], [ 73.057393103448277, 33.720605879021242 ], [ 73.057390421455935, 33.720605879021242 ], [ 73.057390421455935, 33.720608110048168 ], [ 73.057387739463593, 33.720608110048154 ], [ 73.057387739463593, 33.720610341075009 ], [ 73.057379693486581, 33.720610341075009 ] ] ] } },
{ "type": "Feature", "properties": { "value": 255, "area_m2": 62.252764264524593 }, "geometry": { "type": "Polygon", "coordinates": [ [ [ 73.053426436781606, 33.720596954912985 ], [ 73.053426436781606, 33.720594723885782 ], [ 73.053423754789279, 33.720594723885782 ], [ 73.053423754789279, 33.720592492858529 ], [ 73.053421072796937, 33.720592492858529 ], [ 73.053421072796937, 33.720590261831205 ], [ 73.053418390804609, 33.720590261831212 ], [ 73.053418390804609, 33.720574644638333 ], [ 73.053421072796937, 33.720574644638326 ], [ 73.053421072796937, 33.720565720526857 ], [ 73.053423754789279, 33.720565720526849 ], [ 73.053423754789279, 33.720561258470752 ], [ 73.053426436781606, 33.720561258470752 ], [ 73.053426436781606, 33.72055456538618 ], [ 73.053429118773948, 33.72055456538618 ], [ 73.053429118773948, 33.720552334357876 ], [ 73.053431800766276, 33.720552334357869 ], [ 73.053431800766276, 33.720534486129331 ], [ 73.053429118773948, 33.720534486129331 ], [ 73.053429118773948, 33.720530024071607 ], [ 73.053431800766276, 33.720530024071593 ], [ 73.053431800766276, 33.720516637897077 ], [ 73.053434482758618, 33.72051663789707 ], [ 73.053434482758618, 33.720512175838422 ], [ 73.053437164750946, 33.720512175838422 ], [ 73.053437164750946, 33.720509944809017 ], [ 73.05344252873563, 33.720509944809017 ], [ 73.05344252873563, 33.720507713779554 ], [ 73.053455938697311, 33.720507713779554 ], [ 73.053455938697311, 33.720509944809017 ], [ 73.053463984674323, 33.720509944809017 ], [ 73.053463984674323, 33.720512175838422 ], [ 73.053490804597701, 33.720512175838429 ], [ 73.053490804597701, 33.720509944809017 ], [ 73.053498850574712, 33.720509944809017 ], [ 73.053498850574712, 33.720512175838437 ], [ 73.053501532567054, 33.720512175838422 ], [ 73.053501532567054, 33.720516637897077 ], [ 73.053509578544066, 33.72051663789707 ], [ 73.053509578544066, 33.720518868926305 ], [ 73.053512260536394, 33.720518868926298 ], [ 73.053512260536394, 33.720521099955469 ], [ 73.053514942528736, 33.720521099955484 ], [ 73.053514942528736, 33.720530024071607 ], [ 73.053512260536394, 33.720530024071607 ], [ 73.053512260536394, 33.720538948186807 ], [ 73.053509578544066, 33.720538948186814 ], [ 73.053509578544066, 33.720541179215473 ], [ 73.053506896551724, 33.720541179215466 ], [ 73.053506896551724, 33.720550103329515 ], [ 73.053504214559396, 33.720550103329515 ], [ 73.053504214559396, 33.720554565386173 ], [ 73.053501532567054, 33.720554565386173 ], [ 73.053501532567054, 33.720559027442619 ], [ 73.053498850574712, 33.720559027442619 ], [ 73.053498850574712, 33.720563489498815 ], [ 73.053496168582384, 33.720563489498822 ], [ 73.053496168582384, 33.720565720526849 ], [ 73.053493486590042, 33.720565720526849 ], [ 73.053493486590042, 33.720570182582719 ], [ 73.053490804597701, 33.720570182582719 ], [ 73.053490804597701, 33.720574644638333 ], [ 73.053488122605373, 33.720574644638333 ], [ 73.053488122605373, 33.720576875666055 ], [ 73.053485440613031, 33.720576875666069 ], [ 73.053485440613031, 33.720581337721349 ], [ 73.053482758620689, 33.720581337721349 ], [ 73.053482758620689, 33.7205835687489 ], [ 73.053480076628361, 33.720583568748893 ], [ 73.053480076628361, 33.720585799776373 ], [ 73.053477394636019, 33.720585799776387 ], [ 73.053477394636019, 33.720590261831205 ], [ 73.053472030651335, 33.720590261831212 ], [ 73.053472030651335, 33.720592492858529 ], [ 73.053445210727958, 33.720592492858529 ], [ 73.053445210727958, 33.720594723885775 ], [ 73.053439846743288, 33.720594723885782 ], [ 73.053439846743288, 33.720596954912992 ], [ 73.053426436781606, 33.720596954912985 ] ] ] } },
{ "type": "Feature", "properties": { "value": 255, "area_m2": 50.318906214630175 }, "geometry": { "type": "Polygon", "coordinates": [ [ [ 73.054472413793093, 33.720574644638333 ], [ 73.054472413793093, 33.720572413610547 ], [ 73.054469731800765, 33.720572413610547 ], [ 73.054469731800765, 33.720570182582719 ], [ 73.054464367816095, 33.720570182582712 ], [ 73.054464367816095, 33.720567951554806 ], [ 73.054459003831425, 33.720567951554791 ], [ 73.054459003831425, 33.720565720526849 ], [ 73.054456321839083, 33.720565720526849 ], [ 73.054456321839083, 33.720561258470752 ], [ 73.054453639846741, 33.720561258470745 ], [ 73.054453639846741, 33.720523330984598 ], [ 73.054450957854414, 33.720523330984612 ], [ 73.054450957854414, 33.720521099955484 ], [ 73.054448275862072, 33.720521099955477 ], [ 73.054448275862072, 33.720516637897077 ], [ 73.054442911877402, 33.720516637897077 ], [ 73.054442911877402, 33.720505482750021 ], [ 73.054448275862072, 33.720505482750021 ], [ 73.054448275862072, 33.720503251720451 ], [ 73.054475095785435, 33.720503251720459 ], [ 73.054475095785435, 33.720505482750013 ], [ 73.054477777777763, 33.720505482750021 ], [ 73.054477777777763, 33.720503251720444 ], [ 73.054480459770105, 33.720503251720444 ], [ 73.054480459770105, 33.720505482750021 ], [ 73.054512643678166, 33.720505482750021 ], [ 73.054512643678166, 33.720509944809017 ], [ 73.054515325670494, 33.720509944809017 ], [ 73.054515325670494, 33.720512175838429 ], [ 73.054518007662836, 33.720512175838429 ], [ 73.054518007662836, 33.720514406867771 ], [ 73.054526053639847, 33.720514406867785 ], [ 73.054526053639847, 33.720518868926305 ], [ 73.054528735632189, 33.720518868926305 ], [ 73.054528735632189, 33.720523330984605 ], [ 73.054531417624517, 33.720523330984612 ], [ 73.054531417624517, 33.72052556201367 ], [ 73.054528735632189, 33.720525562013663 ], [ 73.054528735632189, 33.720534486129324 ], [ 73.054526053639847, 33.720534486129331 ], [ 73.054526053639847, 33.720552334357883 ], [ 73.054523371647505, 33.720552334357869 ], [ 73.054523371647505, 33.720561258470752 ], [ 73.054520689655178, 33.720561258470752 ], [ 73.054520689655178, 33.720567951554806 ], [ 73.054515325670494, 33.720567951554806 ], [ 73.054515325670494, 33.720572413610547 ], [ 73.054507279693482, 33.720572413610547 ], [ 73.054507279693482, 33.720574644638333 ], [ 73.054472413793093, 33.720574644638333 ] ] ] } },
{ "type": "Feature", "properties": { "value": 255, "area_m2": 42.075874692016143 }, "geometry": { "type": "Polygon", "coordinates": [ [ [ 73.057025670498078, 33.720563489498822 ], [ 73.057025670498078, 33.720561258470752 ], [ 73.057017624521066, 33.720561258470745 ], [ 73.057017624521066, 33.720559027442619 ], [ 73.057014942528724, 33.720559027442619 ], [ 73.057014942528724, 33.720556796414428 ], [ 73.057009578544054, 33.720556796414428 ], [ 73.057009578544054, 33.72055456538618 ], [ 73.05700421455937, 33.72055456538618 ], [ 73.05700421455937, 33.720552334357876 ], [ 73.057001532567043, 33.720552334357862 ], [ 73.057001532567043, 33.720550103329515 ], [ 73.056998850574701, 33.720550103329508 ], [ 73.056998850574701, 33.720547872301076 ], [ 73.056993486590031, 33.720547872301083 ], [ 73.056993486590031, 33.720545641272594 ], [ 73.056990804597689, 33.720545641272594 ], [ 73.056990804597689, 33.720543410244069 ], [ 73.056988122605347, 33.720543410244048 ], [ 73.056988122605347, 33.720541179215459 ], [ 73.056982758620691, 33.720541179215459 ], [ 73.056982758620691, 33.720538948186814 ], [ 73.056980076628349, 33.720538948186807 ], [ 73.056980076628349, 33.720536717158097 ], [ 73.056974712643679, 33.720536717158105 ], [ 73.056974712643679, 33.720534486129324 ], [ 73.056972030651337, 33.720534486129324 ], [ 73.056972030651337, 33.720532255100508 ], [ 73.05696934865901, 33.720532255100494 ], [ 73.05696934865901, 33.7205300240716 ], [ 73.056966666666668, 33.720530024071607 ], [ 73.056966666666668, 33.72052779304267 ], [ 73.056963984674326, 33.72052779304267 ], [ 73.056963984674326, 33.720509944809017 ], [ 73.056966666666668, 33.720509944809017 ], [ 73.056966666666668, 33.720507713779561 ], [ 73.05696934865901, 33.720507713779561 ], [ 73.05696934865901, 33.720505482750021 ], [ 73.056996168582359, 33.720505482750028 ], [ 73.056996168582359, 33.720503251720451 ], [ 73.057001532567043, 33.720503251720451 ], [ 73.057001532567043, 33.720501020690811 ], [ 73.057006896551712, 33.720501020690811 ], [ 73.057006896551712, 33.720503251720459 ], [ 73.057017624521066, 33.720503251720444 ], [ 73.057017624521066, 33.720505482750013 ], [ 73.057020306513408, 33.720505482750013 ], [ 73.057020306513408, 33.720507713779561 ], [ 73.057025670498078, 33.720507713779554 ], [ 73.057025670498078, 33.720509944809017 ], [ 73.057031034482762, 33.720509944809017 ], [ 73.057031034482762, 33.720512175838422 ], [ 73.057036398467432, 33.720512175838429 ], [ 73.057036398467432, 33.720514406867778 ], [ 73.057039080459774, 33.720514406867778 ], [ 73.057039080459774, 33.720516637897077 ], [ 73.057044444444443, 33.720516637897084 ], [ 73.057044444444443, 33.720518868926305 ], [ 73.057049808429113, 33.720518868926305 ], [ 73.057049808429113, 33.720521099955484 ], [ 73.057052490421455, 33.720521099955477 ], [ 73.057052490421455, 33.720523330984612 ], [ 73.057057854406125, 33.720523330984605 ], [ 73.057057854406125, 33.72052779304267 ], [ 73.057063218390809, 33.720527793042663 ], [ 73.057063218390809, 33.720530024071607 ], [ 73.057065900383137, 33.7205300240716 ], [ 73.057065900383137, 33.720532255100501 ], [ 73.057068582375479, 33.720532255100494 ], [ 73.057068582375479, 33.720543410244041 ], [ 73.057065900383137, 33.720543410244055 ], [ 73.057065900383137, 33.720545641272601 ], [ 73.057063218390809, 33.720545641272601 ], [ 73.057063218390809, 33.720547872301083 ], [ 73.057057854406125, 33.720547872301083 ], [ 73.057057854406125, 33.720550103329515 ], [ 73.057055172413797, 33.720550103329515 ], [ 73.057055172413797, 33.720552334357869 ], [ 73.057049808429113, 33.720552334357869 ], [ 73.057049808429113, 33.720554565386173 ], [ 73.057044444444443, 33.720554565386173 ], [ 73.057044444444443, 33.720561258470759 ], [ 73.057039080459774, 33.720561258470752 ], [ 73.057039080459774, 33.720563489498815 ], [ 73.05703371647509, 33.720563489498822 ], [ 73.05703371647509, 33.720561258470759 ], [ 73.05702835249042, 33.720561258470752 ], [ 73.05702835249042, 33.720563489498815 ], [ 73.057025670498078, 33.720563489498822 ] ] ] } },
{ "type": "Feature", "properties": { "value": 255, "area_m2": 36.478080505072178 }, "geometry": { "type": "Polygon", "coordinates": [ [ [ 73.0563632183908, 33.720552334357883 ], [ 73.0563632183908, 33.720550103329508 ], [ 73.05635785440613, 33.720550103329515 ], [ 73.05635785440613, 33.720547872301076 ], [ 73.05635249042146, 33.720547872301076 ], [ 73.05635249042146, 33.720543410244062 ], [ 73.056347126436776, 33.720543410244055 ], [ 73.056347126436776, 33.720541179215466 ], [ 73.056344444444449, 33.720541179215466 ], [ 73.056344444444449, 33.7205389481868 ], [ 73.056341762452107, 33.720538948186814 ], [ 73.056341762452107, 33.720536717158097 ], [ 73.056333716475095, 33.720536717158097 ], [ 73.056333716475095, 33.720534486129338 ], [ 73.056331034482753, 33.720534486129331 ], [ 73.056331034482753, 33.720532255100501 ], [ 73.056328352490425, 33.720532255100494 ], [ 73.056328352490425, 33.720530024071593 ], [ 73.056325670498083, 33.7205300240716 ], [ 73.056325670498083, 33.72052779304267 ], [ 73.056322988505741, 33.720527793042663 ], [ 73.056322988505741, 33.720523330984605 ], [ 73.056317624521071, 33.720523330984605 ], [ 73.056317624521071, 33.720521099955477 ], [ 73.056312260536387, 33.720521099955477 ], [ 73.056312260536387, 33.720518868926298 ], [ 73.056306896551718, 33.720518868926298 ], [ 73.056306896551718, 33.720516637897077 ], [ 73.056304214559376, 33.72051663789707 ], [ 73.056304214559376, 33.720514406867778 ], [ 73.056301532567034, 33.720514406867778 ], [ 73.056301532567034, 33.720512175838429 ], [ 73.056298850574706, 33.720512175838422 ], [ 73.056298850574706, 33.720509944809017 ], [ 73.056296168582364, 33.720509944809017 ], [ 73.056296168582364, 33.720501020690804 ], [ 73.056408812260528, 33.720501020690804 ], [ 73.056408812260528, 33.720505482750021 ], [ 73.056406130268186, 33.720505482750028 ], [ 73.056406130268186, 33.720512175838422 ], [ 73.056403448275859, 33.720512175838422 ], [ 73.056403448275859, 33.720516637897084 ], [ 73.056400766283517, 33.720516637897077 ], [ 73.056400766283517, 33.720521099955484 ], [ 73.056398084291175, 33.720521099955484 ], [ 73.056398084291175, 33.720525562013663 ], [ 73.056392720306505, 33.720525562013663 ], [ 73.056392720306505, 33.720530024071607 ], [ 73.056390038314163, 33.7205300240716 ], [ 73.056390038314163, 33.720534486129331 ], [ 73.056387356321835, 33.720534486129324 ], [ 73.056387356321835, 33.720536717158105 ], [ 73.056384674329493, 33.720536717158097 ], [ 73.056384674329493, 33.720538948186807 ], [ 73.056381992337151, 33.720538948186814 ], [ 73.056381992337151, 33.720541179215459 ], [ 73.056379310344823, 33.720541179215452 ], [ 73.056379310344823, 33.720545641272601 ], [ 73.056376628352481, 33.720545641272594 ], [ 73.056376628352481, 33.720547872301076 ], [ 73.056373946360154, 33.720547872301076 ], [ 73.056373946360154, 33.720550103329508 ], [ 73.056371264367812, 33.720550103329508 ], [ 73.056371264367812, 33.720552334357876 ], [ 73.0563632183908, 33.720552334357883 ] ] ] } },
{ "type": "Feature", "properties": { "value": 255, "area_m2": 72.094868305260206 }, "geometry": { "type": "Polygon", "coordinates": [ [ [ 73.058951340996174, 33.720534486129331 ], [ 73.058951340996174, 33.720532255100494 ], [ 73.058948659003818, 33.720532255100501 ], [ 73.058948659003818, 33.720530024071607 ], [ 73.058940613026806, 33.7205300240716 ], [ 73.058940613026806, 33.72052779304267 ], [ 73.058932567049794, 33.720527793042663 ], [ 73.058932567049794, 33.720525562013663 ], [ 73.058927203065124, 33.720525562013663 ], [ 73.058927203065124, 33.720523330984605 ], [ 73.058919157088113, 33.720523330984598 ], [ 73.058919157088113, 33.720521099955484 ], [ 73.058913793103443, 33.720521099955477 ], [ 73.058913793103443, 33.720518868926305 ], [ 73.058903065134089, 33.720518868926305 ], [ 73.058903065134089, 33.720516637897084 ], [ 73.058892337164735, 33.720516637897063 ], [ 73.058892337164735, 33.720514406867778 ], [ 73.058889655172408, 33.720514406867778 ], [ 73.058889655172408, 33.720512175838422 ], [ 73.058884291187738, 33.720512175838429 ], [ 73.058884291187738, 33.720509944809017 ], [ 73.058876245210726, 33.720509944809017 ], [ 73.058876245210726, 33.720507713779561 ], [ 73.058870881226042, 33.720507713779554 ], [ 73.058870881226042, 33.720505482750021 ], [ 73.058865517241372, 33.720505482750028 ], [ 73.058865517241372, 33.720503251720451 ], [ 73.05886283524903, 33.720503251720459 ], [ 73.05886283524903, 33.720501020690811 ], [ 73.058857471264361, 33.720501020690811 ], [ 73.058857471264361, 33.720498789661107 ], [ 73.058854789272019, 33.720498789661107 ], [ 73.058854789272019, 33.720496558631353 ], [ 73.058852107279691, 33.720496558631353 ], [ 73.058852107279691, 33.720494327601536 ], [ 73.058849425287349, 33.720494327601529 ], [ 73.058849425287349, 33.720487634511741 ], [ 73.058846743295007, 33.720487634511734 ], [ 73.058846743295007, 33.720472017300196 ], [ 73.058849425287349, 33.720472017300203 ], [ 73.058849425287349, 33.720463093178047 ], [ 73.058852107279691, 33.720463093178047 ], [ 73.058852107279691, 33.720456400085816 ], [ 73.058854789272019, 33.72045640008583 ], [ 73.058854789272019, 33.72045416905496 ], [ 73.058857471264361, 33.72045416905496 ], [ 73.058857471264361, 33.720449706993072 ], [ 73.05886283524903, 33.720449706993072 ], [ 73.05886283524903, 33.720447475962033 ], [ 73.058865517241372, 33.720447475962033 ], [ 73.058865517241372, 33.720449706993072 ], [ 73.05888160919541, 33.72044970699308 ], [ 73.05888160919541, 33.720451938024048 ], [ 73.058878927203054, 33.720451938024034 ], [ 73.058878927203054, 33.72045640008583 ], [ 73.058884291187738, 33.720456400085823 ], [ 73.058884291187738, 33.720458631116607 ], [ 73.058886973180066, 33.720458631116614 ], [ 73.058886973180066, 33.720460862147355 ], [ 73.058889655172408, 33.720460862147355 ], [ 73.058889655172408, 33.72046309317804 ], [ 73.058895019157077, 33.72046309317804 ], [ 73.058895019157077, 33.720465324208675 ], [ 73.058903065134089, 33.720465324208668 ], [ 73.058903065134089, 33.720467555239232 ], [ 73.058905747126431, 33.720467555239239 ], [ 73.058905747126431, 33.720469786269753 ], [ 73.058913793103443, 33.720469786269746 ], [ 73.058913793103443, 33.720465324208682 ], [ 73.058919157088113, 33.720465324208668 ], [ 73.058919157088113, 33.720467555239232 ], [ 73.058916475095771, 33.720467555239232 ], [ 73.058916475095771, 33.720469786269746 ], [ 73.058924521072782, 33.720469786269746 ], [ 73.058924521072782, 33.720465324208682 ], [ 73.058929885057466, 33.720465324208675 ], [ 73.058929885057466, 33.720469786269746 ], [ 73.058940613026806, 33.720469786269753 ], [ 73.058940613026806, 33.720472017300203 ], [ 73.058943295019162, 33.720472017300203 ], [ 73.058943295019162, 33.72047647936094 ], [ 73.05894597701149, 33.720476479360926 ], [ 73.05894597701149, 33.720474248330603 ], [ 73.058951340996174, 33.720474248330596 ], [ 73.058951340996174, 33.72047647936094 ], [ 73.058954022988502, 33.72047647936094 ], [ 73.058954022988502, 33.720483172451601 ], [ 73.058956704980844, 33.720483172451601 ], [ 73.058956704980844, 33.720485403481703 ], [ 73.058962068965513, 33.720485403481696 ], [ 73.058962068965513, 33.720487634511741 ], [ 73.058964750957855, 33.720487634511748 ], [ 73.058964750957855, 33.720492096571668 ], [ 73.058967432950197, 33.720492096571668 ], [ 73.058967432950197, 33.720494327601529 ], [ 73.058972796934867, 33.720494327601529 ], [ 73.058972796934867, 33.720496558631353 ], [ 73.058975478927195, 33.720496558631346 ], [ 73.058975478927195, 33.720498789661107 ], [ 73.058978160919537, 33.720498789661107 ], [ 73.058978160919537, 33.720501020690811 ], [ 73.058986206896535, 33.720501020690804 ], [ 73.058986206896535, 33.720503251720451 ], [ 73.058988888888877, 33.720503251720451 ], [ 73.058988888888877, 33.720507713779554 ], [ 73.058996934865888, 33.720507713779547 ], [ 73.058996934865888, 33.720514406867778 ], [ 73.058994252873546, 33.720514406867778 ], [ 73.058994252873546, 33.720516637897063 ], [ 73.058991570881219, 33.720516637897077 ], [ 73.058991570881219, 33.720523330984612 ], [ 73.058988888888877, 33.720523330984605 ], [ 73.058988888888877, 33.720525562013663 ], [ 73.058986206896535, 33.720525562013663 ], [ 73.058986206896535, 33.72052779304267 ], [ 73.058980842911865, 33.72052779304267 ], [ 73.058980842911865, 33.7205300240716 ], [ 73.058975478927195, 33.7205300240716 ], [ 73.058975478927195, 33.720532255100501 ], [ 73.058967432950197, 33.720532255100508 ], [ 73.058967432950197, 33.720534486129331 ], [ 73.058951340996174, 33.720534486129331 ] ] ] } },
{ "type": "Feature", "properties": { "value": 255, "area_m2": 41.952892925998526 }, "geometry": { "type": "Polygon", "coordinates": [ [ [ 73.057098084291184, 33.720516637897084 ], [ 73.057098084291184, 33.720514406867785 ], [ 73.0570927203065, 33.720514406867785 ], [ 73.0570927203065, 33.720512175838429 ], [ 73.05708735632183, 33.720512175838422 ], [ 73.05708735632183, 33.720509944809017 ], [ 73.05708199233716, 33.720509944809017 ], [ 73.05708199233716, 33.720507713779554 ], [ 73.057079310344818, 33.720507713779561 ], [ 73.057079310344818, 33.720505482750035 ], [ 73.057071264367806, 33.720505482750028 ], [ 73.057071264367806, 33.720503251720444 ], [ 73.057068582375479, 33.720503251720459 ], [ 73.057068582375479, 33.720501020690811 ], [ 73.057065900383137, 33.720501020690818 ], [ 73.057065900383137, 33.720498789661107 ], [ 73.057060536398467, 33.720498789661114 ], [ 73.057060536398467, 33.720496558631353 ], [ 73.057057854406125, 33.720496558631353 ], [ 73.057057854406125, 33.720494327601529 ], [ 73.057052490421455, 33.720494327601521 ], [ 73.057052490421455, 33.720492096571661 ], [ 73.057047126436785, 33.720492096571661 ], [ 73.057047126436785, 33.72048986554173 ], [ 73.057044444444443, 33.72048986554173 ], [ 73.057044444444443, 33.720487634511741 ], [ 73.057039080459774, 33.720487634511748 ], [ 73.057039080459774, 33.720485403481696 ], [ 73.05703371647509, 33.72048540348171 ], [ 73.05703371647509, 33.720483172451601 ], [ 73.05702835249042, 33.720483172451601 ], [ 73.05702835249042, 33.720480941421428 ], [ 73.057025670498078, 33.720480941421421 ], [ 73.057025670498078, 33.720478710391212 ], [ 73.05702298850575, 33.720478710391212 ], [ 73.05702298850575, 33.72047647936094 ], [ 73.057020306513408, 33.72047647936094 ], [ 73.057020306513408, 33.720474248330596 ], [ 73.057017624521066, 33.720474248330596 ], [ 73.057017624521066, 33.720467555239232 ], [ 73.057020306513408, 33.720467555239232 ], [ 73.057020306513408, 33.720463093178047 ], [ 73.05702298850575, 33.72046309317804 ], [ 73.05702298850575, 33.720456400085823 ], [ 73.057025670498078, 33.720456400085823 ], [ 73.057025670498078, 33.720451938024041 ], [ 73.05702835249042, 33.720451938024048 ], [ 73.05702835249042, 33.720447475962025 ], [ 73.057031034482762, 33.720447475962018 ], [ 73.057031034482762, 33.720445244930929 ], [ 73.057047126436785, 33.72044524493095 ], [ 73.057047126436785, 33.720447475962025 ], [ 73.057052490421455, 33.720447475962025 ], [ 73.057052490421455, 33.720449706993065 ], [ 73.057057854406125, 33.720449706993065 ], [ 73.057057854406125, 33.720451938024034 ], [ 73.057063218390809, 33.720451938024041 ], [ 73.057063218390809, 33.72045416905496 ], [ 73.057065900383137, 33.72045416905496 ], [ 73.057065900383137, 33.720456400085823 ], [ 73.057071264367806, 33.720456400085823 ], [ 73.057071264367806, 33.720460862147355 ], [ 73.057079310344818, 33.720460862147355 ], [ 73.057079310344818, 33.72046309317804 ], [ 73.05708199233716, 33.720463093178047 ], [ 73.05708199233716, 33.720465324208682 ], [ 73.05708735632183, 33.720465324208682 ], [ 73.05708735632183, 33.720467555239232 ], [ 73.057095402298842, 33.720467555239232 ], [ 73.057095402298842, 33.720469786269746 ], [ 73.057098084291184, 33.720469786269753 ], [ 73.057098084291184, 33.720472017300203 ], [ 73.057103448275853, 33.720472017300203 ], [ 73.057103448275853, 33.720474248330596 ], [ 73.057106130268195, 33.720474248330603 ], [ 73.057106130268195, 33.720476479360926 ], [ 73.057108812260537, 33.720476479360933 ], [ 73.057108812260537, 33.720478710391212 ], [ 73.057114176245207, 33.720478710391212 ], [ 73.057114176245207, 33.720480941421421 ], [ 73.057116858237549, 33.720480941421421 ], [ 73.057116858237549, 33.720483172451594 ], [ 73.057119540229877, 33.720483172451594 ], [ 73.057119540229877, 33.720485403481703 ], [ 73.057124904214561, 33.720485403481703 ], [ 73.057124904214561, 33.720496558631353 ], [ 73.057122222222219, 33.720496558631353 ], [ 73.057122222222219, 33.720501020690811 ], [ 73.057119540229877, 33.720501020690804 ], [ 73.057119540229877, 33.720503251720459 ], [ 73.057116858237549, 33.720503251720459 ], [ 73.057116858237549, 33.720507713779547 ], [ 73.057114176245207, 33.720507713779561 ], [ 73.057114176245207, 33.720512175838422 ], [ 73.057111494252865, 33.720512175838422 ], [ 73.057111494252865, 33.720514406867771 ], [ 73.057106130268195, 33.720514406867778 ], [ 73.057106130268195, 33.720516637897077 ], [ 73.057098084291184, 33.720516637897084 ] ] ] } },
{ "type": "Feature", "properties": { "value": 255, "area_m2": 72.648730797436912 }, "geometry": { "type": "Polygon", "coordinates": [ [ [ 73.055459386973169, 33.720534486129331 ], [ 73.055459386973169, 33.720532255100494 ], [ 73.055448659003829, 33.720532255100508 ], [ 73.055448659003829, 33.72052779304267 ], [ 73.055445977011487, 33.720527793042663 ], [ 73.055445977011487, 33.720525562013655 ], [ 73.055443295019145, 33.720525562013663 ], [ 73.055443295019145, 33.720518868926298 ], [ 73.055440613026818, 33.720518868926305 ], [ 73.055440613026818, 33.720514406867771 ], [ 73.055443295019145, 33.720514406867771 ], [ 73.055443295019145, 33.720509944809017 ], [ 73.055440613026818, 33.720509944809017 ], [ 73.055440613026818, 33.720505482750021 ], [ 73.055445977011487, 33.720505482750021 ], [ 73.055445977011487, 33.720503251720444 ], [ 73.055443295019145, 33.720503251720459 ], [ 73.055443295019145, 33.720501020690811 ], [ 73.055440613026818, 33.720501020690811 ], [ 73.055440613026818, 33.720498789661107 ], [ 73.055437931034476, 33.7204987896611 ], [ 73.055437931034476, 33.720496558631346 ], [ 73.055435249042134, 33.720496558631353 ], [ 73.055435249042134, 33.720494327601536 ], [ 73.055432567049806, 33.720494327601521 ], [ 73.055432567049806, 33.720492096571654 ], [ 73.055429885057464, 33.720492096571661 ], [ 73.055429885057464, 33.720487634511741 ], [ 73.055427203065122, 33.720487634511741 ], [ 73.055427203065122, 33.720483172451594 ], [ 73.055424521072794, 33.720483172451601 ], [ 73.055424521072794, 33.720480941421421 ], [ 73.055421839080452, 33.720480941421421 ], [ 73.055421839080452, 33.72047647936094 ], [ 73.055419157088124, 33.720476479360933 ], [ 73.055419157088124, 33.720474248330596 ], [ 73.055416475095782, 33.720474248330603 ], [ 73.055416475095782, 33.720472017300203 ], [ 73.055413793103455, 33.720472017300196 ], [ 73.055413793103455, 33.720469786269753 ], [ 73.055411111111113, 33.720469786269746 ], [ 73.055411111111113, 33.720467555239232 ], [ 73.055408429118785, 33.720467555239232 ], [ 73.055408429118785, 33.720465324208682 ], [ 73.055405747126429, 33.720465324208682 ], [ 73.055405747126429, 33.720460862147355 ], [ 73.055400383141773, 33.720460862147348 ], [ 73.055400383141773, 33.72045416905496 ], [ 73.055403065134101, 33.720454169054953 ], [ 73.055403065134101, 33.720449706993072 ], [ 73.055405747126429, 33.720449706993065 ], [ 73.055405747126429, 33.720443013899803 ], [ 73.055408429118785, 33.720443013899803 ], [ 73.055408429118785, 33.7204407828686 ], [ 73.055411111111113, 33.720440782868586 ], [ 73.055411111111113, 33.720438551837326 ], [ 73.055413793103455, 33.720438551837319 ], [ 73.055413793103455, 33.720436320806009 ], [ 73.055419157088124, 33.720436320806009 ], [ 73.055419157088124, 33.720434089774621 ], [ 73.055424521072794, 33.720434089774614 ], [ 73.055424521072794, 33.72043185874319 ], [ 73.055429885057464, 33.720431858743197 ], [ 73.055429885057464, 33.720434089774614 ], [ 73.055440613026818, 33.720434089774614 ], [ 73.055440613026818, 33.720436320805995 ], [ 73.055443295019145, 33.720436320806009 ], [ 73.055443295019145, 33.720434089774614 ], [ 73.055448659003829, 33.720434089774621 ], [ 73.055448659003829, 33.720436320806009 ], [ 73.055459386973169, 33.720436320806009 ], [ 73.055459386973169, 33.720438551837319 ], [ 73.055464750957853, 33.720438551837319 ], [ 73.055464750957853, 33.720440782868593 ], [ 73.055470114942537, 33.720440782868593 ], [ 73.055470114942537, 33.720443013899803 ], [ 73.055475478927193, 33.720443013899803 ], [ 73.055475478927193, 33.720445244930943 ], [ 73.055478160919549, 33.720445244930943 ], [ 73.055478160919549, 33.720447475962033 ], [ 73.055483524904218, 33.720447475962033 ], [ 73.055483524904218, 33.720449706993072 ], [ 73.055488888888888, 33.720449706993072 ], [ 73.055488888888888, 33.720451938024048 ], [ 73.055494252873572, 33.720451938024041 ], [ 73.055494252873572, 33.72045416905496 ], [ 73.0554969348659, 33.72045416905496 ], [ 73.0554969348659, 33.720456400085823 ], [ 73.055504980842912, 33.720456400085823 ], [ 73.055504980842912, 33.720458631116614 ], [ 73.055510344827582, 33.720458631116621 ], [ 73.055510344827582, 33.720460862147355 ], [ 73.055513026819909, 33.720460862147348 ], [ 73.055513026819909, 33.720463093178047 ], [ 73.055515708812251, 33.720463093178054 ], [ 73.055515708812251, 33.720467555239232 ], [ 73.055518390804593, 33.720467555239239 ], [ 73.055518390804593, 33.720472017300196 ], [ 73.055515708812251, 33.720472017300203 ], [ 73.055515708812251, 33.720480941421421 ], [ 73.055513026819909, 33.720480941421421 ], [ 73.055513026819909, 33.720485403481703 ], [ 73.055510344827582, 33.720485403481696 ], [ 73.055510344827582, 33.720487634511741 ], [ 73.05550766283524, 33.720487634511741 ], [ 73.05550766283524, 33.72048986554173 ], [ 73.055504980842912, 33.720489865541737 ], [ 73.055504980842912, 33.720492096571661 ], [ 73.055502298850584, 33.720492096571668 ], [ 73.055502298850584, 33.720496558631361 ], [ 73.0554969348659, 33.720496558631353 ], [ 73.0554969348659, 33.720501020690804 ], [ 73.055494252873572, 33.720501020690804 ], [ 73.055494252873572, 33.720521099955477 ], [ 73.05549157088123, 33.720521099955477 ], [ 73.05549157088123, 33.720523330984612 ], [ 73.055488888888888, 33.720523330984605 ], [ 73.055488888888888, 33.720525562013663 ], [ 73.05548620689656, 33.720525562013663 ], [ 73.05548620689656, 33.720527793042656 ], [ 73.055483524904218, 33.72052779304267 ], [ 73.055483524904218, 33.7205300240716 ], [ 73.055480842911876, 33.7205300240716 ], [ 73.055480842911876, 33.720532255100508 ], [ 73.055475478927193, 33.720532255100494 ], [ 73.055475478927193, 33.720534486129324 ], [ 73.055459386973169, 33.720534486129331 ] ] ] } },
{ "type": "Feature", "properties": { "value": 255, "area_m2": 43.552353168156792 }, "geometry": { "type": "Polygon", "coordinates": [ [ [ 73.055660536398463, 33.720492096571661 ], [ 73.055660536398463, 33.720489865541737 ], [ 73.055652490421451, 33.720489865541737 ], [ 73.055652490421451, 33.720487634511734 ], [ 73.055647126436781, 33.720487634511741 ], [ 73.055647126436781, 33.720485403481696 ], [ 73.05564444444444, 33.720485403481696 ], [ 73.05564444444444, 33.720483172451601 ], [ 73.055641762452112, 33.720483172451594 ], [ 73.055641762452112, 33.720480941421414 ], [ 73.05563908045977, 33.720480941421421 ], [ 73.05563908045977, 33.720478710391212 ], [ 73.055636398467428, 33.720478710391212 ], [ 73.055636398467428, 33.720476479360947 ], [ 73.055633716475086, 33.720476479360933 ], [ 73.055633716475086, 33.720474248330589 ], [ 73.055631034482758, 33.720474248330589 ], [ 73.055631034482758, 33.720469786269753 ], [ 73.055628352490416, 33.720469786269746 ], [ 73.055628352490416, 33.720467555239239 ], [ 73.055625670498074, 33.720467555239239 ], [ 73.055625670498074, 33.720465324208675 ], [ 73.055622988505746, 33.720465324208682 ], [ 73.055622988505746, 33.720463093178047 ], [ 73.055620306513404, 33.720463093178047 ], [ 73.055620306513404, 33.720458631116614 ], [ 73.055617624521062, 33.720458631116614 ], [ 73.055617624521062, 33.720456400085816 ], [ 73.05561494252872, 33.720456400085823 ], [ 73.05561494252872, 33.72045416905496 ], [ 73.055612260536392, 33.72045416905496 ], [ 73.055612260536392, 33.720449706993072 ], [ 73.05560957854405, 33.720449706993072 ], [ 73.05560957854405, 33.720447475962025 ], [ 73.055606896551708, 33.720447475962033 ], [ 73.055606896551708, 33.720443013899811 ], [ 73.055604214559381, 33.720443013899796 ], [ 73.055604214559381, 33.720438551837319 ], [ 73.055601532567039, 33.720438551837326 ], [ 73.055601532567039, 33.720420703585134 ], [ 73.055604214559381, 33.720420703585127 ], [ 73.055604214559381, 33.720418472553327 ], [ 73.055606896551708, 33.720418472553334 ], [ 73.055606896551708, 33.720414010489591 ], [ 73.05560957854405, 33.720414010489591 ], [ 73.05560957854405, 33.720411779457628 ], [ 73.055612260536392, 33.720411779457628 ], [ 73.055612260536392, 33.720409548425614 ], [ 73.05561494252872, 33.720409548425614 ], [ 73.05561494252872, 33.720407317393544 ], [ 73.055620306513404, 33.72040731739353 ], [ 73.055620306513404, 33.720409548425614 ], [ 73.055628352490416, 33.720409548425607 ], [ 73.055628352490416, 33.720411779457628 ], [ 73.055631034482758, 33.720411779457628 ], [ 73.055631034482758, 33.720414010489584 ], [ 73.055633716475086, 33.720414010489584 ], [ 73.055633716475086, 33.720416241521498 ], [ 73.05563908045977, 33.720416241521491 ], [ 73.05563908045977, 33.720418472553341 ], [ 73.05564444444444, 33.720418472553334 ], [ 73.05564444444444, 33.72042070358512 ], [ 73.055647126436781, 33.720420703585134 ], [ 73.055647126436781, 33.720422934616849 ], [ 73.055649808429123, 33.720422934616856 ], [ 73.055649808429123, 33.720425165648528 ], [ 73.055652490421451, 33.720425165648521 ], [ 73.055652490421451, 33.72042739668013 ], [ 73.055660536398463, 33.720427396680144 ], [ 73.055660536398463, 33.720429627711681 ], [ 73.055663218390805, 33.720429627711688 ], [ 73.055663218390805, 33.720431858743197 ], [ 73.055668582375475, 33.720431858743183 ], [ 73.055668582375475, 33.720434089774621 ], [ 73.055673946360159, 33.720434089774614 ], [ 73.055673946360159, 33.720436320806009 ], [ 73.055676628352487, 33.720436320806009 ], [ 73.055676628352487, 33.720438551837319 ], [ 73.055679310344829, 33.720438551837326 ], [ 73.055679310344829, 33.7204407828686 ], [ 73.055681992337156, 33.720440782868593 ], [ 73.055681992337156, 33.720443013899796 ], [ 73.055684674329498, 33.720443013899811 ], [ 73.055684674329498, 33.72045416905496 ], [ 73.055687356321826, 33.72045416905496 ], [ 73.055687356321826, 33.720456400085823 ], [ 73.055684674329498, 33.720456400085823 ], [ 73.055684674329498, 33.720465324208682 ], [ 73.055681992337156, 33.720465324208668 ], [ 73.055681992337156, 33.720469786269746 ], [ 73.055679310344829, 33.720469786269753 ], [ 73.055679310344829, 33.72047201730021 ], [ 73.055676628352487, 33.720472017300203 ], [ 73.055676628352487, 33.720476479360933 ], [ 73.055673946360159, 33.72047647936094 ], [ 73.055673946360159, 33.720480941421421 ], [ 73.055671264367817, 33.720480941421428 ], [ 73.055671264367817, 33.720487634511748 ], [ 73.055668582375475, 33.720487634511748 ], [ 73.055668582375475, 33.720489865541737 ], [ 73.055663218390805, 33.720489865541722 ], [ 73.055663218390805, 33.720492096571668 ], [ 73.055660536398463, 33.720492096571661 ] ] ] } },
{ "type": "Feature", "properties": { "value": 255, "area_m2": 28.850287344839906 }, "geometry": { "type": "Polygon", "coordinates": [ [ [ 73.059139080459772, 33.720460862147348 ], [ 73.059139080459772, 33.720458631116614 ], [ 73.059133716475088, 33.720458631116614 ], [ 73.059133716475088, 33.720456400085816 ], [ 73.05913103448276, 33.720456400085823 ], [ 73.05913103448276, 33.720454169054953 ], [ 73.059125670498076, 33.720454169054946 ], [ 73.059125670498076, 33.720451938024041 ], [ 73.059122988505749, 33.720451938024041 ], [ 73.059122988505749, 33.720436320806009 ], [ 73.059125670498076, 33.720436320806002 ], [ 73.059125670498076, 33.720429627711695 ], [ 73.059128352490418, 33.720429627711681 ], [ 73.059128352490418, 33.72042739668013 ], [ 73.059125670498076, 33.72042739668013 ], [ 73.059125670498076, 33.720425165648528 ], [ 73.05913103448276, 33.720425165648528 ], [ 73.05913103448276, 33.720422934616849 ], [ 73.059128352490418, 33.720422934616849 ], [ 73.059128352490418, 33.720420703585127 ], [ 73.05913103448276, 33.720420703585127 ], [ 73.05913103448276, 33.720418472553327 ], [ 73.059133716475088, 33.720418472553334 ], [ 73.059133716475088, 33.720409548425607 ], [ 73.05913639846743, 33.720409548425614 ], [ 73.05913639846743, 33.720407317393544 ], [ 73.059139080459772, 33.720407317393544 ], [ 73.059139080459772, 33.720405086361396 ], [ 73.0591417624521, 33.720405086361403 ], [ 73.0591417624521, 33.720402855329219 ], [ 73.059149808429112, 33.720402855329205 ], [ 73.059149808429112, 33.72040062429695 ], [ 73.059171264367805, 33.720400624296957 ], [ 73.059171264367805, 33.720402855329205 ], [ 73.059173946360147, 33.720402855329212 ], [ 73.059173946360147, 33.720405086361403 ], [ 73.059176628352475, 33.720405086361403 ], [ 73.059176628352475, 33.720407317393544 ], [ 73.059179310344817, 33.720407317393537 ], [ 73.059179310344817, 33.720409548425614 ], [ 73.059181992337159, 33.720409548425607 ], [ 73.059181992337159, 33.720411779457628 ], [ 73.059184674329501, 33.720411779457628 ], [ 73.059184674329501, 33.720414010489584 ], [ 73.059187356321829, 33.720414010489591 ], [ 73.059187356321829, 33.720425165648521 ], [ 73.059184674329501, 33.720425165648521 ], [ 73.059184674329501, 33.720429627711681 ], [ 73.059181992337159, 33.720429627711688 ], [ 73.059181992337159, 33.72043185874319 ], [ 73.059179310344817, 33.72043185874319 ], [ 73.059179310344817, 33.720436320806009 ], [ 73.059176628352475, 33.720436320806009 ], [ 73.059176628352475, 33.720440782868593 ], [ 73.059173946360147, 33.720440782868593 ], [ 73.059173946360147, 33.720443013899803 ], [ 73.059171264367805, 33.720443013899796 ], [ 73.059171264367805, 33.720447475962025 ], [ 73.059168582375463, 33.720447475962025 ], [ 73.059168582375463, 33.720451938024034 ], [ 73.059165900383135, 33.720451938024034 ], [ 73.059165900383135, 33.72045416905496 ], [ 73.059163218390793, 33.72045416905496 ], [ 73.059163218390793, 33.720458631116614 ], [ 73.059157854406109, 33.720458631116614 ], [ 73.059157854406109, 33.720460862147355 ], [ 73.059139080459772, 33.720460862147348 ] ] ] } },
{ "type": "Feature", "properties": { "value": 255, "area_m2": 63.483238327662761 }, "geometry": { "type": "Polygon", "coordinates": [ [ [ 73.053152873563221, 33.720483172451594 ], [ 73.053152873563221, 33.720480941421421 ], [ 73.053144827586209, 33.720480941421421 ], [ 73.053144827586209, 33.720478710391212 ], [ 73.053136781609197, 33.720478710391205 ], [ 73.053136781609197, 33.72047647936094 ], [ 73.053134099616855, 33.720476479360933 ], [ 73.053134099616855, 33.720474248330603 ], [ 73.053131417624527, 33.720474248330596 ], [ 73.053131417624527, 33.720472017300196 ], [ 73.053128735632185, 33.720472017300203 ], [ 73.053128735632185, 33.720469786269746 ], [ 73.053123371647516, 33.720469786269746 ], [ 73.053123371647516, 33.720467555239225 ], [ 73.053120689655159, 33.720467555239232 ], [ 73.053120689655159, 33.720465324208682 ], [ 73.053118007662832, 33.720465324208675 ], [ 73.053118007662832, 33.720463093178047 ], [ 73.053112643678148, 33.720463093178047 ], [ 73.053112643678148, 33.720460862147355 ], [ 73.05310996168582, 33.720460862147355 ], [ 73.05310996168582, 33.720458631116614 ], [ 73.053107279693492, 33.720458631116607 ], [ 73.053107279693492, 33.720456400085823 ], [ 73.053104597701136, 33.720456400085823 ], [ 73.053104597701136, 33.72045416905496 ], [ 73.053101915708808, 33.72045416905496 ], [ 73.053101915708808, 33.720451938024034 ], [ 73.053099233716466, 33.720451938024041 ], [ 73.053099233716466, 33.720449706993065 ], [ 73.053096551724124, 33.72044970699308 ], [ 73.053096551724124, 33.720447475962033 ], [ 73.053091187739454, 33.720447475962025 ], [ 73.053091187739454, 33.720443013899803 ], [ 73.053085823754785, 33.720443013899803 ], [ 73.053085823754785, 33.720436320806009 ], [ 73.053083141762443, 33.720436320806002 ], [ 73.053083141762443, 33.720434089774614 ], [ 73.053080459770115, 33.720434089774614 ], [ 73.053080459770115, 33.720425165648535 ], [ 73.053083141762443, 33.720425165648528 ], [ 73.053083141762443, 33.720422934616856 ], [ 73.053085823754785, 33.720422934616856 ], [ 73.053085823754785, 33.720418472553327 ], [ 73.053088505747112, 33.720418472553341 ], [ 73.053088505747112, 33.720414010489584 ], [ 73.053091187739454, 33.720414010489584 ], [ 73.053091187739454, 33.720411779457621 ], [ 73.053093869731796, 33.720411779457628 ], [ 73.053093869731796, 33.720409548425614 ], [ 73.053096551724124, 33.720409548425614 ], [ 73.053096551724124, 33.720402855329205 ], [ 73.053099233716466, 33.720402855329212 ], [ 73.053099233716466, 33.72040062429695 ], [ 73.053101915708808, 33.720400624296964 ], [ 73.053101915708808, 33.720398393264652 ], [ 73.053107279693492, 33.720398393264652 ], [ 73.053107279693492, 33.720396162232291 ], [ 73.053134099616855, 33.720396162232291 ], [ 73.053134099616855, 33.720398393264659 ], [ 73.053136781609197, 33.720398393264659 ], [ 73.053136781609197, 33.720400624296964 ], [ 73.053139463601539, 33.720400624296957 ], [ 73.053139463601539, 33.720402855329212 ], [ 73.053144827586209, 33.720402855329212 ], [ 73.053144827586209, 33.720405086361389 ], [ 73.053150191570879, 33.720405086361403 ], [ 73.053150191570879, 33.72040731739353 ], [ 73.053152873563221, 33.720407317393537 ], [ 73.053152873563221, 33.720409548425614 ], [ 73.053158237547891, 33.720409548425607 ], [ 73.053158237547891, 33.720411779457635 ], [ 73.053160919540232, 33.720411779457628 ], [ 73.053160919540232, 33.720414010489584 ], [ 73.053163601532574, 33.720414010489598 ], [ 73.053163601532574, 33.720416241521498 ], [ 73.053166283524902, 33.720416241521491 ], [ 73.053166283524902, 33.720418472553327 ], [ 73.053168965517244, 33.720418472553334 ], [ 73.053168965517244, 33.720420703585134 ], [ 73.0531743295019, 33.720420703585127 ], [ 73.0531743295019, 33.720422934616863 ], [ 73.053177011494256, 33.720422934616856 ], [ 73.053177011494256, 33.720425165648535 ], [ 73.053185057471268, 33.720425165648528 ], [ 73.053185057471268, 33.720429627711681 ], [ 73.053187739463596, 33.720429627711681 ], [ 73.053187739463596, 33.72043185874319 ], [ 73.053190421455923, 33.720431858743183 ], [ 73.053190421455923, 33.720436320806002 ], [ 73.05319310344828, 33.720436320806009 ], [ 73.05319310344828, 33.720438551837319 ], [ 73.053190421455923, 33.720438551837319 ], [ 73.053190421455923, 33.720447475962033 ], [ 73.053187739463596, 33.720447475962025 ], [ 73.053187739463596, 33.720451938024041 ], [ 73.053185057471268, 33.720451938024034 ], [ 73.053185057471268, 33.72045416905496 ], [ 73.053182375478912, 33.72045416905496 ], [ 73.053182375478912, 33.720460862147355 ], [ 73.053179693486584, 33.720460862147362 ], [ 73.053179693486584, 33.72046309317804 ], [ 73.053177011494256, 33.72046309317804 ], [ 73.053177011494256, 33.720465324208682 ], [ 73.0531743295019, 33.720465324208675 ], [ 73.0531743295019, 33.720472017300203 ], [ 73.053171647509572, 33.720472017300196 ], [ 73.053171647509572, 33.720476479360933 ], [ 73.053168965517244, 33.72047647936094 ], [ 73.053168965517244, 33.720478710391212 ], [ 73.053166283524902, 33.720478710391205 ], [ 73.053166283524902, 33.720480941421414 ], [ 73.053163601532574, 33.720480941421428 ], [ 73.053163601532574, 33.720483172451594 ], [ 73.053152873563221, 33.720483172451594 ] ] ] } },
{ "type": "Feature", "properties": { "value": 255, "area_m2": 36.170574616336836 }, "geometry": { "type": "Polygon", "coordinates": [ [ [ 73.057095402298842, 33.72045416905496 ], [ 73.057095402298842, 33.720451938024034 ], [ 73.0570927203065, 33.720451938024041 ], [ 73.0570927203065, 33.720449706993058 ], [ 73.057090038314172, 33.720449706993065 ], [ 73.057090038314172, 33.72044747596204 ], [ 73.05708735632183, 33.720447475962033 ], [ 73.05708735632183, 33.720443013899803 ], [ 73.057084674329488, 33.720443013899789 ], [ 73.057084674329488, 33.720440782868593 ], [ 73.05708199233716, 33.720440782868593 ], [ 73.05708199233716, 33.720438551837326 ], [ 73.057079310344818, 33.720438551837326 ], [ 73.057079310344818, 33.720420703585127 ], [ 73.05708199233716, 33.72042070358512 ], [ 73.05708199233716, 33.720416241521498 ], [ 73.057084674329488, 33.720416241521491 ], [ 73.057084674329488, 33.720409548425614 ], [ 73.05708735632183, 33.720409548425614 ], [ 73.05708735632183, 33.720405086361389 ], [ 73.057090038314172, 33.720405086361396 ], [ 73.057090038314172, 33.720400624296957 ], [ 73.0570927203065, 33.720400624296964 ], [ 73.0570927203065, 33.720396162232284 ], [ 73.057095402298842, 33.720396162232298 ], [ 73.057095402298842, 33.720393931199865 ], [ 73.057098084291184, 33.720393931199865 ], [ 73.057098084291184, 33.72039170016739 ], [ 73.057100766283511, 33.72039170016739 ], [ 73.057100766283511, 33.720389469134844 ], [ 73.057103448275853, 33.720389469134837 ], [ 73.057103448275853, 33.720391700167383 ], [ 73.057111494252865, 33.720391700167383 ], [ 73.057111494252865, 33.720393931199865 ], [ 73.057116858237549, 33.720393931199858 ], [ 73.057116858237549, 33.720396162232291 ], [ 73.057119540229877, 33.720396162232291 ], [ 73.057119540229877, 33.720398393264659 ], [ 73.057122222222219, 33.720398393264659 ], [ 73.057122222222219, 33.72040062429695 ], [ 73.057127586206889, 33.720400624296964 ], [ 73.057127586206889, 33.720402855329205 ], [ 73.057130268199231, 33.720402855329212 ], [ 73.057130268199231, 33.720405086361403 ], [ 73.0571356321839, 33.720405086361403 ], [ 73.0571356321839, 33.720407317393537 ], [ 73.057140996168584, 33.720407317393537 ], [ 73.057140996168584, 33.720409548425614 ], [ 73.057143678160926, 33.720409548425607 ], [ 73.057143678160926, 33.720411779457621 ], [ 73.057149042145596, 33.720411779457635 ], [ 73.057149042145596, 33.720414010489584 ], [ 73.057151724137938, 33.720414010489591 ], [ 73.057151724137938, 33.720416241521498 ], [ 73.057154406130266, 33.720416241521484 ], [ 73.057154406130266, 33.720418472553334 ], [ 73.057157088122594, 33.720418472553341 ], [ 73.057157088122594, 33.720420703585127 ], [ 73.057159770114936, 33.72042070358512 ], [ 73.057159770114936, 33.720422934616856 ], [ 73.057165134099606, 33.720422934616856 ], [ 73.057165134099606, 33.720425165648535 ], [ 73.057162452107264, 33.720425165648521 ], [ 73.057162452107264, 33.720431858743183 ], [ 73.057159770114936, 33.720431858743183 ], [ 73.057159770114936, 33.720434089774621 ], [ 73.057157088122594, 33.720434089774614 ], [ 73.057157088122594, 33.720438551837326 ], [ 73.057151724137938, 33.720438551837319 ], [ 73.057151724137938, 33.720440782868593 ], [ 73.057149042145596, 33.720440782868593 ], [ 73.057149042145596, 33.720443013899803 ], [ 73.0571356321839, 33.720443013899803 ], [ 73.0571356321839, 33.720445244930943 ], [ 73.057130268199231, 33.720445244930943 ], [ 73.057130268199231, 33.720447475962025 ], [ 73.057127586206889, 33.720447475962033 ], [ 73.057127586206889, 33.720449706993065 ], [ 73.057124904214561, 33.720449706993072 ], [ 73.057124904214561, 33.720451938024048 ], [ 73.057114176245207, 33.720451938024041 ], [ 73.057114176245207, 33.72045416905496 ], [ 73.057095402298842, 33.72045416905496 ] ] ] } },
{ "type": "Feature", "properties": { "value": 255, "area_m2": 86.181798648320509 }, "geometry": { "type": "Polygon", "coordinates": [ [ [ 73.059565517241367, 33.720463093178047 ], [ 73.059565517241367, 33.720460862147362 ], [ 73.059557471264355, 33.720460862147355 ], [ 73.059557471264355, 33.720458631116614 ], [ 73.059552107279686, 33.720458631116614 ], [ 73.059552107279686, 33.720456400085823 ], [ 73.059549425287344, 33.720456400085823 ], [ 73.059549425287344, 33.720454169054953 ], [ 73.059546743295016, 33.72045416905496 ], [ 73.059546743295016, 33.720451938024034 ], [ 73.059541379310332, 33.720451938024041 ], [ 73.059541379310332, 33.720449706993065 ], [ 73.059536015325662, 33.720449706993058 ], [ 73.059536015325662, 33.720447475962018 ], [ 73.05953333333332, 33.720447475962033 ], [ 73.05953333333332, 33.72044524493095 ], [ 73.059530651340992, 33.720445244930943 ], [ 73.059530651340992, 33.720443013899796 ], [ 73.05952796934865, 33.720443013899803 ], [ 73.05952796934865, 33.720440782868593 ], [ 73.059525287356308, 33.720440782868593 ], [ 73.059525287356308, 33.720438551837319 ], [ 73.059522605363981, 33.720438551837319 ], [ 73.059522605363981, 33.720436320806009 ], [ 73.059519923371639, 33.720436320806002 ], [ 73.059519923371639, 33.720434089774621 ], [ 73.059517241379297, 33.720434089774614 ], [ 73.059517241379297, 33.720431858743183 ], [ 73.059514559386969, 33.720431858743183 ], [ 73.059514559386969, 33.720429627711674 ], [ 73.059511877394613, 33.720429627711674 ], [ 73.059511877394613, 33.720425165648535 ], [ 73.059509195402285, 33.720425165648514 ], [ 73.059509195402285, 33.720422934616849 ], [ 73.059511877394613, 33.720422934616856 ], [ 73.059511877394613, 33.720396162232291 ], [ 73.059514559386969, 33.720396162232291 ], [ 73.059514559386969, 33.720389469134837 ], [ 73.059517241379297, 33.720389469134837 ], [ 73.059517241379297, 33.720387238102248 ], [ 73.059519923371639, 33.720387238102255 ], [ 73.059519923371639, 33.720385007069595 ], [ 73.059522605363981, 33.720385007069588 ], [ 73.059522605363981, 33.720382776036878 ], [ 73.059525287356308, 33.720382776036878 ], [ 73.059525287356308, 33.720378313971288 ], [ 73.05952796934865, 33.720378313971274 ], [ 73.05952796934865, 33.720376082938387 ], [ 73.05953333333332, 33.720376082938394 ], [ 73.05953333333332, 33.72037385190545 ], [ 73.059536015325662, 33.72037385190545 ], [ 73.059536015325662, 33.720369389839369 ], [ 73.059541379310332, 33.720369389839369 ], [ 73.059541379310332, 33.720367158806262 ], [ 73.059544061302674, 33.720367158806255 ], [ 73.059544061302674, 33.720364927773062 ], [ 73.059552107279686, 33.720364927773062 ], [ 73.059552107279686, 33.720362696739848 ], [ 73.059557471264355, 33.720362696739848 ], [ 73.059557471264355, 33.720360465706541 ], [ 73.059560153256697, 33.720360465706548 ], [ 73.059560153256697, 33.720353772606323 ], [ 73.059562835249039, 33.720353772606316 ], [ 73.059562835249039, 33.720351541572796 ], [ 73.059584291187733, 33.720351541572796 ], [ 73.059584291187733, 33.720353772606316 ], [ 73.059589655172402, 33.720353772606323 ], [ 73.059589655172402, 33.7203560036398 ], [ 73.059595019157072, 33.7203560036398 ], [ 73.059595019157072, 33.720358234673206 ], [ 73.059600383141756, 33.720358234673206 ], [ 73.059600383141756, 33.720360465706548 ], [ 73.059605747126426, 33.720360465706541 ], [ 73.059605747126426, 33.720362696739848 ], [ 73.059613793103438, 33.720362696739848 ], [ 73.059613793103438, 33.720364927773076 ], [ 73.05961647509578, 33.720364927773076 ], [ 73.05961647509578, 33.720367158806255 ], [ 73.059619157088107, 33.720367158806255 ], [ 73.059619157088107, 33.720369389839362 ], [ 73.059621839080449, 33.720369389839369 ], [ 73.059621839080449, 33.720367158806255 ], [ 73.059624521072791, 33.720367158806262 ], [ 73.059624521072791, 33.72037162087242 ], [ 73.059627203065119, 33.720371620872434 ], [ 73.059627203065119, 33.720385007069588 ], [ 73.059624521072791, 33.720385007069588 ], [ 73.059624521072791, 33.720387238102255 ], [ 73.059621839080449, 33.720387238102255 ], [ 73.059621839080449, 33.720393931199858 ], [ 73.059619157088107, 33.720393931199858 ], [ 73.059619157088107, 33.720396162232291 ], [ 73.05961647509578, 33.720396162232284 ], [ 73.05961647509578, 33.720402855329212 ], [ 73.059611111111096, 33.720402855329205 ], [ 73.059611111111096, 33.720407317393544 ], [ 73.059608429118768, 33.720407317393537 ], [ 73.059608429118768, 33.720411779457628 ], [ 73.059605747126426, 33.720411779457635 ], [ 73.059605747126426, 33.720414010489584 ], [ 73.059603065134084, 33.720414010489584 ], [ 73.059603065134084, 33.720418472553341 ], [ 73.059600383141756, 33.720418472553334 ], [ 73.059600383141756, 33.720422934616856 ], [ 73.059597701149414, 33.720422934616856 ], [ 73.059597701149414, 33.72042739668013 ], [ 73.059595019157072, 33.720427396680144 ], [ 73.059595019157072, 33.720434089774614 ], [ 73.059592337164744, 33.720434089774621 ], [ 73.059592337164744, 33.720438551837326 ], [ 73.059589655172402, 33.720438551837319 ], [ 73.059589655172402, 33.720443013899811 ], [ 73.05958697318006, 33.720443013899796 ], [ 73.05958697318006, 33.720445244930936 ], [ 73.059584291187733, 33.72044524493095 ], [ 73.059584291187733, 33.720451938024034 ], [ 73.059581609195391, 33.720451938024041 ], [ 73.059581609195391, 33.72045416905496 ], [ 73.059578927203063, 33.720454169054953 ], [ 73.059578927203063, 33.720458631116614 ], [ 73.059576245210735, 33.720458631116628 ], [ 73.059576245210735, 33.720460862147362 ], [ 73.059573563218379, 33.720460862147362 ], [ 73.059573563218379, 33.720463093178047 ], [ 73.059565517241367, 33.720463093178047 ] ] ] } },
{ "type": "Feature", "properties": { "value": 255, "area_m2": 34.571208766848798 }, "geometry": { "type": "Polygon", "coordinates": [ [ [ 73.059471647509568, 33.720360465706555 ], [ 73.059471647509568, 33.720358234673192 ], [ 73.059466283524898, 33.720358234673192 ], [ 73.059466283524898, 33.720356003639793 ], [ 73.059460919540228, 33.720356003639793 ], [ 73.059460919540228, 33.720353772606323 ], [ 73.059458237547886, 33.720353772606323 ], [ 73.059458237547886, 33.720351541572796 ], [ 73.059455555555544, 33.720351541572796 ], [ 73.059455555555544, 33.720349310539213 ], [ 73.059452873563217, 33.720349310539206 ], [ 73.059452873563217, 33.720347079505572 ], [ 73.059447509578533, 33.720347079505565 ], [ 73.059447509578533, 33.720344848471882 ], [ 73.059444827586205, 33.720344848471882 ], [ 73.059444827586205, 33.720342617438114 ], [ 73.059439463601521, 33.720342617438121 ], [ 73.059439463601521, 33.72034038640431 ], [ 73.059434099616837, 33.720340386404303 ], [ 73.059434099616837, 33.72033815537042 ], [ 73.059431417624509, 33.72033815537042 ], [ 73.059431417624509, 33.720335924336496 ], [ 73.059426053639825, 33.720335924336489 ], [ 73.059426053639825, 33.720333693302514 ], [ 73.059420689655155, 33.720333693302514 ], [ 73.059420689655155, 33.720331462268462 ], [ 73.059415325670486, 33.720331462268462 ], [ 73.059415325670486, 33.720329231234359 ], [ 73.059412643678144, 33.720329231234359 ], [ 73.059412643678144, 33.720320307097353 ], [ 73.059415325670486, 33.72032030709736 ], [ 73.059415325670486, 33.720315845028502 ], [ 73.059418007662813, 33.720315845028509 ], [ 73.059418007662813, 33.72031361399398 ], [ 73.059420689655155, 33.720313613993994 ], [ 73.059420689655155, 33.720309151924802 ], [ 73.059423371647497, 33.720309151924795 ], [ 73.059423371647497, 33.72030692089011 ], [ 73.059426053639825, 33.720306920890103 ], [ 73.059426053639825, 33.720300227785707 ], [ 73.059428735632167, 33.720300227785707 ], [ 73.059428735632167, 33.720293534680778 ], [ 73.059431417624509, 33.720293534680778 ], [ 73.059431417624509, 33.720291303645688 ], [ 73.059439463601521, 33.720291303645695 ], [ 73.059439463601521, 33.720293534680778 ], [ 73.059450191570875, 33.720293534680771 ], [ 73.059450191570875, 33.720295765715811 ], [ 73.059455555555544, 33.720295765715818 ], [ 73.059455555555544, 33.720297996750794 ], [ 73.059460919540228, 33.72029799675078 ], [ 73.059460919540228, 33.720300227785707 ], [ 73.059463601532556, 33.7203002277857 ], [ 73.059463601532556, 33.720302458820569 ], [ 73.059466283524898, 33.720302458820562 ], [ 73.059466283524898, 33.720304689855354 ], [ 73.05946896551724, 33.720304689855361 ], [ 73.05946896551724, 33.720306920890117 ], [ 73.05947432950191, 33.72030692089011 ], [ 73.05947432950191, 33.720309151924788 ], [ 73.059477011494252, 33.720309151924795 ], [ 73.059477011494252, 33.720311382959437 ], [ 73.05947969348658, 33.72031138295943 ], [ 73.05947969348658, 33.720313613993987 ], [ 73.059485057471264, 33.720313613993987 ], [ 73.059485057471264, 33.720315845028502 ], [ 73.059487739463592, 33.720315845028502 ], [ 73.059487739463592, 33.720318076062952 ], [ 73.059493103448276, 33.720318076062952 ], [ 73.059493103448276, 33.720322538131697 ], [ 73.059495785440603, 33.72032253813169 ], [ 73.059495785440603, 33.720329231234359 ], [ 73.059493103448276, 33.720329231234366 ], [ 73.059493103448276, 33.720333693302507 ], [ 73.059490421455934, 33.7203336933025 ], [ 73.059490421455934, 33.720335924336489 ], [ 73.059487739463592, 33.720335924336496 ], [ 73.059487739463592, 33.720342617438114 ], [ 73.059485057471264, 33.720342617438121 ], [ 73.059485057471264, 33.720353772606323 ], [ 73.059482375478922, 33.720353772606316 ], [ 73.059482375478922, 33.720358234673199 ], [ 73.05947969348658, 33.720358234673199 ], [ 73.05947969348658, 33.720360465706548 ], [ 73.059471647509568, 33.720360465706555 ] ] ] } },
{ "type": "Feature", "properties": { "value": 255, "area_m2": 27.435526275121607 }, "geometry": { "type": "Polygon", "coordinates": [ [ [ 73.059326819923356, 33.720338155370413 ], [ 73.059326819923356, 33.720335924336489 ], [ 73.059321455938687, 33.720335924336489 ], [ 73.059321455938687, 33.720333693302507 ], [ 73.059316091954017, 33.720333693302514 ], [ 73.059316091954017, 33.720331462268462 ], [ 73.059313409961689, 33.720331462268454 ], [ 73.059313409961689, 33.720329231234359 ], [ 73.059310727969347, 33.720329231234352 ], [ 73.059310727969347, 33.720327000200193 ], [ 73.059305363984677, 33.720327000200193 ], [ 73.059305363984677, 33.72032476916597 ], [ 73.059302681992335, 33.72032476916597 ], [ 73.059302681992335, 33.720322538131697 ], [ 73.0593, 33.72032253813169 ], [ 73.0593, 33.720320307097346 ], [ 73.059294636015323, 33.720320307097353 ], [ 73.059294636015323, 33.720318076062959 ], [ 73.059291954022981, 33.720318076062952 ], [ 73.059291954022981, 33.720309151924795 ], [ 73.059294636015323, 33.720309151924795 ], [ 73.059294636015323, 33.720304689855368 ], [ 73.059297318007665, 33.720304689855361 ], [ 73.059297318007665, 33.720302458820562 ], [ 73.0593, 33.720302458820569 ], [ 73.0593, 33.720300227785707 ], [ 73.059305363984677, 33.720300227785714 ], [ 73.059305363984677, 33.72029799675078 ], [ 73.059308045977005, 33.720297996750794 ], [ 73.059308045977005, 33.720295765715818 ], [ 73.059316091954017, 33.720295765715818 ], [ 73.059316091954017, 33.720293534680778 ], [ 73.059318773946359, 33.720293534680785 ], [ 73.059318773946359, 33.720291303645695 ], [ 73.059324137931029, 33.720291303645688 ], [ 73.059324137931029, 33.720289072610541 ], [ 73.059329501915698, 33.720289072610541 ], [ 73.059329501915698, 33.72028684157533 ], [ 73.05934291187738, 33.720286841575337 ], [ 73.05934291187738, 33.720284610540062 ], [ 73.059345593869722, 33.720284610540077 ], [ 73.059345593869722, 33.720286841575337 ], [ 73.05934827586205, 33.72028684157533 ], [ 73.05934827586205, 33.72028461054007 ], [ 73.059350957854392, 33.720284610540062 ], [ 73.059350957854392, 33.720286841575337 ], [ 73.059359003831403, 33.72028684157533 ], [ 73.059359003831403, 33.720289072610527 ], [ 73.059361685823745, 33.720289072610541 ], [ 73.059361685823745, 33.720293534680778 ], [ 73.059364367816087, 33.720293534680778 ], [ 73.059364367816087, 33.720297996750794 ], [ 73.059367049808429, 33.720297996750787 ], [ 73.059367049808429, 33.720304689855368 ], [ 73.059364367816087, 33.720304689855361 ], [ 73.059364367816087, 33.720313613993987 ], [ 73.059361685823745, 33.720313613993994 ], [ 73.059361685823745, 33.720318076062952 ], [ 73.059359003831403, 33.720318076062952 ], [ 73.059359003831403, 33.720322538131697 ], [ 73.059356321839076, 33.720322538131697 ], [ 73.059356321839076, 33.720324769165963 ], [ 73.059353639846734, 33.720324769165963 ], [ 73.059353639846734, 33.720327000200193 ], [ 73.059350957854392, 33.720327000200193 ], [ 73.059350957854392, 33.720329231234359 ], [ 73.05934827586205, 33.720329231234352 ], [ 73.05934827586205, 33.720331462268462 ], [ 73.05934291187738, 33.720331462268454 ], [ 73.05934291187738, 33.720333693302507 ], [ 73.059340229885038, 33.7203336933025 ], [ 73.059340229885038, 33.720335924336496 ], [ 73.059334865900368, 33.720335924336489 ], [ 73.059334865900368, 33.72033815537042 ], [ 73.059326819923356, 33.720338155370413 ] ] ] } },
{ "type": "Feature", "properties": { "value": 255, "area_m2": 61.391876136891923 }, "geometry": { "type": "Polygon", "coordinates": [ [ [ 73.053203831417619, 33.720382776036871 ], [ 73.053203831417619, 33.720380545004105 ], [ 73.053198467432949, 33.72038054500409 ], [ 73.053198467432949, 33.720378313971281 ], [ 73.05319310344828, 33.720378313971281 ], [ 73.05319310344828, 33.720376082938394 ], [ 73.053187739463596, 33.720376082938401 ], [ 73.053187739463596, 33.72037385190545 ], [ 73.053185057471268, 33.720373851905443 ], [ 73.053185057471268, 33.720371620872427 ], [ 73.053179693486584, 33.720371620872442 ], [ 73.053179693486584, 33.720367158806262 ], [ 73.053177011494256, 33.720367158806255 ], [ 73.053177011494256, 33.720364927773083 ], [ 73.0531743295019, 33.720364927773076 ], [ 73.0531743295019, 33.720362696739848 ], [ 73.053171647509572, 33.720362696739841 ], [ 73.053171647509572, 33.720358234673206 ], [ 73.053168965517244, 33.720358234673185 ], [ 73.053168965517244, 33.720353772606323 ], [ 73.053166283524902, 33.720353772606316 ], [ 73.053166283524902, 33.720349310539213 ], [ 73.053163601532574, 33.720349310539213 ], [ 73.053163601532574, 33.720338155370413 ], [ 73.053166283524902, 33.720338155370413 ], [ 73.053166283524902, 33.720331462268462 ], [ 73.053168965517244, 33.720331462268454 ], [ 73.053168965517244, 33.720327000200193 ], [ 73.053171647509572, 33.720327000200193 ], [ 73.053171647509572, 33.720324769165963 ], [ 73.0531743295019, 33.720324769165963 ], [ 73.0531743295019, 33.720322538131697 ], [ 73.053177011494256, 33.720322538131697 ], [ 73.053177011494256, 33.720320307097353 ], [ 73.053182375478912, 33.720320307097346 ], [ 73.053182375478912, 33.720313613993994 ], [ 73.053187739463596, 33.720313613993994 ], [ 73.053187739463596, 33.72031138295943 ], [ 73.053190421455923, 33.72031138295943 ], [ 73.053190421455923, 33.720309151924795 ], [ 73.05319310344828, 33.720309151924802 ], [ 73.05319310344828, 33.720306920890117 ], [ 73.053198467432949, 33.720306920890117 ], [ 73.053198467432949, 33.720304689855368 ], [ 73.053206513409961, 33.720304689855368 ], [ 73.053206513409961, 33.720302458820569 ], [ 73.053211877394631, 33.720302458820576 ], [ 73.053211877394631, 33.7203002277857 ], [ 73.053214559386973, 33.720300227785707 ], [ 73.053214559386973, 33.720297996750787 ], [ 73.053219923371643, 33.720297996750794 ], [ 73.053219923371643, 33.720293534680778 ], [ 73.053225287356327, 33.720293534680771 ], [ 73.053225287356327, 33.720291303645688 ], [ 73.053227969348654, 33.720291303645702 ], [ 73.053227969348654, 33.720289072610534 ], [ 73.053233333333338, 33.720289072610541 ], [ 73.053233333333338, 33.720286841575323 ], [ 73.053230651340996, 33.720286841575323 ], [ 73.053230651340996, 33.720282379504745 ], [ 73.05324137931035, 33.720282379504745 ], [ 73.05324137931035, 33.720289072610541 ], [ 73.053244061302678, 33.720289072610534 ], [ 73.053244061302678, 33.720293534680778 ], [ 73.053246743295034, 33.720293534680778 ], [ 73.053246743295034, 33.72029799675078 ], [ 73.053249425287362, 33.720297996750787 ], [ 73.053249425287362, 33.7203002277857 ], [ 73.05325210727969, 33.7203002277857 ], [ 73.05325210727969, 33.720302458820569 ], [ 73.053254789272032, 33.720302458820569 ], [ 73.053254789272032, 33.72031138295943 ], [ 73.053257471264359, 33.720311382959423 ], [ 73.053257471264359, 33.720329231234359 ], [ 73.053254789272032, 33.720329231234345 ], [ 73.053254789272032, 33.720335924336496 ], [ 73.05325210727969, 33.720335924336489 ], [ 73.05325210727969, 33.720338155370413 ], [ 73.053249425287362, 33.72033815537042 ], [ 73.053249425287362, 33.720344848471882 ], [ 73.053246743295034, 33.720344848471875 ], [ 73.053246743295034, 33.720349310539206 ], [ 73.053244061302678, 33.720349310539206 ], [ 73.053244061302678, 33.7203560036398 ], [ 73.05324137931035, 33.7203560036398 ], [ 73.05324137931035, 33.720362696739841 ], [ 73.053238697318008, 33.720362696739841 ], [ 73.053238697318008, 33.720364927773076 ], [ 73.053236015325666, 33.720364927773083 ], [ 73.053236015325666, 33.720371620872434 ], [ 73.053233333333338, 33.720371620872427 ], [ 73.053233333333338, 33.72037385190545 ], [ 73.053227969348654, 33.720373851905443 ], [ 73.053227969348654, 33.720378313971281 ], [ 73.053225287356327, 33.720378313971281 ], [ 73.053225287356327, 33.720380545004097 ], [ 73.053222605363985, 33.720380545004105 ], [ 73.053222605363985, 33.720382776036885 ], [ 73.053203831417619, 33.720382776036871 ] ] ] } },
{ "type": "Feature", "properties": { "value": 255, "area_m2": 42.506643403250017 }, "geometry": { "type": "Polygon", "coordinates": [ [ [ 73.058774329501915, 33.720331462268462 ], [ 73.058774329501915, 33.720329231234359 ], [ 73.058766283524903, 33.720329231234352 ], [ 73.058766283524903, 33.720327000200193 ], [ 73.058758237547892, 33.720327000200193 ], [ 73.058758237547892, 33.720324769165963 ], [ 73.05875555555555, 33.72032476916597 ], [ 73.05875555555555, 33.720322538131697 ], [ 73.05875019157088, 33.72032253813169 ], [ 73.05875019157088, 33.72032030709736 ], [ 73.058742145593868, 33.72032030709736 ], [ 73.058742145593868, 33.720318076062945 ], [ 73.0587314176245, 33.720318076062952 ], [ 73.0587314176245, 33.720315845028495 ], [ 73.058723371647488, 33.720315845028502 ], [ 73.058723371647488, 33.72031361399398 ], [ 73.058718007662833, 33.720313613993994 ], [ 73.058718007662833, 33.72031138295943 ], [ 73.058715325670491, 33.72031138295943 ], [ 73.058715325670491, 33.720309151924809 ], [ 73.058709961685821, 33.720309151924795 ], [ 73.058709961685821, 33.720306920890117 ], [ 73.058707279693479, 33.72030692089011 ], [ 73.058707279693479, 33.720304689855368 ], [ 73.058704597701151, 33.720304689855361 ], [ 73.058704597701151, 33.720302458820569 ], [ 73.058701915708809, 33.720302458820562 ], [ 73.058701915708809, 33.7203002277857 ], [ 73.058699233716467, 33.720300227785707 ], [ 73.058699233716467, 33.72029799675078 ], [ 73.05869655172414, 33.720297996750801 ], [ 73.05869655172414, 33.720295765715818 ], [ 73.058691187739456, 33.720295765715818 ], [ 73.058691187739456, 33.720293534680778 ], [ 73.058688505747128, 33.720293534680785 ], [ 73.058688505747128, 33.720291303645688 ], [ 73.058685823754786, 33.720291303645681 ], [ 73.058685823754786, 33.72028684157533 ], [ 73.058683141762444, 33.720286841575337 ], [ 73.058683141762444, 33.720277917433918 ], [ 73.058685823754786, 33.720277917433926 ], [ 73.058685823754786, 33.720273455362864 ], [ 73.058688505747128, 33.720273455362879 ], [ 73.058688505747128, 33.720271224327263 ], [ 73.058691187739456, 33.720271224327256 ], [ 73.058691187739456, 33.720268993291604 ], [ 73.058704597701151, 33.720268993291604 ], [ 73.058704597701151, 33.720266762255868 ], [ 73.058707279693479, 33.720266762255868 ], [ 73.058707279693479, 33.720268993291612 ], [ 73.058712643678163, 33.720268993291597 ], [ 73.058712643678163, 33.720271224327263 ], [ 73.058718007662833, 33.720271224327263 ], [ 73.058718007662833, 33.720273455362879 ], [ 73.058720689655161, 33.720273455362879 ], [ 73.058720689655161, 33.720275686398438 ], [ 73.058728735632172, 33.720275686398431 ], [ 73.058728735632172, 33.720277917433918 ], [ 73.0587314176245, 33.720277917433918 ], [ 73.0587314176245, 33.720280148469364 ], [ 73.058766283524903, 33.720280148469357 ], [ 73.058766283524903, 33.720282379504745 ], [ 73.058771647509573, 33.720282379504745 ], [ 73.058771647509573, 33.72028461054007 ], [ 73.058774329501915, 33.72028461054007 ], [ 73.058774329501915, 33.720286841575323 ], [ 73.058777011494243, 33.720286841575337 ], [ 73.058777011494243, 33.720289072610541 ], [ 73.058782375478927, 33.720289072610534 ], [ 73.058782375478927, 33.720291303645688 ], [ 73.058785057471255, 33.720291303645688 ], [ 73.058785057471255, 33.720293534680778 ], [ 73.058790421455939, 33.720293534680771 ], [ 73.058790421455939, 33.720295765715818 ], [ 73.058793103448266, 33.720295765715811 ], [ 73.058793103448266, 33.720300227785707 ], [ 73.058795785440608, 33.720300227785692 ], [ 73.058795785440608, 33.720318076062952 ], [ 73.058793103448266, 33.720318076062945 ], [ 73.058793103448266, 33.720324769165963 ], [ 73.058790421455939, 33.720324769165963 ], [ 73.058790421455939, 33.720327000200193 ], [ 73.058782375478927, 33.7203270002002 ], [ 73.058782375478927, 33.720329231234366 ], [ 73.058777011494243, 33.720329231234352 ], [ 73.058777011494243, 33.720331462268462 ], [ 73.058774329501915, 33.720331462268462 ] ] ] } },
{ "type": "Feature", "properties": { "value": 255, "area_m2": 48.781094422486447 }, "geometry": { "type": "Polygon", "coordinates": [ [ [ 73.059637931034487, 33.720356003639793 ], [ 73.059637931034487, 33.720353772606316 ], [ 73.059629885057461, 33.720353772606323 ], [ 73.059629885057461, 33.720351541572796 ], [ 73.059624521072791, 33.720351541572796 ], [ 73.059624521072791, 33.720349310539213 ], [ 73.059619157088107, 33.720349310539213 ], [ 73.059619157088107, 33.720347079505565 ], [ 73.059613793103438, 33.720347079505572 ], [ 73.059613793103438, 33.720344848471882 ], [ 73.059611111111096, 33.720344848471875 ], [ 73.059611111111096, 33.720342617438121 ], [ 73.059608429118768, 33.720342617438121 ], [ 73.059608429118768, 33.720331462268454 ], [ 73.059611111111096, 33.720331462268462 ], [ 73.059611111111096, 33.720327000200193 ], [ 73.059613793103438, 33.720327000200186 ], [ 73.059613793103438, 33.720320307097353 ], [ 73.05961647509578, 33.720320307097353 ], [ 73.05961647509578, 33.720315845028502 ], [ 73.059619157088107, 33.720315845028502 ], [ 73.059619157088107, 33.720313613994001 ], [ 73.059621839080449, 33.720313613993987 ], [ 73.059621839080449, 33.720309151924802 ], [ 73.059624521072791, 33.720309151924795 ], [ 73.059624521072791, 33.72030692089011 ], [ 73.059627203065119, 33.720306920890117 ], [ 73.059627203065119, 33.720300227785707 ], [ 73.059629885057461, 33.720300227785707 ], [ 73.059629885057461, 33.720295765715818 ], [ 73.059632567049803, 33.720295765715818 ], [ 73.059632567049803, 33.720293534680778 ], [ 73.059635249042131, 33.720293534680771 ], [ 73.059635249042131, 33.720291303645695 ], [ 73.059637931034487, 33.720291303645688 ], [ 73.059637931034487, 33.720289072610534 ], [ 73.059640613026815, 33.720289072610534 ], [ 73.059640613026815, 33.72028684157533 ], [ 73.059643295019143, 33.720286841575337 ], [ 73.059643295019143, 33.720282379504745 ], [ 73.059645977011499, 33.720282379504745 ], [ 73.059645977011499, 33.720277917433918 ], [ 73.059648659003827, 33.720277917433918 ], [ 73.059648659003827, 33.720275686398438 ], [ 73.059651340996169, 33.720275686398431 ], [ 73.059651340996169, 33.720271224327263 ], [ 73.059648659003827, 33.720271224327263 ], [ 73.059648659003827, 33.720268993291597 ], [ 73.059654022988511, 33.720268993291597 ], [ 73.059654022988511, 33.720266762255868 ], [ 73.059656704980839, 33.720266762255861 ], [ 73.059656704980839, 33.720264531220074 ], [ 73.059659386973181, 33.720264531220081 ], [ 73.059659386973181, 33.720262300184231 ], [ 73.05967547892719, 33.720262300184231 ], [ 73.05967547892719, 33.720264531220081 ], [ 73.059683524904202, 33.720264531220067 ], [ 73.059683524904202, 33.720266762255868 ], [ 73.059688888888871, 33.720266762255868 ], [ 73.059688888888871, 33.720268993291597 ], [ 73.059694252873555, 33.72026899329159 ], [ 73.059694252873555, 33.720271224327256 ], [ 73.059696934865883, 33.72027122432727 ], [ 73.059696934865883, 33.720273455362872 ], [ 73.059702298850567, 33.720273455362872 ], [ 73.059702298850567, 33.72028684157533 ], [ 73.059699616858225, 33.720286841575323 ], [ 73.059699616858225, 33.720291303645688 ], [ 73.059696934865883, 33.720291303645695 ], [ 73.059696934865883, 33.720293534680771 ], [ 73.059694252873555, 33.720293534680764 ], [ 73.059694252873555, 33.720297996750794 ], [ 73.059691570881213, 33.720297996750787 ], [ 73.059691570881213, 33.720300227785707 ], [ 73.059688888888871, 33.720300227785692 ], [ 73.059688888888871, 33.720302458820576 ], [ 73.059686206896544, 33.720302458820569 ], [ 73.059686206896544, 33.720306920890117 ], [ 73.059683524904202, 33.720306920890117 ], [ 73.059683524904202, 33.720313613993987 ], [ 73.05968084291186, 33.72031361399398 ], [ 73.05968084291186, 33.720318076062938 ], [ 73.059678160919532, 33.720318076062952 ], [ 73.059678160919532, 33.720320307097346 ], [ 73.05967547892719, 33.720320307097353 ], [ 73.05967547892719, 33.720324769165963 ], [ 73.059672796934848, 33.720324769165977 ], [ 73.059672796934848, 33.7203270002002 ], [ 73.059667432950192, 33.720327000200186 ], [ 73.059667432950192, 33.720331462268462 ], [ 73.059662068965523, 33.720331462268462 ], [ 73.059662068965523, 33.7203336933025 ], [ 73.059659386973181, 33.7203336933025 ], [ 73.059659386973181, 33.72033815537042 ], [ 73.059656704980839, 33.720338155370413 ], [ 73.059656704980839, 33.720340386404295 ], [ 73.059654022988511, 33.720340386404295 ], [ 73.059654022988511, 33.720342617438121 ], [ 73.059651340996169, 33.720342617438114 ], [ 73.059651340996169, 33.720351541572796 ], [ 73.059648659003827, 33.720351541572796 ], [ 73.059648659003827, 33.720353772606323 ], [ 73.059640613026815, 33.720353772606323 ], [ 73.059640613026815, 33.720356003639793 ], [ 73.059637931034487, 33.720356003639793 ] ] ] } },
{ "type": "Feature", "properties": { "value": 255, "area_m2": 73.756221623737886 }, "geometry": { "type": "Polygon", "coordinates": [ [ [ 73.059211494252864, 33.720264531220067 ], [ 73.059211494252864, 33.720262300184231 ], [ 73.059203448275852, 33.720262300184224 ], [ 73.059203448275852, 33.720260069148338 ], [ 73.05919540229884, 33.720260069148324 ], [ 73.05919540229884, 33.720257838112374 ], [ 73.059192720306513, 33.720257838112367 ], [ 73.059192720306513, 33.720255607076353 ], [ 73.059187356321829, 33.720255607076353 ], [ 73.059187356321829, 33.720253376040269 ], [ 73.059184674329501, 33.720253376040269 ], [ 73.059184674329501, 33.720251145004141 ], [ 73.059179310344817, 33.72025114500412 ], [ 73.059179310344817, 33.720248913967929 ], [ 73.059176628352475, 33.72024891396795 ], [ 73.059176628352475, 33.72024445189539 ], [ 73.059173946360147, 33.720244451895383 ], [ 73.059173946360147, 33.720242220859014 ], [ 73.059171264367805, 33.720242220859021 ], [ 73.059171264367805, 33.720233296712969 ], [ 73.059168582375463, 33.720233296712969 ], [ 73.059168582375463, 33.720226603602839 ], [ 73.059165900383135, 33.720226603602832 ], [ 73.059165900383135, 33.720222141529099 ], [ 73.059163218390793, 33.720222141529099 ], [ 73.059163218390793, 33.720219910492169 ], [ 73.059160536398451, 33.720219910492162 ], [ 73.059160536398451, 33.720210986343794 ], [ 73.059163218390793, 33.720210986343801 ], [ 73.059163218390793, 33.720208755306565 ], [ 73.059165900383135, 33.720208755306558 ], [ 73.059165900383135, 33.720204293231909 ], [ 73.059168582375463, 33.720204293231916 ], [ 73.059168582375463, 33.720202062194517 ], [ 73.059171264367805, 33.72020206219451 ], [ 73.059171264367805, 33.720199831157039 ], [ 73.059173946360147, 33.720199831157039 ], [ 73.059173946360147, 33.720195369081928 ], [ 73.059176628352475, 33.720195369081921 ], [ 73.059176628352475, 33.720193138044273 ], [ 73.059179310344817, 33.720193138044287 ], [ 73.059179310344817, 33.720190907006589 ], [ 73.059181992337159, 33.720190907006589 ], [ 73.059181992337159, 33.720186444931009 ], [ 73.059187356321829, 33.720186444931009 ], [ 73.059187356321829, 33.720184213893148 ], [ 73.059190038314171, 33.720184213893141 ], [ 73.059190038314171, 33.720181982855195 ], [ 73.059192720306513, 33.720181982855202 ], [ 73.059192720306513, 33.720179751817206 ], [ 73.059198084291182, 33.720179751817213 ], [ 73.059198084291182, 33.720177520779167 ], [ 73.059203448275852, 33.720177520779167 ], [ 73.059203448275852, 33.720175289741057 ], [ 73.059208812260536, 33.720175289741057 ], [ 73.059208812260536, 33.720173058702898 ], [ 73.059216858237548, 33.720173058702898 ], [ 73.059216858237548, 33.720170827664667 ], [ 73.059222222222218, 33.720170827664681 ], [ 73.059222222222218, 33.720168596626387 ], [ 73.059235632183899, 33.720168596626387 ], [ 73.059235632183899, 33.720166365588049 ], [ 73.059243678160911, 33.720166365588049 ], [ 73.059243678160911, 33.720161903511205 ], [ 73.059251724137923, 33.720161903511205 ], [ 73.059251724137923, 33.720164134549655 ], [ 73.05925440613025, 33.720164134549655 ], [ 73.05925440613025, 33.720166365588049 ], [ 73.059262452107262, 33.720166365588049 ], [ 73.059262452107262, 33.720168596626387 ], [ 73.059265134099604, 33.720168596626387 ], [ 73.059265134099604, 33.720170827664674 ], [ 73.059267816091946, 33.720170827664674 ], [ 73.059267816091946, 33.720173058702898 ], [ 73.059270498084288, 33.720173058702898 ], [ 73.059270498084288, 33.720175289741043 ], [ 73.059273180076616, 33.72017528974105 ], [ 73.059273180076616, 33.720179751817213 ], [ 73.059275862068958, 33.720179751817213 ], [ 73.059275862068958, 33.720186444931009 ], [ 73.059273180076616, 33.720186444931009 ], [ 73.059273180076616, 33.720195369081921 ], [ 73.059270498084288, 33.720195369081935 ], [ 73.059270498084288, 33.720202062194502 ], [ 73.059267816091946, 33.720202062194502 ], [ 73.059267816091946, 33.720204293231923 ], [ 73.059265134099604, 33.720204293231909 ], [ 73.059265134099604, 33.720206524269273 ], [ 73.059262452107262, 33.720206524269273 ], [ 73.059262452107262, 33.720210986343801 ], [ 73.059259770114934, 33.720210986343808 ], [ 73.059259770114934, 33.720213217380973 ], [ 73.059257088122592, 33.72021321738098 ], [ 73.059257088122592, 33.720215448418088 ], [ 73.05925440613025, 33.720215448418088 ], [ 73.05925440613025, 33.720219910492155 ], [ 73.059251724137923, 33.720219910492162 ], [ 73.059251724137923, 33.720226603602832 ], [ 73.059249042145581, 33.720226603602832 ], [ 73.059249042145581, 33.720228834639592 ], [ 73.059246360153239, 33.720228834639599 ], [ 73.059246360153239, 33.720231065676323 ], [ 73.059243678160911, 33.720231065676309 ], [ 73.059243678160911, 33.720237758786112 ], [ 73.059240996168569, 33.720237758786112 ], [ 73.059240996168569, 33.720239989822588 ], [ 73.059238314176241, 33.720239989822595 ], [ 73.059238314176241, 33.720242220859006 ], [ 73.059235632183899, 33.720242220859021 ], [ 73.059235632183899, 33.720246682931702 ], [ 73.059232950191571, 33.720246682931702 ], [ 73.059232950191571, 33.720248913967943 ], [ 73.059230268199229, 33.720248913967936 ], [ 73.059230268199229, 33.720251145004127 ], [ 73.059227586206902, 33.720251145004134 ], [ 73.059227586206902, 33.720255607076353 ], [ 73.05922490421456, 33.720255607076346 ], [ 73.05922490421456, 33.720260069148331 ], [ 73.059219540229876, 33.720260069148324 ], [ 73.059219540229876, 33.720262300184224 ], [ 73.059216858237548, 33.720262300184224 ], [ 73.059216858237548, 33.720264531220074 ], [ 73.059211494252864, 33.720264531220067 ] ] ] } },
{ "type": "Feature", "properties": { "value": 255, "area_m2": 34.017764201923704 }, "geometry": { "type": "Polygon", "coordinates": [ [ [ 73.058095785440614, 33.720166365588049 ], [ 73.058095785440614, 33.720164134549655 ], [ 73.05809042145593, 33.720164134549648 ], [ 73.05809042145593, 33.720161903511205 ], [ 73.058082375478918, 33.720161903511212 ], [ 73.058082375478918, 33.72015967247269 ], [ 73.058077011494248, 33.72015967247269 ], [ 73.058077011494248, 33.720157441434125 ], [ 73.058071647509578, 33.720157441434118 ], [ 73.058071647509578, 33.720155210395482 ], [ 73.058066283524894, 33.72015521039549 ], [ 73.058066283524894, 33.720152979356804 ], [ 73.058060919540225, 33.720152979356811 ], [ 73.058060919540225, 33.720150748318062 ], [ 73.058058237547883, 33.720150748318062 ], [ 73.058058237547883, 33.720146286240393 ], [ 73.058052873563199, 33.7201462862404 ], [ 73.058052873563199, 33.72014405520148 ], [ 73.058050191570871, 33.72014405520148 ], [ 73.058050191570871, 33.720141824162518 ], [ 73.058047509578543, 33.720141824162511 ], [ 73.058047509578543, 33.72013959312347 ], [ 73.058044827586187, 33.72013959312347 ], [ 73.058044827586187, 33.720137362084394 ], [ 73.058042145593859, 33.72013736208438 ], [ 73.058042145593859, 33.720132900006014 ], [ 73.058039463601517, 33.720132900006028 ], [ 73.058039463601517, 33.720123975848615 ], [ 73.058042145593859, 33.720123975848622 ], [ 73.058042145593859, 33.720121744809113 ], [ 73.058044827586187, 33.720121744809113 ], [ 73.058044827586187, 33.720119513769568 ], [ 73.058047509578543, 33.720119513769561 ], [ 73.058047509578543, 33.720117282729952 ], [ 73.058052873563199, 33.720117282729952 ], [ 73.058052873563199, 33.720112820650549 ], [ 73.058058237547883, 33.720112820650549 ], [ 73.058058237547883, 33.720110589610762 ], [ 73.058060919540225, 33.720110589610762 ], [ 73.058060919540225, 33.720108358570911 ], [ 73.058063601532567, 33.720108358570918 ], [ 73.058063601532567, 33.720106127531004 ], [ 73.058068965517236, 33.720106127531004 ], [ 73.058068965517236, 33.720103896491047 ], [ 73.058077011494248, 33.720103896491047 ], [ 73.058077011494248, 33.720106127531004 ], [ 73.05807969348659, 33.720106127531004 ], [ 73.05807969348659, 33.720108358570911 ], [ 73.05808505747126, 33.720108358570911 ], [ 73.05808505747126, 33.720112820650549 ], [ 73.05809042145593, 33.720112820650542 ], [ 73.05809042145593, 33.720115051690264 ], [ 73.058093103448272, 33.720115051690264 ], [ 73.058093103448272, 33.720117282729959 ], [ 73.058098467432941, 33.720117282729959 ], [ 73.058098467432941, 33.720119513769561 ], [ 73.058101149425283, 33.720119513769554 ], [ 73.058101149425283, 33.720121744809113 ], [ 73.058106513409953, 33.720121744809113 ], [ 73.058106513409953, 33.720123975848608 ], [ 73.058111877394623, 33.720123975848608 ], [ 73.058111877394623, 33.720126206888054 ], [ 73.058117241379307, 33.720126206888047 ], [ 73.058117241379307, 33.720128437927428 ], [ 73.058119923371635, 33.720128437927428 ], [ 73.058119923371635, 33.72013066896676 ], [ 73.058122605363963, 33.720130668966753 ], [ 73.058122605363963, 33.720132900006021 ], [ 73.058125287356319, 33.720132900006021 ], [ 73.058125287356319, 33.720135131045225 ], [ 73.058127969348647, 33.720135131045225 ], [ 73.058127969348647, 33.720137362084387 ], [ 73.058125287356319, 33.72013736208438 ], [ 73.058125287356319, 33.720141824162511 ], [ 73.058122605363963, 33.720141824162503 ], [ 73.058122605363963, 33.7201462862404 ], [ 73.058119923371635, 33.720146286240393 ], [ 73.058119923371635, 33.720150748318062 ], [ 73.058117241379307, 33.720150748318062 ], [ 73.058117241379307, 33.72015521039549 ], [ 73.058114559386965, 33.720155210395497 ], [ 73.058114559386965, 33.720159672472697 ], [ 73.058111877394623, 33.72015967247269 ], [ 73.058111877394623, 33.720164134549648 ], [ 73.058109195402295, 33.720164134549655 ], [ 73.058109195402295, 33.720166365588049 ], [ 73.058095785440614, 33.720166365588049 ] ] ] } },
{ "type": "Feature", "properties": { "value": 255, "area_m2": 72.40309162541098 }, "geometry": { "type": "Polygon", "coordinates": [ [ [ 73.058994252873546, 33.720146286240393 ], [ 73.058994252873546, 33.72014405520148 ], [ 73.058988888888877, 33.72014405520148 ], [ 73.058988888888877, 33.720141824162511 ], [ 73.058983524904207, 33.720141824162518 ], [ 73.058983524904207, 33.72013959312347 ], [ 73.058980842911865, 33.72013959312347 ], [ 73.058980842911865, 33.720137362084387 ], [ 73.058975478927195, 33.720137362084387 ], [ 73.058975478927195, 33.720135131045225 ], [ 73.058970114942525, 33.720135131045232 ], [ 73.058970114942525, 33.720132900006028 ], [ 73.058967432950197, 33.720132900006028 ], [ 73.058967432950197, 33.720130668966753 ], [ 73.058959386973186, 33.720130668966753 ], [ 73.058959386973186, 33.720128437927428 ], [ 73.058954022988502, 33.720128437927436 ], [ 73.058954022988502, 33.720126206888054 ], [ 73.058948659003818, 33.720126206888054 ], [ 73.058948659003818, 33.720123975848615 ], [ 73.05894597701149, 33.720123975848622 ], [ 73.05894597701149, 33.720121744809113 ], [ 73.058940613026806, 33.72012174480912 ], [ 73.058940613026806, 33.720119513769561 ], [ 73.058935249042136, 33.720119513769554 ], [ 73.058935249042136, 33.720117282729952 ], [ 73.058932567049794, 33.720117282729959 ], [ 73.058932567049794, 33.720115051690257 ], [ 73.058927203065124, 33.720115051690271 ], [ 73.058927203065124, 33.720112820650542 ], [ 73.058924521072782, 33.720112820650549 ], [ 73.058924521072782, 33.720110589610762 ], [ 73.058921839080455, 33.720110589610769 ], [ 73.058921839080455, 33.720108358570911 ], [ 73.058916475095771, 33.720108358570918 ], [ 73.058916475095771, 33.720106127531004 ], [ 73.058913793103443, 33.720106127531004 ], [ 73.058913793103443, 33.720103896491054 ], [ 73.058911111111101, 33.720103896491047 ], [ 73.058911111111101, 33.720101665451033 ], [ 73.058905747126431, 33.720101665451033 ], [ 73.058905747126431, 33.720099434410947 ], [ 73.058903065134089, 33.720099434410962 ], [ 73.058903065134089, 33.720097203370806 ], [ 73.058900383141747, 33.720097203370806 ], [ 73.058900383141747, 33.72009051025006 ], [ 73.058897701149419, 33.72009051025006 ], [ 73.058897701149419, 33.720088279209691 ], [ 73.058900383141747, 33.720088279209691 ], [ 73.058900383141747, 33.720086048169264 ], [ 73.058903065134089, 33.720086048169271 ], [ 73.058903065134089, 33.720081586088227 ], [ 73.058921839080455, 33.720081586088234 ], [ 73.058921839080455, 33.720079355047652 ], [ 73.058927203065124, 33.720079355047645 ], [ 73.058927203065124, 33.720077124006984 ], [ 73.058932567049794, 33.720077124006991 ], [ 73.058932567049794, 33.720074892966274 ], [ 73.058935249042136, 33.720074892966274 ], [ 73.058935249042136, 33.720072661925499 ], [ 73.058940613026806, 33.720072661925492 ], [ 73.058940613026806, 33.720070430884661 ], [ 73.058956704980844, 33.720070430884661 ], [ 73.058956704980844, 33.720072661925492 ], [ 73.058962068965513, 33.720072661925492 ], [ 73.058962068965513, 33.720074892966267 ], [ 73.058970114942525, 33.720074892966267 ], [ 73.058970114942525, 33.720072661925492 ], [ 73.058978160919537, 33.720072661925499 ], [ 73.058978160919537, 33.720070430884661 ], [ 73.058983524904207, 33.720070430884661 ], [ 73.058983524904207, 33.72006819984378 ], [ 73.058994252873546, 33.720068199843773 ], [ 73.058994252873546, 33.720070430884661 ], [ 73.059002298850558, 33.720070430884668 ], [ 73.059002298850558, 33.720072661925492 ], [ 73.05901034482757, 33.720072661925492 ], [ 73.05901034482757, 33.720074892966274 ], [ 73.059015708812254, 33.720074892966274 ], [ 73.059015708812254, 33.720077124006984 ], [ 73.059023754789266, 33.720077124006984 ], [ 73.059023754789266, 33.720079355047645 ], [ 73.059026436781608, 33.720079355047652 ], [ 73.059026436781608, 33.720081586088241 ], [ 73.05902911877395, 33.720081586088234 ], [ 73.05902911877395, 33.720083817128781 ], [ 73.059031800766277, 33.720083817128788 ], [ 73.059031800766277, 33.720086048169257 ], [ 73.059034482758619, 33.720086048169264 ], [ 73.059034482758619, 33.720090510250074 ], [ 73.059037164750961, 33.720090510250067 ], [ 73.059037164750961, 33.720094972330621 ], [ 73.059039846743289, 33.720094972330621 ], [ 73.059039846743289, 33.720108358570918 ], [ 73.059037164750961, 33.720108358570918 ], [ 73.059037164750961, 33.720115051690271 ], [ 73.059034482758619, 33.720115051690264 ], [ 73.059034482758619, 33.720119513769568 ], [ 73.059031800766277, 33.720119513769561 ], [ 73.059031800766277, 33.72012174480912 ], [ 73.05902911877395, 33.720121744809113 ], [ 73.05902911877395, 33.720123975848622 ], [ 73.059026436781608, 33.720123975848622 ], [ 73.059026436781608, 33.720126206888054 ], [ 73.059023754789266, 33.720126206888054 ], [ 73.059023754789266, 33.720128437927436 ], [ 73.059021072796938, 33.720128437927428 ], [ 73.059021072796938, 33.720130668966746 ], [ 73.059018390804582, 33.72013066896676 ], [ 73.059018390804582, 33.720132900006021 ], [ 73.059015708812254, 33.720132900006028 ], [ 73.059015708812254, 33.720139593123477 ], [ 73.059013026819926, 33.72013959312347 ], [ 73.059013026819926, 33.7201462862404 ], [ 73.058994252873546, 33.720146286240393 ] ] ] } },
{ "type": "Feature", "properties": { "value": 255, "area_m2": 25.590304058151531 }, "geometry": { "type": "Polygon", "coordinates": [ [ [ 73.056194252873567, 33.720079355047645 ], [ 73.056194252873567, 33.720077124006991 ], [ 73.056191570881225, 33.720077124006984 ], [ 73.056191570881225, 33.720074892966274 ], [ 73.056188888888897, 33.720074892966274 ], [ 73.056188888888897, 33.720072661925492 ], [ 73.056186206896555, 33.720072661925492 ], [ 73.056186206896555, 33.720068199843773 ], [ 73.056183524904213, 33.720068199843773 ], [ 73.056183524904213, 33.720061506720768 ], [ 73.056186206896555, 33.720061506720768 ], [ 73.056186206896555, 33.720059275679631 ], [ 73.056183524904213, 33.720059275679631 ], [ 73.056183524904213, 33.720057044638459 ], [ 73.056186206896555, 33.720057044638459 ], [ 73.056186206896555, 33.720052582555937 ], [ 73.056188888888897, 33.720052582555937 ], [ 73.056188888888897, 33.720048120473173 ], [ 73.056191570881225, 33.720048120473166 ], [ 73.056191570881225, 33.720043658390168 ], [ 73.056194252873567, 33.720043658390168 ], [ 73.056194252873567, 33.72004142734859 ], [ 73.056196934865909, 33.720041427348583 ], [ 73.056196934865909, 33.720039196306942 ], [ 73.056199616858237, 33.720039196306935 ], [ 73.056199616858237, 33.720036965265237 ], [ 73.056202298850565, 33.72003696526523 ], [ 73.056202298850565, 33.720032503181663 ], [ 73.056213026819918, 33.72003250318167 ], [ 73.056213026819918, 33.720030272139788 ], [ 73.056215708812246, 33.720030272139788 ], [ 73.056215708812246, 33.72003250318167 ], [ 73.056223754789258, 33.720032503181677 ], [ 73.056223754789258, 33.720030272139788 ], [ 73.05623180076627, 33.720030272139788 ], [ 73.05623180076627, 33.720032503181677 ], [ 73.056237164750954, 33.72003250318167 ], [ 73.056237164750954, 33.720034734223475 ], [ 73.056242528735638, 33.720034734223489 ], [ 73.056242528735638, 33.720036965265237 ], [ 73.056247892720307, 33.720036965265244 ], [ 73.056247892720307, 33.72004142734859 ], [ 73.056250574712649, 33.720041427348583 ], [ 73.056250574712649, 33.720061506720761 ], [ 73.056247892720307, 33.720061506720761 ], [ 73.056247892720307, 33.720065968802828 ], [ 73.056245210727965, 33.720065968802828 ], [ 73.056245210727965, 33.72006819984378 ], [ 73.056242528735638, 33.72006819984378 ], [ 73.056242528735638, 33.720072661925499 ], [ 73.056234482758612, 33.720072661925492 ], [ 73.056234482758612, 33.720074892966259 ], [ 73.056210344827576, 33.720074892966274 ], [ 73.056210344827576, 33.720077124006984 ], [ 73.056202298850565, 33.720077124006984 ], [ 73.056202298850565, 33.720079355047645 ], [ 73.056199616858237, 33.720079355047638 ], [ 73.056199616858237, 33.720077124006984 ], [ 73.056196934865909, 33.720077124006991 ], [ 73.056196934865909, 33.720079355047638 ], [ 73.056194252873567, 33.720079355047645 ] ] ] } },
{ "type": "Feature", "properties": { "value": 255, "area_m2": 32.66457603749793 }, "geometry": { "type": "Polygon", "coordinates": [ [ [ 73.054939080459761, 33.720094972330628 ], [ 73.054939080459761, 33.720092741290387 ], [ 73.054931034482749, 33.720092741290365 ], [ 73.054931034482749, 33.720090510250067 ], [ 73.054928352490421, 33.720090510250067 ], [ 73.054928352490421, 33.720086048169271 ], [ 73.054925670498079, 33.720086048169271 ], [ 73.054925670498079, 33.720079355047652 ], [ 73.054928352490421, 33.720079355047631 ], [ 73.054928352490421, 33.720034734223482 ], [ 73.054931034482749, 33.720034734223482 ], [ 73.054931034482749, 33.720028041097855 ], [ 73.054933716475091, 33.720028041097855 ], [ 73.054933716475091, 33.720025810055866 ], [ 73.054939080459761, 33.720025810055866 ], [ 73.054939080459761, 33.720023579013812 ], [ 73.054949808429114, 33.720023579013819 ], [ 73.054949808429114, 33.720025810055866 ], [ 73.054952490421456, 33.720025810055873 ], [ 73.054952490421456, 33.720028041097862 ], [ 73.054955172413798, 33.720028041097862 ], [ 73.054955172413798, 33.720030272139788 ], [ 73.054957854406126, 33.720030272139788 ], [ 73.054957854406126, 33.72003250318167 ], [ 73.054960536398468, 33.72003250318167 ], [ 73.054960536398468, 33.720034734223496 ], [ 73.05496321839081, 33.720034734223489 ], [ 73.05496321839081, 33.720036965265237 ], [ 73.05496858237548, 33.720036965265237 ], [ 73.05496858237548, 33.72004142734859 ], [ 73.054971264367822, 33.720041427348583 ], [ 73.054971264367822, 33.720039196306935 ], [ 73.05497394636015, 33.720039196306935 ], [ 73.05497394636015, 33.720043658390168 ], [ 73.054979310344834, 33.720043658390168 ], [ 73.054979310344834, 33.720048120473166 ], [ 73.054984674329503, 33.720048120473166 ], [ 73.054984674329503, 33.720057044638473 ], [ 73.054987356321831, 33.720057044638466 ], [ 73.054987356321831, 33.720068199843773 ], [ 73.054984674329503, 33.720068199843766 ], [ 73.054984674329503, 33.720072661925492 ], [ 73.054981992337162, 33.720072661925499 ], [ 73.054981992337162, 33.720077124006984 ], [ 73.054979310344834, 33.720077124006984 ], [ 73.054979310344834, 33.720079355047638 ], [ 73.054976628352492, 33.720079355047645 ], [ 73.054976628352492, 33.720081586088241 ], [ 73.05497394636015, 33.720081586088234 ], [ 73.05497394636015, 33.720083817128774 ], [ 73.054971264367822, 33.720083817128788 ], [ 73.054971264367822, 33.720086048169264 ], [ 73.05496858237548, 33.720086048169279 ], [ 73.05496858237548, 33.720088279209698 ], [ 73.05496321839081, 33.720088279209698 ], [ 73.05496321839081, 33.720090510250067 ], [ 73.054957854406126, 33.720090510250067 ], [ 73.054957854406126, 33.720092741290365 ], [ 73.054952490421456, 33.720092741290365 ], [ 73.054952490421456, 33.720094972330621 ], [ 73.054944444444445, 33.720094972330621 ], [ 73.054944444444445, 33.720092741290365 ], [ 73.054941762452103, 33.720092741290372 ], [ 73.054941762452103, 33.720094972330628 ], [ 73.054939080459761, 33.720094972330628 ] ] ] } },
{ "type": "Feature", "properties": { "value": 255, "area_m2": 29.527209138412871 }, "geometry": { "type": "Polygon", "coordinates": [ [ [ 73.059780076628343, 33.720057044638466 ], [ 73.059780076628343, 33.720054813597237 ], [ 73.059774712643659, 33.72005481359723 ], [ 73.059774712643659, 33.720052582555937 ], [ 73.059772030651331, 33.720052582555937 ], [ 73.059772030651331, 33.720050351514573 ], [ 73.059766666666647, 33.72005035151458 ], [ 73.059766666666647, 33.720048120473166 ], [ 73.059761302681977, 33.720048120473159 ], [ 73.059761302681977, 33.720045889431695 ], [ 73.059758620689649, 33.720045889431695 ], [ 73.059758620689649, 33.720043658390175 ], [ 73.05975325670498, 33.720043658390175 ], [ 73.05975325670498, 33.720039196306928 ], [ 73.059750574712638, 33.720039196306928 ], [ 73.059750574712638, 33.72003027213978 ], [ 73.05975325670498, 33.720030272139788 ], [ 73.05975325670498, 33.720025810055859 ], [ 73.059755938697307, 33.720025810055859 ], [ 73.059755938697307, 33.720021347971716 ], [ 73.059758620689649, 33.720021347971709 ], [ 73.059758620689649, 33.720016885887325 ], [ 73.059761302681977, 33.720016885887318 ], [ 73.059761302681977, 33.720014654845031 ], [ 73.059763984674319, 33.720014654845031 ], [ 73.059763984674319, 33.720010192760306 ], [ 73.059766666666647, 33.720010192760306 ], [ 73.059766666666647, 33.720007961717847 ], [ 73.059769348658989, 33.720007961717862 ], [ 73.059769348658989, 33.720005730675346 ], [ 73.059772030651331, 33.720005730675346 ], [ 73.059772030651331, 33.72000349963276 ], [ 73.059774712643659, 33.720003499632767 ], [ 73.059774712643659, 33.720001268590124 ], [ 73.059777394636001, 33.720001268590138 ], [ 73.059777394636001, 33.719999037547453 ], [ 73.059780076628343, 33.719999037547453 ], [ 73.059780076628343, 33.719996806504696 ], [ 73.059782758620671, 33.719996806504703 ], [ 73.059782758620671, 33.719994575461897 ], [ 73.059785440613027, 33.719994575461897 ], [ 73.059785440613027, 33.71999234441904 ], [ 73.059788122605354, 33.71999234441904 ], [ 73.059788122605354, 33.71998788233315 ], [ 73.059790804597696, 33.719987882333143 ], [ 73.059790804597696, 33.719985651290109 ], [ 73.059809578544062, 33.719985651290109 ], [ 73.059809578544062, 33.719987882333136 ], [ 73.05981226053639, 33.719987882333136 ], [ 73.05981226053639, 33.720012423802693 ], [ 73.059809578544062, 33.7200124238027 ], [ 73.059809578544062, 33.720019116929535 ], [ 73.05980689655172, 33.720019116929549 ], [ 73.05980689655172, 33.720023579013812 ], [ 73.059804214559378, 33.720023579013819 ], [ 73.059804214559378, 33.720030272139788 ], [ 73.05980153256705, 33.72003027213978 ], [ 73.05980153256705, 33.72005035151458 ], [ 73.059798850574708, 33.72005035151458 ], [ 73.059798850574708, 33.720057044638459 ], [ 73.059780076628343, 33.720057044638466 ] ] ] } },
{ "type": "Feature", "properties": { "value": 255, "area_m2": 95.594439003346523 }, "geometry": { "type": "Polygon", "coordinates": [ [ [ 73.058211111111106, 33.720083817128781 ], [ 73.058211111111106, 33.720081586088234 ], [ 73.05819770114941, 33.720081586088227 ], [ 73.05819770114941, 33.720079355047638 ], [ 73.058192337164755, 33.720079355047631 ], [ 73.058192337164755, 33.720077124006991 ], [ 73.058189655172413, 33.720077124006991 ], [ 73.058189655172413, 33.720074892966267 ], [ 73.058186973180085, 33.720074892966267 ], [ 73.058186973180085, 33.720072661925492 ], [ 73.058184291187729, 33.720072661925492 ], [ 73.058184291187729, 33.720070430884668 ], [ 73.058181609195401, 33.720070430884661 ], [ 73.058181609195401, 33.720068199843773 ], [ 73.058178927203073, 33.72006819984378 ], [ 73.058178927203073, 33.720065968802828 ], [ 73.058176245210717, 33.720065968802828 ], [ 73.058176245210717, 33.720063737761819 ], [ 73.058173563218389, 33.720063737761819 ], [ 73.058173563218389, 33.720059275679631 ], [ 73.058170881226047, 33.720059275679638 ], [ 73.058170881226047, 33.720050351514566 ], [ 73.058168199233705, 33.720050351514573 ], [ 73.058168199233705, 33.720048120473166 ], [ 73.058170881226047, 33.720048120473173 ], [ 73.058170881226047, 33.720041427348583 ], [ 73.058173563218389, 33.72004142734859 ], [ 73.058173563218389, 33.720028041097855 ], [ 73.058176245210717, 33.720028041097855 ], [ 73.058176245210717, 33.720023579013827 ], [ 73.058173563218389, 33.720023579013827 ], [ 73.058173563218389, 33.720021347971709 ], [ 73.058176245210717, 33.720021347971716 ], [ 73.058176245210717, 33.720010192760299 ], [ 73.058178927203073, 33.720010192760313 ], [ 73.058178927203073, 33.720003499632767 ], [ 73.058186973180085, 33.72000349963276 ], [ 73.058186973180085, 33.720001268590131 ], [ 73.058192337164755, 33.720001268590146 ], [ 73.058192337164755, 33.719999037547446 ], [ 73.058195019157083, 33.719999037547453 ], [ 73.058195019157083, 33.719994575461904 ], [ 73.05819770114941, 33.719994575461904 ], [ 73.05819770114941, 33.719978958160667 ], [ 73.058200383141752, 33.719978958160659 ], [ 73.058200383141752, 33.719981189203871 ], [ 73.058205747126422, 33.719981189203864 ], [ 73.058205747126422, 33.719978958160667 ], [ 73.058224521072788, 33.719978958160659 ], [ 73.058224521072788, 33.719981189203864 ], [ 73.05822720306513, 33.719981189203878 ], [ 73.05822720306513, 33.719983420247019 ], [ 73.058232567049799, 33.719983420247026 ], [ 73.058232567049799, 33.719985651290109 ], [ 73.058237931034469, 33.719985651290116 ], [ 73.058237931034469, 33.719987882333136 ], [ 73.058245977011481, 33.719987882333136 ], [ 73.058245977011481, 33.719990113376127 ], [ 73.058254022988493, 33.719990113376113 ], [ 73.058254022988493, 33.71999234441904 ], [ 73.058256704980849, 33.719992344419033 ], [ 73.058256704980849, 33.719994575461904 ], [ 73.058262068965519, 33.719994575461897 ], [ 73.058262068965519, 33.719996806504696 ], [ 73.058267432950188, 33.719996806504703 ], [ 73.058267432950188, 33.719999037547453 ], [ 73.058278160919542, 33.719999037547446 ], [ 73.058278160919542, 33.720001268590138 ], [ 73.05828084291187, 33.720001268590131 ], [ 73.05828084291187, 33.72000349963276 ], [ 73.058283524904212, 33.720003499632767 ], [ 73.058283524904212, 33.720007961717855 ], [ 73.05828620689654, 33.720007961717862 ], [ 73.05828620689654, 33.720016885887325 ], [ 73.058288888888882, 33.720016885887318 ], [ 73.058288888888882, 33.720032503181663 ], [ 73.05828620689654, 33.720032503181663 ], [ 73.05828620689654, 33.720041427348583 ], [ 73.058283524904212, 33.720041427348583 ], [ 73.058283524904212, 33.72005035151458 ], [ 73.05828084291187, 33.72005035151458 ], [ 73.05828084291187, 33.720052582555937 ], [ 73.058278160919542, 33.720052582555937 ], [ 73.058278160919542, 33.720057044638459 ], [ 73.0582754789272, 33.720057044638459 ], [ 73.0582754789272, 33.720061506720761 ], [ 73.058272796934872, 33.720061506720761 ], [ 73.058272796934872, 33.720063737761826 ], [ 73.05827011494253, 33.720063737761819 ], [ 73.05827011494253, 33.720065968802828 ], [ 73.058267432950188, 33.720065968802828 ], [ 73.058267432950188, 33.72006819984378 ], [ 73.058264750957861, 33.720068199843773 ], [ 73.058264750957861, 33.720070430884661 ], [ 73.058259386973177, 33.720070430884654 ], [ 73.058259386973177, 33.720072661925492 ], [ 73.058256704980849, 33.720072661925492 ], [ 73.058256704980849, 33.720074892966274 ], [ 73.058251340996165, 33.720074892966274 ], [ 73.058251340996165, 33.720077124006984 ], [ 73.058245977011481, 33.720077124006984 ], [ 73.058245977011481, 33.720079355047645 ], [ 73.058237931034469, 33.720079355047645 ], [ 73.058237931034469, 33.720081586088241 ], [ 73.05822720306513, 33.720081586088234 ], [ 73.05822720306513, 33.720083817128788 ], [ 73.058211111111106, 33.720083817128781 ] ] ] } },
{ "type": "Feature", "properties": { "value": 255, "area_m2": 30.511484939866484 }, "geometry": { "type": "Polygon", "coordinates": [ [ [ 73.058908429118759, 33.720030272139788 ], [ 73.058908429118759, 33.720028041097848 ], [ 73.058905747126431, 33.720028041097862 ], [ 73.058905747126431, 33.720016885887325 ], [ 73.058903065134089, 33.720016885887318 ], [ 73.058903065134089, 33.720012423802693 ], [ 73.058905747126431, 33.720012423802693 ], [ 73.058905747126431, 33.720010192760306 ], [ 73.058903065134089, 33.720010192760299 ], [ 73.058903065134089, 33.720007961717862 ], [ 73.058905747126431, 33.720007961717862 ], [ 73.058905747126431, 33.719996806504696 ], [ 73.058908429118759, 33.719996806504703 ], [ 73.058908429118759, 33.719990113376127 ], [ 73.058911111111101, 33.719990113376127 ], [ 73.058911111111101, 33.719985651290116 ], [ 73.058913793103443, 33.719985651290116 ], [ 73.058913793103443, 33.719983420247019 ], [ 73.058916475095771, 33.719983420247019 ], [ 73.058916475095771, 33.719981189203871 ], [ 73.058919157088113, 33.719981189203871 ], [ 73.058919157088113, 33.719978958160659 ], [ 73.058924521072782, 33.719978958160667 ], [ 73.058924521072782, 33.719976727117405 ], [ 73.058935249042136, 33.719976727117405 ], [ 73.058935249042136, 33.71997449607408 ], [ 73.058937931034478, 33.719974496074073 ], [ 73.058937931034478, 33.719972265030684 ], [ 73.05894597701149, 33.719972265030684 ], [ 73.05894597701149, 33.719974496074073 ], [ 73.058948659003818, 33.719974496074073 ], [ 73.058948659003818, 33.719976727117412 ], [ 73.058954022988502, 33.719976727117405 ], [ 73.058954022988502, 33.719981189203864 ], [ 73.058956704980844, 33.719981189203871 ], [ 73.058956704980844, 33.719983420247019 ], [ 73.058962068965513, 33.719983420247026 ], [ 73.058962068965513, 33.719987882333136 ], [ 73.058967432950197, 33.719987882333143 ], [ 73.058967432950197, 33.719990113376134 ], [ 73.058972796934867, 33.71999011337612 ], [ 73.058972796934867, 33.71999234441904 ], [ 73.058975478927195, 33.719992344419033 ], [ 73.058975478927195, 33.719994575461904 ], [ 73.058978160919537, 33.719994575461904 ], [ 73.058978160919537, 33.719996806504703 ], [ 73.058980842911865, 33.71999680650471 ], [ 73.058980842911865, 33.720001268590131 ], [ 73.058978160919537, 33.720001268590124 ], [ 73.058978160919537, 33.72000349963276 ], [ 73.058975478927195, 33.72000349963276 ], [ 73.058975478927195, 33.720005730675332 ], [ 73.058970114942525, 33.720005730675339 ], [ 73.058970114942525, 33.720007961717855 ], [ 73.058967432950197, 33.720007961717847 ], [ 73.058967432950197, 33.720010192760306 ], [ 73.058964750957855, 33.720010192760313 ], [ 73.058964750957855, 33.7200124238027 ], [ 73.058962068965513, 33.720012423802693 ], [ 73.058962068965513, 33.720014654845038 ], [ 73.058959386973186, 33.720014654845038 ], [ 73.058959386973186, 33.720019116929549 ], [ 73.058954022988502, 33.720019116929549 ], [ 73.058954022988502, 33.720021347971716 ], [ 73.058951340996174, 33.720021347971716 ], [ 73.058951340996174, 33.720023579013812 ], [ 73.05894597701149, 33.720023579013812 ], [ 73.05894597701149, 33.720025810055873 ], [ 73.058943295019162, 33.720025810055859 ], [ 73.058943295019162, 33.720028041097855 ], [ 73.058935249042136, 33.720028041097855 ], [ 73.058935249042136, 33.720030272139788 ], [ 73.058908429118759, 33.720030272139788 ] ] ] } },
{ "type": "Feature", "properties": { "value": 255, "area_m2": 41.953273413553688 }, "geometry": { "type": "Polygon", "coordinates": [ [ [ 73.059892720306507, 33.72003250318167 ], [ 73.059892720306507, 33.720028041097862 ], [ 73.059887356321838, 33.720028041097855 ], [ 73.059887356321838, 33.720025810055873 ], [ 73.059884674329496, 33.720025810055859 ], [ 73.059884674329496, 33.720021347971709 ], [ 73.059881992337154, 33.720021347971709 ], [ 73.059881992337154, 33.720016885887318 ], [ 73.059879310344826, 33.720016885887318 ], [ 73.059879310344826, 33.720012423802707 ], [ 73.059876628352484, 33.7200124238027 ], [ 73.059876628352484, 33.72000796171784 ], [ 73.059873946360142, 33.720007961717847 ], [ 73.059873946360142, 33.72000349963276 ], [ 73.059871264367814, 33.72000349963276 ], [ 73.059871264367814, 33.720001268590146 ], [ 73.059868582375472, 33.720001268590138 ], [ 73.059868582375472, 33.719999037547446 ], [ 73.05986590038313, 33.719999037547453 ], [ 73.05986590038313, 33.719996806504703 ], [ 73.059857854406118, 33.71999680650471 ], [ 73.059857854406118, 33.719994575461897 ], [ 73.059849808429107, 33.719994575461911 ], [ 73.059849808429107, 33.719992344419033 ], [ 73.059833716475097, 33.71999234441904 ], [ 73.059833716475097, 33.71999011337612 ], [ 73.059831034482755, 33.71999011337612 ], [ 73.059831034482755, 33.719987882333143 ], [ 73.059828352490413, 33.719987882333136 ], [ 73.059828352490413, 33.719985651290109 ], [ 73.059825670498086, 33.719985651290109 ], [ 73.059825670498086, 33.71997449607408 ], [ 73.059828352490413, 33.719974496074073 ], [ 73.059828352490413, 33.719967802943756 ], [ 73.059831034482755, 33.719967802943749 ], [ 73.059831034482755, 33.71996334085658 ], [ 73.059833716475097, 33.719963340856587 ], [ 73.059833716475097, 33.719961109812907 ], [ 73.059836398467425, 33.719961109812907 ], [ 73.059836398467425, 33.71995664772539 ], [ 73.059839080459767, 33.719956647725382 ], [ 73.059839080459767, 33.719954416681546 ], [ 73.059841762452109, 33.719954416681539 ], [ 73.059841762452109, 33.719952185637638 ], [ 73.059844444444437, 33.719952185637631 ], [ 73.059844444444437, 33.71994995459368 ], [ 73.05986053639846, 33.719949954593673 ], [ 73.05986053639846, 33.719952185637631 ], [ 73.059863218390788, 33.719952185637631 ], [ 73.059863218390788, 33.719954416681531 ], [ 73.059871264367814, 33.719954416681539 ], [ 73.059871264367814, 33.719956647725382 ], [ 73.059873946360142, 33.719956647725375 ], [ 73.059873946360142, 33.719958878769184 ], [ 73.059876628352484, 33.719958878769191 ], [ 73.059876628352484, 33.719961109812907 ], [ 73.059879310344826, 33.719961109812914 ], [ 73.059879310344826, 33.71996334085658 ], [ 73.059881992337154, 33.71996334085658 ], [ 73.059881992337154, 33.719970033987245 ], [ 73.059884674329496, 33.719970033987245 ], [ 73.059884674329496, 33.719972265030684 ], [ 73.059887356321838, 33.719972265030684 ], [ 73.059887356321838, 33.71997449607408 ], [ 73.059892720306507, 33.71997449607408 ], [ 73.059892720306507, 33.719976727117405 ], [ 73.059895402298849, 33.719976727117398 ], [ 73.059895402298849, 33.719978958160659 ], [ 73.059903448275861, 33.719978958160667 ], [ 73.059903448275861, 33.719981189203871 ], [ 73.059914176245201, 33.719981189203864 ], [ 73.059914176245201, 33.719983420247026 ], [ 73.059916858237543, 33.719983420247026 ], [ 73.059916858237543, 33.719985651290109 ], [ 73.059919540229885, 33.719985651290102 ], [ 73.059919540229885, 33.719987882333143 ], [ 73.059922222222227, 33.719987882333136 ], [ 73.059922222222227, 33.719990113376113 ], [ 73.059924904214554, 33.719990113376127 ], [ 73.059924904214554, 33.719994575461897 ], [ 73.059922222222227, 33.719994575461904 ], [ 73.059922222222227, 33.720001268590146 ], [ 73.059919540229885, 33.720001268590146 ], [ 73.059919540229885, 33.720005730675346 ], [ 73.059916858237543, 33.720005730675339 ], [ 73.059916858237543, 33.7200124238027 ], [ 73.059914176245201, 33.7200124238027 ], [ 73.059914176245201, 33.720016885887325 ], [ 73.059911494252873, 33.720016885887318 ], [ 73.059911494252873, 33.720025810055866 ], [ 73.059908812260531, 33.720025810055851 ], [ 73.059908812260531, 33.720030272139788 ], [ 73.059903448275861, 33.720030272139795 ], [ 73.059903448275861, 33.720032503181663 ], [ 73.059892720306507, 33.72003250318167 ] ] ] } },
{ "type": "Feature", "properties": { "value": 255, "area_m2": 30.94210436225924 }, "geometry": { "type": "Polygon", "coordinates": [ [ [ 73.059063984674324, 33.720012423802707 ], [ 73.059063984674324, 33.720010192760299 ], [ 73.059061302681982, 33.720010192760306 ], [ 73.059061302681982, 33.720007961717855 ], [ 73.059055938697313, 33.720007961717862 ], [ 73.059055938697313, 33.720005730675339 ], [ 73.059053256704985, 33.720005730675332 ], [ 73.059053256704985, 33.720003499632774 ], [ 73.059047892720301, 33.720003499632767 ], [ 73.059047892720301, 33.720001268590131 ], [ 73.059042528735631, 33.720001268590138 ], [ 73.059042528735631, 33.719999037547453 ], [ 73.059039846743289, 33.719999037547453 ], [ 73.059039846743289, 33.719996806504703 ], [ 73.059034482758619, 33.719996806504703 ], [ 73.059034482758619, 33.719994575461904 ], [ 73.059031800766277, 33.719994575461904 ], [ 73.059031800766277, 33.71999234441904 ], [ 73.059026436781608, 33.71999234441904 ], [ 73.059026436781608, 33.719990113376127 ], [ 73.059021072796938, 33.719990113376134 ], [ 73.059021072796938, 33.719987882333136 ], [ 73.059015708812254, 33.719987882333143 ], [ 73.059015708812254, 33.719985651290109 ], [ 73.059013026819926, 33.719985651290109 ], [ 73.059013026819926, 33.719983420247019 ], [ 73.05901034482757, 33.719983420247019 ], [ 73.05901034482757, 33.719981189203864 ], [ 73.059007662835242, 33.719981189203857 ], [ 73.059007662835242, 33.719978958160659 ], [ 73.0590049808429, 33.719978958160667 ], [ 73.0590049808429, 33.719976727117405 ], [ 73.059002298850558, 33.719976727117412 ], [ 73.059002298850558, 33.719967802943756 ], [ 73.0590049808429, 33.719967802943756 ], [ 73.0590049808429, 33.719963340856573 ], [ 73.059007662835242, 33.719963340856573 ], [ 73.059007662835242, 33.719961109812907 ], [ 73.05901034482757, 33.719961109812907 ], [ 73.05901034482757, 33.719958878769191 ], [ 73.059013026819926, 33.719958878769184 ], [ 73.059013026819926, 33.719954416681539 ], [ 73.059015708812254, 33.719954416681546 ], [ 73.059015708812254, 33.719952185637638 ], [ 73.059018390804582, 33.719952185637645 ], [ 73.059018390804582, 33.71994995459368 ], [ 73.059021072796938, 33.719949954593673 ], [ 73.059021072796938, 33.719947723549652 ], [ 73.059031800766277, 33.719947723549652 ], [ 73.059031800766277, 33.71994995459368 ], [ 73.059034482758619, 33.71994995459368 ], [ 73.059034482758619, 33.719952185637631 ], [ 73.059039846743289, 33.719952185637631 ], [ 73.059039846743289, 33.719954416681546 ], [ 73.059042528735631, 33.719954416681546 ], [ 73.059042528735631, 33.719956647725382 ], [ 73.059047892720301, 33.719956647725382 ], [ 73.059047892720301, 33.71995887876917 ], [ 73.059050574712643, 33.719958878769191 ], [ 73.059050574712643, 33.719961109812907 ], [ 73.059055938697313, 33.719961109812907 ], [ 73.059055938697313, 33.719963340856566 ], [ 73.059058620689655, 33.719963340856587 ], [ 73.059058620689655, 33.719965571900183 ], [ 73.059063984674324, 33.719965571900183 ], [ 73.059063984674324, 33.719967802943749 ], [ 73.059066666666652, 33.719967802943756 ], [ 73.059066666666652, 33.719970033987238 ], [ 73.059072030651322, 33.719970033987245 ], [ 73.059072030651322, 33.719972265030684 ], [ 73.059074712643664, 33.719972265030691 ], [ 73.059074712643664, 33.719974496074073 ], [ 73.059077394636006, 33.719974496074073 ], [ 73.059077394636006, 33.719976727117405 ], [ 73.059080076628334, 33.719976727117398 ], [ 73.059080076628334, 33.719978958160667 ], [ 73.059082758620676, 33.719978958160667 ], [ 73.059082758620676, 33.71998788233315 ], [ 73.059080076628334, 33.719987882333143 ], [ 73.059080076628334, 33.720005730675346 ], [ 73.059077394636006, 33.720005730675339 ], [ 73.059077394636006, 33.720010192760306 ], [ 73.059074712643664, 33.720010192760299 ], [ 73.059074712643664, 33.7200124238027 ], [ 73.059063984674324, 33.720012423802707 ] ] ] } },
{ "type": "Feature", "properties": { "value": 255, "area_m2": 42.015000772543033 }, "geometry": { "type": "Polygon", "coordinates": [ [ [ 73.054177394636014, 33.720001268590131 ], [ 73.054177394636014, 33.719999037547446 ], [ 73.054158620689648, 33.719999037547453 ], [ 73.054158620689648, 33.719996806504703 ], [ 73.054150574712637, 33.719996806504703 ], [ 73.054150574712637, 33.719994575461904 ], [ 73.054139846743283, 33.719994575461897 ], [ 73.054139846743283, 33.71999234441904 ], [ 73.054121072796931, 33.719992344419033 ], [ 73.054121072796931, 33.71999011337612 ], [ 73.05410766283525, 33.71999011337612 ], [ 73.05410766283525, 33.719987882333143 ], [ 73.05410229885058, 33.719987882333136 ], [ 73.05410229885058, 33.719985651290109 ], [ 73.054099616858238, 33.719985651290116 ], [ 73.054099616858238, 33.719983420247026 ], [ 73.05409693486591, 33.719983420247026 ], [ 73.05409693486591, 33.719970033987252 ], [ 73.054099616858238, 33.719970033987252 ], [ 73.054099616858238, 33.719958878769177 ], [ 73.05410229885058, 33.719958878769184 ], [ 73.05410229885058, 33.719956647725382 ], [ 73.054104980842922, 33.719956647725382 ], [ 73.054104980842922, 33.719952185637638 ], [ 73.05410766283525, 33.719952185637638 ], [ 73.05410766283525, 33.719947723549659 ], [ 73.054110344827592, 33.719947723549652 ], [ 73.054110344827592, 33.71994549250558 ], [ 73.054137164750955, 33.719945492505573 ], [ 73.054137164750955, 33.719947723549652 ], [ 73.054142528735625, 33.719947723549659 ], [ 73.054142528735625, 33.71994995459368 ], [ 73.054150574712637, 33.719949954593673 ], [ 73.054150574712637, 33.719952185637638 ], [ 73.05416130268199, 33.719952185637638 ], [ 73.05416130268199, 33.719954416681539 ], [ 73.054169348659002, 33.719954416681539 ], [ 73.054169348659002, 33.719956647725382 ], [ 73.054180076628356, 33.719956647725382 ], [ 73.054180076628356, 33.719958878769184 ], [ 73.05419080459771, 33.719958878769177 ], [ 73.05419080459771, 33.719965571900183 ], [ 73.054193486590037, 33.71996557190019 ], [ 73.054193486590037, 33.719999037547453 ], [ 73.05419080459771, 33.719999037547446 ], [ 73.05419080459771, 33.720001268590138 ], [ 73.054177394636014, 33.720001268590131 ] ] ] } },
{ "type": "Feature", "properties": { "value": 255, "area_m2": 38.262423148410846 }, "geometry": { "type": "Polygon", "coordinates": [ [ [ 73.058870881226042, 33.719994575461904 ], [ 73.058870881226042, 33.71999234441904 ], [ 73.058860153256703, 33.719992344419033 ], [ 73.058860153256703, 33.719990113376127 ], [ 73.058854789272019, 33.71999011337612 ], [ 73.058854789272019, 33.719987882333143 ], [ 73.058849425287349, 33.719987882333143 ], [ 73.058849425287349, 33.719985651290109 ], [ 73.058844061302679, 33.719985651290116 ], [ 73.058844061302679, 33.719983420247026 ], [ 73.058838697317995, 33.719983420247026 ], [ 73.058838697317995, 33.719981189203878 ], [ 73.058836015325667, 33.719981189203871 ], [ 73.058836015325667, 33.719978958160667 ], [ 73.058830651340983, 33.719978958160667 ], [ 73.058830651340983, 33.719976727117398 ], [ 73.058827969348656, 33.719976727117405 ], [ 73.058827969348656, 33.71997449607408 ], [ 73.058822605363972, 33.71997449607408 ], [ 73.058822605363972, 33.719970033987245 ], [ 73.058819923371644, 33.719970033987238 ], [ 73.058819923371644, 33.719961109812914 ], [ 73.058817241379288, 33.719961109812907 ], [ 73.058817241379288, 33.71993879937299 ], [ 73.058819923371644, 33.71993879937299 ], [ 73.058819923371644, 33.719936568328691 ], [ 73.058822605363972, 33.719936568328691 ], [ 73.058822605363972, 33.719934337284322 ], [ 73.058841379310337, 33.719934337284329 ], [ 73.058841379310337, 33.719936568328691 ], [ 73.058854789272019, 33.719936568328691 ], [ 73.058854789272019, 33.719938799372997 ], [ 73.058865517241372, 33.71993879937299 ], [ 73.058865517241372, 33.719941030417246 ], [ 73.058868199233714, 33.719941030417239 ], [ 73.058868199233714, 33.719943261461438 ], [ 73.058876245210726, 33.719943261461438 ], [ 73.058876245210726, 33.719945492505587 ], [ 73.05888160919541, 33.71994549250558 ], [ 73.05888160919541, 33.719947723549659 ], [ 73.058884291187738, 33.719947723549659 ], [ 73.058884291187738, 33.719949954593673 ], [ 73.058889655172408, 33.719949954593673 ], [ 73.058889655172408, 33.719952185637638 ], [ 73.058897701149419, 33.719952185637638 ], [ 73.058897701149419, 33.719954416681546 ], [ 73.058900383141747, 33.719954416681546 ], [ 73.058900383141747, 33.719958878769184 ], [ 73.058903065134089, 33.719958878769184 ], [ 73.058903065134089, 33.719972265030684 ], [ 73.058900383141747, 33.719972265030684 ], [ 73.058900383141747, 33.719976727117412 ], [ 73.058897701149419, 33.719976727117405 ], [ 73.058897701149419, 33.719983420247019 ], [ 73.058895019157077, 33.719983420247026 ], [ 73.058895019157077, 33.719987882333136 ], [ 73.058892337164735, 33.719987882333136 ], [ 73.058892337164735, 33.719990113376127 ], [ 73.058886973180066, 33.71999011337612 ], [ 73.058886973180066, 33.71999234441904 ], [ 73.058878927203054, 33.71999234441904 ], [ 73.058878927203054, 33.719994575461897 ], [ 73.058870881226042, 33.719994575461904 ] ] ] } },
{ "type": "Feature", "properties": { "value": 255, "area_m2": 28.296960667442271 }, "geometry": { "type": "Polygon", "coordinates": [ [ [ 73.059965134099613, 33.719963340856587 ], [ 73.059965134099613, 33.719961109812914 ], [ 73.059959770114929, 33.719961109812907 ], [ 73.059959770114929, 33.719958878769184 ], [ 73.059954406130259, 33.719958878769177 ], [ 73.059954406130259, 33.719956647725382 ], [ 73.059949042145576, 33.71995664772539 ], [ 73.059949042145576, 33.719954416681539 ], [ 73.059943678160906, 33.719954416681539 ], [ 73.059943678160906, 33.719952185637638 ], [ 73.059938314176236, 33.719952185637638 ], [ 73.059938314176236, 33.719949954593673 ], [ 73.059932950191566, 33.71994995459368 ], [ 73.059932950191566, 33.719947723549659 ], [ 73.059927586206896, 33.719947723549652 ], [ 73.059927586206896, 33.719945492505573 ], [ 73.059924904214554, 33.719945492505587 ], [ 73.059924904214554, 33.719943261461452 ], [ 73.059916858237543, 33.719943261461445 ], [ 73.059916858237543, 33.719941030417253 ], [ 73.059911494252873, 33.719941030417239 ], [ 73.059911494252873, 33.71993879937299 ], [ 73.059906130268189, 33.719938799372997 ], [ 73.059906130268189, 33.719936568328691 ], [ 73.059898084291177, 33.719936568328691 ], [ 73.059898084291177, 33.719934337284315 ], [ 73.059895402298849, 33.719934337284329 ], [ 73.059895402298849, 33.719932106239881 ], [ 73.059892720306507, 33.719932106239874 ], [ 73.059892720306507, 33.719923182061599 ], [ 73.059895402298849, 33.719923182061606 ], [ 73.059895402298849, 33.719920951016881 ], [ 73.059898084291177, 33.719920951016881 ], [ 73.059898084291177, 33.719918719972121 ], [ 73.059900766283519, 33.719918719972121 ], [ 73.059900766283519, 33.719920951016888 ], [ 73.059914176245201, 33.719920951016881 ], [ 73.059914176245201, 33.719918719972107 ], [ 73.059919540229885, 33.719918719972121 ], [ 73.059919540229885, 33.719916488927282 ], [ 73.059924904214554, 33.719916488927275 ], [ 73.059924904214554, 33.719912026837449 ], [ 73.059935632183894, 33.719912026837441 ], [ 73.059935632183894, 33.719914257882394 ], [ 73.059940996168564, 33.719914257882401 ], [ 73.059940996168564, 33.719916488927275 ], [ 73.059946360153248, 33.719916488927275 ], [ 73.059946360153248, 33.719918719972121 ], [ 73.059949042145576, 33.719918719972121 ], [ 73.059949042145576, 33.719920951016888 ], [ 73.059954406130259, 33.719920951016888 ], [ 73.059954406130259, 33.719923182061606 ], [ 73.059959770114929, 33.719923182061599 ], [ 73.059959770114929, 33.71992541310626 ], [ 73.059962452107271, 33.71992541310626 ], [ 73.059962452107271, 33.719927644150864 ], [ 73.059967816091941, 33.719927644150864 ], [ 73.059967816091941, 33.719929875195405 ], [ 73.059970498084283, 33.719929875195405 ], [ 73.059970498084283, 33.719932106239881 ], [ 73.059975862068953, 33.719932106239888 ], [ 73.059975862068953, 33.719934337284315 ], [ 73.059978544061295, 33.719934337284322 ], [ 73.059978544061295, 33.719936568328691 ], [ 73.059983908045965, 33.719936568328684 ], [ 73.059983908045965, 33.71993879937299 ], [ 73.059986590038307, 33.719938799372997 ], [ 73.059986590038307, 33.719941030417239 ], [ 73.059989272030649, 33.719941030417253 ], [ 73.059989272030649, 33.719963340856573 ], [ 73.059965134099613, 33.719963340856587 ] ] ] } },
{ "type": "Feature", "properties": { "value": 255, "area_m2": 43.060747779606203 }, "geometry": { "type": "Polygon", "coordinates": [ [ [ 73.055319923371641, 33.719987882333143 ], [ 73.055319923371641, 33.719985651290109 ], [ 73.055317241379313, 33.719985651290116 ], [ 73.055317241379313, 33.719983420247026 ], [ 73.05531187739463, 33.719983420247033 ], [ 73.05531187739463, 33.719981189203878 ], [ 73.055309195402302, 33.719981189203871 ], [ 73.055309195402302, 33.719978958160659 ], [ 73.055303831417618, 33.719978958160667 ], [ 73.055303831417618, 33.719976727117405 ], [ 73.055298467432948, 33.719976727117405 ], [ 73.055298467432948, 33.71997449607408 ], [ 73.055293103448278, 33.719974496074073 ], [ 73.055293103448278, 33.719972265030677 ], [ 73.055290421455936, 33.719972265030684 ], [ 73.055290421455936, 33.719970033987252 ], [ 73.055287739463594, 33.719970033987245 ], [ 73.055287739463594, 33.719967802943764 ], [ 73.055285057471266, 33.719967802943764 ], [ 73.055285057471266, 33.71996557190019 ], [ 73.055282375478924, 33.71996557190019 ], [ 73.055282375478924, 33.71996334085658 ], [ 73.055279693486582, 33.719963340856587 ], [ 73.055279693486582, 33.7199611098129 ], [ 73.055277011494255, 33.7199611098129 ], [ 73.055277011494255, 33.719958878769191 ], [ 73.055274329501898, 33.719958878769184 ], [ 73.055274329501898, 33.719956647725382 ], [ 73.055268965517243, 33.719956647725382 ], [ 73.055268965517243, 33.719952185637638 ], [ 73.055266283524887, 33.719952185637638 ], [ 73.055266283524887, 33.719945492505573 ], [ 73.055263601532559, 33.71994549250558 ], [ 73.055263601532559, 33.719941030417246 ], [ 73.055260919540231, 33.719941030417246 ], [ 73.055260919540231, 33.719925413106267 ], [ 73.055263601532559, 33.719925413106253 ], [ 73.055263601532559, 33.719918719972107 ], [ 73.055266283524887, 33.719918719972114 ], [ 73.055266283524887, 33.719916488927282 ], [ 73.055271647509571, 33.719916488927289 ], [ 73.055271647509571, 33.719909795792432 ], [ 73.055287739463594, 33.719909795792439 ], [ 73.055287739463594, 33.719912026837441 ], [ 73.055293103448278, 33.719912026837441 ], [ 73.055293103448278, 33.719914257882401 ], [ 73.055295785440606, 33.719914257882394 ], [ 73.055295785440606, 33.719916488927275 ], [ 73.05530114942529, 33.719916488927282 ], [ 73.05530114942529, 33.719918719972121 ], [ 73.05530651340996, 33.719918719972114 ], [ 73.05530651340996, 33.719920951016881 ], [ 73.055309195402302, 33.719920951016867 ], [ 73.055309195402302, 33.719923182061599 ], [ 73.055314559386971, 33.719923182061606 ], [ 73.055314559386971, 33.71992541310626 ], [ 73.055322605363983, 33.71992541310626 ], [ 73.055322605363983, 33.719927644150872 ], [ 73.055327969348653, 33.719927644150872 ], [ 73.055327969348653, 33.719929875195405 ], [ 73.055333333333337, 33.719929875195405 ], [ 73.055333333333337, 33.719932106239888 ], [ 73.055338697318007, 33.719932106239874 ], [ 73.055338697318007, 33.719934337284322 ], [ 73.055344061302677, 33.719934337284322 ], [ 73.055344061302677, 33.719961109812893 ], [ 73.055341379310335, 33.719961109812907 ], [ 73.055341379310335, 33.719965571900183 ], [ 73.055338697318007, 33.719965571900183 ], [ 73.055338697318007, 33.719970033987252 ], [ 73.055336015325665, 33.719970033987238 ], [ 73.055336015325665, 33.71997449607408 ], [ 73.055333333333337, 33.719974496074059 ], [ 73.055333333333337, 33.719978958160667 ], [ 73.055330651340995, 33.719978958160667 ], [ 73.055330651340995, 33.719983420247026 ], [ 73.055327969348653, 33.719983420247026 ], [ 73.055327969348653, 33.719985651290109 ], [ 73.055322605363983, 33.719985651290109 ], [ 73.055322605363983, 33.719987882333136 ], [ 73.055319923371641, 33.719987882333143 ] ] ] } },
{ "type": "Feature", "properties": { "value": 255, "area_m2": 38.693078215929482 }, "geometry": { "type": "Polygon", "coordinates": [ [ [ 73.057996551724131, 33.719976727117398 ], [ 73.057996551724131, 33.719974496074073 ], [ 73.057988505747119, 33.719974496074073 ], [ 73.057988505747119, 33.719970033987245 ], [ 73.057985823754791, 33.719970033987238 ], [ 73.057985823754791, 33.719967802943756 ], [ 73.057983141762449, 33.719967802943756 ], [ 73.057983141762449, 33.71996334085658 ], [ 73.057980459770107, 33.71996334085658 ], [ 73.057980459770107, 33.7199611098129 ], [ 73.057977777777779, 33.719961109812907 ], [ 73.057977777777779, 33.719958878769184 ], [ 73.057975095785437, 33.719958878769184 ], [ 73.057975095785437, 33.719954416681531 ], [ 73.057967049808411, 33.719954416681546 ], [ 73.057967049808411, 33.719952185637631 ], [ 73.057964367816083, 33.719952185637631 ], [ 73.057964367816083, 33.71994995459368 ], [ 73.057961685823742, 33.71994995459368 ], [ 73.057961685823742, 33.719947723549652 ], [ 73.0579590038314, 33.719947723549659 ], [ 73.0579590038314, 33.71994549250558 ], [ 73.057956321839072, 33.71994549250558 ], [ 73.057956321839072, 33.719943261461438 ], [ 73.05795363984673, 33.719943261461445 ], [ 73.05795363984673, 33.719941030417246 ], [ 73.057950957854388, 33.719941030417253 ], [ 73.057950957854388, 33.71993879937299 ], [ 73.05794827586206, 33.719938799372997 ], [ 73.05794827586206, 33.719936568328691 ], [ 73.057942911877376, 33.719936568328691 ], [ 73.057942911877376, 33.719934337284329 ], [ 73.057940229885048, 33.719934337284329 ], [ 73.057940229885048, 33.719932106239888 ], [ 73.057937547892706, 33.719932106239881 ], [ 73.057937547892706, 33.719929875195405 ], [ 73.057934865900378, 33.719929875195405 ], [ 73.057934865900378, 33.719918719972121 ], [ 73.057937547892706, 33.719918719972107 ], [ 73.057937547892706, 33.719914257882401 ], [ 73.057940229885048, 33.719914257882408 ], [ 73.057940229885048, 33.719909795792439 ], [ 73.057950957854388, 33.719909795792432 ], [ 73.057950957854388, 33.719907564747366 ], [ 73.05795363984673, 33.71990756474738 ], [ 73.05795363984673, 33.719909795792432 ], [ 73.0579590038314, 33.719909795792432 ], [ 73.0579590038314, 33.719912026837441 ], [ 73.057961685823742, 33.719912026837441 ], [ 73.057961685823742, 33.719914257882401 ], [ 73.057964367816083, 33.719914257882401 ], [ 73.057964367816083, 33.719916488927289 ], [ 73.057977777777779, 33.719916488927275 ], [ 73.057977777777779, 33.719918719972121 ], [ 73.057983141762449, 33.719918719972121 ], [ 73.057983141762449, 33.719920951016888 ], [ 73.057988505747119, 33.719920951016874 ], [ 73.057988505747119, 33.719923182061606 ], [ 73.057999233716473, 33.719923182061606 ], [ 73.057999233716473, 33.719925413106267 ], [ 73.058007279693484, 33.71992541310626 ], [ 73.058007279693484, 33.719927644150864 ], [ 73.058015325670496, 33.719927644150864 ], [ 73.058015325670496, 33.719929875195405 ], [ 73.058034099616847, 33.719929875195405 ], [ 73.058034099616847, 33.719927644150864 ], [ 73.058039463601517, 33.719927644150864 ], [ 73.058039463601517, 33.71992541310626 ], [ 73.058044827586187, 33.719925413106267 ], [ 73.058044827586187, 33.719927644150857 ], [ 73.058047509578543, 33.719927644150864 ], [ 73.058047509578543, 33.719945492505587 ], [ 73.058044827586187, 33.71994549250558 ], [ 73.058044827586187, 33.719947723549652 ], [ 73.058039463601517, 33.719947723549659 ], [ 73.058039463601517, 33.719943261461438 ], [ 73.058031417624505, 33.719943261461438 ], [ 73.058031417624505, 33.71994549250558 ], [ 73.058034099616847, 33.71994549250558 ], [ 73.058034099616847, 33.719947723549659 ], [ 73.058023371647508, 33.719947723549659 ], [ 73.058023371647508, 33.719954416681546 ], [ 73.058018007662838, 33.719954416681546 ], [ 73.058018007662838, 33.71995664772539 ], [ 73.058015325670496, 33.719956647725375 ], [ 73.058015325670496, 33.71996334085658 ], [ 73.058012643678154, 33.719963340856587 ], [ 73.058012643678154, 33.719967802943749 ], [ 73.058009961685826, 33.719967802943756 ], [ 73.058009961685826, 33.719972265030684 ], [ 73.058007279693484, 33.719972265030691 ], [ 73.058007279693484, 33.719974496074073 ], [ 73.058004597701142, 33.719974496074073 ], [ 73.058004597701142, 33.719976727117405 ], [ 73.057996551724131, 33.719976727117398 ] ] ] } },
{ "type": "Feature", "properties": { "value": 255, "area_m2": 36.663170419327109 }, "geometry": { "type": "Polygon", "coordinates": [ [ [ 73.054813026819929, 33.719967802943749 ], [ 73.054813026819929, 33.719965571900183 ], [ 73.054807662835259, 33.719965571900197 ], [ 73.054807662835259, 33.71996334085658 ], [ 73.054804980842917, 33.71996334085658 ], [ 73.054804980842917, 33.7199611098129 ], [ 73.054799616858247, 33.7199611098129 ], [ 73.054799616858247, 33.719958878769184 ], [ 73.054796934865905, 33.719958878769191 ], [ 73.054796934865905, 33.719954416681546 ], [ 73.054794252873563, 33.719954416681539 ], [ 73.054794252873563, 33.719952185637638 ], [ 73.054791570881235, 33.719952185637638 ], [ 73.054791570881235, 33.719945492505573 ], [ 73.054788888888893, 33.71994549250558 ], [ 73.054788888888893, 33.719938799372997 ], [ 73.054786206896551, 33.719938799372997 ], [ 73.054786206896551, 33.719934337284322 ], [ 73.054783524904224, 33.719934337284315 ], [ 73.054783524904224, 33.719923182061599 ], [ 73.054786206896551, 33.719923182061592 ], [ 73.054786206896551, 33.719916488927282 ], [ 73.054788888888893, 33.719916488927282 ], [ 73.054788888888893, 33.719912026837449 ], [ 73.054791570881235, 33.719912026837441 ], [ 73.054791570881235, 33.719907564747373 ], [ 73.054794252873563, 33.71990756474738 ], [ 73.054794252873563, 33.719905333702258 ], [ 73.054804980842917, 33.719905333702251 ], [ 73.054804980842917, 33.719909795792432 ], [ 73.054810344827587, 33.719909795792432 ], [ 73.054810344827587, 33.719912026837449 ], [ 73.054813026819929, 33.719912026837449 ], [ 73.054813026819929, 33.719914257882401 ], [ 73.054815708812257, 33.719914257882394 ], [ 73.054815708812257, 33.719916488927275 ], [ 73.054821072796926, 33.719916488927282 ], [ 73.054821072796926, 33.719918719972107 ], [ 73.054826436781596, 33.719918719972114 ], [ 73.054826436781596, 33.719920951016881 ], [ 73.05483180076628, 33.719920951016881 ], [ 73.05483180076628, 33.719923182061606 ], [ 73.054839846743292, 33.719923182061599 ], [ 73.054839846743292, 33.71992541310626 ], [ 73.054845210727962, 33.719925413106267 ], [ 73.054845210727962, 33.719927644150872 ], [ 73.054850574712631, 33.719927644150872 ], [ 73.054850574712631, 33.719929875195405 ], [ 73.054855938697315, 33.719929875195405 ], [ 73.054855938697315, 33.719932106239895 ], [ 73.054858620689657, 33.719932106239888 ], [ 73.054858620689657, 33.719936568328691 ], [ 73.054861302681999, 33.719936568328691 ], [ 73.054861302681999, 33.71993879937299 ], [ 73.054863984674327, 33.71993879937299 ], [ 73.054863984674327, 33.719941030417253 ], [ 73.054866666666669, 33.719941030417246 ], [ 73.054866666666669, 33.71994549250558 ], [ 73.054869348659011, 33.719945492505573 ], [ 73.054869348659011, 33.719947723549659 ], [ 73.054872030651339, 33.719947723549645 ], [ 73.054872030651339, 33.71995664772539 ], [ 73.054869348659011, 33.719956647725382 ], [ 73.054869348659011, 33.719961109812907 ], [ 73.054866666666669, 33.719961109812907 ], [ 73.054866666666669, 33.71996334085658 ], [ 73.054850574712631, 33.71996334085658 ], [ 73.054850574712631, 33.71996557190019 ], [ 73.054847892720304, 33.71996557190019 ], [ 73.054847892720304, 33.719967802943756 ], [ 73.054813026819929, 33.719967802943749 ] ] ] } },
{ "type": "Feature", "properties": { "value": 255, "area_m2": 27.128329773475439 }, "geometry": { "type": "Polygon", "coordinates": [ [ [ 73.053804597701145, 33.719927644150864 ], [ 73.053804597701145, 33.719918719972114 ], [ 73.053807279693473, 33.719918719972121 ], [ 73.053807279693473, 33.719905333702258 ], [ 73.053809961685829, 33.719905333702265 ], [ 73.053809961685829, 33.719894178475769 ], [ 73.053812643678157, 33.719894178475776 ], [ 73.053812643678157, 33.71988971638477 ], [ 73.053820689655169, 33.719889716384778 ], [ 73.053820689655169, 33.719891947430312 ], [ 73.053831417624522, 33.719891947430298 ], [ 73.053831417624522, 33.719894178475776 ], [ 73.053842145593876, 33.719894178475776 ], [ 73.053842145593876, 33.719896409521191 ], [ 73.053852873563216, 33.719896409521184 ], [ 73.053852873563216, 33.719898640566541 ], [ 73.053863601532555, 33.719898640566534 ], [ 73.053863601532555, 33.719900871611848 ], [ 73.053874329501909, 33.719900871611834 ], [ 73.053874329501909, 33.719903102657078 ], [ 73.053882375478921, 33.719903102657078 ], [ 73.053882375478921, 33.719905333702265 ], [ 73.053887739463605, 33.719905333702251 ], [ 73.053887739463605, 33.719907564747373 ], [ 73.053895785440616, 33.719907564747366 ], [ 73.053895785440616, 33.719909795792439 ], [ 73.053898467432944, 33.719909795792432 ], [ 73.053898467432944, 33.719916488927282 ], [ 73.053895785440616, 33.719916488927282 ], [ 73.053895785440616, 33.719923182061592 ], [ 73.053893103448274, 33.719923182061592 ], [ 73.053893103448274, 33.719927644150857 ], [ 73.053804597701145, 33.719927644150864 ] ] ] } },
{ "type": "Feature", "properties": { "value": 255, "area_m2": 90.550690961496258 }, "geometry": { "type": "Polygon", "coordinates": [ [ [ 73.05550766283524, 33.719929875195405 ], [ 73.05550766283524, 33.719927644150872 ], [ 73.055499616858242, 33.719927644150864 ], [ 73.055499616858242, 33.719923182061599 ], [ 73.0554969348659, 33.719923182061606 ], [ 73.0554969348659, 33.719920951016881 ], [ 73.05549157088123, 33.719920951016881 ], [ 73.05549157088123, 33.719918719972114 ], [ 73.055494252873572, 33.719918719972114 ], [ 73.055494252873572, 33.719916488927275 ], [ 73.05549157088123, 33.719916488927289 ], [ 73.05549157088123, 33.719907564747366 ], [ 73.055494252873572, 33.71990756474738 ], [ 73.055494252873572, 33.719905333702251 ], [ 73.05549157088123, 33.719905333702251 ], [ 73.05549157088123, 33.719903102657078 ], [ 73.055494252873572, 33.719903102657078 ], [ 73.055494252873572, 33.719898640566534 ], [ 73.0554969348659, 33.719898640566534 ], [ 73.0554969348659, 33.719896409521184 ], [ 73.055499616858242, 33.719896409521191 ], [ 73.055499616858242, 33.71988971638477 ], [ 73.055502298850584, 33.71988971638477 ], [ 73.055502298850584, 33.719883023247839 ], [ 73.055504980842912, 33.719883023247839 ], [ 73.055504980842912, 33.719876330110402 ], [ 73.05550766283524, 33.719876330110388 ], [ 73.05550766283524, 33.719871868018458 ], [ 73.055510344827582, 33.719871868018465 ], [ 73.055510344827582, 33.719869636972405 ], [ 73.055513026819909, 33.719869636972405 ], [ 73.055513026819909, 33.719867405926308 ], [ 73.055515708812251, 33.719867405926323 ], [ 73.055515708812251, 33.719865174880148 ], [ 73.055523754789263, 33.719865174880141 ], [ 73.055523754789263, 33.719860712787636 ], [ 73.055542528735629, 33.719860712787636 ], [ 73.055542528735629, 33.719865174880141 ], [ 73.055545210727956, 33.719865174880148 ], [ 73.055545210727956, 33.719867405926308 ], [ 73.05555057471264, 33.719867405926308 ], [ 73.05555057471264, 33.719869636972412 ], [ 73.055563984674336, 33.719869636972419 ], [ 73.055563984674336, 33.719871868018465 ], [ 73.055574712643676, 33.719871868018458 ], [ 73.055574712643676, 33.719874099064441 ], [ 73.055588122605371, 33.719874099064448 ], [ 73.055588122605371, 33.719876330110395 ], [ 73.055596168582369, 33.719876330110402 ], [ 73.055596168582369, 33.719878561156271 ], [ 73.055606896551708, 33.719878561156271 ], [ 73.055606896551708, 33.719880792202083 ], [ 73.055617624521062, 33.719880792202083 ], [ 73.055617624521062, 33.719883023247839 ], [ 73.055622988505746, 33.719883023247839 ], [ 73.055622988505746, 33.71988525429353 ], [ 73.055628352490416, 33.719885254293537 ], [ 73.055628352490416, 33.719887485339186 ], [ 73.055633716475086, 33.719887485339179 ], [ 73.055633716475086, 33.719889716384778 ], [ 73.055636398467428, 33.719889716384785 ], [ 73.055636398467428, 33.719891947430305 ], [ 73.055641762452112, 33.719891947430305 ], [ 73.055641762452112, 33.719894178475769 ], [ 73.055649808429123, 33.719894178475769 ], [ 73.055649808429123, 33.719896409521191 ], [ 73.055652490421451, 33.719896409521184 ], [ 73.055652490421451, 33.719898640566527 ], [ 73.055657854406135, 33.719898640566527 ], [ 73.055657854406135, 33.719900871611841 ], [ 73.055663218390805, 33.719900871611834 ], [ 73.055663218390805, 33.719903102657071 ], [ 73.055665900383147, 33.719903102657071 ], [ 73.055665900383147, 33.719905333702258 ], [ 73.055668582375475, 33.719905333702251 ], [ 73.055668582375475, 33.719909795792439 ], [ 73.055671264367817, 33.719909795792439 ], [ 73.055671264367817, 33.719914257882401 ], [ 73.055668582375475, 33.719914257882394 ], [ 73.055668582375475, 33.719920951016888 ], [ 73.055665900383147, 33.719920951016874 ], [ 73.055665900383147, 33.719923182061592 ], [ 73.055663218390805, 33.719923182061599 ], [ 73.055663218390805, 33.71992541310626 ], [ 73.055657854406135, 33.719925413106267 ], [ 73.055657854406135, 33.719927644150872 ], [ 73.05564444444444, 33.719927644150864 ], [ 73.05564444444444, 33.719929875195405 ], [ 73.05550766283524, 33.719929875195405 ] ] ] } },
{ "type": "Feature", "properties": { "value": 255, "area_m2": 74.802619313038534 }, "geometry": { "type": "Polygon", "coordinates": [ [ [ 73.058020689655166, 33.71992541310626 ], [ 73.058020689655166, 33.719923182061606 ], [ 73.058012643678154, 33.719923182061606 ], [ 73.058012643678154, 33.719920951016881 ], [ 73.058007279693484, 33.719920951016881 ], [ 73.058007279693484, 33.719918719972114 ], [ 73.058004597701142, 33.719918719972114 ], [ 73.058004597701142, 33.719916488927282 ], [ 73.057999233716473, 33.719916488927282 ], [ 73.057999233716473, 33.719914257882387 ], [ 73.057993869731803, 33.719914257882401 ], [ 73.057993869731803, 33.719912026837449 ], [ 73.057988505747119, 33.719912026837434 ], [ 73.057988505747119, 33.719909795792432 ], [ 73.057983141762449, 33.719909795792432 ], [ 73.057983141762449, 33.719907564747366 ], [ 73.057980459770107, 33.719907564747366 ], [ 73.057980459770107, 33.719905333702258 ], [ 73.057977777777779, 33.719905333702251 ], [ 73.057977777777779, 33.719903102657071 ], [ 73.057975095785437, 33.719903102657071 ], [ 73.057975095785437, 33.719900871611848 ], [ 73.057972413793095, 33.719900871611841 ], [ 73.057972413793095, 33.719898640566527 ], [ 73.057969731800753, 33.719898640566527 ], [ 73.057969731800753, 33.719896409521184 ], [ 73.057967049808411, 33.719896409521184 ], [ 73.057967049808411, 33.719894178475776 ], [ 73.057969731800753, 33.719894178475776 ], [ 73.057969731800753, 33.719885254293544 ], [ 73.057972413793095, 33.719885254293537 ], [ 73.057972413793095, 33.719876330110395 ], [ 73.057975095785437, 33.719876330110395 ], [ 73.057975095785437, 33.719874099064448 ], [ 73.057977777777779, 33.719874099064455 ], [ 73.057977777777779, 33.719869636972412 ], [ 73.057980459770107, 33.719869636972405 ], [ 73.057980459770107, 33.719867405926315 ], [ 73.057983141762449, 33.719867405926301 ], [ 73.057983141762449, 33.719865174880148 ], [ 73.057985823754791, 33.719865174880148 ], [ 73.057985823754791, 33.719860712787643 ], [ 73.057988505747119, 33.719860712787643 ], [ 73.057988505747119, 33.719858481741305 ], [ 73.057991187739461, 33.719858481741305 ], [ 73.057991187739461, 33.71985625069491 ], [ 73.057993869731803, 33.719856250694903 ], [ 73.057993869731803, 33.71985178860195 ], [ 73.057996551724131, 33.719851788601936 ], [ 73.057996551724131, 33.719849557555357 ], [ 73.057999233716473, 33.719849557555364 ], [ 73.057999233716473, 33.719842864415305 ], [ 73.058001915708815, 33.719842864415298 ], [ 73.058001915708815, 33.719838402321628 ], [ 73.058004597701142, 33.719838402321628 ], [ 73.058004597701142, 33.719836171274714 ], [ 73.058007279693484, 33.719836171274714 ], [ 73.058007279693484, 33.719833940227737 ], [ 73.058028735632163, 33.71983394022773 ], [ 73.058028735632163, 33.719836171274707 ], [ 73.058047509578543, 33.719836171274707 ], [ 73.058047509578543, 33.719838402321621 ], [ 73.058052873563199, 33.719838402321635 ], [ 73.058052873563199, 33.719840633368499 ], [ 73.058055555555555, 33.719840633368499 ], [ 73.058055555555555, 33.719842864415305 ], [ 73.058060919540225, 33.719842864415305 ], [ 73.058060919540225, 33.719845095462041 ], [ 73.058063601532567, 33.719845095462048 ], [ 73.058063601532567, 33.719847326508727 ], [ 73.058066283524894, 33.719847326508742 ], [ 73.058066283524894, 33.719849557555357 ], [ 73.058074329501906, 33.719849557555364 ], [ 73.058074329501906, 33.71985178860195 ], [ 73.058077011494248, 33.719851788601943 ], [ 73.058077011494248, 33.719856250694903 ], [ 73.058082375478918, 33.719856250694917 ], [ 73.058082375478918, 33.719858481741305 ], [ 73.05808505747126, 33.719858481741305 ], [ 73.05808505747126, 33.719865174880134 ], [ 73.058082375478918, 33.719865174880148 ], [ 73.058082375478918, 33.719867405926308 ], [ 73.05807969348659, 33.719867405926308 ], [ 73.05807969348659, 33.719871868018465 ], [ 73.058074329501906, 33.719871868018458 ], [ 73.058074329501906, 33.719878561156264 ], [ 73.058071647509578, 33.719878561156264 ], [ 73.058071647509578, 33.719896409521176 ], [ 73.058068965517236, 33.719896409521176 ], [ 73.058068965517236, 33.719900871611834 ], [ 73.058071647509578, 33.719900871611841 ], [ 73.058071647509578, 33.719903102657071 ], [ 73.058068965517236, 33.719903102657071 ], [ 73.058068965517236, 33.719914257882394 ], [ 73.058063601532567, 33.719914257882401 ], [ 73.058063601532567, 33.719916488927275 ], [ 73.058036781609175, 33.719916488927282 ], [ 73.058036781609175, 33.719918719972114 ], [ 73.058034099616847, 33.719918719972121 ], [ 73.058034099616847, 33.719920951016881 ], [ 73.058031417624505, 33.719920951016881 ], [ 73.058031417624505, 33.719923182061606 ], [ 73.058026053639836, 33.719923182061599 ], [ 73.058026053639836, 33.719925413106267 ], [ 73.058020689655166, 33.71992541310626 ] ] ] } },
{ "type": "Feature", "properties": { "value": 255, "area_m2": 58.13214879759532 }, "geometry": { "type": "Polygon", "coordinates": [ [ [ 73.054054022988495, 33.719943261461445 ], [ 73.054054022988495, 33.719941030417239 ], [ 73.054043295019156, 33.719941030417253 ], [ 73.054043295019156, 33.71993879937299 ], [ 73.054032567049802, 33.719938799372997 ], [ 73.054032567049802, 33.719918719972121 ], [ 73.054035249042144, 33.719918719972114 ], [ 73.054035249042144, 33.719909795792439 ], [ 73.054037931034472, 33.719909795792432 ], [ 73.054037931034472, 33.719891947430305 ], [ 73.054040613026814, 33.719891947430312 ], [ 73.054040613026814, 33.719885254293544 ], [ 73.054043295019156, 33.719885254293544 ], [ 73.054043295019156, 33.719876330110395 ], [ 73.054045977011484, 33.719876330110395 ], [ 73.054045977011484, 33.719869636972405 ], [ 73.054048659003826, 33.719869636972419 ], [ 73.054048659003826, 33.719858481741298 ], [ 73.054051340996168, 33.719858481741298 ], [ 73.054051340996168, 33.719854019648437 ], [ 73.054054022988495, 33.719854019648444 ], [ 73.054054022988495, 33.719845095462055 ], [ 73.054056704980837, 33.719845095462041 ], [ 73.054056704980837, 33.719838402321628 ], [ 73.054059386973179, 33.719838402321628 ], [ 73.054059386973179, 33.719833940227737 ], [ 73.054062068965507, 33.719833940227744 ], [ 73.054062068965507, 33.719831709180696 ], [ 73.054080842911887, 33.71983170918071 ], [ 73.054080842911887, 33.719833940227737 ], [ 73.054104980842922, 33.719833940227737 ], [ 73.054104980842922, 33.719836171274714 ], [ 73.05410766283525, 33.719836171274714 ], [ 73.05410766283525, 33.719849557555364 ], [ 73.054104980842922, 33.719849557555364 ], [ 73.054104980842922, 33.719867405926315 ], [ 73.05410229885058, 33.719867405926323 ], [ 73.05410229885058, 33.719874099064441 ], [ 73.054099616858238, 33.719874099064448 ], [ 73.054099616858238, 33.719878561156264 ], [ 73.05409693486591, 33.719878561156271 ], [ 73.05409693486591, 33.719885254293544 ], [ 73.054094252873568, 33.719885254293537 ], [ 73.054094252873568, 33.719891947430312 ], [ 73.054091570881226, 33.71989194743032 ], [ 73.054091570881226, 33.719896409521191 ], [ 73.054088888888899, 33.719896409521191 ], [ 73.054088888888899, 33.719912026837434 ], [ 73.054086206896542, 33.719912026837441 ], [ 73.054086206896542, 33.719923182061606 ], [ 73.054083524904215, 33.719923182061599 ], [ 73.054083524904215, 33.719927644150872 ], [ 73.054080842911887, 33.719927644150864 ], [ 73.054080842911887, 33.719941030417239 ], [ 73.054075478927203, 33.719941030417246 ], [ 73.054075478927203, 33.719943261461452 ], [ 73.054054022988495, 33.719943261461445 ] ] ] } },
{ "type": "Feature", "properties": { "value": 255, "area_m2": 29.958025814446788 }, "geometry": { "type": "Polygon", "coordinates": [ [ [ 73.055915325670497, 33.719889716384778 ], [ 73.055915325670497, 33.719887485339179 ], [ 73.055909961685828, 33.719887485339179 ], [ 73.055909961685828, 33.719885254293537 ], [ 73.055907279693486, 33.71988525429353 ], [ 73.055907279693486, 33.719883023247839 ], [ 73.055901915708816, 33.719883023247839 ], [ 73.055901915708816, 33.71988079220209 ], [ 73.055899233716474, 33.719880792202083 ], [ 73.055899233716474, 33.719878561156264 ], [ 73.055896551724132, 33.719878561156271 ], [ 73.055896551724132, 33.719876330110395 ], [ 73.055893869731804, 33.719876330110388 ], [ 73.055893869731804, 33.719874099064448 ], [ 73.055891187739448, 33.719874099064455 ], [ 73.055891187739448, 33.719871868018465 ], [ 73.05588850574712, 33.719871868018458 ], [ 73.05588850574712, 33.719856250694903 ], [ 73.055891187739448, 33.719856250694903 ], [ 73.055891187739448, 33.719851788601936 ], [ 73.055893869731804, 33.719851788601943 ], [ 73.055893869731804, 33.719847326508727 ], [ 73.055896551724132, 33.719847326508734 ], [ 73.055896551724132, 33.719842864415298 ], [ 73.055899233716474, 33.719842864415298 ], [ 73.055899233716474, 33.719840633368499 ], [ 73.055901915708816, 33.719840633368491 ], [ 73.055901915708816, 33.719838402321628 ], [ 73.055904597701144, 33.719838402321621 ], [ 73.055904597701144, 33.719836171274707 ], [ 73.055907279693486, 33.719836171274714 ], [ 73.055907279693486, 33.71983394022773 ], [ 73.055909961685828, 33.719833940227737 ], [ 73.055909961685828, 33.719831709180703 ], [ 73.055912643678155, 33.719831709180696 ], [ 73.055912643678155, 33.719827247086471 ], [ 73.055915325670497, 33.719827247086457 ], [ 73.055915325670497, 33.719822784991976 ], [ 73.055918007662839, 33.719822784991976 ], [ 73.055918007662839, 33.719820553944643 ], [ 73.055920689655167, 33.719820553944643 ], [ 73.055920689655167, 33.719818322897275 ], [ 73.055936781609191, 33.719818322897275 ], [ 73.055936781609191, 33.719820553944658 ], [ 73.055939463601533, 33.71982055394465 ], [ 73.055939463601533, 33.719822784991983 ], [ 73.05594214559386, 33.719822784991983 ], [ 73.05594214559386, 33.719825016039245 ], [ 73.055944827586202, 33.719825016039252 ], [ 73.055944827586202, 33.719840633368499 ], [ 73.05594750957853, 33.719840633368499 ], [ 73.05594750957853, 33.719856250694903 ], [ 73.055944827586202, 33.719856250694903 ], [ 73.055944827586202, 33.719860712787643 ], [ 73.05594214559386, 33.719860712787643 ], [ 73.05594214559386, 33.719865174880141 ], [ 73.055939463601533, 33.719865174880134 ], [ 73.055939463601533, 33.719871868018473 ], [ 73.055936781609191, 33.719871868018465 ], [ 73.055936781609191, 33.719876330110388 ], [ 73.055934099616863, 33.719876330110395 ], [ 73.055934099616863, 33.719883023247839 ], [ 73.055931417624521, 33.719883023247839 ], [ 73.055931417624521, 33.719885254293537 ], [ 73.055928735632179, 33.719885254293537 ], [ 73.055928735632179, 33.719889716384778 ], [ 73.055915325670497, 33.719889716384778 ] ] ] } },
{ "type": "Feature", "properties": { "value": 255, "area_m2": 38.078063829020152 }, "geometry": { "type": "Polygon", "coordinates": [ [ [ 73.057781992337155, 33.719825016039252 ], [ 73.057781992337155, 33.719822784991976 ], [ 73.057779310344813, 33.719822784991976 ], [ 73.057779310344813, 33.719820553944643 ], [ 73.057773946360143, 33.71982055394465 ], [ 73.057773946360143, 33.719818322897275 ], [ 73.057771264367801, 33.719818322897275 ], [ 73.057771264367801, 33.719816091849829 ], [ 73.057768582375459, 33.719816091849829 ], [ 73.057768582375459, 33.719813860802326 ], [ 73.057765900383131, 33.719813860802326 ], [ 73.057765900383131, 33.719811629754773 ], [ 73.057760536398462, 33.719811629754759 ], [ 73.057760536398462, 33.719809398707149 ], [ 73.057757854406134, 33.719809398707149 ], [ 73.057757854406134, 33.719807167659482 ], [ 73.057755172413792, 33.719807167659482 ], [ 73.057755172413792, 33.719804936611759 ], [ 73.057749808429122, 33.719804936611759 ], [ 73.057749808429122, 33.719802705563964 ], [ 73.05774712643678, 33.719802705563964 ], [ 73.05774712643678, 33.719800474516134 ], [ 73.057744444444438, 33.71980047451612 ], [ 73.057744444444438, 33.719798243468212 ], [ 73.05774176245211, 33.719798243468212 ], [ 73.05774176245211, 33.719796012420261 ], [ 73.057739080459768, 33.719796012420247 ], [ 73.057739080459768, 33.719789319276011 ], [ 73.057736398467426, 33.719789319276011 ], [ 73.057736398467426, 33.719784857179569 ], [ 73.057739080459768, 33.719784857179569 ], [ 73.057739080459768, 33.719775932985975 ], [ 73.05774176245211, 33.719775932985968 ], [ 73.05774176245211, 33.719771470888837 ], [ 73.057749808429122, 33.719771470888816 ], [ 73.057749808429122, 33.719769239840176 ], [ 73.05775249042145, 33.719769239840176 ], [ 73.05775249042145, 33.71976700879145 ], [ 73.057757854406134, 33.71976700879145 ], [ 73.057757854406134, 33.719764777742682 ], [ 73.057760536398462, 33.719764777742689 ], [ 73.057760536398462, 33.719762546693858 ], [ 73.057763218390804, 33.719762546693858 ], [ 73.057763218390804, 33.719760315644947 ], [ 73.057765900383131, 33.719760315644955 ], [ 73.057765900383131, 33.719758084596009 ], [ 73.057781992337155, 33.719758084596002 ], [ 73.057781992337155, 33.719760315644955 ], [ 73.057784674329497, 33.719760315644955 ], [ 73.057784674329497, 33.71976254669385 ], [ 73.057787356321825, 33.71976254669385 ], [ 73.057787356321825, 33.719764777742675 ], [ 73.057792720306509, 33.719764777742675 ], [ 73.057792720306509, 33.719767008791464 ], [ 73.057795402298837, 33.719767008791457 ], [ 73.057795402298837, 33.719769239840183 ], [ 73.057798084291178, 33.719769239840183 ], [ 73.057798084291178, 33.719771470888823 ], [ 73.057803448275862, 33.71977147088883 ], [ 73.057803448275862, 33.719773701937434 ], [ 73.057808812260532, 33.719773701937427 ], [ 73.057808812260532, 33.719775932985961 ], [ 73.057814176245202, 33.719775932985968 ], [ 73.057814176245202, 33.719778164034466 ], [ 73.057819540229886, 33.719778164034466 ], [ 73.057819540229886, 33.719780395082886 ], [ 73.057822222222214, 33.719780395082886 ], [ 73.057822222222214, 33.719793781372232 ], [ 73.057819540229886, 33.719793781372232 ], [ 73.057819540229886, 33.719798243468212 ], [ 73.057816858237544, 33.719798243468219 ], [ 73.057816858237544, 33.71980047451612 ], [ 73.057814176245202, 33.719800474516127 ], [ 73.057814176245202, 33.719802705563957 ], [ 73.057811494252874, 33.71980270556395 ], [ 73.057811494252874, 33.719804936611759 ], [ 73.057808812260532, 33.719804936611752 ], [ 73.057808812260532, 33.719811629754773 ], [ 73.05780613026819, 33.71981162975478 ], [ 73.05780613026819, 33.719813860802326 ], [ 73.057803448275862, 33.719813860802326 ], [ 73.057803448275862, 33.719818322897275 ], [ 73.05780076628352, 33.719818322897275 ], [ 73.05780076628352, 33.719822784991983 ], [ 73.057795402298837, 33.719822784991969 ], [ 73.057795402298837, 33.719825016039245 ], [ 73.057781992337155, 33.719825016039252 ] ] ] } },
{ "type": "Feature", "properties": { "value": 255, "area_m2": 33.649070319696776 }, "geometry": { "type": "Polygon", "coordinates": [ [ [ 73.053895785440616, 33.719807167659475 ], [ 73.053895785440616, 33.719804936611759 ], [ 73.053890421455932, 33.719804936611752 ], [ 73.053890421455932, 33.719802705563964 ], [ 73.053887739463605, 33.719802705563971 ], [ 73.053887739463605, 33.719800474516127 ], [ 73.053885057471248, 33.71980047451612 ], [ 73.053885057471248, 33.719798243468212 ], [ 73.053882375478921, 33.719798243468212 ], [ 73.053882375478921, 33.719793781372232 ], [ 73.053879693486593, 33.719793781372232 ], [ 73.053879693486593, 33.719787088227825 ], [ 73.053877011494237, 33.719787088227818 ], [ 73.053877011494237, 33.719773701937427 ], [ 73.053874329501909, 33.719773701937427 ], [ 73.053874329501909, 33.719767008791464 ], [ 73.053877011494237, 33.71976700879145 ], [ 73.053877011494237, 33.719758084596002 ], [ 73.053879693486593, 33.719758084596009 ], [ 73.053879693486593, 33.71975362249794 ], [ 73.053882375478921, 33.71975362249794 ], [ 73.053882375478921, 33.719751391448824 ], [ 73.053885057471248, 33.719751391448817 ], [ 73.053885057471248, 33.719749160399623 ], [ 73.053887739463605, 33.719749160399623 ], [ 73.053887739463605, 33.719746929350393 ], [ 73.053895785440616, 33.7197469293504 ], [ 73.053895785440616, 33.719744698301106 ], [ 73.053914559386968, 33.719744698301106 ], [ 73.053914559386968, 33.7197469293504 ], [ 73.053919923371652, 33.719746929350393 ], [ 73.053919923371652, 33.719749160399616 ], [ 73.053925287356321, 33.719749160399623 ], [ 73.053925287356321, 33.71975139144881 ], [ 73.053927969348663, 33.719751391448817 ], [ 73.053927969348663, 33.719753622497947 ], [ 73.053930651340991, 33.719753622497947 ], [ 73.053930651340991, 33.719755853547007 ], [ 73.053936015325675, 33.719755853546999 ], [ 73.053936015325675, 33.719758084596009 ], [ 73.053938697318003, 33.719758084596009 ], [ 73.053938697318003, 33.719764777742682 ], [ 73.053941379310345, 33.719764777742675 ], [ 73.053941379310345, 33.719778164034459 ], [ 73.053938697318003, 33.719778164034466 ], [ 73.053938697318003, 33.719789319276003 ], [ 73.053936015325675, 33.719789319276011 ], [ 73.053936015325675, 33.719791550324146 ], [ 73.053933333333333, 33.719791550324153 ], [ 73.053933333333333, 33.719793781372232 ], [ 73.053930651340991, 33.719793781372232 ], [ 73.053930651340991, 33.719796012420254 ], [ 73.053927969348663, 33.719796012420254 ], [ 73.053927969348663, 33.719800474516134 ], [ 73.053925287356321, 33.719800474516127 ], [ 73.053925287356321, 33.719802705563957 ], [ 73.053922605363979, 33.719802705563957 ], [ 73.053922605363979, 33.719804936611752 ], [ 73.05391724137931, 33.719804936611759 ], [ 73.05391724137931, 33.719807167659482 ], [ 73.053895785440616, 33.719807167659475 ] ] ] } },
{ "type": "Feature", "properties": { "value": 255, "area_m2": 27.866625139740758 }, "geometry": { "type": "Polygon", "coordinates": [ [ [ 73.053772413793098, 33.719769239840168 ], [ 73.053772413793098, 33.71976700879145 ], [ 73.053767049808428, 33.719767008791457 ], [ 73.053767049808428, 33.719764777742675 ], [ 73.0537643678161, 33.719764777742682 ], [ 73.0537643678161, 33.719762546693858 ], [ 73.053761685823758, 33.719762546693858 ], [ 73.053761685823758, 33.719760315644962 ], [ 73.053756321839089, 33.719760315644955 ], [ 73.053756321839089, 33.719758084596002 ], [ 73.053745593869735, 33.719758084596009 ], [ 73.053745593869735, 33.719755853547014 ], [ 73.053742911877393, 33.719755853546999 ], [ 73.053742911877393, 33.719751391448817 ], [ 73.053740229885065, 33.719751391448817 ], [ 73.053740229885065, 33.719729080954401 ], [ 73.053737547892723, 33.719729080954394 ], [ 73.053737547892723, 33.719717925705019 ], [ 73.053734865900381, 33.719717925705019 ], [ 73.053734865900381, 33.719709001504476 ], [ 73.053737547892723, 33.719709001504469 ], [ 73.053737547892723, 33.719704539403843 ], [ 73.053740229885065, 33.719704539403835 ], [ 73.053740229885065, 33.719709001504476 ], [ 73.053753639846747, 33.719709001504484 ], [ 73.053753639846747, 33.719706770454181 ], [ 73.053759003831416, 33.719706770454188 ], [ 73.053759003831416, 33.719709001504476 ], [ 73.053761685823758, 33.719709001504469 ], [ 73.053761685823758, 33.719704539403835 ], [ 73.0537643678161, 33.719704539403843 ], [ 73.0537643678161, 33.719713463604855 ], [ 73.05376973180077, 33.719713463604855 ], [ 73.05376973180077, 33.719715694654958 ], [ 73.05378045977011, 33.719715694654965 ], [ 73.05378045977011, 33.719717925705012 ], [ 73.053783141762437, 33.719717925705012 ], [ 73.053783141762437, 33.719722387804943 ], [ 73.053785823754779, 33.719722387804943 ], [ 73.053785823754779, 33.719726849904639 ], [ 73.053788505747121, 33.719726849904639 ], [ 73.053788505747121, 33.719729080954409 ], [ 73.053791187739449, 33.719729080954401 ], [ 73.053791187739449, 33.719733543053742 ], [ 73.053793869731791, 33.719733543053749 ], [ 73.053793869731791, 33.719735774103334 ], [ 73.053796551724133, 33.719735774103327 ], [ 73.053796551724133, 33.719751391448817 ], [ 73.053793869731791, 33.719751391448817 ], [ 73.053793869731791, 33.719758084596016 ], [ 73.053791187739449, 33.719758084596016 ], [ 73.053791187739449, 33.719760315644955 ], [ 73.053788505747121, 33.719760315644955 ], [ 73.053788505747121, 33.719767008791457 ], [ 73.053785823754779, 33.719767008791464 ], [ 73.053785823754779, 33.719769239840183 ], [ 73.053772413793098, 33.719769239840168 ] ] ] } },
{ "type": "Feature", "properties": { "value": 255, "area_m2": 29.219962552839153 }, "geometry": { "type": "Polygon", "coordinates": [ [ [ 73.054418773946352, 33.719758084596009 ], [ 73.054418773946352, 33.719755853546999 ], [ 73.054410727969341, 33.719755853547014 ], [ 73.054410727969341, 33.719753622497947 ], [ 73.054405363984671, 33.719753622497933 ], [ 73.054405363984671, 33.71975139144881 ], [ 73.0544, 33.719751391448817 ], [ 73.0544, 33.719749160399623 ], [ 73.054397318007659, 33.71974916039963 ], [ 73.054397318007659, 33.7197469293504 ], [ 73.054391954022975, 33.719746929350393 ], [ 73.054391954022975, 33.719744698301106 ], [ 73.054389272030647, 33.719744698301113 ], [ 73.054389272030647, 33.719742467251741 ], [ 73.054383908045978, 33.719742467251741 ], [ 73.054383908045978, 33.719740236202334 ], [ 73.054378544061308, 33.719740236202341 ], [ 73.054378544061308, 33.71973800515287 ], [ 73.054375862068966, 33.719738005152877 ], [ 73.054375862068966, 33.71973577410332 ], [ 73.054373180076638, 33.719735774103313 ], [ 73.054373180076638, 33.719733543053749 ], [ 73.054370498084296, 33.719733543053749 ], [ 73.054370498084296, 33.719722387804943 ], [ 73.054373180076638, 33.719722387804943 ], [ 73.054373180076638, 33.719715694654965 ], [ 73.054375862068966, 33.719715694654973 ], [ 73.054375862068966, 33.719711232554687 ], [ 73.054378544061308, 33.719711232554701 ], [ 73.054378544061308, 33.719709001504476 ], [ 73.054381226053636, 33.719709001504476 ], [ 73.054381226053636, 33.719704539403843 ], [ 73.054383908045978, 33.719704539403835 ], [ 73.054383908045978, 33.719702308353455 ], [ 73.054386590038305, 33.71970230835344 ], [ 73.054386590038305, 33.719700077302996 ], [ 73.054389272030647, 33.719700077302996 ], [ 73.054389272030647, 33.719697846252473 ], [ 73.0544, 33.719697846252473 ], [ 73.0544, 33.719700077302988 ], [ 73.054402681992329, 33.719700077302996 ], [ 73.054402681992329, 33.719702308353448 ], [ 73.054408045976999, 33.71970230835344 ], [ 73.054408045976999, 33.719704539403835 ], [ 73.054413409961683, 33.719704539403843 ], [ 73.054413409961683, 33.719706770454174 ], [ 73.05441609195401, 33.719706770454188 ], [ 73.05441609195401, 33.719709001504476 ], [ 73.054421455938694, 33.719709001504476 ], [ 73.054421455938694, 33.719711232554694 ], [ 73.054426819923364, 33.719711232554701 ], [ 73.054426819923364, 33.719713463604855 ], [ 73.054432183908048, 33.719713463604855 ], [ 73.054432183908048, 33.719715694654965 ], [ 73.054437547892718, 33.719715694654965 ], [ 73.054437547892718, 33.719717925705019 ], [ 73.054442911877402, 33.719717925705012 ], [ 73.054442911877402, 33.71972015675501 ], [ 73.05444559386973, 33.71972015675501 ], [ 73.05444559386973, 33.719729080954394 ], [ 73.054442911877402, 33.719729080954394 ], [ 73.054442911877402, 33.7197313120041 ], [ 73.05444022988506, 33.719731312004107 ], [ 73.05444022988506, 33.719733543053756 ], [ 73.054437547892718, 33.719733543053749 ], [ 73.054437547892718, 33.719738005152863 ], [ 73.05443486590039, 33.71973800515287 ], [ 73.05443486590039, 33.719742467251741 ], [ 73.054432183908048, 33.719742467251734 ], [ 73.054432183908048, 33.71974916039963 ], [ 73.054429501915706, 33.719749160399616 ], [ 73.054429501915706, 33.719755853547007 ], [ 73.054426819923364, 33.719755853547007 ], [ 73.054426819923364, 33.719758084596009 ], [ 73.054418773946352, 33.719758084596009 ] ] ] } },
{ "type": "Feature", "properties": { "value": 255, "area_m2": 66.990555080072312 }, "geometry": { "type": "Polygon", "coordinates": [ [ [ 73.055024904214548, 33.719789319276003 ], [ 73.055024904214548, 33.719787088227825 ], [ 73.055016858237536, 33.719787088227825 ], [ 73.055016858237536, 33.719784857179555 ], [ 73.055011494252867, 33.719784857179555 ], [ 73.055011494252867, 33.719782626131249 ], [ 73.055006130268197, 33.719782626131256 ], [ 73.055006130268197, 33.719780395082886 ], [ 73.055003448275855, 33.719780395082886 ], [ 73.055003448275855, 33.719778164034473 ], [ 73.054998084291185, 33.719778164034459 ], [ 73.054998084291185, 33.719775932985968 ], [ 73.054995402298843, 33.719775932985968 ], [ 73.054995402298843, 33.719773701937434 ], [ 73.054990038314173, 33.719773701937434 ], [ 73.054990038314173, 33.71977147088883 ], [ 73.054987356321831, 33.71977147088883 ], [ 73.054987356321831, 33.719769239840176 ], [ 73.054981992337162, 33.719769239840176 ], [ 73.054981992337162, 33.719767008791457 ], [ 73.054979310344834, 33.71976700879145 ], [ 73.054979310344834, 33.719762546693858 ], [ 73.054976628352492, 33.71976254669385 ], [ 73.054976628352492, 33.719742467251741 ], [ 73.054979310344834, 33.719742467251741 ], [ 73.054979310344834, 33.719735774103327 ], [ 73.054981992337162, 33.719735774103327 ], [ 73.054981992337162, 33.7197313120041 ], [ 73.054984674329503, 33.7197313120041 ], [ 73.054984674329503, 33.719729080954401 ], [ 73.054987356321831, 33.719729080954401 ], [ 73.054987356321831, 33.719726849904639 ], [ 73.054990038314173, 33.719726849904639 ], [ 73.054990038314173, 33.719722387804943 ], [ 73.055000766283513, 33.719722387804943 ], [ 73.055000766283513, 33.719720156755002 ], [ 73.055006130268197, 33.71972015675501 ], [ 73.055006130268197, 33.719722387804943 ], [ 73.055008812260525, 33.719722387804943 ], [ 73.055008812260525, 33.71972015675501 ], [ 73.055011494252867, 33.71972015675501 ], [ 73.055011494252867, 33.719722387804943 ], [ 73.055019540229878, 33.719722387804943 ], [ 73.055019540229878, 33.71972015675501 ], [ 73.05502758620689, 33.71972015675501 ], [ 73.05502758620689, 33.719717925705019 ], [ 73.055038314176244, 33.719717925705019 ], [ 73.055038314176244, 33.719715694654973 ], [ 73.055051724137925, 33.719715694654958 ], [ 73.055051724137925, 33.719717925705012 ], [ 73.055059770114951, 33.719717925705019 ], [ 73.055059770114951, 33.71972015675501 ], [ 73.055062452107279, 33.71972015675501 ], [ 73.055062452107279, 33.719697846252473 ], [ 73.055065134099621, 33.719697846252465 ], [ 73.055065134099621, 33.719695615201893 ], [ 73.055073180076633, 33.7196956152019 ], [ 73.055073180076633, 33.719693384151277 ], [ 73.055102681992324, 33.719693384151277 ], [ 73.055102681992324, 33.719695615201907 ], [ 73.055110727969335, 33.719695615201893 ], [ 73.055110727969335, 33.719697846252473 ], [ 73.055113409961677, 33.719697846252465 ], [ 73.055113409961677, 33.719706770454181 ], [ 73.055110727969335, 33.719706770454181 ], [ 73.055110727969335, 33.719711232554694 ], [ 73.055108045977008, 33.719711232554701 ], [ 73.055108045977008, 33.719715694654965 ], [ 73.055105363984666, 33.719715694654965 ], [ 73.055105363984666, 33.719717925705019 ], [ 73.055102681992324, 33.719717925705019 ], [ 73.055102681992324, 33.719722387804943 ], [ 73.0551, 33.71972238780495 ], [ 73.0551, 33.719726849904639 ], [ 73.055097318007654, 33.719726849904639 ], [ 73.055097318007654, 33.719729080954401 ], [ 73.055094636015312, 33.719729080954394 ], [ 73.055094636015312, 33.719733543053749 ], [ 73.055091954022984, 33.719733543053742 ], [ 73.055091954022984, 33.719738005152863 ], [ 73.055078544061288, 33.719738005152863 ], [ 73.055078544061288, 33.719735774103327 ], [ 73.055073180076633, 33.719735774103334 ], [ 73.055073180076633, 33.719733543053742 ], [ 73.055067816091963, 33.719733543053749 ], [ 73.055067816091963, 33.719740236202334 ], [ 73.055065134099621, 33.719740236202334 ], [ 73.055065134099621, 33.719746929350386 ], [ 73.055062452107279, 33.719746929350393 ], [ 73.055062452107279, 33.719749160399616 ], [ 73.055059770114951, 33.71974916039963 ], [ 73.055059770114951, 33.719753622497926 ], [ 73.055057088122609, 33.71975362249794 ], [ 73.055057088122609, 33.719758084596002 ], [ 73.055054406130267, 33.719758084595995 ], [ 73.055054406130267, 33.719760315644955 ], [ 73.055051724137925, 33.719760315644955 ], [ 73.055051724137925, 33.719767008791457 ], [ 73.055049042145598, 33.719767008791464 ], [ 73.055049042145598, 33.719769239840176 ], [ 73.055046360153256, 33.719769239840176 ], [ 73.055046360153256, 33.719773701937434 ], [ 73.055043678160914, 33.719773701937427 ], [ 73.055043678160914, 33.719780395082893 ], [ 73.055040996168586, 33.719780395082886 ], [ 73.055040996168586, 33.719784857179576 ], [ 73.055038314176244, 33.719784857179562 ], [ 73.055038314176244, 33.719787088227825 ], [ 73.055035632183902, 33.719787088227825 ], [ 73.055035632183902, 33.719789319276003 ], [ 73.055024904214548, 33.719789319276003 ] ] ] } },
{ "type": "Feature", "properties": { "value": 255, "area_m2": 37.462952535717285 }, "geometry": { "type": "Polygon", "coordinates": [ [ [ 73.058495402298846, 33.71974916039963 ], [ 73.058495402298846, 33.719746929350393 ], [ 73.058490038314176, 33.719746929350393 ], [ 73.058490038314176, 33.719744698301113 ], [ 73.058487356321834, 33.719744698301106 ], [ 73.058487356321834, 33.719742467251741 ], [ 73.058484674329492, 33.719742467251741 ], [ 73.058484674329492, 33.719740236202341 ], [ 73.05848199233715, 33.719740236202341 ], [ 73.05848199233715, 33.719735774103334 ], [ 73.058479310344822, 33.719735774103334 ], [ 73.058479310344822, 33.719722387804936 ], [ 73.05848199233715, 33.719722387804943 ], [ 73.05848199233715, 33.719717925705019 ], [ 73.058484674329492, 33.719717925705012 ], [ 73.058484674329492, 33.719713463604855 ], [ 73.058487356321834, 33.719713463604847 ], [ 73.058487356321834, 33.719706770454181 ], [ 73.058490038314176, 33.719706770454188 ], [ 73.058490038314176, 33.719702308353448 ], [ 73.058492720306504, 33.719702308353448 ], [ 73.058492720306504, 33.719700077302996 ], [ 73.058495402298846, 33.719700077302996 ], [ 73.058495402298846, 33.7196956152019 ], [ 73.058498084291188, 33.719695615201893 ], [ 73.058498084291188, 33.719691153100584 ], [ 73.058500766283515, 33.719691153100584 ], [ 73.058500766283515, 33.719684459948169 ], [ 73.058503448275857, 33.719684459948169 ], [ 73.058503448275857, 33.719679997846278 ], [ 73.058506130268199, 33.719679997846271 ], [ 73.058506130268199, 33.719677766795243 ], [ 73.058532950191577, 33.719677766795229 ], [ 73.058532950191577, 33.719679997846271 ], [ 73.058535632183904, 33.719679997846278 ], [ 73.058535632183904, 33.719682228897256 ], [ 73.058538314176246, 33.719682228897248 ], [ 73.058538314176246, 33.719684459948169 ], [ 73.058540996168574, 33.719684459948169 ], [ 73.058540996168574, 33.719686690999033 ], [ 73.058543678160916, 33.719686690999026 ], [ 73.058543678160916, 33.719691153100591 ], [ 73.058546360153244, 33.719691153100584 ], [ 73.058546360153244, 33.719693384151284 ], [ 73.058549042145586, 33.719693384151277 ], [ 73.058549042145586, 33.719713463604862 ], [ 73.058546360153244, 33.719713463604855 ], [ 73.058546360153244, 33.719717925705019 ], [ 73.058543678160916, 33.719717925705019 ], [ 73.058543678160916, 33.71972015675501 ], [ 73.058540996168574, 33.71972015675501 ], [ 73.058540996168574, 33.719722387804943 ], [ 73.058538314176246, 33.719722387804943 ], [ 73.058538314176246, 33.719724618854819 ], [ 73.058535632183904, 33.719724618854819 ], [ 73.058535632183904, 33.719733543053735 ], [ 73.058532950191577, 33.719733543053749 ], [ 73.058532950191577, 33.719742467251734 ], [ 73.058530268199235, 33.719742467251741 ], [ 73.058530268199235, 33.719746929350393 ], [ 73.058527586206893, 33.719746929350393 ], [ 73.058527586206893, 33.719749160399616 ], [ 73.058495402298846, 33.71974916039963 ] ] ] } },
{ "type": "Feature", "properties": { "value": 255, "area_m2": 66.375241387102506 }, "geometry": { "type": "Polygon", "coordinates": [ [ [ 73.059458237547886, 33.719724618854819 ], [ 73.059458237547886, 33.719722387804943 ], [ 73.059447509578533, 33.719722387804943 ], [ 73.059447509578533, 33.71972015675501 ], [ 73.059444827586205, 33.71972015675501 ], [ 73.059444827586205, 33.719717925705019 ], [ 73.059439463601521, 33.719717925705019 ], [ 73.059439463601521, 33.719715694654958 ], [ 73.059434099616837, 33.719715694654958 ], [ 73.059434099616837, 33.719713463604855 ], [ 73.059428735632167, 33.719713463604862 ], [ 73.059428735632167, 33.719711232554701 ], [ 73.059423371647497, 33.719711232554694 ], [ 73.059423371647497, 33.719709001504469 ], [ 73.059420689655155, 33.719709001504476 ], [ 73.059420689655155, 33.719706770454188 ], [ 73.059418007662813, 33.719706770454174 ], [ 73.059418007662813, 33.719704539403835 ], [ 73.059412643678144, 33.71970453940385 ], [ 73.059412643678144, 33.719702308353448 ], [ 73.059409961685816, 33.719702308353448 ], [ 73.059409961685816, 33.719700077302996 ], [ 73.059404597701146, 33.719700077302988 ], [ 73.059404597701146, 33.71969784625248 ], [ 73.059401915708804, 33.719697846252473 ], [ 73.059401915708804, 33.7196956152019 ], [ 73.059399233716476, 33.719695615201907 ], [ 73.059399233716476, 33.719693384151284 ], [ 73.059396551724134, 33.719693384151284 ], [ 73.059396551724134, 33.719691153100584 ], [ 73.059393869731792, 33.719691153100584 ], [ 73.059393869731792, 33.719688922049841 ], [ 73.059396551724134, 33.719688922049833 ], [ 73.059396551724134, 33.719686690999033 ], [ 73.059393869731792, 33.71968669099904 ], [ 73.059393869731792, 33.719679997846271 ], [ 73.059391187739465, 33.719679997846278 ], [ 73.059391187739465, 33.719677766795236 ], [ 73.059393869731792, 33.719677766795243 ], [ 73.059393869731792, 33.719675535744145 ], [ 73.059396551724134, 33.719675535744159 ], [ 73.059396551724134, 33.719673304692989 ], [ 73.059399233716476, 33.719673304692982 ], [ 73.059399233716476, 33.719671073641784 ], [ 73.059393869731792, 33.719671073641777 ], [ 73.059393869731792, 33.719668842590515 ], [ 73.059399233716476, 33.719668842590522 ], [ 73.059399233716476, 33.719666611539175 ], [ 73.059401915708804, 33.719666611539182 ], [ 73.059401915708804, 33.719664380487806 ], [ 73.059399233716476, 33.719664380487806 ], [ 73.059399233716476, 33.719662149436367 ], [ 73.059426053639825, 33.71966214943636 ], [ 73.059426053639825, 33.71965991838487 ], [ 73.059428735632167, 33.71965991838487 ], [ 73.059428735632167, 33.719662149436367 ], [ 73.059434099616837, 33.719662149436367 ], [ 73.059434099616837, 33.719657687333303 ], [ 73.059458237547886, 33.719657687333296 ], [ 73.059458237547886, 33.719655456281686 ], [ 73.059466283524898, 33.719655456281686 ], [ 73.059466283524898, 33.719653225230019 ], [ 73.05946896551724, 33.719653225230019 ], [ 73.05946896551724, 33.719650994178281 ], [ 73.059477011494252, 33.719650994178274 ], [ 73.059477011494252, 33.719648763126493 ], [ 73.059506513409957, 33.719648763126493 ], [ 73.059506513409957, 33.719650994178281 ], [ 73.059509195402285, 33.719650994178274 ], [ 73.059509195402285, 33.719655456281686 ], [ 73.059511877394613, 33.719655456281686 ], [ 73.059511877394613, 33.719662149436367 ], [ 73.059514559386969, 33.719662149436367 ], [ 73.059514559386969, 33.719671073641784 ], [ 73.059511877394613, 33.71967107364177 ], [ 73.059511877394613, 33.719682228897256 ], [ 73.059509195402285, 33.719682228897248 ], [ 73.059509195402285, 33.719686690999033 ], [ 73.059506513409957, 33.719686690999033 ], [ 73.059506513409957, 33.719691153100584 ], [ 73.059503831417601, 33.719691153100584 ], [ 73.059503831417601, 33.719697846252465 ], [ 73.059501149425273, 33.719697846252473 ], [ 73.059501149425273, 33.719700077302996 ], [ 73.059498467432945, 33.719700077302996 ], [ 73.059498467432945, 33.719704539403835 ], [ 73.059495785440603, 33.719704539403835 ], [ 73.059495785440603, 33.719709001504462 ], [ 73.059493103448276, 33.719709001504469 ], [ 73.059493103448276, 33.719711232554694 ], [ 73.059490421455934, 33.719711232554694 ], [ 73.059490421455934, 33.719713463604847 ], [ 73.059487739463592, 33.719713463604847 ], [ 73.059487739463592, 33.719715694654958 ], [ 73.059485057471264, 33.719715694654958 ], [ 73.059485057471264, 33.719722387804943 ], [ 73.05947969348658, 33.719722387804936 ], [ 73.05947969348658, 33.719724618854819 ], [ 73.059458237547886, 33.719724618854819 ] ] ] } },
{ "type": "Feature", "properties": { "value": 255, "area_m2": 42.384243124915166 }, "geometry": { "type": "Polygon", "coordinates": [ [ [ 73.058039463601517, 33.719711232554694 ], [ 73.058039463601517, 33.719709001504469 ], [ 73.058034099616847, 33.719709001504476 ], [ 73.058034099616847, 33.719706770454188 ], [ 73.058028735632163, 33.719706770454195 ], [ 73.058028735632163, 33.719704539403835 ], [ 73.058026053639836, 33.719704539403843 ], [ 73.058026053639836, 33.71970230835344 ], [ 73.058018007662838, 33.719702308353455 ], [ 73.058018007662838, 33.719700077302996 ], [ 73.058012643678154, 33.719700077302996 ], [ 73.058012643678154, 33.719697846252473 ], [ 73.058007279693484, 33.719697846252473 ], [ 73.058007279693484, 33.719695615201907 ], [ 73.058004597701142, 33.7196956152019 ], [ 73.058004597701142, 33.719693384151284 ], [ 73.058001915708815, 33.719693384151284 ], [ 73.058001915708815, 33.719691153100584 ], [ 73.057999233716473, 33.719691153100584 ], [ 73.057999233716473, 33.719686690999033 ], [ 73.057996551724131, 33.719686690999033 ], [ 73.057996551724131, 33.719684459948176 ], [ 73.057993869731803, 33.719684459948169 ], [ 73.057993869731803, 33.719671073641777 ], [ 73.057991187739461, 33.719671073641777 ], [ 73.057991187739461, 33.719664380487799 ], [ 73.057988505747119, 33.719664380487806 ], [ 73.057988505747119, 33.719659918384856 ], [ 73.057985823754791, 33.71965991838487 ], [ 73.057985823754791, 33.719657687333296 ], [ 73.057991187739461, 33.719657687333303 ], [ 73.057991187739461, 33.719655456281686 ], [ 73.057988505747119, 33.719655456281686 ], [ 73.057988505747119, 33.719653225230019 ], [ 73.057996551724131, 33.719653225230012 ], [ 73.057996551724131, 33.719650994178274 ], [ 73.058001915708815, 33.719650994178281 ], [ 73.058001915708815, 33.7196487631265 ], [ 73.058015325670496, 33.719648763126486 ], [ 73.058015325670496, 33.719650994178274 ], [ 73.058034099616847, 33.719650994178274 ], [ 73.058034099616847, 33.719657687333317 ], [ 73.058036781609175, 33.719657687333303 ], [ 73.058036781609175, 33.719659918384863 ], [ 73.058044827586187, 33.71965991838487 ], [ 73.058044827586187, 33.71966214943636 ], [ 73.058047509578543, 33.71966214943636 ], [ 73.058047509578543, 33.719664380487799 ], [ 73.058052873563199, 33.719664380487806 ], [ 73.058052873563199, 33.719666611539182 ], [ 73.058055555555555, 33.719666611539182 ], [ 73.058055555555555, 33.719668842590522 ], [ 73.058063601532567, 33.719668842590522 ], [ 73.058063601532567, 33.719671073641784 ], [ 73.058068965517236, 33.719671073641784 ], [ 73.058068965517236, 33.719673304692975 ], [ 73.058074329501906, 33.719673304692982 ], [ 73.058074329501906, 33.719675535744145 ], [ 73.058082375478918, 33.719675535744145 ], [ 73.058082375478918, 33.719679997846271 ], [ 73.05808505747126, 33.719679997846278 ], [ 73.05808505747126, 33.719682228897248 ], [ 73.058087739463602, 33.719682228897248 ], [ 73.058087739463602, 33.719697846252473 ], [ 73.05808505747126, 33.719697846252473 ], [ 73.05808505747126, 33.719702308353448 ], [ 73.058082375478918, 33.719702308353448 ], [ 73.058082375478918, 33.71970453940385 ], [ 73.05807969348659, 33.71970453940385 ], [ 73.05807969348659, 33.719706770454181 ], [ 73.058074329501906, 33.719706770454195 ], [ 73.058074329501906, 33.719709001504476 ], [ 73.058060919540225, 33.719709001504462 ], [ 73.058060919540225, 33.719711232554694 ], [ 73.058039463601517, 33.719711232554694 ] ] ] } },
{ "type": "Feature", "properties": { "value": 255, "area_m2": 26.144139316239343 }, "geometry": { "type": "Polygon", "coordinates": [ [ [ 73.057449425287345, 33.719715694654973 ], [ 73.057449425287345, 33.719713463604855 ], [ 73.057446743295017, 33.719713463604847 ], [ 73.057446743295017, 33.719711232554701 ], [ 73.057444061302675, 33.719711232554694 ], [ 73.057444061302675, 33.719709001504476 ], [ 73.057438697318005, 33.719709001504469 ], [ 73.057438697318005, 33.719704539403843 ], [ 73.057433333333321, 33.719704539403843 ], [ 73.057433333333321, 33.719702308353448 ], [ 73.057427969348637, 33.719702308353455 ], [ 73.057427969348637, 33.719700077302996 ], [ 73.057422605363982, 33.719700077302996 ], [ 73.057422605363982, 33.719697846252473 ], [ 73.05741992337164, 33.719697846252487 ], [ 73.05741992337164, 33.7196956152019 ], [ 73.05741455938697, 33.719695615201893 ], [ 73.05741455938697, 33.719693384151284 ], [ 73.057411877394628, 33.719693384151284 ], [ 73.057411877394628, 33.719691153100584 ], [ 73.057406513409958, 33.719691153100584 ], [ 73.057406513409958, 33.719688922049841 ], [ 73.057403831417616, 33.719688922049841 ], [ 73.057403831417616, 33.719686690999033 ], [ 73.057401149425289, 33.719686690999033 ], [ 73.057401149425289, 33.719684459948162 ], [ 73.057398467432947, 33.719684459948162 ], [ 73.057398467432947, 33.719682228897248 ], [ 73.057395785440605, 33.719682228897248 ], [ 73.057395785440605, 33.719679997846278 ], [ 73.057390421455935, 33.719679997846278 ], [ 73.057390421455935, 33.719668842590529 ], [ 73.057393103448277, 33.719668842590508 ], [ 73.057393103448277, 33.719664380487806 ], [ 73.057398467432947, 33.719664380487806 ], [ 73.057398467432947, 33.71966214943636 ], [ 73.057406513409958, 33.719662149436367 ], [ 73.057406513409958, 33.71965991838487 ], [ 73.0574091954023, 33.71965991838487 ], [ 73.0574091954023, 33.719655456281693 ], [ 73.057411877394628, 33.719655456281693 ], [ 73.057411877394628, 33.719650994178274 ], [ 73.05741455938697, 33.719650994178274 ], [ 73.05741455938697, 33.719648763126486 ], [ 73.057417241379298, 33.719648763126493 ], [ 73.057417241379298, 33.719646532074648 ], [ 73.057422605363982, 33.719646532074641 ], [ 73.057422605363982, 33.719648763126493 ], [ 73.057427969348637, 33.7196487631265 ], [ 73.057427969348637, 33.719650994178281 ], [ 73.057430651340994, 33.719650994178281 ], [ 73.057430651340994, 33.719662149436367 ], [ 73.057433333333321, 33.71966214943636 ], [ 73.057433333333321, 33.719668842590522 ], [ 73.057436015325663, 33.719668842590515 ], [ 73.057436015325663, 33.719671073641784 ], [ 73.057438697318005, 33.71967107364177 ], [ 73.057438697318005, 33.719673304692982 ], [ 73.057444061302675, 33.719673304692996 ], [ 73.057444061302675, 33.719675535744152 ], [ 73.057446743295017, 33.719675535744152 ], [ 73.057446743295017, 33.71967776679525 ], [ 73.057452107279687, 33.719677766795243 ], [ 73.057452107279687, 33.719679997846271 ], [ 73.057457471264357, 33.719679997846271 ], [ 73.057457471264357, 33.719684459948169 ], [ 73.057460153256699, 33.719684459948169 ], [ 73.057460153256699, 33.719688922049841 ], [ 73.057462835249041, 33.719688922049841 ], [ 73.057462835249041, 33.719715694654965 ], [ 73.057449425287345, 33.719715694654973 ] ] ] } },
{ "type": "Feature", "properties": { "value": 255, "area_m2": 53.210937751585114 }, "geometry": { "type": "Polygon", "coordinates": [ [ [ 73.059246360153239, 33.719711232554694 ], [ 73.059246360153239, 33.719709001504484 ], [ 73.059232950191571, 33.719709001504484 ], [ 73.059232950191571, 33.719706770454188 ], [ 73.059227586206902, 33.719706770454188 ], [ 73.059227586206902, 33.719704539403843 ], [ 73.059222222222218, 33.71970453940385 ], [ 73.059222222222218, 33.719700077302996 ], [ 73.059219540229876, 33.719700077302996 ], [ 73.059219540229876, 33.719695615201907 ], [ 73.059216858237548, 33.719695615201907 ], [ 73.059216858237548, 33.719691153100591 ], [ 73.059219540229876, 33.719691153100584 ], [ 73.059219540229876, 33.719688922049841 ], [ 73.059216858237548, 33.719688922049833 ], [ 73.059216858237548, 33.719686690999033 ], [ 73.059222222222218, 33.719686690999026 ], [ 73.059222222222218, 33.719682228897256 ], [ 73.059219540229876, 33.719682228897248 ], [ 73.059219540229876, 33.719679997846271 ], [ 73.059222222222218, 33.719679997846285 ], [ 73.059222222222218, 33.719677766795257 ], [ 73.059208812260536, 33.719677766795229 ], [ 73.059208812260536, 33.719668842590522 ], [ 73.059206130268194, 33.719668842590529 ], [ 73.059206130268194, 33.719650994178274 ], [ 73.059214176245206, 33.719650994178281 ], [ 73.059214176245206, 33.719648763126486 ], [ 73.059219540229876, 33.719648763126486 ], [ 73.059219540229876, 33.719646532074648 ], [ 73.059321455938687, 33.719646532074648 ], [ 73.059321455938687, 33.719664380487799 ], [ 73.059318773946359, 33.719664380487799 ], [ 73.059318773946359, 33.719666611539189 ], [ 73.059316091954017, 33.719666611539182 ], [ 73.059316091954017, 33.719668842590522 ], [ 73.059308045977005, 33.719668842590522 ], [ 73.059308045977005, 33.719671073641777 ], [ 73.0593, 33.719671073641777 ], [ 73.0593, 33.719673304692996 ], [ 73.059297318007665, 33.719673304692989 ], [ 73.059297318007665, 33.719675535744152 ], [ 73.059294636015323, 33.719675535744145 ], [ 73.059294636015323, 33.719677766795236 ], [ 73.059291954022981, 33.719677766795243 ], [ 73.059291954022981, 33.719682228897248 ], [ 73.059289272030639, 33.719682228897256 ], [ 73.059289272030639, 33.719684459948169 ], [ 73.059286590038312, 33.719684459948169 ], [ 73.059286590038312, 33.719691153100584 ], [ 73.05928390804597, 33.719691153100584 ], [ 73.05928390804597, 33.719693384151292 ], [ 73.059281226053628, 33.719693384151284 ], [ 73.059281226053628, 33.7196956152019 ], [ 73.0592785440613, 33.719695615201907 ], [ 73.0592785440613, 33.719697846252465 ], [ 73.059275862068958, 33.719697846252473 ], [ 73.059275862068958, 33.719702308353448 ], [ 73.059270498084288, 33.71970230835344 ], [ 73.059270498084288, 33.719704539403843 ], [ 73.059267816091946, 33.719704539403835 ], [ 73.059267816091946, 33.719706770454174 ], [ 73.059262452107262, 33.719706770454188 ], [ 73.059262452107262, 33.719709001504476 ], [ 73.059249042145581, 33.719709001504476 ], [ 73.059249042145581, 33.719711232554701 ], [ 73.059246360153239, 33.719711232554694 ] ] ] } },
{ "type": "Feature", "properties": { "value": 255, "area_m2": 28.481784120747673 }, "geometry": { "type": "Polygon", "coordinates": [ [ [ 73.055502298850584, 33.719688922049848 ], [ 73.055502298850584, 33.719686690999026 ], [ 73.055499616858242, 33.719686690999026 ], [ 73.055499616858242, 33.719684459948162 ], [ 73.055494252873572, 33.719684459948169 ], [ 73.055494252873572, 33.719682228897248 ], [ 73.05549157088123, 33.719682228897256 ], [ 73.05549157088123, 33.719679997846271 ], [ 73.05548620689656, 33.719679997846278 ], [ 73.05548620689656, 33.719677766795257 ], [ 73.055480842911876, 33.719677766795243 ], [ 73.055480842911876, 33.719675535744152 ], [ 73.055478160919549, 33.719675535744152 ], [ 73.055478160919549, 33.719673304692982 ], [ 73.055472796934865, 33.719673304692989 ], [ 73.055472796934865, 33.719671073641784 ], [ 73.055470114942537, 33.719671073641784 ], [ 73.055470114942537, 33.719668842590515 ], [ 73.055467432950181, 33.719668842590522 ], [ 73.055467432950181, 33.719666611539182 ], [ 73.055464750957853, 33.719666611539189 ], [ 73.055464750957853, 33.719664380487799 ], [ 73.055462068965511, 33.719664380487799 ], [ 73.055462068965511, 33.71966214943636 ], [ 73.055456704980841, 33.71966214943636 ], [ 73.055456704980841, 33.719659918384863 ], [ 73.055454022988499, 33.719659918384863 ], [ 73.055454022988499, 33.719657687333296 ], [ 73.055451340996157, 33.719657687333296 ], [ 73.055451340996157, 33.719655456281686 ], [ 73.055445977011487, 33.719655456281686 ], [ 73.055445977011487, 33.719653225230019 ], [ 73.055443295019145, 33.719653225230012 ], [ 73.055443295019145, 33.719650994178274 ], [ 73.055437931034476, 33.719650994178274 ], [ 73.055437931034476, 33.719644301022733 ], [ 73.055545210727956, 33.719644301022733 ], [ 73.055545210727956, 33.719646532074648 ], [ 73.055542528735629, 33.719646532074641 ], [ 73.055542528735629, 33.719650994178281 ], [ 73.055539846743287, 33.719650994178274 ], [ 73.055539846743287, 33.719653225230012 ], [ 73.055537164750945, 33.719653225230019 ], [ 73.055537164750945, 33.719657687333296 ], [ 73.055534482758617, 33.71965768733331 ], [ 73.055534482758617, 33.71966214943636 ], [ 73.055531800766275, 33.719662149436367 ], [ 73.055531800766275, 33.719664380487806 ], [ 73.055529118773933, 33.719664380487814 ], [ 73.055529118773933, 33.719666611539182 ], [ 73.055526436781605, 33.719666611539182 ], [ 73.055526436781605, 33.719668842590522 ], [ 73.055523754789263, 33.719668842590529 ], [ 73.055523754789263, 33.719673304692989 ], [ 73.055521072796921, 33.719673304692989 ], [ 73.055521072796921, 33.71967776679525 ], [ 73.055518390804593, 33.719677766795243 ], [ 73.055518390804593, 33.719684459948169 ], [ 73.055515708812251, 33.719684459948169 ], [ 73.055515708812251, 33.719688922049841 ], [ 73.055502298850584, 33.719688922049848 ] ] ] } },
{ "type": "Feature", "properties": { "value": 255, "area_m2": 37.955269376131064 }, "geometry": { "type": "Polygon", "coordinates": [ [ [ 73.054276628352497, 33.719673304692982 ], [ 73.054276628352497, 33.719671073641777 ], [ 73.054268582375485, 33.719671073641777 ], [ 73.054268582375485, 33.719668842590515 ], [ 73.054255172413789, 33.719668842590515 ], [ 73.054255172413789, 33.719666611539189 ], [ 73.054228352490412, 33.719666611539189 ], [ 73.054228352490412, 33.719664380487806 ], [ 73.054214942528731, 33.719664380487799 ], [ 73.054214942528731, 33.71966214943636 ], [ 73.054206896551719, 33.719662149436367 ], [ 73.054206896551719, 33.719659918384863 ], [ 73.054196168582379, 33.719659918384863 ], [ 73.054196168582379, 33.719657687333296 ], [ 73.054188122605368, 33.71965768733331 ], [ 73.054188122605368, 33.719655456281686 ], [ 73.054177394636014, 33.719655456281679 ], [ 73.054177394636014, 33.719653225230026 ], [ 73.054169348659002, 33.719653225230019 ], [ 73.054169348659002, 33.719650994178281 ], [ 73.054163984674332, 33.719650994178274 ], [ 73.054163984674332, 33.719648763126493 ], [ 73.054153256704979, 33.719648763126479 ], [ 73.054153256704979, 33.719646532074648 ], [ 73.054145210727967, 33.719646532074655 ], [ 73.054145210727967, 33.719644301022726 ], [ 73.054137164750955, 33.71964430102274 ], [ 73.054137164750955, 33.719642069970767 ], [ 73.054134482758613, 33.719642069970774 ], [ 73.054134482758613, 33.719624221552969 ], [ 73.054137164750955, 33.719624221552969 ], [ 73.054137164750955, 33.719621990500478 ], [ 73.054155938697306, 33.719621990500492 ], [ 73.054155938697306, 33.719624221552969 ], [ 73.054166666666674, 33.719624221552969 ], [ 73.054166666666674, 33.719626452605411 ], [ 73.054177394636014, 33.719626452605418 ], [ 73.054177394636014, 33.71962868365776 ], [ 73.054182758620698, 33.719628683657781 ], [ 73.054182758620698, 33.719630914710095 ], [ 73.054193486590037, 33.719630914710081 ], [ 73.054193486590037, 33.719633145762337 ], [ 73.054204214559391, 33.719633145762337 ], [ 73.054204214559391, 33.71963537681453 ], [ 73.054214942528731, 33.719635376814537 ], [ 73.054214942528731, 33.71963760786668 ], [ 73.054222988505742, 33.719637607866666 ], [ 73.054222988505742, 33.719639838918752 ], [ 73.054231034482754, 33.719639838918745 ], [ 73.054231034482754, 33.719642069970767 ], [ 73.054233716475096, 33.719642069970767 ], [ 73.054233716475096, 33.71964430102274 ], [ 73.054239080459766, 33.71964430102274 ], [ 73.054239080459766, 33.719646532074648 ], [ 73.054276628352497, 33.719646532074655 ], [ 73.054276628352497, 33.719648763126493 ], [ 73.054284674329509, 33.719648763126493 ], [ 73.054284674329509, 33.719650994178274 ], [ 73.054287356321836, 33.719650994178274 ], [ 73.054287356321836, 33.71967107364177 ], [ 73.054279310344825, 33.719671073641777 ], [ 73.054279310344825, 33.719673304692982 ], [ 73.054276628352497, 33.719673304692982 ] ] ] } },
{ "type": "Feature", "properties": { "value": 255, "area_m2": 58.439861988175352 }, "geometry": { "type": "Polygon", "coordinates": [ [ [ 73.0584122605364, 33.719677766795229 ], [ 73.0584122605364, 33.719675535744152 ], [ 73.058404214559388, 33.719675535744145 ], [ 73.058404214559388, 33.719666611539182 ], [ 73.058406896551716, 33.719666611539189 ], [ 73.058406896551716, 33.719664380487814 ], [ 73.058409578544058, 33.719664380487799 ], [ 73.058409578544058, 33.719662149436367 ], [ 73.058406896551716, 33.719662149436353 ], [ 73.058406896551716, 33.719657687333303 ], [ 73.058404214559388, 33.719657687333303 ], [ 73.058404214559388, 33.719655456281686 ], [ 73.058401532567046, 33.719655456281686 ], [ 73.058401532567046, 33.719653225230019 ], [ 73.05839348659002, 33.719653225230019 ], [ 73.05839348659002, 33.719650994178281 ], [ 73.058390804597693, 33.719650994178274 ], [ 73.058390804597693, 33.719659918384856 ], [ 73.058388122605351, 33.719659918384856 ], [ 73.058388122605351, 33.719655456281693 ], [ 73.058385440613009, 33.719655456281686 ], [ 73.058385440613009, 33.71965991838487 ], [ 73.058382758620681, 33.719659918384849 ], [ 73.058382758620681, 33.719657687333303 ], [ 73.058380076628339, 33.719657687333303 ], [ 73.058380076628339, 33.719655456281693 ], [ 73.058377394635997, 33.719655456281693 ], [ 73.058377394635997, 33.719653225230026 ], [ 73.058374712643669, 33.719653225230019 ], [ 73.058374712643669, 33.719646532074641 ], [ 73.058377394635997, 33.719646532074641 ], [ 73.058377394635997, 33.71964430102274 ], [ 73.058374712643669, 33.71964430102274 ], [ 73.058374712643669, 33.719639838918745 ], [ 73.058372030651327, 33.719639838918738 ], [ 73.058372030651327, 33.71963760786668 ], [ 73.058369348658999, 33.71963760786668 ], [ 73.058369348658999, 33.71963537681453 ], [ 73.058366666666672, 33.71963537681453 ], [ 73.058366666666672, 33.719633145762337 ], [ 73.05836398467433, 33.719633145762344 ], [ 73.05836398467433, 33.719624221552976 ], [ 73.058366666666672, 33.719624221552969 ], [ 73.058366666666672, 33.719619759447937 ], [ 73.058369348658999, 33.719619759447944 ], [ 73.058369348658999, 33.719615297342685 ], [ 73.058372030651327, 33.719615297342692 ], [ 73.058372030651327, 33.719608604184359 ], [ 73.058374712643669, 33.719608604184366 ], [ 73.058374712643669, 33.719606373131455 ], [ 73.058377394635997, 33.719606373131455 ], [ 73.058377394635997, 33.719604142078524 ], [ 73.058380076628339, 33.719604142078524 ], [ 73.058380076628339, 33.719599679972433 ], [ 73.058396168582362, 33.719599679972433 ], [ 73.058396168582362, 33.719601911025521 ], [ 73.058398850574704, 33.719601911025507 ], [ 73.058398850574704, 33.719599679972447 ], [ 73.058404214559388, 33.719599679972454 ], [ 73.058404214559388, 33.719597448919316 ], [ 73.058409578544058, 33.719597448919316 ], [ 73.058409578544058, 33.71959521786615 ], [ 73.058414942528728, 33.719595217866143 ], [ 73.058414942528728, 33.719592986812899 ], [ 73.05841762452107, 33.719592986812906 ], [ 73.05841762452107, 33.719595217866143 ], [ 73.058425670498082, 33.71959521786615 ], [ 73.058425670498082, 33.719599679972447 ], [ 73.058428352490424, 33.71959967997244 ], [ 73.058428352490424, 33.719601911025521 ], [ 73.058433716475093, 33.719601911025521 ], [ 73.058433716475093, 33.719604142078531 ], [ 73.058452490421459, 33.719604142078524 ], [ 73.058452490421459, 33.719601911025521 ], [ 73.058455172413787, 33.719601911025521 ], [ 73.058455172413787, 33.719599679972447 ], [ 73.058457854406129, 33.71959967997244 ], [ 73.058457854406129, 33.719604142078531 ], [ 73.058460536398456, 33.719604142078524 ], [ 73.058460536398456, 33.719599679972433 ], [ 73.058465900383126, 33.719599679972447 ], [ 73.058465900383126, 33.71961975944793 ], [ 73.058468582375468, 33.719619759447923 ], [ 73.058468582375468, 33.719624221552962 ], [ 73.058465900383126, 33.719624221552969 ], [ 73.058465900383126, 33.719630914710081 ], [ 73.058463218390784, 33.719630914710073 ], [ 73.058463218390784, 33.719635376814544 ], [ 73.058460536398456, 33.71963537681453 ], [ 73.058460536398456, 33.719639838918738 ], [ 73.058457854406129, 33.719639838918745 ], [ 73.058457854406129, 33.71964430102274 ], [ 73.058455172413787, 33.71964430102274 ], [ 73.058455172413787, 33.719646532074641 ], [ 73.058452490421459, 33.719646532074648 ], [ 73.058452490421459, 33.719650994178274 ], [ 73.058449808429117, 33.719650994178274 ], [ 73.058449808429117, 33.719653225230012 ], [ 73.058447126436775, 33.719653225230019 ], [ 73.058447126436775, 33.719657687333296 ], [ 73.058444444444447, 33.719657687333303 ], [ 73.058444444444447, 33.71966214943636 ], [ 73.058441762452105, 33.71966214943636 ], [ 73.058441762452105, 33.719664380487806 ], [ 73.058439080459763, 33.719664380487806 ], [ 73.058439080459763, 33.719666611539189 ], [ 73.058436398467435, 33.719666611539182 ], [ 73.058436398467435, 33.719671073641784 ], [ 73.058428352490424, 33.719671073641784 ], [ 73.058428352490424, 33.719675535744152 ], [ 73.05842298850574, 33.719675535744152 ], [ 73.05842298850574, 33.719677766795243 ], [ 73.0584122605364, 33.719677766795229 ] ] ] } },
{ "type": "Feature", "properties": { "value": 255, "area_m2": 27.189918009996202 }, "geometry": { "type": "Polygon", "coordinates": [ [ [ 73.059900766283519, 33.719604142078524 ], [ 73.059900766283519, 33.719601911025521 ], [ 73.059892720306507, 33.719601911025514 ], [ 73.059892720306507, 33.71959967997244 ], [ 73.059884674329496, 33.71959967997244 ], [ 73.059884674329496, 33.719597448919323 ], [ 73.059881992337154, 33.719597448919316 ], [ 73.059881992337154, 33.71959521786615 ], [ 73.059876628352484, 33.719595217866136 ], [ 73.059876628352484, 33.719592986812906 ], [ 73.059873946360142, 33.719592986812906 ], [ 73.059873946360142, 33.719588524706253 ], [ 73.059871264367814, 33.719588524706253 ], [ 73.059871264367814, 33.719575138384897 ], [ 73.059873946360142, 33.719575138384904 ], [ 73.059873946360142, 33.719570676277321 ], [ 73.059876628352484, 33.719570676277314 ], [ 73.059876628352484, 33.719563983115506 ], [ 73.059881992337154, 33.719563983115506 ], [ 73.059881992337154, 33.719559521007348 ], [ 73.059887356321838, 33.719559521007348 ], [ 73.059887356321838, 33.719557289953187 ], [ 73.059890038314165, 33.719557289953187 ], [ 73.059890038314165, 33.719555058898962 ], [ 73.059895402298849, 33.719555058898962 ], [ 73.059895402298849, 33.719552827844673 ], [ 73.059900766283519, 33.71955282784468 ], [ 73.059900766283519, 33.719550596790334 ], [ 73.059903448275861, 33.719550596790342 ], [ 73.059903448275861, 33.719548365735939 ], [ 73.059906130268189, 33.719548365735932 ], [ 73.059906130268189, 33.71954613468148 ], [ 73.059908812260531, 33.719546134681494 ], [ 73.059908812260531, 33.719543903626963 ], [ 73.059911494252873, 33.71954390362697 ], [ 73.059911494252873, 33.719541672572404 ], [ 73.059919540229885, 33.719541672572404 ], [ 73.059919540229885, 33.719543903626978 ], [ 73.059924904214554, 33.719543903626963 ], [ 73.059924904214554, 33.719546134681487 ], [ 73.059932950191566, 33.719546134681487 ], [ 73.059932950191566, 33.719548365735932 ], [ 73.059935632183894, 33.719548365735939 ], [ 73.059935632183894, 33.719563983115513 ], [ 73.059932950191566, 33.719563983115506 ], [ 73.059932950191566, 33.719570676277328 ], [ 73.059930268199224, 33.719570676277321 ], [ 73.059930268199224, 33.71957513838489 ], [ 73.059927586206896, 33.719575138384897 ], [ 73.059927586206896, 33.719579600492246 ], [ 73.059924904214554, 33.719579600492246 ], [ 73.059924904214554, 33.719584062599367 ], [ 73.059922222222227, 33.719584062599374 ], [ 73.059922222222227, 33.719586293652831 ], [ 73.059919540229885, 33.719586293652824 ], [ 73.059919540229885, 33.719592986812906 ], [ 73.059916858237543, 33.719592986812891 ], [ 73.059916858237543, 33.719597448919323 ], [ 73.059914176245201, 33.719597448919316 ], [ 73.059914176245201, 33.719599679972447 ], [ 73.059911494252873, 33.719599679972447 ], [ 73.059911494252873, 33.719604142078524 ], [ 73.059900766283519, 33.719604142078524 ] ] ] } },
{ "type": "Feature", "properties": { "value": 255, "area_m2": 45.521653014237209 }, "geometry": { "type": "Polygon", "coordinates": [ [ [ 73.05958697318006, 33.719566214169511 ], [ 73.05958697318006, 33.719561752061473 ], [ 73.059584291187733, 33.719561752061466 ], [ 73.059584291187733, 33.719555058898962 ], [ 73.059581609195391, 33.719555058898962 ], [ 73.059581609195391, 33.71954613468148 ], [ 73.059584291187733, 33.71954613468148 ], [ 73.059584291187733, 33.719532748353515 ], [ 73.05958697318006, 33.719532748353515 ], [ 73.05958697318006, 33.719514899912994 ], [ 73.059589655172402, 33.719514899913001 ], [ 73.059589655172402, 33.719512668857668 ], [ 73.059592337164744, 33.719512668857675 ], [ 73.059592337164744, 33.719505975691327 ], [ 73.059595019157072, 33.719505975691341 ], [ 73.059595019157072, 33.719488127245256 ], [ 73.059597701149414, 33.719488127245249 ], [ 73.059597701149414, 33.719476971964561 ], [ 73.059600383141756, 33.719476971964561 ], [ 73.059600383141756, 33.719474740908254 ], [ 73.059603065134084, 33.719474740908247 ], [ 73.059603065134084, 33.719472509851869 ], [ 73.059605747126426, 33.719472509851876 ], [ 73.059605747126426, 33.719470278795441 ], [ 73.059621839080449, 33.719470278795448 ], [ 73.059621839080449, 33.719472509851876 ], [ 73.059629885057461, 33.719472509851869 ], [ 73.059629885057461, 33.719474740908247 ], [ 73.059632567049803, 33.719474740908247 ], [ 73.059632567049803, 33.719476971964561 ], [ 73.059635249042131, 33.719476971964561 ], [ 73.059635249042131, 33.719479203020811 ], [ 73.059640613026815, 33.719479203020803 ], [ 73.059640613026815, 33.719485896189241 ], [ 73.059643295019143, 33.719485896189234 ], [ 73.059643295019143, 33.719488127245242 ], [ 73.059645977011499, 33.719488127245249 ], [ 73.059645977011499, 33.719490358301222 ], [ 73.059651340996169, 33.719490358301215 ], [ 73.059651340996169, 33.719494820412969 ], [ 73.059656704980839, 33.719494820412969 ], [ 73.059656704980839, 33.719499282524488 ], [ 73.059654022988511, 33.719499282524495 ], [ 73.059654022988511, 33.719508206746845 ], [ 73.059651340996169, 33.719508206746838 ], [ 73.059651340996169, 33.719512668857675 ], [ 73.059648659003827, 33.719512668857682 ], [ 73.059648659003827, 33.719514899912994 ], [ 73.059645977011499, 33.719514899912994 ], [ 73.059645977011499, 33.71951936202349 ], [ 73.059643295019143, 33.71951936202349 ], [ 73.059643295019143, 33.719521593078625 ], [ 73.059640613026815, 33.719521593078625 ], [ 73.059640613026815, 33.719528286243744 ], [ 73.059637931034487, 33.719528286243744 ], [ 73.059637931034487, 33.719530517298651 ], [ 73.059635249042131, 33.719530517298665 ], [ 73.059635249042131, 33.71953497940833 ], [ 73.059632567049803, 33.71953497940833 ], [ 73.059632567049803, 33.71953944151776 ], [ 73.059629885057461, 33.71953944151776 ], [ 73.059629885057461, 33.719541672572397 ], [ 73.059627203065119, 33.719541672572404 ], [ 73.059627203065119, 33.71954613468148 ], [ 73.059621839080449, 33.71954613468148 ], [ 73.059621839080449, 33.719550596790334 ], [ 73.059619157088107, 33.71955059679032 ], [ 73.059619157088107, 33.719555058898969 ], [ 73.059613793103438, 33.719555058898969 ], [ 73.059613793103438, 33.719559521007348 ], [ 73.059611111111096, 33.719559521007348 ], [ 73.059611111111096, 33.719561752061459 ], [ 73.059608429118768, 33.719561752061466 ], [ 73.059608429118768, 33.719563983115506 ], [ 73.059605747126426, 33.719563983115513 ], [ 73.059605747126426, 33.719566214169504 ], [ 73.05958697318006, 33.719566214169511 ] ] ] } },
{ "type": "Feature", "properties": { "value": 255, "area_m2": 46.198402850073869 }, "geometry": { "type": "Polygon", "coordinates": [ [ [ 73.057851724137919, 33.719550596790342 ], [ 73.057851724137919, 33.719548365735939 ], [ 73.057846360153249, 33.719548365735939 ], [ 73.057846360153249, 33.719546134681487 ], [ 73.057838314176252, 33.719546134681487 ], [ 73.057838314176252, 33.71954390362697 ], [ 73.057832950191568, 33.719543903626963 ], [ 73.057832950191568, 33.719541672572397 ], [ 73.057830268199226, 33.719541672572404 ], [ 73.057830268199226, 33.719539441517767 ], [ 73.057824904214556, 33.719539441517767 ], [ 73.057824904214556, 33.719537210463074 ], [ 73.057822222222214, 33.719537210463066 ], [ 73.057822222222214, 33.719534979408337 ], [ 73.057819540229886, 33.719534979408323 ], [ 73.057819540229886, 33.719530517298658 ], [ 73.057816858237544, 33.719530517298658 ], [ 73.057816858237544, 33.719526055188759 ], [ 73.057819540229886, 33.719526055188744 ], [ 73.057819540229886, 33.719523824133724 ], [ 73.057822222222214, 33.719523824133717 ], [ 73.057822222222214, 33.719521593078632 ], [ 73.057819540229886, 33.719521593078632 ], [ 73.057819540229886, 33.719519362023476 ], [ 73.057822222222214, 33.71951936202349 ], [ 73.057822222222214, 33.719512668857675 ], [ 73.057824904214556, 33.719512668857675 ], [ 73.057824904214556, 33.71950374463578 ], [ 73.057827586206898, 33.71950374463578 ], [ 73.057827586206898, 33.719499282524495 ], [ 73.057830268199226, 33.719499282524495 ], [ 73.057830268199226, 33.719494820412969 ], [ 73.057832950191568, 33.719494820412969 ], [ 73.057832950191568, 33.719490358301215 ], [ 73.05783563218391, 33.719490358301215 ], [ 73.05783563218391, 33.719488127245256 ], [ 73.057838314176252, 33.719488127245256 ], [ 73.057838314176252, 33.71948366513314 ], [ 73.057840996168579, 33.71948366513314 ], [ 73.057840996168579, 33.719481434076997 ], [ 73.057843678160921, 33.719481434076997 ], [ 73.057843678160921, 33.719479203020803 ], [ 73.057846360153249, 33.719479203020803 ], [ 73.057846360153249, 33.719472509851869 ], [ 73.057849042145591, 33.719472509851869 ], [ 73.057849042145591, 33.719470278795448 ], [ 73.057851724137919, 33.719470278795441 ], [ 73.057851724137919, 33.719465816682415 ], [ 73.057849042145591, 33.719465816682415 ], [ 73.057849042145591, 33.719463585625817 ], [ 73.057854406130261, 33.719463585625817 ], [ 73.057854406130261, 33.719461354569155 ], [ 73.057867816091942, 33.719461354569162 ], [ 73.057867816091942, 33.719463585625817 ], [ 73.057870498084284, 33.719463585625817 ], [ 73.057870498084284, 33.719461354569155 ], [ 73.057873180076612, 33.719461354569155 ], [ 73.057873180076612, 33.719463585625817 ], [ 73.057881226053624, 33.719463585625803 ], [ 73.057881226053624, 33.719470278795448 ], [ 73.057883908045966, 33.719470278795448 ], [ 73.057883908045966, 33.719474740908247 ], [ 73.057881226053624, 33.719474740908247 ], [ 73.057881226053624, 33.719476971964561 ], [ 73.05788927203065, 33.719476971964561 ], [ 73.05788927203065, 33.719479203020811 ], [ 73.057891954022978, 33.719479203020803 ], [ 73.057891954022978, 33.71948366513314 ], [ 73.05789463601532, 33.719483665133133 ], [ 73.05789463601532, 33.719485896189241 ], [ 73.057897318007662, 33.719485896189234 ], [ 73.057897318007662, 33.719488127245249 ], [ 73.057891954022978, 33.719488127245256 ], [ 73.057891954022978, 33.719490358301208 ], [ 73.05788927203065, 33.719490358301215 ], [ 73.05788927203065, 33.719492589357124 ], [ 73.057891954022978, 33.719492589357124 ], [ 73.057891954022978, 33.719497051468764 ], [ 73.05789463601532, 33.719497051468764 ], [ 73.05789463601532, 33.719499282524488 ], [ 73.057891954022978, 33.719499282524488 ], [ 73.057891954022978, 33.719510437802285 ], [ 73.057886590038308, 33.719510437802278 ], [ 73.057886590038308, 33.719514899912994 ], [ 73.057883908045966, 33.719514899913001 ], [ 73.057883908045966, 33.719521593078625 ], [ 73.057881226053624, 33.719521593078625 ], [ 73.057881226053624, 33.719528286243751 ], [ 73.057878544061296, 33.719528286243744 ], [ 73.057878544061296, 33.719532748353515 ], [ 73.057875862068954, 33.719532748353522 ], [ 73.057875862068954, 33.719534979408323 ], [ 73.057873180076612, 33.719534979408323 ], [ 73.057873180076612, 33.71953944151776 ], [ 73.057870498084284, 33.71953944151776 ], [ 73.057870498084284, 33.719541672572404 ], [ 73.057867816091942, 33.719541672572404 ], [ 73.057867816091942, 33.719548365735932 ], [ 73.0578651340996, 33.719548365735939 ], [ 73.0578651340996, 33.719550596790342 ], [ 73.057851724137919, 33.719550596790342 ] ] ] } },
{ "type": "Feature", "properties": { "value": 255, "area_m2": 26.205780521343542 }, "geometry": { "type": "Polygon", "coordinates": [ [ [ 73.057417241379298, 33.719508206746845 ], [ 73.057417241379298, 33.719505975691341 ], [ 73.057411877394628, 33.719505975691341 ], [ 73.057411877394628, 33.71950374463578 ], [ 73.057406513409958, 33.71950374463578 ], [ 73.057406513409958, 33.719499282524495 ], [ 73.057403831417616, 33.719499282524495 ], [ 73.057403831417616, 33.719492589357124 ], [ 73.057401149425289, 33.719492589357124 ], [ 73.057401149425289, 33.719479203020803 ], [ 73.057403831417616, 33.719479203020803 ], [ 73.057403831417616, 33.719474740908247 ], [ 73.057406513409958, 33.719474740908247 ], [ 73.057406513409958, 33.719470278795448 ], [ 73.0574091954023, 33.719470278795448 ], [ 73.0574091954023, 33.719468047738957 ], [ 73.057411877394628, 33.719468047738957 ], [ 73.057411877394628, 33.719465816682415 ], [ 73.05741455938697, 33.719465816682415 ], [ 73.05741455938697, 33.71946358562581 ], [ 73.057417241379298, 33.719463585625796 ], [ 73.057417241379298, 33.719454661398835 ], [ 73.05741992337164, 33.719454661398821 ], [ 73.05741992337164, 33.719447968227968 ], [ 73.057422605363982, 33.719447968227968 ], [ 73.057422605363982, 33.719445737170901 ], [ 73.05742528735631, 33.719445737170908 ], [ 73.05742528735631, 33.719443506113784 ], [ 73.057430651340994, 33.719443506113777 ], [ 73.057430651340994, 33.719441275056596 ], [ 73.057438697318005, 33.719441275056589 ], [ 73.057438697318005, 33.719443506113777 ], [ 73.057446743295017, 33.719443506113784 ], [ 73.057446743295017, 33.719445737170915 ], [ 73.057449425287345, 33.719445737170915 ], [ 73.057449425287345, 33.719447968227968 ], [ 73.057454789272029, 33.719447968227968 ], [ 73.057454789272029, 33.719450199284985 ], [ 73.057457471264357, 33.719450199284978 ], [ 73.057457471264357, 33.71946358562581 ], [ 73.057460153256699, 33.71946358562581 ], [ 73.057460153256699, 33.719468047738964 ], [ 73.057457471264357, 33.719468047738957 ], [ 73.057457471264357, 33.719472509851869 ], [ 73.057454789272029, 33.719472509851869 ], [ 73.057454789272029, 33.719476971964561 ], [ 73.057452107279687, 33.719476971964554 ], [ 73.057452107279687, 33.719479203020811 ], [ 73.057449425287345, 33.719479203020803 ], [ 73.057449425287345, 33.719485896189234 ], [ 73.057446743295017, 33.719485896189241 ], [ 73.057446743295017, 33.719488127245256 ], [ 73.057444061302675, 33.719488127245256 ], [ 73.057444061302675, 33.719492589357131 ], [ 73.057441379310333, 33.719492589357131 ], [ 73.057441379310333, 33.719494820412969 ], [ 73.057438697318005, 33.719494820412969 ], [ 73.057438697318005, 33.719497051468757 ], [ 73.057436015325663, 33.719497051468757 ], [ 73.057436015325663, 33.71950374463578 ], [ 73.057433333333321, 33.71950374463578 ], [ 73.057433333333321, 33.71950597569132 ], [ 73.057430651340994, 33.719505975691341 ], [ 73.057430651340994, 33.719508206746838 ], [ 73.057417241379298, 33.719508206746845 ] ] ] } },
{ "type": "Feature", "properties": { "value": 255, "area_m2": 36.847987634578004 }, "geometry": { "type": "Polygon", "coordinates": [ [ [ 73.059418007662813, 33.719488127245256 ], [ 73.059418007662813, 33.719485896189227 ], [ 73.059409961685816, 33.719485896189234 ], [ 73.059409961685816, 33.719483665133133 ], [ 73.059404597701146, 33.71948366513314 ], [ 73.059404597701146, 33.719481434077004 ], [ 73.059401915708804, 33.719481434076997 ], [ 73.059401915708804, 33.719479203020803 ], [ 73.059393869731792, 33.719479203020811 ], [ 73.059393869731792, 33.719476971964554 ], [ 73.059388505747123, 33.719476971964575 ], [ 73.059388505747123, 33.719474740908247 ], [ 73.059383141762453, 33.71947474090824 ], [ 73.059383141762453, 33.719472509851869 ], [ 73.059377777777769, 33.719472509851869 ], [ 73.059377777777769, 33.719470278795441 ], [ 73.059375095785441, 33.719470278795448 ], [ 73.059375095785441, 33.719468047738964 ], [ 73.059372413793099, 33.719468047738957 ], [ 73.059372413793099, 33.719465816682415 ], [ 73.059367049808429, 33.719465816682423 ], [ 73.059367049808429, 33.719463585625817 ], [ 73.059364367816087, 33.719463585625817 ], [ 73.059364367816087, 33.719461354569155 ], [ 73.059359003831403, 33.719461354569148 ], [ 73.059359003831403, 33.719459123512429 ], [ 73.059356321839076, 33.719459123512436 ], [ 73.059356321839076, 33.719456892455653 ], [ 73.059350957854392, 33.719456892455646 ], [ 73.059350957854392, 33.719454661398821 ], [ 73.05934827586205, 33.719454661398835 ], [ 73.05934827586205, 33.719452430341931 ], [ 73.059345593869722, 33.719452430341924 ], [ 73.059345593869722, 33.719450199284985 ], [ 73.05934291187738, 33.719450199284985 ], [ 73.05934291187738, 33.719443506113784 ], [ 73.059345593869722, 33.719443506113784 ], [ 73.059345593869722, 33.719441275056596 ], [ 73.05934827586205, 33.719441275056603 ], [ 73.05934827586205, 33.719439043999365 ], [ 73.059350957854392, 33.719439043999365 ], [ 73.059350957854392, 33.719436812942064 ], [ 73.059353639846734, 33.719436812942064 ], [ 73.059353639846734, 33.719434581884705 ], [ 73.059367049808429, 33.719434581884705 ], [ 73.059367049808429, 33.719436812942064 ], [ 73.059375095785441, 33.719436812942064 ], [ 73.059375095785441, 33.719439043999358 ], [ 73.059380459770111, 33.719439043999358 ], [ 73.059380459770111, 33.719441275056603 ], [ 73.059385823754781, 33.719441275056589 ], [ 73.059385823754781, 33.719443506113777 ], [ 73.059388505747123, 33.719443506113791 ], [ 73.059388505747123, 33.719441275056596 ], [ 73.059404597701146, 33.719441275056596 ], [ 73.059404597701146, 33.719443506113784 ], [ 73.059412643678144, 33.71944350611377 ], [ 73.059412643678144, 33.719441275056603 ], [ 73.059442145593863, 33.719441275056589 ], [ 73.059442145593863, 33.719443506113777 ], [ 73.059444827586205, 33.71944350611377 ], [ 73.059444827586205, 33.719445737170901 ], [ 73.059447509578533, 33.719445737170908 ], [ 73.059447509578533, 33.719447968227968 ], [ 73.059450191570875, 33.719447968227968 ], [ 73.059450191570875, 33.719459123512429 ], [ 73.059447509578533, 33.719459123512443 ], [ 73.059447509578533, 33.71946804773895 ], [ 73.059444827586205, 33.719468047738957 ], [ 73.059444827586205, 33.719476971964554 ], [ 73.059442145593863, 33.719476971964561 ], [ 73.059442145593863, 33.71948143407699 ], [ 73.059436781609193, 33.71948143407699 ], [ 73.059436781609193, 33.719483665133133 ], [ 73.059434099616837, 33.71948366513314 ], [ 73.059434099616837, 33.719485896189227 ], [ 73.059428735632167, 33.719485896189234 ], [ 73.059428735632167, 33.719488127245256 ], [ 73.059418007662813, 33.719488127245256 ] ] ] } },
{ "type": "Feature", "properties": { "value": 255, "area_m2": 25.467708881441681 }, "geometry": { "type": "Polygon", "coordinates": [ [ [ 73.053488122605373, 33.719441275056596 ], [ 73.053488122605373, 33.719439043999358 ], [ 73.053482758620689, 33.719439043999365 ], [ 73.053482758620689, 33.719436812942064 ], [ 73.053477394636019, 33.719436812942064 ], [ 73.053477394636019, 33.719434581884698 ], [ 73.053472030651335, 33.719434581884713 ], [ 73.053472030651335, 33.719432350827297 ], [ 73.053469348659007, 33.719432350827297 ], [ 73.053469348659007, 33.719430119769832 ], [ 73.053466666666665, 33.719430119769818 ], [ 73.053466666666665, 33.719427888712296 ], [ 73.053461302681981, 33.719427888712296 ], [ 73.053461302681981, 33.719425657654703 ], [ 73.053458620689653, 33.719425657654703 ], [ 73.053458620689653, 33.719423426597039 ], [ 73.053453256704969, 33.719423426597047 ], [ 73.053453256704969, 33.719421195539354 ], [ 73.053450574712642, 33.719421195539354 ], [ 73.053450574712642, 33.719418964481598 ], [ 73.053445210727958, 33.719418964481598 ], [ 73.053445210727958, 33.71941673342377 ], [ 73.053439846743288, 33.719416733423763 ], [ 73.053439846743288, 33.719414502365886 ], [ 73.053437164750946, 33.719414502365886 ], [ 73.053437164750946, 33.719412271307966 ], [ 73.053431800766276, 33.719412271307966 ], [ 73.053431800766276, 33.719407809191907 ], [ 73.053429118773948, 33.719407809191914 ], [ 73.053429118773948, 33.719398884959119 ], [ 73.053426436781606, 33.719398884959126 ], [ 73.053426436781606, 33.719396653900773 ], [ 73.053429118773948, 33.719396653900773 ], [ 73.053429118773948, 33.719389960725401 ], [ 73.053431800766276, 33.719389960725401 ], [ 73.053431800766276, 33.719385498608197 ], [ 73.053439846743288, 33.719385498608212 ], [ 73.053439846743288, 33.71938326754951 ], [ 73.05344252873563, 33.71938326754951 ], [ 73.05344252873563, 33.719385498608204 ], [ 73.053450574712642, 33.719385498608197 ], [ 73.053450574712642, 33.719387729666849 ], [ 73.053455938697311, 33.719387729666842 ], [ 73.053455938697311, 33.719392191783932 ], [ 73.053461302681981, 33.719392191783932 ], [ 73.053461302681981, 33.719394422842377 ], [ 73.053466666666665, 33.719394422842377 ], [ 73.053466666666665, 33.719396653900773 ], [ 73.053469348659007, 33.719396653900773 ], [ 73.053469348659007, 33.719398884959112 ], [ 73.053474712643677, 33.719398884959126 ], [ 73.053474712643677, 33.719401116017401 ], [ 73.053480076628361, 33.719401116017401 ], [ 73.053480076628361, 33.71940334707562 ], [ 73.053482758620689, 33.719403347075634 ], [ 73.053482758620689, 33.719405578133802 ], [ 73.053490804597701, 33.719405578133795 ], [ 73.053490804597701, 33.719407809191907 ], [ 73.053498850574712, 33.719407809191914 ], [ 73.053498850574712, 33.719410040249954 ], [ 73.053501532567054, 33.719410040249947 ], [ 73.053501532567054, 33.719412271307959 ], [ 73.053504214559396, 33.719412271307959 ], [ 73.053504214559396, 33.719414502365886 ], [ 73.053506896551724, 33.719414502365886 ], [ 73.053506896551724, 33.719436812942057 ], [ 73.053504214559396, 33.719436812942057 ], [ 73.053504214559396, 33.719439043999365 ], [ 73.053501532567054, 33.719439043999365 ], [ 73.053501532567054, 33.719441275056596 ], [ 73.053488122605373, 33.719441275056596 ] ] ] } },
{ "type": "Feature", "properties": { "value": 255, "area_m2": 66.006681343273286 }, "geometry": { "type": "Polygon", "coordinates": [ [ [ 73.057073946360148, 33.719468047738957 ], [ 73.057073946360148, 33.719465816682408 ], [ 73.057063218390809, 33.719465816682401 ], [ 73.057063218390809, 33.719463585625817 ], [ 73.057057854406125, 33.71946358562581 ], [ 73.057057854406125, 33.719461354569155 ], [ 73.057052490421455, 33.719461354569155 ], [ 73.057052490421455, 33.719459123512436 ], [ 73.057049808429113, 33.719459123512429 ], [ 73.057049808429113, 33.719456892455639 ], [ 73.057041762452101, 33.719456892455653 ], [ 73.057041762452101, 33.719454661398835 ], [ 73.057039080459774, 33.719454661398821 ], [ 73.057039080459774, 33.719452430341931 ], [ 73.057036398467432, 33.719452430341931 ], [ 73.057036398467432, 33.719450199284971 ], [ 73.05703371647509, 33.719450199284985 ], [ 73.05703371647509, 33.719447968227968 ], [ 73.05702835249042, 33.719447968227968 ], [ 73.05702835249042, 33.719436812942064 ], [ 73.057031034482762, 33.719436812942064 ], [ 73.057031034482762, 33.719430119769825 ], [ 73.05703371647509, 33.719430119769825 ], [ 73.05703371647509, 33.71942565765471 ], [ 73.057036398467432, 33.719425657654703 ], [ 73.057036398467432, 33.719423426597039 ], [ 73.057039080459774, 33.719423426597039 ], [ 73.057039080459774, 33.719418964481598 ], [ 73.057041762452101, 33.719418964481605 ], [ 73.057041762452101, 33.719416733423778 ], [ 73.057044444444443, 33.719416733423756 ], [ 73.057044444444443, 33.719412271307959 ], [ 73.057047126436785, 33.719412271307952 ], [ 73.057047126436785, 33.719410040249947 ], [ 73.057049808429113, 33.719410040249961 ], [ 73.057049808429113, 33.719405578133788 ], [ 73.057052490421455, 33.719405578133795 ], [ 73.057052490421455, 33.719403347075627 ], [ 73.057055172413797, 33.719403347075634 ], [ 73.057055172413797, 33.719401116017401 ], [ 73.057057854406125, 33.719401116017394 ], [ 73.057057854406125, 33.719398884959112 ], [ 73.057060536398467, 33.719398884959112 ], [ 73.057060536398467, 33.719394422842377 ], [ 73.057063218390809, 33.719394422842385 ], [ 73.057063218390809, 33.719392191783918 ], [ 73.057065900383137, 33.719392191783918 ], [ 73.057065900383137, 33.719385498608197 ], [ 73.057068582375479, 33.719385498608197 ], [ 73.057068582375479, 33.719383267549503 ], [ 73.057071264367806, 33.71938326754951 ], [ 73.057071264367806, 33.719378805431958 ], [ 73.057073946360148, 33.719378805431958 ], [ 73.057073946360148, 33.719374343314172 ], [ 73.057076628352476, 33.719374343314172 ], [ 73.057076628352476, 33.719372112255186 ], [ 73.057079310344818, 33.719372112255193 ], [ 73.057079310344818, 33.719367650137059 ], [ 73.05708199233716, 33.719367650137066 ], [ 73.05708199233716, 33.71936541907791 ], [ 73.057084674329488, 33.719365419077903 ], [ 73.057084674329488, 33.71936318801869 ], [ 73.0570927203065, 33.719363188018704 ], [ 73.0570927203065, 33.719360956959427 ], [ 73.057100766283511, 33.719360956959427 ], [ 73.057100766283511, 33.719363188018697 ], [ 73.057103448275853, 33.719363188018697 ], [ 73.057103448275853, 33.719367650137059 ], [ 73.057106130268195, 33.719367650137066 ], [ 73.057106130268195, 33.719376574373094 ], [ 73.057108812260537, 33.719376574373094 ], [ 73.057108812260537, 33.719378805431965 ], [ 73.057106130268195, 33.719378805431958 ], [ 73.057106130268195, 33.719385498608197 ], [ 73.057108812260537, 33.719385498608204 ], [ 73.057108812260537, 33.719387729666835 ], [ 73.057111494252865, 33.719387729666835 ], [ 73.057111494252865, 33.719389960725401 ], [ 73.057122222222219, 33.719389960725401 ], [ 73.057122222222219, 33.719392191783925 ], [ 73.057124904214561, 33.719392191783918 ], [ 73.057124904214561, 33.719396653900773 ], [ 73.057127586206889, 33.719396653900773 ], [ 73.057127586206889, 33.719414502365886 ], [ 73.057124904214561, 33.719414502365886 ], [ 73.057124904214561, 33.719421195539354 ], [ 73.057122222222219, 33.719421195539354 ], [ 73.057122222222219, 33.719423426597047 ], [ 73.057119540229877, 33.719423426597054 ], [ 73.057119540229877, 33.719427888712296 ], [ 73.057116858237549, 33.719427888712289 ], [ 73.057116858237549, 33.71943681294205 ], [ 73.057114176245207, 33.719436812942057 ], [ 73.057114176245207, 33.719450199284992 ], [ 73.057111494252865, 33.719450199284985 ], [ 73.057111494252865, 33.719452430341931 ], [ 73.057108812260537, 33.719452430341924 ], [ 73.057108812260537, 33.719454661398828 ], [ 73.057103448275853, 33.719454661398835 ], [ 73.057103448275853, 33.719456892455646 ], [ 73.057098084291184, 33.719456892455653 ], [ 73.057098084291184, 33.719459123512429 ], [ 73.05708735632183, 33.719459123512429 ], [ 73.05708735632183, 33.71946358562581 ], [ 73.057084674329488, 33.719463585625817 ], [ 73.057084674329488, 33.719465816682415 ], [ 73.057079310344818, 33.719465816682415 ], [ 73.057079310344818, 33.71946804773895 ], [ 73.057073946360148, 33.719468047738957 ] ] ] } },
{ "type": "Feature", "properties": { "value": 255, "area_m2": 41.154238965365728 }, "geometry": { "type": "Polygon", "coordinates": [ [ [ 73.057728352490415, 33.71939442284237 ], [ 73.057728352490415, 33.719392191783932 ], [ 73.057720306513403, 33.719392191783932 ], [ 73.057720306513403, 33.719389960725401 ], [ 73.057712260536391, 33.719389960725401 ], [ 73.057712260536391, 33.719387729666842 ], [ 73.057682758620672, 33.719387729666842 ], [ 73.057682758620672, 33.719389960725408 ], [ 73.057680076628344, 33.719389960725401 ], [ 73.057680076628344, 33.719387729666842 ], [ 73.057674712643674, 33.719387729666835 ], [ 73.057674712643674, 33.719385498608204 ], [ 73.057669348659005, 33.719385498608197 ], [ 73.057669348659005, 33.719381036490752 ], [ 73.057663984674335, 33.719381036490752 ], [ 73.057663984674335, 33.719376574373094 ], [ 73.057661302681993, 33.719376574373086 ], [ 73.057661302681993, 33.719372112255193 ], [ 73.057663984674335, 33.719372112255186 ], [ 73.057663984674335, 33.71936541907791 ], [ 73.057666666666663, 33.71936541907791 ], [ 73.057666666666663, 33.71936095695942 ], [ 73.057669348659005, 33.719360956959427 ], [ 73.057669348659005, 33.719358725900094 ], [ 73.057672030651347, 33.719358725900101 ], [ 73.057672030651347, 33.719356494840717 ], [ 73.057674712643674, 33.719356494840703 ], [ 73.057674712643674, 33.71935426378127 ], [ 73.057677394636002, 33.71935426378127 ], [ 73.057677394636002, 33.71935203272178 ], [ 73.057680076628344, 33.719352032721773 ], [ 73.057680076628344, 33.719347570602594 ], [ 73.057685440613014, 33.719347570602601 ], [ 73.057685440613014, 33.719340877423377 ], [ 73.057688122605356, 33.719340877423377 ], [ 73.057688122605356, 33.719338646363546 ], [ 73.057693486590026, 33.719338646363553 ], [ 73.057693486590026, 33.719336415303644 ], [ 73.057704214559379, 33.719336415303644 ], [ 73.057704214559379, 33.719338646363539 ], [ 73.057706896551721, 33.719338646363546 ], [ 73.057706896551721, 33.719340877423377 ], [ 73.057712260536391, 33.719340877423392 ], [ 73.057712260536391, 33.719345339542912 ], [ 73.057717624521075, 33.719345339542919 ], [ 73.057717624521075, 33.719347570602601 ], [ 73.057722988505745, 33.719347570602601 ], [ 73.057722988505745, 33.719349801662212 ], [ 73.057725670498087, 33.719349801662212 ], [ 73.057725670498087, 33.719352032721766 ], [ 73.057731034482757, 33.719352032721773 ], [ 73.057731034482757, 33.71935426378127 ], [ 73.057736398467426, 33.71935426378127 ], [ 73.057736398467426, 33.719356494840717 ], [ 73.057744444444438, 33.71935649484071 ], [ 73.057744444444438, 33.719358725900086 ], [ 73.057749808429122, 33.719358725900086 ], [ 73.057749808429122, 33.719360956959427 ], [ 73.05775249042145, 33.719360956959427 ], [ 73.05775249042145, 33.719363188018697 ], [ 73.057757854406134, 33.719363188018704 ], [ 73.057757854406134, 33.719365419077903 ], [ 73.057763218390804, 33.719365419077903 ], [ 73.057763218390804, 33.719367650137059 ], [ 73.057765900383131, 33.719367650137066 ], [ 73.057765900383131, 33.719369881196151 ], [ 73.057768582375459, 33.719369881196165 ], [ 73.057768582375459, 33.719372112255193 ], [ 73.057773946360143, 33.719372112255186 ], [ 73.057773946360143, 33.719376574373086 ], [ 73.057776628352485, 33.719376574373094 ], [ 73.057776628352485, 33.719381036490752 ], [ 73.057773946360143, 33.719381036490759 ], [ 73.057773946360143, 33.719385498608197 ], [ 73.057765900383131, 33.719385498608197 ], [ 73.057765900383131, 33.719387729666835 ], [ 73.057749808429122, 33.719387729666835 ], [ 73.057749808429122, 33.719392191783925 ], [ 73.05774712643678, 33.719392191783925 ], [ 73.05774712643678, 33.719394422842385 ], [ 73.057728352490415, 33.71939442284237 ] ] ] } },
{ "type": "Feature", "properties": { "value": 255, "area_m2": 74.003835604928852 }, "geometry": { "type": "Polygon", "coordinates": [ [ [ 73.058495402298846, 33.719378805431965 ], [ 73.058495402298846, 33.719376574373094 ], [ 73.058487356321834, 33.719376574373086 ], [ 73.058487356321834, 33.719372112255186 ], [ 73.05848199233715, 33.719372112255193 ], [ 73.05848199233715, 33.719369881196165 ], [ 73.05847126436781, 33.719369881196165 ], [ 73.05847126436781, 33.719367650137066 ], [ 73.05847662835248, 33.719367650137059 ], [ 73.05847662835248, 33.71936541907791 ], [ 73.058473946360138, 33.719365419077896 ], [ 73.058473946360138, 33.719363188018683 ], [ 73.058460536398456, 33.71936318801869 ], [ 73.058460536398456, 33.719356494840717 ], [ 73.058455172413787, 33.719356494840717 ], [ 73.058455172413787, 33.71935426378127 ], [ 73.058449808429117, 33.71935426378127 ], [ 73.058449808429117, 33.719349801662212 ], [ 73.058444444444447, 33.719349801662212 ], [ 73.058444444444447, 33.719347570602601 ], [ 73.058439080459763, 33.719347570602594 ], [ 73.058439080459763, 33.719345339542926 ], [ 73.058436398467435, 33.719345339542919 ], [ 73.058436398467435, 33.719340877423392 ], [ 73.058431034482751, 33.719340877423392 ], [ 73.058431034482751, 33.719336415303644 ], [ 73.058428352490424, 33.719336415303644 ], [ 73.058428352490424, 33.719334184243678 ], [ 73.058425670498082, 33.719334184243671 ], [ 73.058425670498082, 33.719320797882652 ], [ 73.058428352490424, 33.719320797882659 ], [ 73.058428352490424, 33.719311873640827 ], [ 73.058431034482751, 33.719311873640827 ], [ 73.058431034482751, 33.719307411519566 ], [ 73.058433716475093, 33.719307411519566 ], [ 73.058433716475093, 33.719300718337237 ], [ 73.058436398467435, 33.71930071833723 ], [ 73.058436398467435, 33.719296256215387 ], [ 73.058439080459763, 33.719296256215387 ], [ 73.058439080459763, 33.719289563032198 ], [ 73.058441762452105, 33.719289563032191 ], [ 73.058441762452105, 33.71928733197101 ], [ 73.058444444444447, 33.719287331971003 ], [ 73.058444444444447, 33.719285100909765 ], [ 73.058447126436775, 33.719285100909772 ], [ 73.058447126436775, 33.71928286984847 ], [ 73.058449808429117, 33.719282869848477 ], [ 73.058449808429117, 33.719280638787112 ], [ 73.05847126436781, 33.719280638787119 ], [ 73.05847126436781, 33.719282869848477 ], [ 73.05847662835248, 33.719282869848477 ], [ 73.05847662835248, 33.719285100909772 ], [ 73.05848199233715, 33.719285100909772 ], [ 73.05848199233715, 33.719287331971003 ], [ 73.058487356321834, 33.719287331971003 ], [ 73.058487356321834, 33.719291794093309 ], [ 73.058492720306504, 33.719291794093316 ], [ 73.058492720306504, 33.719294025154383 ], [ 73.058498084291188, 33.719294025154383 ], [ 73.058498084291188, 33.71929625621538 ], [ 73.058500766283515, 33.719296256215387 ], [ 73.058500766283515, 33.719298487276355 ], [ 73.058506130268199, 33.71929848727634 ], [ 73.058506130268199, 33.719300718337223 ], [ 73.058508812260527, 33.71930071833723 ], [ 73.058508812260527, 33.71930294939807 ], [ 73.058514176245211, 33.719302949398063 ], [ 73.058514176245211, 33.719305180458846 ], [ 73.058519540229881, 33.719305180458839 ], [ 73.058519540229881, 33.719307411519566 ], [ 73.058522222222223, 33.719307411519573 ], [ 73.058522222222223, 33.719309642580228 ], [ 73.058527586206893, 33.719309642580221 ], [ 73.058527586206893, 33.719311873640827 ], [ 73.058530268199235, 33.719311873640827 ], [ 73.058530268199235, 33.719314104701375 ], [ 73.058535632183904, 33.719314104701375 ], [ 73.058535632183904, 33.719318566822295 ], [ 73.058538314176246, 33.719318566822295 ], [ 73.058538314176246, 33.719323028942981 ], [ 73.058543678160916, 33.719323028942981 ], [ 73.058543678160916, 33.719329722123568 ], [ 73.058540996168574, 33.719329722123568 ], [ 73.058540996168574, 33.719334184243671 ], [ 73.058538314176246, 33.719334184243678 ], [ 73.058538314176246, 33.719336415303644 ], [ 73.058535632183904, 33.719336415303644 ], [ 73.058535632183904, 33.719338646363546 ], [ 73.058532950191577, 33.719338646363546 ], [ 73.058532950191577, 33.719340877423377 ], [ 73.058530268199235, 33.719340877423384 ], [ 73.058530268199235, 33.719345339542919 ], [ 73.058524904214551, 33.719345339542912 ], [ 73.058524904214551, 33.719347570602608 ], [ 73.058522222222223, 33.719347570602586 ], [ 73.058522222222223, 33.719352032721766 ], [ 73.058519540229881, 33.719352032721773 ], [ 73.058519540229881, 33.719356494840717 ], [ 73.058516858237539, 33.719356494840717 ], [ 73.058516858237539, 33.71936095695942 ], [ 73.058514176245211, 33.719360956959427 ], [ 73.058514176245211, 33.71936318801869 ], [ 73.058511494252869, 33.719363188018697 ], [ 73.058511494252869, 33.719376574373094 ], [ 73.058508812260527, 33.719376574373094 ], [ 73.058508812260527, 33.719378805431958 ], [ 73.058495402298846, 33.719378805431965 ] ] ] } },
{ "type": "Feature", "properties": { "value": 255, "area_m2": 84.338659381156987 }, "geometry": { "type": "Polygon", "coordinates": [ [ [ 73.05702298850575, 33.719385498608204 ], [ 73.05702298850575, 33.719383267549503 ], [ 73.057020306513408, 33.719383267549503 ], [ 73.057020306513408, 33.719381036490752 ], [ 73.057014942528724, 33.719381036490752 ], [ 73.057014942528724, 33.719378805431958 ], [ 73.057009578544054, 33.719378805431951 ], [ 73.057009578544054, 33.719376574373094 ], [ 73.057006896551712, 33.719376574373086 ], [ 73.057006896551712, 33.719374343314172 ], [ 73.05700421455937, 33.719374343314165 ], [ 73.05700421455937, 33.719372112255193 ], [ 73.057001532567043, 33.719372112255186 ], [ 73.057001532567043, 33.719369881196158 ], [ 73.056998850574701, 33.719369881196144 ], [ 73.056998850574701, 33.719367650137052 ], [ 73.056996168582359, 33.719367650137073 ], [ 73.056996168582359, 33.71936541907791 ], [ 73.056993486590031, 33.71936541907791 ], [ 73.056993486590031, 33.719363188018697 ], [ 73.056990804597689, 33.719363188018697 ], [ 73.056990804597689, 33.719358725900094 ], [ 73.056993486590031, 33.719358725900094 ], [ 73.056993486590031, 33.719356494840717 ], [ 73.056996168582359, 33.719356494840724 ], [ 73.056996168582359, 33.71935426378127 ], [ 73.056998850574701, 33.71935426378127 ], [ 73.056998850574701, 33.719349801662204 ], [ 73.057001532567043, 33.719349801662212 ], [ 73.057001532567043, 33.719345339542919 ], [ 73.05700421455937, 33.719345339542912 ], [ 73.05700421455937, 33.719340877423392 ], [ 73.057006896551712, 33.719340877423392 ], [ 73.057006896551712, 33.719336415303644 ], [ 73.057009578544054, 33.719336415303644 ], [ 73.057009578544054, 33.719334184243685 ], [ 73.057014942528724, 33.719334184243664 ], [ 73.057014942528724, 33.719329722123568 ], [ 73.057017624521066, 33.719329722123568 ], [ 73.057017624521066, 33.719325260003224 ], [ 73.05702298850575, 33.719325260003231 ], [ 73.05702298850575, 33.719318566822295 ], [ 73.057025670498078, 33.719318566822288 ], [ 73.057025670498078, 33.719311873640834 ], [ 73.05702835249042, 33.719311873640819 ], [ 73.05702835249042, 33.719309642580235 ], [ 73.057031034482762, 33.719309642580221 ], [ 73.057031034482762, 33.719307411519566 ], [ 73.05703371647509, 33.719307411519573 ], [ 73.05703371647509, 33.719302949398077 ], [ 73.057036398467432, 33.719302949398077 ], [ 73.057036398467432, 33.719300718337237 ], [ 73.057039080459774, 33.719300718337237 ], [ 73.057039080459774, 33.71929625621538 ], [ 73.057041762452101, 33.719296256215387 ], [ 73.057041762452101, 33.719289563032191 ], [ 73.057044444444443, 33.719289563032198 ], [ 73.057044444444443, 33.719278407725696 ], [ 73.057047126436785, 33.719278407725696 ], [ 73.057047126436785, 33.719276176664223 ], [ 73.057049808429113, 33.719276176664223 ], [ 73.057049808429113, 33.719273945602687 ], [ 73.057052490421455, 33.719273945602687 ], [ 73.057052490421455, 33.71926279029416 ], [ 73.057055172413797, 33.719262790294167 ], [ 73.057055172413797, 33.71925163498419 ], [ 73.057057854406125, 33.719251634984197 ], [ 73.057057854406125, 33.719258328170348 ], [ 73.057063218390809, 33.719258328170348 ], [ 73.057063218390809, 33.719249403922035 ], [ 73.057065900383137, 33.719249403922028 ], [ 73.057065900383137, 33.719247172859802 ], [ 73.057068582375479, 33.719247172859795 ], [ 73.057068582375479, 33.719249403922035 ], [ 73.057073946360148, 33.719249403922028 ], [ 73.057073946360148, 33.719247172859795 ], [ 73.05708199233716, 33.719247172859802 ], [ 73.05708199233716, 33.719244941797513 ], [ 73.057084674329488, 33.71924494179752 ], [ 73.057084674329488, 33.71924271073518 ], [ 73.057090038314172, 33.71924271073518 ], [ 73.057090038314172, 33.71924047967277 ], [ 73.057100766283511, 33.71924047967277 ], [ 73.057100766283511, 33.719242710735166 ], [ 73.057106130268195, 33.719242710735173 ], [ 73.057106130268195, 33.719249403922035 ], [ 73.057108812260537, 33.719249403922035 ], [ 73.057108812260537, 33.719253866046301 ], [ 73.057106130268195, 33.719253866046301 ], [ 73.057106130268195, 33.71926502135598 ], [ 73.057108812260537, 33.71926502135598 ], [ 73.057108812260537, 33.719287331971003 ], [ 73.057106130268195, 33.71928733197101 ], [ 73.057106130268195, 33.719291794093309 ], [ 73.057103448275853, 33.719291794093309 ], [ 73.057103448275853, 33.719296256215387 ], [ 73.057100766283511, 33.71929625621538 ], [ 73.057100766283511, 33.719300718337244 ], [ 73.057098084291184, 33.719300718337237 ], [ 73.057098084291184, 33.719305180458839 ], [ 73.057095402298842, 33.719305180458846 ], [ 73.057095402298842, 33.719309642580228 ], [ 73.0570927203065, 33.719309642580235 ], [ 73.0570927203065, 33.71931633576186 ], [ 73.057090038314172, 33.719316335761853 ], [ 73.057090038314172, 33.719318566822295 ], [ 73.05708735632183, 33.719318566822295 ], [ 73.05708735632183, 33.719320797882659 ], [ 73.057084674329488, 33.719320797882659 ], [ 73.057084674329488, 33.719327491063439 ], [ 73.05708199233716, 33.719327491063439 ], [ 73.05708199233716, 33.719331953183641 ], [ 73.057079310344818, 33.719331953183641 ], [ 73.057079310344818, 33.719334184243678 ], [ 73.057076628352476, 33.719334184243671 ], [ 73.057076628352476, 33.719338646363546 ], [ 73.057073946360148, 33.719338646363539 ], [ 73.057073946360148, 33.71934310848318 ], [ 73.057071264367806, 33.71934310848318 ], [ 73.057071264367806, 33.719347570602608 ], [ 73.057068582375479, 33.719347570602586 ], [ 73.057068582375479, 33.719349801662204 ], [ 73.057065900383137, 33.719349801662219 ], [ 73.057065900383137, 33.719352032721766 ], [ 73.057063218390809, 33.719352032721773 ], [ 73.057063218390809, 33.719358725900101 ], [ 73.057060536398467, 33.719358725900094 ], [ 73.057060536398467, 33.71936095695942 ], [ 73.057057854406125, 33.719360956959427 ], [ 73.057057854406125, 33.71936318801869 ], [ 73.057055172413797, 33.71936318801869 ], [ 73.057055172413797, 33.719367650137066 ], [ 73.057052490421455, 33.719367650137059 ], [ 73.057052490421455, 33.719372112255186 ], [ 73.057049808429113, 33.719372112255201 ], [ 73.057049808429113, 33.719374343314172 ], [ 73.057047126436785, 33.719374343314172 ], [ 73.057047126436785, 33.719378805431958 ], [ 73.057044444444443, 33.719378805431951 ], [ 73.057044444444443, 33.719383267549503 ], [ 73.057041762452101, 33.71938326754951 ], [ 73.057041762452101, 33.719385498608197 ], [ 73.05702298850575, 33.719385498608204 ] ] ] } },
{ "type": "Feature", "properties": { "value": 255, "area_m2": 44.168566535769564 }, "geometry": { "type": "Polygon", "coordinates": [ [ [ 73.059887356321838, 33.719296256215387 ], [ 73.059887356321838, 33.719294025154376 ], [ 73.059884674329496, 33.719294025154376 ], [ 73.059884674329496, 33.719291794093316 ], [ 73.059876628352484, 33.719291794093309 ], [ 73.059876628352484, 33.719287331971003 ], [ 73.059873946360142, 33.71928733197101 ], [ 73.059873946360142, 33.719285100909772 ], [ 73.059868582375472, 33.719285100909772 ], [ 73.059868582375472, 33.719282869848477 ], [ 73.059863218390788, 33.71928286984847 ], [ 73.059863218390788, 33.719280638787112 ], [ 73.05986053639846, 33.719280638787112 ], [ 73.05986053639846, 33.719278407725696 ], [ 73.059855172413776, 33.719278407725696 ], [ 73.059855172413776, 33.719276176664231 ], [ 73.059852490421434, 33.719276176664223 ], [ 73.059852490421434, 33.719273945602694 ], [ 73.059849808429107, 33.719273945602694 ], [ 73.059849808429107, 33.719271714541108 ], [ 73.059847126436765, 33.719271714541101 ], [ 73.059847126436765, 33.719269483479465 ], [ 73.059844444444437, 33.719269483479465 ], [ 73.059844444444437, 33.719267252417751 ], [ 73.059841762452109, 33.719267252417758 ], [ 73.059841762452109, 33.71926279029416 ], [ 73.059839080459767, 33.719262790294167 ], [ 73.059839080459767, 33.719253866046309 ], [ 73.059836398467425, 33.719253866046309 ], [ 73.059836398467425, 33.7192360175478 ], [ 73.059839080459767, 33.719236017547793 ], [ 73.059839080459767, 33.719227093297157 ], [ 73.059841762452109, 33.719227093297143 ], [ 73.059841762452109, 33.71922263117149 ], [ 73.059844444444437, 33.719222631171476 ], [ 73.059844444444437, 33.719220400108561 ], [ 73.059849808429107, 33.719220400108568 ], [ 73.059849808429107, 33.719215937982547 ], [ 73.059855172413776, 33.719215937982547 ], [ 73.059855172413776, 33.719213706919454 ], [ 73.059857854406118, 33.719213706919447 ], [ 73.059857854406118, 33.719207013729815 ], [ 73.059868582375472, 33.719207013729815 ], [ 73.059868582375472, 33.719209244793078 ], [ 73.059871264367814, 33.719209244793078 ], [ 73.059871264367814, 33.719213706919447 ], [ 73.059876628352484, 33.719213706919447 ], [ 73.059876628352484, 33.719220400108568 ], [ 73.059879310344826, 33.719220400108568 ], [ 73.059879310344826, 33.71922263117149 ], [ 73.059884674329496, 33.71922263117149 ], [ 73.059884674329496, 33.71922709329715 ], [ 73.059892720306507, 33.719227093297143 ], [ 73.059892720306507, 33.719229324359908 ], [ 73.059895402298849, 33.719229324359908 ], [ 73.059895402298849, 33.719231555422596 ], [ 73.059898084291177, 33.719231555422589 ], [ 73.059898084291177, 33.7192360175478 ], [ 73.059900766283519, 33.719236017547807 ], [ 73.059900766283519, 33.719233786485212 ], [ 73.059903448275861, 33.719233786485226 ], [ 73.059903448275861, 33.719242710735188 ], [ 73.059906130268189, 33.719242710735173 ], [ 73.059906130268189, 33.71924494179752 ], [ 73.059908812260531, 33.719244941797513 ], [ 73.059908812260531, 33.719258328170341 ], [ 73.059906130268189, 33.719258328170348 ], [ 73.059906130268189, 33.719271714541108 ], [ 73.059903448275861, 33.719271714541122 ], [ 73.059903448275861, 33.719287331971003 ], [ 73.059900766283519, 33.71928733197101 ], [ 73.059900766283519, 33.719296256215372 ], [ 73.059887356321838, 33.719296256215387 ] ] ] } },
{ "type": "Feature", "properties": { "value": 255, "area_m2": 66.622062197387365 }, "geometry": { "type": "Polygon", "coordinates": [ [ [ 73.058307662835233, 33.719278407725696 ], [ 73.058307662835233, 33.719276176664231 ], [ 73.058296934865893, 33.719276176664223 ], [ 73.058296934865893, 33.719273945602687 ], [ 73.05829157088121, 33.719273945602687 ], [ 73.05829157088121, 33.719271714541108 ], [ 73.058288888888882, 33.719271714541108 ], [ 73.058288888888882, 33.719269483479472 ], [ 73.05828620689654, 33.719269483479458 ], [ 73.05828620689654, 33.719267252417765 ], [ 73.05828084291187, 33.719267252417758 ], [ 73.05828084291187, 33.71926502135598 ], [ 73.0582754789272, 33.71926502135598 ], [ 73.0582754789272, 33.719260559232289 ], [ 73.05827011494253, 33.719260559232289 ], [ 73.05827011494253, 33.719258328170348 ], [ 73.058264750957861, 33.719258328170348 ], [ 73.058264750957861, 33.719256097108357 ], [ 73.058259386973177, 33.719256097108357 ], [ 73.058259386973177, 33.719253866046301 ], [ 73.058254022988493, 33.719253866046309 ], [ 73.058254022988493, 33.71925163498419 ], [ 73.058251340996165, 33.719251634984182 ], [ 73.058251340996165, 33.719247172859788 ], [ 73.058245977011481, 33.719247172859802 ], [ 73.058245977011481, 33.71924271073518 ], [ 73.058243295019153, 33.71924271073518 ], [ 73.058243295019153, 33.719240479672763 ], [ 73.058240613026811, 33.719240479672763 ], [ 73.058240613026811, 33.71922709329715 ], [ 73.058243295019153, 33.719227093297157 ], [ 73.058243295019153, 33.719224862234341 ], [ 73.058240613026811, 33.719224862234348 ], [ 73.058240613026811, 33.719222631171498 ], [ 73.058243295019153, 33.71922263117149 ], [ 73.058243295019153, 33.719200320539642 ], [ 73.058245977011481, 33.719200320539642 ], [ 73.058245977011481, 33.719193627348965 ], [ 73.058251340996165, 33.719193627348965 ], [ 73.058251340996165, 33.719191396285289 ], [ 73.058262068965519, 33.719191396285296 ], [ 73.058262068965519, 33.71918916522155 ], [ 73.058264750957861, 33.71918916522155 ], [ 73.058264750957861, 33.719186934157769 ], [ 73.058283524904212, 33.719186934157761 ], [ 73.058283524904212, 33.71918916522155 ], [ 73.05828620689654, 33.719189165221557 ], [ 73.05828620689654, 33.719193627348957 ], [ 73.058288888888882, 33.719193627348965 ], [ 73.058288888888882, 33.71919585841259 ], [ 73.05829157088121, 33.719195858412583 ], [ 73.05829157088121, 33.719198089476151 ], [ 73.058294252873551, 33.719198089476151 ], [ 73.058294252873551, 33.719200320539642 ], [ 73.058299616858221, 33.719200320539649 ], [ 73.058299616858221, 33.719202551603097 ], [ 73.058304980842905, 33.719202551603104 ], [ 73.058304980842905, 33.719204782666488 ], [ 73.058310344827575, 33.719204782666488 ], [ 73.058310344827575, 33.719207013729822 ], [ 73.058313026819917, 33.719207013729815 ], [ 73.058313026819917, 33.719209244793078 ], [ 73.058318390804601, 33.719209244793078 ], [ 73.058318390804601, 33.719211475856298 ], [ 73.058321072796929, 33.719211475856298 ], [ 73.058321072796929, 33.719213706919433 ], [ 73.058326436781613, 33.71921370691944 ], [ 73.058326436781613, 33.719215937982547 ], [ 73.058331800766283, 33.719215937982554 ], [ 73.058331800766283, 33.719218169045575 ], [ 73.058334482758625, 33.719218169045583 ], [ 73.058334482758625, 33.719220400108568 ], [ 73.058337164750952, 33.719220400108568 ], [ 73.058337164750952, 33.719227093297157 ], [ 73.058339846743294, 33.719227093297157 ], [ 73.058339846743294, 33.71926279029416 ], [ 73.058337164750952, 33.719262790294174 ], [ 73.058337164750952, 33.719269483479465 ], [ 73.058334482758625, 33.719269483479458 ], [ 73.058334482758625, 33.719271714541122 ], [ 73.058331800766283, 33.719271714541115 ], [ 73.058331800766283, 33.719276176664231 ], [ 73.058321072796929, 33.719276176664223 ], [ 73.058321072796929, 33.719278407725689 ], [ 73.058307662835233, 33.719278407725696 ] ] ] } },
{ "type": "Feature", "properties": { "value": 255, "area_m2": 27.067135199437434 }, "geometry": { "type": "Polygon", "coordinates": [ [ [ 73.05886283524903, 33.71923824861031 ], [ 73.05886283524903, 33.7192360175478 ], [ 73.058857471264361, 33.7192360175478 ], [ 73.058857471264361, 33.719233786485226 ], [ 73.058852107279691, 33.719233786485226 ], [ 73.058852107279691, 33.719231555422581 ], [ 73.058846743295007, 33.719231555422589 ], [ 73.058846743295007, 33.719229324359901 ], [ 73.058844061302679, 33.719229324359894 ], [ 73.058844061302679, 33.71922709329715 ], [ 73.058838697317995, 33.71922709329715 ], [ 73.058838697317995, 33.719224862234348 ], [ 73.058833333333325, 33.719224862234348 ], [ 73.058833333333325, 33.71922263117149 ], [ 73.058827969348656, 33.719222631171483 ], [ 73.058827969348656, 33.719220400108561 ], [ 73.058825287356314, 33.719220400108568 ], [ 73.058825287356314, 33.719209244793078 ], [ 73.058827969348656, 33.719209244793078 ], [ 73.058827969348656, 33.719204782666488 ], [ 73.058830651340983, 33.719204782666488 ], [ 73.058830651340983, 33.719202551603104 ], [ 73.058833333333325, 33.719202551603104 ], [ 73.058833333333325, 33.719198089476151 ], [ 73.058838697317995, 33.719198089476144 ], [ 73.058838697317995, 33.719195858412583 ], [ 73.058870881226042, 33.719195858412583 ], [ 73.058870881226042, 33.719193627348965 ], [ 73.058873563218398, 33.719193627348972 ], [ 73.058873563218398, 33.719191396285296 ], [ 73.058876245210726, 33.719191396285296 ], [ 73.058876245210726, 33.71918916522155 ], [ 73.05888160919541, 33.71918916522155 ], [ 73.05888160919541, 33.719186934157769 ], [ 73.058895019157077, 33.719186934157761 ], [ 73.058895019157077, 33.71918916522155 ], [ 73.058897701149419, 33.71918916522155 ], [ 73.058897701149419, 33.719191396285282 ], [ 73.058900383141747, 33.719191396285296 ], [ 73.058900383141747, 33.719207013729815 ], [ 73.058897701149419, 33.719207013729822 ], [ 73.058897701149419, 33.719211475856291 ], [ 73.058895019157077, 33.719211475856305 ], [ 73.058895019157077, 33.719218169045583 ], [ 73.058892337164735, 33.719218169045583 ], [ 73.058892337164735, 33.719220400108561 ], [ 73.058889655172408, 33.719220400108561 ], [ 73.058889655172408, 33.71922709329715 ], [ 73.058886973180066, 33.719227093297143 ], [ 73.058886973180066, 33.719233786485226 ], [ 73.058884291187738, 33.719233786485219 ], [ 73.058884291187738, 33.7192360175478 ], [ 73.05888160919541, 33.7192360175478 ], [ 73.05888160919541, 33.719238248610317 ], [ 73.05886283524903, 33.71923824861031 ] ] ] } },
{ "type": "Feature", "properties": { "value": 255, "area_m2": 45.521976268707725 }, "geometry": { "type": "Polygon", "coordinates": [ [ [ 73.058516858237539, 33.719296256215372 ], [ 73.058516858237539, 33.719294025154383 ], [ 73.058511494252869, 33.719294025154383 ], [ 73.058511494252869, 33.719291794093309 ], [ 73.058506130268199, 33.719291794093301 ], [ 73.058506130268199, 33.719289563032198 ], [ 73.058503448275857, 33.719289563032198 ], [ 73.058503448275857, 33.71928733197101 ], [ 73.058500766283515, 33.719287331971003 ], [ 73.058500766283515, 33.719285100909772 ], [ 73.058495402298846, 33.719285100909772 ], [ 73.058495402298846, 33.719282869848485 ], [ 73.058492720306504, 33.719282869848477 ], [ 73.058492720306504, 33.719280638787119 ], [ 73.058487356321834, 33.719280638787104 ], [ 73.058487356321834, 33.719278407725696 ], [ 73.058484674329492, 33.719278407725689 ], [ 73.058484674329492, 33.719276176664231 ], [ 73.05847662835248, 33.719276176664223 ], [ 73.05847662835248, 33.719273945602687 ], [ 73.058473946360138, 33.719273945602701 ], [ 73.058473946360138, 33.719271714541122 ], [ 73.058468582375468, 33.719271714541115 ], [ 73.058468582375468, 33.719267252417758 ], [ 73.058463218390784, 33.719267252417758 ], [ 73.058463218390784, 33.71926502135598 ], [ 73.058460536398456, 33.71926502135598 ], [ 73.058460536398456, 33.719256097108349 ], [ 73.058457854406129, 33.719256097108357 ], [ 73.058457854406129, 33.719253866046309 ], [ 73.058460536398456, 33.719253866046316 ], [ 73.058460536398456, 33.719247172859802 ], [ 73.058457854406129, 33.719247172859802 ], [ 73.058457854406129, 33.719224862234348 ], [ 73.058460536398456, 33.719224862234341 ], [ 73.058460536398456, 33.719220400108561 ], [ 73.058463218390784, 33.719220400108568 ], [ 73.058463218390784, 33.719215937982554 ], [ 73.058465900383126, 33.719215937982547 ], [ 73.058465900383126, 33.719209244793078 ], [ 73.058468582375468, 33.71920924479307 ], [ 73.058468582375468, 33.71920478266648 ], [ 73.05847126436781, 33.719204782666488 ], [ 73.05847126436781, 33.719198089476151 ], [ 73.058473946360138, 33.719198089476151 ], [ 73.058473946360138, 33.719193627348965 ], [ 73.058479310344822, 33.719193627348972 ], [ 73.058479310344822, 33.719191396285289 ], [ 73.05848199233715, 33.719191396285289 ], [ 73.05848199233715, 33.71918916522155 ], [ 73.058484674329492, 33.719189165221557 ], [ 73.058484674329492, 33.719186934157769 ], [ 73.058487356321834, 33.719186934157769 ], [ 73.058487356321834, 33.719184703093923 ], [ 73.058490038314176, 33.719184703093916 ], [ 73.058490038314176, 33.719233786485226 ], [ 73.058492720306504, 33.719233786485226 ], [ 73.058492720306504, 33.719231555422589 ], [ 73.058514176245211, 33.719231555422589 ], [ 73.058514176245211, 33.719229324359901 ], [ 73.058516858237539, 33.719229324359908 ], [ 73.058516858237539, 33.719231555422603 ], [ 73.058522222222223, 33.719231555422589 ], [ 73.058522222222223, 33.719233786485219 ], [ 73.058519540229881, 33.719233786485226 ], [ 73.058519540229881, 33.719238248610317 ], [ 73.058522222222223, 33.719238248610317 ], [ 73.058522222222223, 33.71924494179752 ], [ 73.058524904214551, 33.719244941797513 ], [ 73.058524904214551, 33.719247172859795 ], [ 73.058522222222223, 33.719247172859802 ], [ 73.058522222222223, 33.719249403922035 ], [ 73.058524904214551, 33.719249403922035 ], [ 73.058524904214551, 33.719253866046301 ], [ 73.058527586206893, 33.719253866046309 ], [ 73.058527586206893, 33.719258328170348 ], [ 73.058530268199235, 33.719258328170348 ], [ 73.058530268199235, 33.719289563032191 ], [ 73.058527586206893, 33.719289563032191 ], [ 73.058527586206893, 33.719294025154383 ], [ 73.058522222222223, 33.719294025154376 ], [ 73.058522222222223, 33.71929625621538 ], [ 73.058516858237539, 33.719296256215372 ] ] ] } },
{ "type": "Feature", "properties": { "value": 255, "area_m2": 48.413335492646304 }, "geometry": { "type": "Polygon", "coordinates": [ [ [ 73.058355938697318, 33.719200320539649 ], [ 73.058355938697318, 33.719198089476151 ], [ 73.058347892720306, 33.719198089476151 ], [ 73.058347892720306, 33.719195858412583 ], [ 73.058345210727964, 33.71919585841259 ], [ 73.058345210727964, 33.719193627348979 ], [ 73.058339846743294, 33.719193627348972 ], [ 73.058339846743294, 33.719191396285296 ], [ 73.058334482758625, 33.719191396285296 ], [ 73.058334482758625, 33.71918916522155 ], [ 73.058329118773941, 33.719189165221557 ], [ 73.058329118773941, 33.719186934157769 ], [ 73.058326436781613, 33.719186934157761 ], [ 73.058326436781613, 33.719184703093923 ], [ 73.058321072796929, 33.719184703093923 ], [ 73.058321072796929, 33.719182472030006 ], [ 73.058318390804601, 33.719182472030006 ], [ 73.058318390804601, 33.719180240966047 ], [ 73.058313026819917, 33.719180240966054 ], [ 73.058313026819917, 33.719178009902031 ], [ 73.058307662835233, 33.719178009902024 ], [ 73.058307662835233, 33.719175778837936 ], [ 73.058304980842905, 33.719175778837943 ], [ 73.058304980842905, 33.719173547773806 ], [ 73.058299616858221, 33.719173547773806 ], [ 73.058299616858221, 33.719171316709598 ], [ 73.058294252873551, 33.719171316709605 ], [ 73.058294252873551, 33.719169085645341 ], [ 73.05829157088121, 33.719169085645348 ], [ 73.05829157088121, 33.719166854581026 ], [ 73.058288888888882, 33.719166854581026 ], [ 73.058288888888882, 33.719164623516662 ], [ 73.05828620689654, 33.719164623516654 ], [ 73.05828620689654, 33.719155699258586 ], [ 73.058288888888882, 33.719155699258593 ], [ 73.058288888888882, 33.719146774999587 ], [ 73.05829157088121, 33.719146774999601 ], [ 73.05829157088121, 33.719142312869749 ], [ 73.058304980842905, 33.719142312869742 ], [ 73.058304980842905, 33.719140081804746 ], [ 73.058307662835233, 33.719140081804746 ], [ 73.058307662835233, 33.719142312869749 ], [ 73.058313026819917, 33.719142312869764 ], [ 73.058313026819917, 33.719140081804738 ], [ 73.058326436781613, 33.719140081804746 ], [ 73.058326436781613, 33.719137850739678 ], [ 73.058337164750952, 33.719137850739678 ], [ 73.058337164750952, 33.719135619674546 ], [ 73.058339846743294, 33.719135619674546 ], [ 73.058339846743294, 33.719137850739671 ], [ 73.058345210727964, 33.719137850739678 ], [ 73.058345210727964, 33.719135619674553 ], [ 73.058347892720306, 33.719135619674546 ], [ 73.058347892720306, 33.719137850739671 ], [ 73.058353256704976, 33.719137850739671 ], [ 73.058353256704976, 33.719140081804746 ], [ 73.05835862068966, 33.719140081804746 ], [ 73.05835862068966, 33.719142312869749 ], [ 73.058366666666672, 33.719142312869749 ], [ 73.058366666666672, 33.719144543934696 ], [ 73.058369348658999, 33.719144543934711 ], [ 73.058369348658999, 33.719146774999587 ], [ 73.058372030651327, 33.719146774999594 ], [ 73.058372030651327, 33.719151237129203 ], [ 73.058377394635997, 33.719151237129211 ], [ 73.058377394635997, 33.719153468193937 ], [ 73.058385440613009, 33.719153468193937 ], [ 73.058385440613009, 33.719155699258593 ], [ 73.058396168582362, 33.719155699258586 ], [ 73.058396168582362, 33.719157930323192 ], [ 73.058398850574704, 33.719157930323185 ], [ 73.058398850574704, 33.719164623516669 ], [ 73.058401532567046, 33.719164623516662 ], [ 73.058401532567046, 33.719166854581026 ], [ 73.058398850574704, 33.719166854581026 ], [ 73.058398850574704, 33.719169085645341 ], [ 73.058396168582362, 33.719169085645341 ], [ 73.058396168582362, 33.719180240966047 ], [ 73.05839348659002, 33.719180240966047 ], [ 73.05839348659002, 33.719182472030006 ], [ 73.058385440613009, 33.719182472030013 ], [ 73.058385440613009, 33.719184703093909 ], [ 73.058382758620681, 33.719184703093923 ], [ 73.058382758620681, 33.719186934157754 ], [ 73.058377394635997, 33.719186934157776 ], [ 73.058377394635997, 33.719193627348965 ], [ 73.058374712643669, 33.719193627348979 ], [ 73.058374712643669, 33.719198089476144 ], [ 73.058372030651327, 33.719198089476151 ], [ 73.058372030651327, 33.719200320539642 ], [ 73.058355938697318, 33.719200320539649 ] ] ] } },
{ "type": "Feature", "properties": { "value": 255, "area_m2": 28.297470959905009 }, "geometry": { "type": "Polygon", "coordinates": [ [ [ 73.059788122605354, 33.71918916522155 ], [ 73.059788122605354, 33.719186934157761 ], [ 73.059774712643659, 33.719186934157769 ], [ 73.059774712643659, 33.719184703093916 ], [ 73.059769348658989, 33.719184703093916 ], [ 73.059769348658989, 33.719182472030006 ], [ 73.059766666666647, 33.71918247203002 ], [ 73.059766666666647, 33.719180240966047 ], [ 73.059758620689649, 33.719180240966047 ], [ 73.059758620689649, 33.719178009902031 ], [ 73.059755938697307, 33.719178009902009 ], [ 73.059755938697307, 33.719175778837943 ], [ 73.05975325670498, 33.719175778837943 ], [ 73.05975325670498, 33.719155699258586 ], [ 73.059755938697307, 33.719155699258593 ], [ 73.059755938697307, 33.719151237129218 ], [ 73.059758620689649, 33.719151237129211 ], [ 73.059758620689649, 33.719146774999601 ], [ 73.059761302681977, 33.719146774999601 ], [ 73.059761302681977, 33.719144543934696 ], [ 73.059769348658989, 33.719144543934711 ], [ 73.059769348658989, 33.719142312869749 ], [ 73.059774712643659, 33.719142312869756 ], [ 73.059774712643659, 33.719140081804746 ], [ 73.059780076628343, 33.719140081804738 ], [ 73.059780076628343, 33.719126695413458 ], [ 73.059788122605354, 33.719126695413458 ], [ 73.059788122605354, 33.719128926478838 ], [ 73.059790804597696, 33.719128926478838 ], [ 73.059790804597696, 33.719131157544126 ], [ 73.059793486590038, 33.719131157544133 ], [ 73.059793486590038, 33.719133388609364 ], [ 73.059796168582366, 33.719133388609357 ], [ 73.059796168582366, 33.719137850739664 ], [ 73.059798850574708, 33.719137850739664 ], [ 73.059798850574708, 33.719140081804738 ], [ 73.05980153256705, 33.719140081804746 ], [ 73.05980153256705, 33.719144543934696 ], [ 73.059804214559378, 33.719144543934704 ], [ 73.059804214559378, 33.719149006064427 ], [ 73.05980689655172, 33.719149006064427 ], [ 73.05980689655172, 33.719151237129218 ], [ 73.059809578544062, 33.719151237129196 ], [ 73.059809578544062, 33.719153468193944 ], [ 73.05981226053639, 33.719153468193937 ], [ 73.05981226053639, 33.7191556992586 ], [ 73.059817624521074, 33.719155699258593 ], [ 73.059817624521074, 33.719162392452233 ], [ 73.059820306513402, 33.719162392452233 ], [ 73.059820306513402, 33.719173547773799 ], [ 73.059817624521074, 33.719173547773799 ], [ 73.059817624521074, 33.71918024096604 ], [ 73.059814942528732, 33.719180240966054 ], [ 73.059814942528732, 33.719182472030013 ], [ 73.05981226053639, 33.719182472030013 ], [ 73.05981226053639, 33.719184703093916 ], [ 73.05980689655172, 33.719184703093916 ], [ 73.05980689655172, 33.719186934157769 ], [ 73.059796168582366, 33.719186934157761 ], [ 73.059796168582366, 33.719189165221557 ], [ 73.059788122605354, 33.71918916522155 ] ] ] } },
{ "type": "Feature", "properties": { "value": 255, "area_m2": 28.666635406758928 }, "geometry": { "type": "Polygon", "coordinates": [ [ [ 73.058181609195401, 33.719142312869749 ], [ 73.058181609195401, 33.719140081804746 ], [ 73.058165517241378, 33.719140081804738 ], [ 73.058165517241378, 33.719137850739678 ], [ 73.058160153256694, 33.719137850739671 ], [ 73.058160153256694, 33.719135619674539 ], [ 73.058157471264366, 33.719135619674546 ], [ 73.058157471264366, 33.719133388609364 ], [ 73.058154789272024, 33.719133388609364 ], [ 73.058154789272024, 33.719131157544133 ], [ 73.058152107279682, 33.719131157544126 ], [ 73.058152107279682, 33.719128926478831 ], [ 73.058146743295012, 33.719128926478838 ], [ 73.058146743295012, 33.719126695413451 ], [ 73.058141379310342, 33.719126695413465 ], [ 73.058141379310342, 33.719124464348042 ], [ 73.058136015325658, 33.719124464348049 ], [ 73.058136015325658, 33.719122233282569 ], [ 73.058130651340988, 33.719122233282576 ], [ 73.058130651340988, 33.719120002217032 ], [ 73.058127969348647, 33.719120002217053 ], [ 73.058127969348647, 33.719108846888517 ], [ 73.058130651340988, 33.719108846888517 ], [ 73.058130651340988, 33.719104384756704 ], [ 73.058136015325658, 33.719104384756704 ], [ 73.058136015325658, 33.719102153690713 ], [ 73.058138697318, 33.719102153690713 ], [ 73.058138697318, 33.71909992262465 ], [ 73.058141379310342, 33.719099922624657 ], [ 73.058141379310342, 33.719097691558552 ], [ 73.05814406130267, 33.719097691558545 ], [ 73.05814406130267, 33.719095460492362 ], [ 73.058149425287354, 33.719095460492369 ], [ 73.058149425287354, 33.71909322942615 ], [ 73.058154789272024, 33.71909322942615 ], [ 73.058154789272024, 33.719095460492369 ], [ 73.058162835249036, 33.719095460492362 ], [ 73.058162835249036, 33.719097691558538 ], [ 73.058165517241378, 33.719097691558545 ], [ 73.058165517241378, 33.719099922624643 ], [ 73.058168199233705, 33.719099922624643 ], [ 73.058168199233705, 33.719102153690706 ], [ 73.058170881226047, 33.719102153690706 ], [ 73.058170881226047, 33.719104384756712 ], [ 73.058178927203073, 33.719104384756704 ], [ 73.058178927203073, 33.719106615822639 ], [ 73.058195019157083, 33.719106615822646 ], [ 73.058195019157083, 33.71910438475669 ], [ 73.058200383141752, 33.719104384756697 ], [ 73.058200383141752, 33.719106615822646 ], [ 73.058205747126422, 33.719106615822639 ], [ 73.058205747126422, 33.719108846888517 ], [ 73.058211111111106, 33.719108846888524 ], [ 73.058211111111106, 33.719111077954331 ], [ 73.058216475095776, 33.719111077954345 ], [ 73.058216475095776, 33.719113309020109 ], [ 73.058219157088118, 33.719113309020109 ], [ 73.058219157088118, 33.719122233282583 ], [ 73.058216475095776, 33.719122233282576 ], [ 73.058216475095776, 33.719128926478831 ], [ 73.058213793103434, 33.719128926478831 ], [ 73.058213793103434, 33.719133388609364 ], [ 73.058203065134094, 33.719133388609364 ], [ 73.058203065134094, 33.719137850739678 ], [ 73.058200383141752, 33.719137850739678 ], [ 73.058200383141752, 33.719140081804746 ], [ 73.058189655172413, 33.719140081804746 ], [ 73.058189655172413, 33.719142312869749 ], [ 73.058186973180085, 33.719142312869764 ], [ 73.058186973180085, 33.719140081804746 ], [ 73.058184291187729, 33.719140081804746 ], [ 73.058184291187729, 33.719142312869756 ], [ 73.058181609195401, 33.719142312869749 ] ] ] } },
{ "type": "Feature", "properties": { "value": 255, "area_m2": 41.831265745788102 }, "geometry": { "type": "Polygon", "coordinates": [ [ [ 73.054437547892718, 33.719166854581026 ], [ 73.054437547892718, 33.719164623516662 ], [ 73.054424137931022, 33.719164623516669 ], [ 73.054424137931022, 33.719162392452233 ], [ 73.054418773946352, 33.719162392452226 ], [ 73.054418773946352, 33.719160161387748 ], [ 73.054413409961683, 33.719160161387748 ], [ 73.054413409961683, 33.719157930323192 ], [ 73.054410727969341, 33.719157930323185 ], [ 73.054410727969341, 33.719155699258586 ], [ 73.054405363984671, 33.719155699258593 ], [ 73.054405363984671, 33.719153468193944 ], [ 73.0544, 33.719153468193944 ], [ 73.0544, 33.719151237129203 ], [ 73.054397318007659, 33.719151237129211 ], [ 73.054397318007659, 33.719149006064427 ], [ 73.054391954022975, 33.719149006064427 ], [ 73.054391954022975, 33.719146774999587 ], [ 73.054389272030647, 33.719146774999601 ], [ 73.054389272030647, 33.719144543934704 ], [ 73.054386590038305, 33.719144543934704 ], [ 73.054386590038305, 33.719142312869756 ], [ 73.054381226053636, 33.719142312869756 ], [ 73.054381226053636, 33.719140081804738 ], [ 73.054378544061308, 33.719140081804746 ], [ 73.054378544061308, 33.719137850739671 ], [ 73.054375862068966, 33.719137850739678 ], [ 73.054375862068966, 33.719135619674546 ], [ 73.054373180076638, 33.719135619674539 ], [ 73.054373180076638, 33.719122233282583 ], [ 73.054375862068966, 33.719122233282583 ], [ 73.054375862068966, 33.71911777115146 ], [ 73.054378544061308, 33.71911777115146 ], [ 73.054378544061308, 33.719115540085816 ], [ 73.054381226053636, 33.719115540085809 ], [ 73.054381226053636, 33.719113309020102 ], [ 73.054383908045978, 33.719113309020088 ], [ 73.054383908045978, 33.719108846888517 ], [ 73.054386590038305, 33.719108846888517 ], [ 73.054386590038305, 33.719106615822639 ], [ 73.054389272030647, 33.719106615822639 ], [ 73.054389272030647, 33.719102153690713 ], [ 73.054391954022975, 33.719102153690713 ], [ 73.054391954022975, 33.719097691558538 ], [ 73.054394636015317, 33.719097691558545 ], [ 73.054394636015317, 33.719090998359867 ], [ 73.054397318007659, 33.71909099835986 ], [ 73.054397318007659, 33.719086536227124 ], [ 73.0544, 33.719086536227117 ], [ 73.0544, 33.719084305160649 ], [ 73.054421455938694, 33.719084305160649 ], [ 73.054421455938694, 33.719086536227117 ], [ 73.054426819923364, 33.719086536227117 ], [ 73.054426819923364, 33.719088767293513 ], [ 73.054432183908048, 33.719088767293513 ], [ 73.054432183908048, 33.719090998359853 ], [ 73.054437547892718, 33.719090998359867 ], [ 73.054437547892718, 33.71909322942615 ], [ 73.05444022988506, 33.71909322942615 ], [ 73.05444022988506, 33.719115540085809 ], [ 73.054437547892718, 33.719115540085809 ], [ 73.054437547892718, 33.719126695413451 ], [ 73.05444022988506, 33.719126695413465 ], [ 73.05444022988506, 33.719131157544133 ], [ 73.054442911877402, 33.719131157544133 ], [ 73.054442911877402, 33.719137850739678 ], [ 73.05444559386973, 33.719137850739678 ], [ 73.05444559386973, 33.719142312869756 ], [ 73.054442911877402, 33.719142312869756 ], [ 73.054442911877402, 33.719162392452226 ], [ 73.05444559386973, 33.71916239245224 ], [ 73.05444559386973, 33.719164623516654 ], [ 73.05444022988506, 33.719164623516654 ], [ 73.05444022988506, 33.719166854581026 ], [ 73.054437547892718, 33.719166854581026 ] ] ] } },
{ "type": "Feature", "properties": { "value": 255, "area_m2": 25.652329339423318 }, "geometry": { "type": "Polygon", "coordinates": [ [ [ 73.058441762452105, 33.719142312869756 ], [ 73.058441762452105, 33.719133388609372 ], [ 73.058444444444447, 33.719133388609364 ], [ 73.058444444444447, 33.719126695413458 ], [ 73.058447126436775, 33.719126695413458 ], [ 73.058447126436775, 33.719122233282576 ], [ 73.058449808429117, 33.719122233282583 ], [ 73.058449808429117, 33.719113309020095 ], [ 73.058452490421459, 33.719113309020102 ], [ 73.058452490421459, 33.719106615822625 ], [ 73.058455172413787, 33.719106615822625 ], [ 73.058455172413787, 33.719102153690713 ], [ 73.058457854406129, 33.71910215369072 ], [ 73.058457854406129, 33.719097691558538 ], [ 73.058460536398456, 33.719097691558545 ], [ 73.058460536398456, 33.71909322942615 ], [ 73.058463218390784, 33.71909322942615 ], [ 73.058463218390784, 33.71909099835986 ], [ 73.058465900383126, 33.71909099835986 ], [ 73.058465900383126, 33.71908876729352 ], [ 73.058468582375468, 33.719088767293513 ], [ 73.058468582375468, 33.719084305160656 ], [ 73.05847126436781, 33.719084305160656 ], [ 73.05847126436781, 33.719082074094139 ], [ 73.058484674329492, 33.719082074094139 ], [ 73.058484674329492, 33.719084305160656 ], [ 73.058490038314176, 33.719084305160656 ], [ 73.058490038314176, 33.71908876729352 ], [ 73.058495402298846, 33.719088767293528 ], [ 73.058495402298846, 33.719090998359853 ], [ 73.058498084291188, 33.719090998359853 ], [ 73.058498084291188, 33.71909322942615 ], [ 73.058503448275857, 33.71909322942615 ], [ 73.058503448275857, 33.719108846888517 ], [ 73.058500766283515, 33.719108846888517 ], [ 73.058500766283515, 33.719115540085809 ], [ 73.058498084291188, 33.719115540085809 ], [ 73.058498084291188, 33.71911777115146 ], [ 73.058495402298846, 33.719117771151453 ], [ 73.058495402298846, 33.719120002217053 ], [ 73.058492720306504, 33.719120002217046 ], [ 73.058492720306504, 33.719124464348042 ], [ 73.058490038314176, 33.719124464348049 ], [ 73.058490038314176, 33.719131157544119 ], [ 73.058487356321834, 33.719131157544133 ], [ 73.058487356321834, 33.719133388609357 ], [ 73.058484674329492, 33.71913338860935 ], [ 73.058484674329492, 33.719137850739664 ], [ 73.05848199233715, 33.719137850739678 ], [ 73.05848199233715, 33.719142312869756 ], [ 73.058441762452105, 33.719142312869756 ] ] ] } },
{ "type": "Feature", "properties": { "value": 255, "area_m2": 31.619453635208579 }, "geometry": { "type": "Polygon", "coordinates": [ [ [ 73.057985823754791, 33.719113309020109 ], [ 73.057985823754791, 33.719111077954352 ], [ 73.057980459770107, 33.719111077954345 ], [ 73.057980459770107, 33.719108846888517 ], [ 73.057975095785437, 33.71910884688851 ], [ 73.057975095785437, 33.719106615822639 ], [ 73.057972413793095, 33.719106615822639 ], [ 73.057972413793095, 33.719104384756712 ], [ 73.057969731800753, 33.719104384756697 ], [ 73.057969731800753, 33.719102153690713 ], [ 73.057964367816083, 33.719102153690713 ], [ 73.057964367816083, 33.71909992262465 ], [ 73.057961685823742, 33.71909992262465 ], [ 73.057961685823742, 33.719097691558538 ], [ 73.057956321839072, 33.719097691558552 ], [ 73.057956321839072, 33.719095460492376 ], [ 73.05795363984673, 33.719095460492369 ], [ 73.05795363984673, 33.719093229426136 ], [ 73.057950957854388, 33.71909322942615 ], [ 73.057950957854388, 33.71909099835986 ], [ 73.05794827586206, 33.719090998359853 ], [ 73.05794827586206, 33.719088767293528 ], [ 73.057942911877376, 33.719088767293528 ], [ 73.057942911877376, 33.719086536227117 ], [ 73.057940229885048, 33.719086536227124 ], [ 73.057940229885048, 33.719084305160656 ], [ 73.057934865900378, 33.719084305160656 ], [ 73.057934865900378, 33.719079843027558 ], [ 73.057932183908051, 33.719079843027565 ], [ 73.057932183908051, 33.719073149827487 ], [ 73.057929501915709, 33.719073149827487 ], [ 73.057929501915709, 33.719070918760686 ], [ 73.057926819923367, 33.719070918760679 ], [ 73.057926819923367, 33.719066456626898 ], [ 73.057924137931039, 33.719066456626898 ], [ 73.057924137931039, 33.719055301291405 ], [ 73.057926819923367, 33.719055301291419 ], [ 73.057926819923367, 33.719053070224142 ], [ 73.057932183908051, 33.719053070224142 ], [ 73.057932183908051, 33.719050839156807 ], [ 73.057945593869718, 33.719050839156807 ], [ 73.057945593869718, 33.719053070224142 ], [ 73.057950957854388, 33.719053070224142 ], [ 73.057950957854388, 33.719055301291419 ], [ 73.05795363984673, 33.719055301291412 ], [ 73.05795363984673, 33.719057532358633 ], [ 73.057956321839072, 33.719057532358633 ], [ 73.057956321839072, 33.71905976342579 ], [ 73.057961685823742, 33.719059763425783 ], [ 73.057961685823742, 33.719061994492876 ], [ 73.057964367816083, 33.719061994492868 ], [ 73.057964367816083, 33.719064225559919 ], [ 73.057969731800753, 33.719064225559919 ], [ 73.057969731800753, 33.719066456626898 ], [ 73.057977777777779, 33.719066456626898 ], [ 73.057977777777779, 33.719068687693813 ], [ 73.057988505747119, 33.719068687693813 ], [ 73.057988505747119, 33.719070918760679 ], [ 73.057991187739461, 33.719070918760686 ], [ 73.057991187739461, 33.719073149827487 ], [ 73.057996551724131, 33.719073149827487 ], [ 73.057996551724131, 33.719075380894239 ], [ 73.057999233716473, 33.719075380894239 ], [ 73.057999233716473, 33.719077611960934 ], [ 73.058001915708815, 33.719077611960934 ], [ 73.058001915708815, 33.719079843027565 ], [ 73.058004597701142, 33.719079843027565 ], [ 73.058004597701142, 33.719077611960927 ], [ 73.058007279693484, 33.719077611960934 ], [ 73.058007279693484, 33.719082074094139 ], [ 73.058009961685826, 33.719082074094139 ], [ 73.058009961685826, 33.719086536227103 ], [ 73.058012643678154, 33.71908653622711 ], [ 73.058012643678154, 33.719104384756704 ], [ 73.058009961685826, 33.719104384756697 ], [ 73.058009961685826, 33.719106615822639 ], [ 73.058007279693484, 33.719106615822632 ], [ 73.058007279693484, 33.719108846888517 ], [ 73.058004597701142, 33.719108846888517 ], [ 73.058004597701142, 33.719111077954338 ], [ 73.057999233716473, 33.719111077954338 ], [ 73.057999233716473, 33.719113309020102 ], [ 73.057985823754791, 33.719113309020109 ] ] ] } },
{ "type": "Feature", "properties": { "value": 255, "area_m2": 35.617979849912757 }, "geometry": { "type": "Polygon", "coordinates": [ [ [ 73.059635249042131, 33.719111077954345 ], [ 73.059635249042131, 33.719108846888517 ], [ 73.059629885057461, 33.719108846888517 ], [ 73.059629885057461, 33.719106615822639 ], [ 73.059624521072791, 33.719106615822639 ], [ 73.059624521072791, 33.719104384756704 ], [ 73.059621839080449, 33.719104384756704 ], [ 73.059621839080449, 33.719102153690713 ], [ 73.059619157088107, 33.719102153690713 ], [ 73.059619157088107, 33.719099922624657 ], [ 73.059613793103438, 33.719099922624657 ], [ 73.059613793103438, 33.719097691558545 ], [ 73.059608429118768, 33.719097691558538 ], [ 73.059608429118768, 33.719095460492376 ], [ 73.059603065134084, 33.719095460492362 ], [ 73.059603065134084, 33.71909322942615 ], [ 73.059600383141756, 33.71909322942615 ], [ 73.059600383141756, 33.71909099835986 ], [ 73.059595019157072, 33.719090998359853 ], [ 73.059595019157072, 33.719088767293528 ], [ 73.059592337164744, 33.719088767293513 ], [ 73.059592337164744, 33.719086536227124 ], [ 73.059589655172402, 33.719086536227117 ], [ 73.059589655172402, 33.719084305160656 ], [ 73.059584291187733, 33.719084305160656 ], [ 73.059584291187733, 33.719079843027565 ], [ 73.059578927203063, 33.719079843027565 ], [ 73.059578927203063, 33.719077611960927 ], [ 73.059576245210735, 33.719077611960934 ], [ 73.059576245210735, 33.719075380894239 ], [ 73.059570881226051, 33.719075380894239 ], [ 73.059570881226051, 33.719073149827487 ], [ 73.059565517241367, 33.719073149827494 ], [ 73.059565517241367, 33.719070918760679 ], [ 73.059562835249039, 33.719070918760686 ], [ 73.059562835249039, 33.719068687693813 ], [ 73.059560153256697, 33.719068687693813 ], [ 73.059560153256697, 33.71905976342579 ], [ 73.059562835249039, 33.71905976342579 ], [ 73.059562835249039, 33.719055301291405 ], [ 73.059565517241367, 33.719055301291412 ], [ 73.059565517241367, 33.719053070224149 ], [ 73.059568199233723, 33.719053070224142 ], [ 73.059568199233723, 33.719050839156807 ], [ 73.059570881226051, 33.719050839156814 ], [ 73.059570881226051, 33.719048608089423 ], [ 73.059576245210735, 33.719048608089423 ], [ 73.059576245210735, 33.719046377021989 ], [ 73.059581609195391, 33.719046377021989 ], [ 73.059581609195391, 33.719044145954477 ], [ 73.059589655172402, 33.719044145954484 ], [ 73.059589655172402, 33.719046377021989 ], [ 73.059597701149414, 33.719046377021996 ], [ 73.059597701149414, 33.71904860808943 ], [ 73.059600383141756, 33.71904860808943 ], [ 73.059600383141756, 33.719050839156807 ], [ 73.059605747126426, 33.719050839156814 ], [ 73.059605747126426, 33.719053070224149 ], [ 73.059611111111096, 33.719053070224142 ], [ 73.059611111111096, 33.719055301291412 ], [ 73.05961647509578, 33.719055301291419 ], [ 73.05961647509578, 33.719057532358626 ], [ 73.059621839080449, 33.719057532358626 ], [ 73.059621839080449, 33.719059763425797 ], [ 73.059624521072791, 33.719059763425797 ], [ 73.059624521072791, 33.719061994492876 ], [ 73.059627203065119, 33.719061994492876 ], [ 73.059627203065119, 33.719064225559912 ], [ 73.059632567049803, 33.719064225559912 ], [ 73.059632567049803, 33.719066456626898 ], [ 73.059637931034487, 33.719066456626898 ], [ 73.059637931034487, 33.71906868769382 ], [ 73.059640613026815, 33.719068687693806 ], [ 73.059640613026815, 33.719070918760686 ], [ 73.059645977011499, 33.719070918760686 ], [ 73.059645977011499, 33.719073149827487 ], [ 73.059648659003827, 33.719073149827487 ], [ 73.059648659003827, 33.719075380894239 ], [ 73.059651340996169, 33.719075380894246 ], [ 73.059651340996169, 33.719079843027558 ], [ 73.059654022988511, 33.719079843027558 ], [ 73.059654022988511, 33.719082074094139 ], [ 73.059656704980839, 33.719082074094146 ], [ 73.059656704980839, 33.71908653622711 ], [ 73.059654022988511, 33.71908653622711 ], [ 73.059654022988511, 33.719088767293528 ], [ 73.059656704980839, 33.71908876729352 ], [ 73.059656704980839, 33.719090998359867 ], [ 73.059654022988511, 33.71909099835986 ], [ 73.059654022988511, 33.719097691558545 ], [ 73.059651340996169, 33.719097691558545 ], [ 73.059651340996169, 33.719104384756704 ], [ 73.059648659003827, 33.719104384756697 ], [ 73.059648659003827, 33.719108846888517 ], [ 73.059643295019143, 33.719108846888524 ], [ 73.059643295019143, 33.719111077954338 ], [ 73.059635249042131, 33.719111077954345 ] ] ] } },
{ "type": "Feature", "properties": { "value": 255, "area_m2": 44.168938359995849 }, "geometry": { "type": "Polygon", "coordinates": [ [ [ 73.054257854406131, 33.719128926478838 ], [ 73.054257854406131, 33.719124464348042 ], [ 73.05424980842912, 33.719124464348042 ], [ 73.05424980842912, 33.71912223328259 ], [ 73.054247126436778, 33.719122233282576 ], [ 73.054247126436778, 33.719113309020095 ], [ 73.054244444444436, 33.719113309020102 ], [ 73.054244444444436, 33.719097691558545 ], [ 73.054241762452108, 33.719097691558545 ], [ 73.054241762452108, 33.71908653622711 ], [ 73.054244444444436, 33.719086536227117 ], [ 73.054244444444436, 33.719079843027565 ], [ 73.054247126436778, 33.719079843027551 ], [ 73.054247126436778, 33.719068687693813 ], [ 73.05424980842912, 33.71906868769382 ], [ 73.05424980842912, 33.719059763425783 ], [ 73.054252490421447, 33.71905976342579 ], [ 73.054252490421447, 33.719048608089423 ], [ 73.054255172413789, 33.719048608089423 ], [ 73.054255172413789, 33.719046377021975 ], [ 73.054257854406131, 33.719046377021989 ], [ 73.054257854406131, 33.71904414595447 ], [ 73.054284674329509, 33.719044145954484 ], [ 73.054284674329509, 33.719041914886908 ], [ 73.054287356321836, 33.719041914886915 ], [ 73.054287356321836, 33.719044145954477 ], [ 73.05429272030652, 33.719044145954477 ], [ 73.05429272030652, 33.719046377021989 ], [ 73.054295402298848, 33.719046377021989 ], [ 73.054295402298848, 33.719057532358626 ], [ 73.054298084291176, 33.719057532358626 ], [ 73.054298084291176, 33.71905976342579 ], [ 73.054300766283518, 33.719059763425783 ], [ 73.054300766283518, 33.719077611960927 ], [ 73.054298084291176, 33.719077611960927 ], [ 73.054298084291176, 33.719104384756697 ], [ 73.054300766283518, 33.719104384756704 ], [ 73.054300766283518, 33.719120002217053 ], [ 73.054298084291176, 33.719120002217046 ], [ 73.054298084291176, 33.719124464348042 ], [ 73.054295402298848, 33.719124464348049 ], [ 73.054295402298848, 33.719126695413458 ], [ 73.05429272030652, 33.719126695413465 ], [ 73.05429272030652, 33.719128926478831 ], [ 73.054257854406131, 33.719128926478838 ] ] ] } },
{ "type": "Feature", "properties": { "value": 255, "area_m2": 62.931283628282195 }, "geometry": { "type": "Polygon", "coordinates": [ [ [ 73.058377394635997, 33.719140081804738 ], [ 73.058377394635997, 33.719137850739671 ], [ 73.058366666666672, 33.719137850739678 ], [ 73.058366666666672, 33.719135619674532 ], [ 73.05836398467433, 33.719135619674546 ], [ 73.05836398467433, 33.719133388609364 ], [ 73.05835862068966, 33.719133388609364 ], [ 73.05835862068966, 33.719131157544133 ], [ 73.058355938697318, 33.719131157544126 ], [ 73.058355938697318, 33.719128926478831 ], [ 73.058353256704976, 33.719128926478824 ], [ 73.058353256704976, 33.719124464348049 ], [ 73.058350574712648, 33.719124464348042 ], [ 73.058350574712648, 33.719122233282576 ], [ 73.058347892720306, 33.719122233282583 ], [ 73.058347892720306, 33.719113309020102 ], [ 73.058350574712648, 33.719113309020095 ], [ 73.058350574712648, 33.719102153690699 ], [ 73.058353256704976, 33.71910215369072 ], [ 73.058353256704976, 33.719093229426143 ], [ 73.058355938697318, 33.71909322942615 ], [ 73.058355938697318, 33.719082074094139 ], [ 73.058361302681988, 33.719082074094139 ], [ 73.058361302681988, 33.719079843027565 ], [ 73.05835862068966, 33.719079843027565 ], [ 73.05835862068966, 33.719077611960934 ], [ 73.058361302681988, 33.719077611960934 ], [ 73.058361302681988, 33.719075380894239 ], [ 73.05836398467433, 33.719075380894239 ], [ 73.05836398467433, 33.71906868769382 ], [ 73.058366666666672, 33.71906868769382 ], [ 73.058366666666672, 33.719066456626898 ], [ 73.058372030651327, 33.719066456626905 ], [ 73.058372030651327, 33.719061994492876 ], [ 73.058374712643669, 33.719061994492861 ], [ 73.058374712643669, 33.719057532358626 ], [ 73.058377394635997, 33.719057532358626 ], [ 73.058377394635997, 33.719053070224149 ], [ 73.058380076628339, 33.719053070224142 ], [ 73.058380076628339, 33.719050839156814 ], [ 73.058382758620681, 33.719050839156814 ], [ 73.058382758620681, 33.719041914886915 ], [ 73.05839348659002, 33.719041914886915 ], [ 73.05839348659002, 33.719044145954477 ], [ 73.058398850574704, 33.71904414595447 ], [ 73.058398850574704, 33.719046377021989 ], [ 73.058396168582362, 33.719046377021989 ], [ 73.058396168582362, 33.719048608089423 ], [ 73.058401532567046, 33.719048608089423 ], [ 73.058401532567046, 33.719050839156814 ], [ 73.058406896551716, 33.719050839156807 ], [ 73.058406896551716, 33.719053070224142 ], [ 73.058404214559388, 33.719053070224142 ], [ 73.058404214559388, 33.719055301291405 ], [ 73.058406896551716, 33.719055301291405 ], [ 73.058406896551716, 33.719057532358626 ], [ 73.058409578544058, 33.719057532358626 ], [ 73.058409578544058, 33.719061994492876 ], [ 73.058414942528728, 33.719061994492861 ], [ 73.058414942528728, 33.71905976342579 ], [ 73.05842298850574, 33.719059763425797 ], [ 73.05842298850574, 33.719057532358626 ], [ 73.058433716475093, 33.719057532358626 ], [ 73.058433716475093, 33.719064225559919 ], [ 73.058449808429117, 33.719064225559904 ], [ 73.058449808429117, 33.719066456626898 ], [ 73.058444444444447, 33.719066456626898 ], [ 73.058444444444447, 33.71906868769382 ], [ 73.058433716475093, 33.71906868769382 ], [ 73.058433716475093, 33.719077611960927 ], [ 73.058431034482751, 33.719077611960927 ], [ 73.058431034482751, 33.719082074094139 ], [ 73.058433716475093, 33.719082074094146 ], [ 73.058433716475093, 33.71908653622711 ], [ 73.058431034482751, 33.719086536227117 ], [ 73.058431034482751, 33.719088767293528 ], [ 73.058428352490424, 33.719088767293513 ], [ 73.058428352490424, 33.719090998359867 ], [ 73.058425670498082, 33.719090998359853 ], [ 73.058425670498082, 33.71909322942615 ], [ 73.058428352490424, 33.719093229426143 ], [ 73.058428352490424, 33.719095460492376 ], [ 73.058425670498082, 33.719095460492369 ], [ 73.058425670498082, 33.719133388609357 ], [ 73.05842298850574, 33.719133388609364 ], [ 73.05842298850574, 33.719135619674553 ], [ 73.058420306513412, 33.719135619674546 ], [ 73.058420306513412, 33.719137850739671 ], [ 73.05841762452107, 33.719137850739678 ], [ 73.05841762452107, 33.719140081804746 ], [ 73.058377394635997, 33.719140081804738 ] ] ] } },
{ "type": "Feature", "properties": { "value": 255, "area_m2": 64.777077843939708 }, "geometry": { "type": "Polygon", "coordinates": [ [ [ 73.054193486590037, 33.71909099835986 ], [ 73.054193486590037, 33.71908876729352 ], [ 73.05419080459771, 33.719088767293528 ], [ 73.05419080459771, 33.719086536227117 ], [ 73.054188122605368, 33.71908653622711 ], [ 73.054188122605368, 33.719084305160663 ], [ 73.054182758620698, 33.719084305160656 ], [ 73.054182758620698, 33.719082074094146 ], [ 73.054180076628356, 33.719082074094146 ], [ 73.054180076628356, 33.719079843027565 ], [ 73.054174712643686, 33.719079843027551 ], [ 73.054174712643686, 33.719077611960934 ], [ 73.054172030651344, 33.719077611960927 ], [ 73.054172030651344, 33.719075380894239 ], [ 73.054169348659002, 33.719075380894239 ], [ 73.054169348659002, 33.719073149827494 ], [ 73.054163984674332, 33.719073149827494 ], [ 73.054163984674332, 33.719070918760686 ], [ 73.054158620689648, 33.719070918760686 ], [ 73.054158620689648, 33.719068687693813 ], [ 73.054155938697306, 33.719068687693806 ], [ 73.054155938697306, 33.719066456626905 ], [ 73.054150574712637, 33.719066456626891 ], [ 73.054150574712637, 33.719064225559904 ], [ 73.054147892720295, 33.719064225559912 ], [ 73.054147892720295, 33.719061994492868 ], [ 73.054142528735625, 33.719061994492868 ], [ 73.054142528735625, 33.71905976342579 ], [ 73.054139846743283, 33.719059763425797 ], [ 73.054139846743283, 33.719057532358633 ], [ 73.054137164750955, 33.719057532358626 ], [ 73.054137164750955, 33.719055301291405 ], [ 73.054134482758613, 33.719055301291419 ], [ 73.054134482758613, 33.719053070224142 ], [ 73.054131800766271, 33.719053070224149 ], [ 73.054131800766271, 33.719041914886915 ], [ 73.054134482758613, 33.719041914886915 ], [ 73.054134482758613, 33.719030759548247 ], [ 73.054137164750955, 33.719030759548247 ], [ 73.054137164750955, 33.719026297412363 ], [ 73.054139846743283, 33.719026297412363 ], [ 73.054139846743283, 33.719021835276266 ], [ 73.054142528735625, 33.719021835276259 ], [ 73.054142528735625, 33.719019604208128 ], [ 73.054145210727967, 33.719019604208121 ], [ 73.054145210727967, 33.719017373139913 ], [ 73.054147892720295, 33.719017373139913 ], [ 73.054147892720295, 33.719012911003347 ], [ 73.054150574712637, 33.719012911003354 ], [ 73.054150574712637, 33.719010679934975 ], [ 73.054155938697306, 33.719010679934975 ], [ 73.054155938697306, 33.719008448866546 ], [ 73.054158620689648, 33.719008448866539 ], [ 73.054158620689648, 33.719006217798061 ], [ 73.054166666666674, 33.719006217798061 ], [ 73.054166666666674, 33.719003986729525 ], [ 73.054169348659002, 33.719003986729525 ], [ 73.054169348659002, 33.719006217798061 ], [ 73.054177394636014, 33.719006217798061 ], [ 73.054177394636014, 33.719003986729518 ], [ 73.054198850574721, 33.719003986729511 ], [ 73.054198850574721, 33.719006217798061 ], [ 73.054206896551719, 33.719006217798061 ], [ 73.054206896551719, 33.719008448866546 ], [ 73.054209578544061, 33.719008448866546 ], [ 73.054209578544061, 33.719010679934975 ], [ 73.054214942528731, 33.719010679934975 ], [ 73.054214942528731, 33.719017373139906 ], [ 73.054217624521058, 33.719017373139913 ], [ 73.054217624521058, 33.719024066344339 ], [ 73.0542203065134, 33.719024066344353 ], [ 73.0542203065134, 33.719019604208121 ], [ 73.054222988505742, 33.719019604208128 ], [ 73.054222988505742, 33.719024066344339 ], [ 73.054225670498084, 33.719024066344346 ], [ 73.054225670498084, 33.71902629741237 ], [ 73.054228352490412, 33.719026297412363 ], [ 73.054228352490412, 33.719028528480329 ], [ 73.054231034482754, 33.719028528480329 ], [ 73.054231034482754, 33.719030759548261 ], [ 73.054233716475096, 33.719030759548254 ], [ 73.054233716475096, 33.719039683819304 ], [ 73.054236398467424, 33.719039683819304 ], [ 73.054236398467424, 33.719053070224135 ], [ 73.054233716475096, 33.719053070224142 ], [ 73.054233716475096, 33.719057532358626 ], [ 73.054231034482754, 33.719057532358633 ], [ 73.054231034482754, 33.719061994492876 ], [ 73.054228352490412, 33.719061994492868 ], [ 73.054228352490412, 33.719064225559919 ], [ 73.054225670498084, 33.719064225559912 ], [ 73.054225670498084, 33.71906868769382 ], [ 73.054222988505742, 33.71906868769382 ], [ 73.054222988505742, 33.719070918760679 ], [ 73.0542203065134, 33.719070918760686 ], [ 73.0542203065134, 33.719075380894239 ], [ 73.054214942528731, 33.719075380894239 ], [ 73.054214942528731, 33.719082074094146 ], [ 73.054212260536389, 33.719082074094139 ], [ 73.054212260536389, 33.719086536227124 ], [ 73.054209578544061, 33.71908653622711 ], [ 73.054209578544061, 33.719088767293513 ], [ 73.054206896551719, 33.71908876729352 ], [ 73.054206896551719, 33.71909099835986 ], [ 73.054193486590037, 33.71909099835986 ] ] ] } },
{ "type": "Feature", "properties": { "value": 255, "area_m2": 28.35919661182972 }, "geometry": { "type": "Polygon", "coordinates": [ [ [ 73.054507279693482, 33.719061994492868 ], [ 73.054507279693482, 33.71905976342579 ], [ 73.054501915708798, 33.719059763425783 ], [ 73.054501915708798, 33.719057532358626 ], [ 73.054496551724128, 33.719057532358633 ], [ 73.054496551724128, 33.719055301291412 ], [ 73.054493869731786, 33.719055301291412 ], [ 73.054493869731786, 33.719053070224142 ], [ 73.054488505747116, 33.719053070224142 ], [ 73.054488505747116, 33.719050839156807 ], [ 73.054485823754774, 33.719050839156814 ], [ 73.054485823754774, 33.71904860808943 ], [ 73.054480459770105, 33.719048608089416 ], [ 73.054480459770105, 33.719046377021989 ], [ 73.054477777777763, 33.719046377021989 ], [ 73.054477777777763, 33.71904414595447 ], [ 73.054475095785435, 33.71904414595447 ], [ 73.054475095785435, 33.719039683819297 ], [ 73.054472413793093, 33.719039683819297 ], [ 73.054472413793093, 33.719032990616078 ], [ 73.054475095785435, 33.719032990616085 ], [ 73.054475095785435, 33.719028528480329 ], [ 73.054477777777763, 33.719028528480337 ], [ 73.054477777777763, 33.71902629741237 ], [ 73.054480459770105, 33.71902629741237 ], [ 73.054480459770105, 33.719021835276266 ], [ 73.054483141762447, 33.719021835276259 ], [ 73.054483141762447, 33.719015142071662 ], [ 73.054485823754774, 33.719015142071655 ], [ 73.054485823754774, 33.719012911003361 ], [ 73.054488505747116, 33.719012911003354 ], [ 73.054488505747116, 33.719008448866539 ], [ 73.054491187739458, 33.719008448866539 ], [ 73.054491187739458, 33.719003986729518 ], [ 73.054493869731786, 33.719003986729518 ], [ 73.054493869731786, 33.719001755660912 ], [ 73.054504597701154, 33.719001755660912 ], [ 73.054504597701154, 33.719003986729518 ], [ 73.05450996168581, 33.719003986729518 ], [ 73.05450996168581, 33.719006217798061 ], [ 73.054518007662836, 33.719006217798061 ], [ 73.054518007662836, 33.719008448866539 ], [ 73.054520689655178, 33.719008448866539 ], [ 73.054520689655178, 33.719010679934975 ], [ 73.054528735632189, 33.719010679934975 ], [ 73.054528735632189, 33.719012911003354 ], [ 73.054536781609201, 33.719012911003354 ], [ 73.054536781609201, 33.719015142071669 ], [ 73.054542145593871, 33.719015142071655 ], [ 73.054542145593871, 33.719019604208114 ], [ 73.054544827586213, 33.719019604208128 ], [ 73.054544827586213, 33.719024066344346 ], [ 73.054547509578541, 33.719024066344346 ], [ 73.054547509578541, 33.71902629741237 ], [ 73.054544827586213, 33.71902629741237 ], [ 73.054544827586213, 33.719028528480337 ], [ 73.054542145593871, 33.719028528480329 ], [ 73.054542145593871, 33.719032990616085 ], [ 73.054539463601529, 33.719032990616085 ], [ 73.054539463601529, 33.719035221683889 ], [ 73.054536781609201, 33.719035221683889 ], [ 73.054536781609201, 33.719037452751621 ], [ 73.054531417624517, 33.719037452751621 ], [ 73.054531417624517, 33.719044145954477 ], [ 73.054528735632189, 33.719044145954477 ], [ 73.054528735632189, 33.719046377021989 ], [ 73.054526053639847, 33.719046377021982 ], [ 73.054526053639847, 33.71904860808943 ], [ 73.054523371647505, 33.71904860808943 ], [ 73.054523371647505, 33.719053070224142 ], [ 73.054520689655178, 33.719053070224142 ], [ 73.054520689655178, 33.719055301291405 ], [ 73.054518007662836, 33.719055301291398 ], [ 73.054518007662836, 33.71905976342579 ], [ 73.054515325670494, 33.719059763425797 ], [ 73.054515325670494, 33.719061994492876 ], [ 73.054507279693482, 33.719061994492868 ] ] ] } },
{ "type": "Feature", "properties": { "value": 255, "area_m2": 43.369213979577985 }, "geometry": { "type": "Polygon", "coordinates": [ [ [ 73.056124521072789, 33.719073149827494 ], [ 73.056124521072789, 33.719070918760686 ], [ 73.056116475095777, 33.719070918760671 ], [ 73.056116475095777, 33.71906868769382 ], [ 73.056113793103449, 33.71906868769382 ], [ 73.056113793103449, 33.719066456626891 ], [ 73.05610842911878, 33.719066456626884 ], [ 73.05610842911878, 33.719064225559919 ], [ 73.056105747126438, 33.719064225559912 ], [ 73.056105747126438, 33.719061994492861 ], [ 73.05610306513411, 33.719061994492876 ], [ 73.05610306513411, 33.719059763425783 ], [ 73.056100383141754, 33.719059763425783 ], [ 73.056100383141754, 33.719057532358633 ], [ 73.056097701149426, 33.719057532358626 ], [ 73.056097701149426, 33.719055301291419 ], [ 73.056095019157098, 33.719055301291419 ], [ 73.056095019157098, 33.719053070224142 ], [ 73.056092337164742, 33.719053070224142 ], [ 73.056092337164742, 33.71897944497168 ], [ 73.056111111111107, 33.71897944497168 ], [ 73.056111111111107, 33.718981676040862 ], [ 73.056121839080447, 33.718981676040869 ], [ 73.056121839080447, 33.718983907109987 ], [ 73.056124521072789, 33.718983907109994 ], [ 73.056124521072789, 33.718986138179055 ], [ 73.056127203065131, 33.718986138179055 ], [ 73.056127203065131, 33.718995062454745 ], [ 73.056129885057459, 33.718995062454745 ], [ 73.056129885057459, 33.719003986729511 ], [ 73.056132567049801, 33.719003986729518 ], [ 73.056132567049801, 33.719008448866546 ], [ 73.056135249042143, 33.719008448866553 ], [ 73.056135249042143, 33.719015142071662 ], [ 73.056137931034471, 33.719015142071662 ], [ 73.056137931034471, 33.719019604208121 ], [ 73.056140613026813, 33.719019604208128 ], [ 73.056140613026813, 33.719026297412363 ], [ 73.056143295019154, 33.719026297412363 ], [ 73.056143295019154, 33.719030759548254 ], [ 73.056145977011482, 33.719030759548254 ], [ 73.056145977011482, 33.719035221683875 ], [ 73.056148659003824, 33.719035221683896 ], [ 73.056148659003824, 33.719039683819304 ], [ 73.056151340996166, 33.719039683819297 ], [ 73.056151340996166, 33.719046377021989 ], [ 73.056154022988494, 33.719046377021989 ], [ 73.056154022988494, 33.719066456626891 ], [ 73.056151340996166, 33.719066456626898 ], [ 73.056151340996166, 33.71906868769382 ], [ 73.056148659003824, 33.71906868769382 ], [ 73.056148659003824, 33.719070918760686 ], [ 73.056132567049801, 33.719070918760686 ], [ 73.056132567049801, 33.719073149827494 ], [ 73.056124521072789, 33.719073149827494 ] ] ] } },
{ "type": "Feature", "properties": { "value": 255, "area_m2": 25.713991817828465 }, "geometry": { "type": "Polygon", "coordinates": [ [ [ 73.05444022988506, 33.719046377021989 ], [ 73.05444022988506, 33.71904414595447 ], [ 73.05443486590039, 33.719044145954477 ], [ 73.05443486590039, 33.719041914886915 ], [ 73.054429501915706, 33.719041914886908 ], [ 73.054429501915706, 33.719039683819304 ], [ 73.054424137931022, 33.71903968381929 ], [ 73.054424137931022, 33.719035221683889 ], [ 73.054421455938694, 33.719035221683889 ], [ 73.054421455938694, 33.719032990616078 ], [ 73.054424137931022, 33.719032990616078 ], [ 73.054424137931022, 33.719024066344339 ], [ 73.054426819923364, 33.719024066344332 ], [ 73.054426819923364, 33.719017373139913 ], [ 73.054429501915706, 33.719017373139913 ], [ 73.054429501915706, 33.719015142071655 ], [ 73.054432183908048, 33.719015142071662 ], [ 73.054432183908048, 33.719001755660905 ], [ 73.054429501915706, 33.719001755660905 ], [ 73.054429501915706, 33.718999524592249 ], [ 73.054432183908048, 33.718999524592249 ], [ 73.054432183908048, 33.718986138179055 ], [ 73.05443486590039, 33.718986138179055 ], [ 73.05443486590039, 33.718983907109987 ], [ 73.054437547892718, 33.718983907109987 ], [ 73.054437547892718, 33.718981676040862 ], [ 73.05444022988506, 33.718981676040869 ], [ 73.05444022988506, 33.718979444971687 ], [ 73.054469731800765, 33.718979444971687 ], [ 73.054469731800765, 33.718981676040862 ], [ 73.054475095785435, 33.718981676040869 ], [ 73.054475095785435, 33.718986138179055 ], [ 73.054477777777763, 33.718986138179055 ], [ 73.054477777777763, 33.718988369248073 ], [ 73.054475095785435, 33.718988369248059 ], [ 73.054475095785435, 33.718990600317014 ], [ 73.054477777777763, 33.718990600317014 ], [ 73.054477777777763, 33.718992831385904 ], [ 73.054475095785435, 33.718992831385904 ], [ 73.054475095785435, 33.719001755660912 ], [ 73.054472413793093, 33.719001755660912 ], [ 73.054472413793093, 33.719010679934975 ], [ 73.054469731800765, 33.719010679934975 ], [ 73.054469731800765, 33.719015142071662 ], [ 73.054467049808423, 33.719015142071655 ], [ 73.054467049808423, 33.719021835276266 ], [ 73.054464367816095, 33.719021835276259 ], [ 73.054464367816095, 33.71902629741237 ], [ 73.054461685823753, 33.719026297412363 ], [ 73.054461685823753, 33.719030759548247 ], [ 73.054459003831425, 33.719030759548232 ], [ 73.054459003831425, 33.719037452751614 ], [ 73.054456321839083, 33.719037452751621 ], [ 73.054456321839083, 33.719041914886915 ], [ 73.054453639846741, 33.719041914886908 ], [ 73.054453639846741, 33.719046377021989 ], [ 73.05444022988506, 33.719046377021989 ] ] ] } },
{ "type": "Feature", "properties": { "value": 255, "area_m2": 28.051666008891427 }, "geometry": { "type": "Polygon", "coordinates": [ [ [ 73.054252490421447, 33.718988369248073 ], [ 73.054252490421447, 33.718986138179055 ], [ 73.054247126436778, 33.718986138179055 ], [ 73.054247126436778, 33.718983907109987 ], [ 73.054241762452108, 33.71898390710998 ], [ 73.054241762452108, 33.718981676040855 ], [ 73.054239080459766, 33.718981676040869 ], [ 73.054239080459766, 33.71897944497168 ], [ 73.054233716475096, 33.718979444971687 ], [ 73.054233716475096, 33.718977213902427 ], [ 73.054231034482754, 33.718977213902441 ], [ 73.054231034482754, 33.718970520694356 ], [ 73.054228352490412, 33.718970520694356 ], [ 73.054228352490412, 33.718968289624875 ], [ 73.054225670498084, 33.718968289624875 ], [ 73.054225670498084, 33.718966058555353 ], [ 73.054222988505742, 33.718966058555353 ], [ 73.054222988505742, 33.718963827485759 ], [ 73.0542203065134, 33.718963827485759 ], [ 73.0542203065134, 33.718961596416108 ], [ 73.054217624521058, 33.718961596416122 ], [ 73.054217624521058, 33.718959365346407 ], [ 73.054214942528731, 33.718959365346407 ], [ 73.054214942528731, 33.718957134276636 ], [ 73.054212260536389, 33.718957134276643 ], [ 73.054212260536389, 33.718954903206829 ], [ 73.054209578544061, 33.718954903206829 ], [ 73.054209578544061, 33.718950441067008 ], [ 73.054206896551719, 33.718950441067008 ], [ 73.054206896551719, 33.718937054646162 ], [ 73.054209578544061, 33.718937054646162 ], [ 73.054209578544061, 33.718932592505404 ], [ 73.054212260536389, 33.718932592505404 ], [ 73.054212260536389, 33.71893036143495 ], [ 73.054214942528731, 33.71893036143495 ], [ 73.054214942528731, 33.718928130364425 ], [ 73.054225670498084, 33.718928130364439 ], [ 73.054225670498084, 33.71893036143495 ], [ 73.054231034482754, 33.71893036143495 ], [ 73.054231034482754, 33.718932592505404 ], [ 73.054233716475096, 33.718932592505404 ], [ 73.054233716475096, 33.718934823575808 ], [ 73.054239080459766, 33.718934823575808 ], [ 73.054239080459766, 33.718937054646162 ], [ 73.054244444444436, 33.718937054646162 ], [ 73.054244444444436, 33.718939285716445 ], [ 73.05424980842912, 33.718939285716452 ], [ 73.05424980842912, 33.718941516786678 ], [ 73.054252490421447, 33.718941516786671 ], [ 73.054252490421447, 33.718943747856848 ], [ 73.054257854406131, 33.718943747856848 ], [ 73.054257854406131, 33.718945978926946 ], [ 73.054263218390801, 33.718945978926953 ], [ 73.054263218390801, 33.718948209997002 ], [ 73.054268582375485, 33.718948209997002 ], [ 73.054268582375485, 33.718950441067008 ], [ 73.054271264367813, 33.718950441067001 ], [ 73.054271264367813, 33.718952672136936 ], [ 73.054276628352497, 33.718952672136943 ], [ 73.054276628352497, 33.718954903206829 ], [ 73.054279310344825, 33.718954903206829 ], [ 73.054279310344825, 33.718957134276643 ], [ 73.054281992337167, 33.718957134276643 ], [ 73.054281992337167, 33.718970520694356 ], [ 73.054279310344825, 33.718970520694356 ], [ 73.054279310344825, 33.718974982833132 ], [ 73.054276628352497, 33.718974982833132 ], [ 73.054276628352497, 33.71897944497168 ], [ 73.054273946360155, 33.71897944497168 ], [ 73.054273946360155, 33.718981676040869 ], [ 73.054271264367813, 33.718981676040869 ], [ 73.054271264367813, 33.718986138179055 ], [ 73.054265900383143, 33.718986138179055 ], [ 73.054265900383143, 33.718988369248066 ], [ 73.054252490421447, 33.718988369248073 ] ] ] } },
{ "type": "Feature", "properties": { "value": 255, "area_m2": 27.128796124396235 }, "geometry": { "type": "Polygon", "coordinates": [ [ [ 73.059959770114929, 33.718977213902427 ], [ 73.059959770114929, 33.718974982833132 ], [ 73.059954406130259, 33.718974982833124 ], [ 73.059954406130259, 33.718972751763779 ], [ 73.059951724137917, 33.718972751763772 ], [ 73.059951724137917, 33.718970520694363 ], [ 73.059949042145576, 33.718970520694356 ], [ 73.059949042145576, 33.718968289624883 ], [ 73.059946360153248, 33.718968289624883 ], [ 73.059946360153248, 33.718966058555353 ], [ 73.059943678160906, 33.718966058555338 ], [ 73.059943678160906, 33.718963827485759 ], [ 73.059940996168564, 33.718963827485759 ], [ 73.059940996168564, 33.718961596416115 ], [ 73.059938314176236, 33.718961596416115 ], [ 73.059938314176236, 33.71895713427665 ], [ 73.059935632183894, 33.718957134276636 ], [ 73.059935632183894, 33.718943747856841 ], [ 73.059938314176236, 33.718943747856848 ], [ 73.059938314176236, 33.718937054646162 ], [ 73.059940996168564, 33.718937054646162 ], [ 73.059940996168564, 33.718932592505404 ], [ 73.059943678160906, 33.718932592505404 ], [ 73.059943678160906, 33.718928130364425 ], [ 73.059946360153248, 33.718928130364425 ], [ 73.059946360153248, 33.718925899293851 ], [ 73.059949042145576, 33.718925899293851 ], [ 73.059949042145576, 33.718919206081786 ], [ 73.059951724137917, 33.718919206081786 ], [ 73.059951724137917, 33.718916975010977 ], [ 73.059954406130259, 33.718916975010977 ], [ 73.059954406130259, 33.718914743940104 ], [ 73.059962452107271, 33.718914743940097 ], [ 73.059962452107271, 33.718912512869188 ], [ 73.059986590038307, 33.718912512869188 ], [ 73.059986590038307, 33.718914743940104 ], [ 73.059991954022991, 33.718914743940111 ], [ 73.059991954022991, 33.718934823575815 ], [ 73.059989272030649, 33.718934823575815 ], [ 73.059989272030649, 33.718943747856848 ], [ 73.059986590038307, 33.718943747856841 ], [ 73.059986590038307, 33.718948209997002 ], [ 73.059983908045965, 33.718948209997009 ], [ 73.059983908045965, 33.718952672136936 ], [ 73.059981226053637, 33.718952672136936 ], [ 73.059981226053637, 33.7189593653464 ], [ 73.059978544061295, 33.718959365346393 ], [ 73.059978544061295, 33.718968289624875 ], [ 73.059975862068953, 33.718968289624883 ], [ 73.059975862068953, 33.718972751763772 ], [ 73.059973180076625, 33.718972751763765 ], [ 73.059973180076625, 33.718974982833132 ], [ 73.059970498084283, 33.718974982833132 ], [ 73.059970498084283, 33.718977213902427 ], [ 73.059959770114929, 33.718977213902427 ] ] ] } },
{ "type": "Feature", "properties": { "value": 255, "area_m2": 29.897137647566488 }, "geometry": { "type": "Polygon", "coordinates": [ [ [ 73.056111111111107, 33.71897944497168 ], [ 73.056111111111107, 33.718977213902434 ], [ 73.056105747126438, 33.718977213902427 ], [ 73.056105747126438, 33.718974982833132 ], [ 73.05610306513411, 33.718974982833124 ], [ 73.05610306513411, 33.718972751763772 ], [ 73.056100383141754, 33.718972751763772 ], [ 73.056100383141754, 33.718954903206836 ], [ 73.05610306513411, 33.718954903206829 ], [ 73.05610306513411, 33.718952672136936 ], [ 73.056100383141754, 33.718952672136943 ], [ 73.056100383141754, 33.718950441067008 ], [ 73.05610306513411, 33.718950441067001 ], [ 73.05610306513411, 33.718945978926953 ], [ 73.056100383141754, 33.718945978926953 ], [ 73.056100383141754, 33.718943747856848 ], [ 73.05610306513411, 33.718943747856841 ], [ 73.05610306513411, 33.718937054646169 ], [ 73.056105747126438, 33.718937054646162 ], [ 73.056105747126438, 33.71893036143495 ], [ 73.05610842911878, 33.718930361434957 ], [ 73.05610842911878, 33.718925899293851 ], [ 73.056111111111107, 33.718925899293851 ], [ 73.056111111111107, 33.718914743940111 ], [ 73.056113793103449, 33.718914743940097 ], [ 73.056113793103449, 33.718910281798202 ], [ 73.056116475095777, 33.718910281798209 ], [ 73.056116475095777, 33.718905819656072 ], [ 73.056119157088119, 33.718905819656058 ], [ 73.056119157088119, 33.718903588584908 ], [ 73.056121839080447, 33.718903588584922 ], [ 73.056121839080447, 33.718901357513694 ], [ 73.056129885057459, 33.718901357513701 ], [ 73.056129885057459, 33.718903588584915 ], [ 73.056132567049801, 33.718903588584915 ], [ 73.056132567049801, 33.718905819656072 ], [ 73.056137931034471, 33.718905819656065 ], [ 73.056137931034471, 33.718910281798202 ], [ 73.056143295019154, 33.718910281798209 ], [ 73.056143295019154, 33.718912512869181 ], [ 73.056148659003824, 33.718912512869196 ], [ 73.056148659003824, 33.718914743940097 ], [ 73.056156704980836, 33.718914743940111 ], [ 73.056156704980836, 33.718916975010977 ], [ 73.056159386973178, 33.718916975010977 ], [ 73.056159386973178, 33.718921437152538 ], [ 73.056162068965506, 33.718921437152531 ], [ 73.056162068965506, 33.718932592505404 ], [ 73.056159386973178, 33.718932592505404 ], [ 73.056159386973178, 33.718937054646169 ], [ 73.056156704980836, 33.718937054646162 ], [ 73.056156704980836, 33.718939285716445 ], [ 73.056154022988494, 33.718939285716438 ], [ 73.056154022988494, 33.718941516786671 ], [ 73.056151340996166, 33.718941516786671 ], [ 73.056151340996166, 33.718943747856841 ], [ 73.056148659003824, 33.718943747856834 ], [ 73.056148659003824, 33.718945978926968 ], [ 73.056145977011482, 33.718945978926946 ], [ 73.056145977011482, 33.718948209997009 ], [ 73.056143295019154, 33.718948209996995 ], [ 73.056143295019154, 33.718950441067008 ], [ 73.056140613026813, 33.718950441067001 ], [ 73.056140613026813, 33.718952672136943 ], [ 73.056137931034471, 33.718952672136943 ], [ 73.056137931034471, 33.718954903206821 ], [ 73.056135249042143, 33.718954903206836 ], [ 73.056135249042143, 33.718959365346407 ], [ 73.056132567049801, 33.718959365346393 ], [ 73.056132567049801, 33.718966058555345 ], [ 73.056129885057459, 33.718966058555345 ], [ 73.056129885057459, 33.718970520694356 ], [ 73.056127203065131, 33.718970520694356 ], [ 73.056127203065131, 33.718972751763779 ], [ 73.056124521072789, 33.718972751763765 ], [ 73.056124521072789, 33.718977213902434 ], [ 73.056119157088119, 33.718977213902427 ], [ 73.056119157088119, 33.718979444971673 ], [ 73.056111111111107, 33.71897944497168 ] ] ] } },
{ "type": "Feature", "properties": { "value": 255, "area_m2": 82.124806549934206 }, "geometry": { "type": "Polygon", "coordinates": [ [ [ 73.056258620689661, 33.719024066344346 ], [ 73.056258620689661, 33.719021835276266 ], [ 73.056253256704977, 33.719021835276251 ], [ 73.056253256704977, 33.719019604208121 ], [ 73.056247892720307, 33.719019604208128 ], [ 73.056247892720307, 33.719017373139913 ], [ 73.056245210727965, 33.719017373139906 ], [ 73.056245210727965, 33.719015142071662 ], [ 73.056239846743281, 33.719015142071648 ], [ 73.056239846743281, 33.719012911003361 ], [ 73.056237164750954, 33.719012911003354 ], [ 73.056237164750954, 33.719010679934975 ], [ 73.05623180076627, 33.719010679934975 ], [ 73.05623180076627, 33.719008448866546 ], [ 73.056229118773942, 33.719008448866546 ], [ 73.056229118773942, 33.719006217798061 ], [ 73.0562264367816, 33.719006217798061 ], [ 73.0562264367816, 33.719003986729511 ], [ 73.056223754789258, 33.719003986729518 ], [ 73.056223754789258, 33.718999524592249 ], [ 73.05622107279693, 33.718999524592249 ], [ 73.05622107279693, 33.718992831385897 ], [ 73.056223754789258, 33.718992831385904 ], [ 73.056223754789258, 33.718988369248066 ], [ 73.0562264367816, 33.718988369248059 ], [ 73.0562264367816, 33.718983907109987 ], [ 73.056229118773942, 33.718983907109987 ], [ 73.056229118773942, 33.718981676040869 ], [ 73.05623180076627, 33.718981676040869 ], [ 73.05623180076627, 33.718977213902434 ], [ 73.056234482758612, 33.718977213902427 ], [ 73.056234482758612, 33.718974982833132 ], [ 73.056237164750954, 33.718974982833124 ], [ 73.056237164750954, 33.718972751763772 ], [ 73.056242528735638, 33.718972751763772 ], [ 73.056242528735638, 33.718970520694363 ], [ 73.056247892720307, 33.718970520694363 ], [ 73.056247892720307, 33.718968289624875 ], [ 73.056253256704977, 33.718968289624883 ], [ 73.056253256704977, 33.718966058555338 ], [ 73.056255938697319, 33.718966058555345 ], [ 73.056255938697319, 33.718963827485759 ], [ 73.056261302681989, 33.718963827485766 ], [ 73.056261302681989, 33.718961596416115 ], [ 73.056263984674331, 33.718961596416122 ], [ 73.056263984674331, 33.718957134276643 ], [ 73.056266666666673, 33.718957134276643 ], [ 73.056266666666673, 33.718954903206829 ], [ 73.056272030651343, 33.718954903206829 ], [ 73.056272030651343, 33.718948209996995 ], [ 73.056274712643685, 33.718948209997009 ], [ 73.056274712643685, 33.718941516786664 ], [ 73.056277394636012, 33.718941516786671 ], [ 73.056277394636012, 33.718932592505404 ], [ 73.056280076628354, 33.718932592505404 ], [ 73.056280076628354, 33.718928130364425 ], [ 73.056282758620696, 33.718928130364432 ], [ 73.056282758620696, 33.718921437152524 ], [ 73.056285440613024, 33.718921437152531 ], [ 73.056285440613024, 33.718916975010977 ], [ 73.056288122605366, 33.718916975010977 ], [ 73.056288122605366, 33.718914743940104 ], [ 73.056290804597694, 33.718914743940104 ], [ 73.056290804597694, 33.718910281798202 ], [ 73.056296168582364, 33.718910281798202 ], [ 73.056296168582364, 33.718905819656072 ], [ 73.056298850574706, 33.718905819656072 ], [ 73.056298850574706, 33.718901357513701 ], [ 73.056301532567034, 33.718901357513701 ], [ 73.056301532567034, 33.718894664299711 ], [ 73.056304214559376, 33.718894664299711 ], [ 73.056304214559376, 33.718887971085195 ], [ 73.056306896551718, 33.718887971085181 ], [ 73.056306896551718, 33.718885740013569 ], [ 73.056322988505741, 33.71888574001359 ], [ 73.056322988505741, 33.718887971085195 ], [ 73.056328352490425, 33.718887971085202 ], [ 73.056328352490425, 33.718890202156757 ], [ 73.056333716475095, 33.718890202156757 ], [ 73.056333716475095, 33.718892433228255 ], [ 73.056336398467437, 33.718892433228262 ], [ 73.056336398467437, 33.718894664299704 ], [ 73.056339080459765, 33.718894664299711 ], [ 73.056339080459765, 33.718896895371088 ], [ 73.056344444444449, 33.718896895371095 ], [ 73.056344444444449, 33.718899126442416 ], [ 73.056347126436776, 33.718899126442416 ], [ 73.056347126436776, 33.718901357513694 ], [ 73.056349808429118, 33.718901357513694 ], [ 73.056349808429118, 33.718905819656072 ], [ 73.05635249042146, 33.718905819656072 ], [ 73.05635249042146, 33.718908050727151 ], [ 73.056349808429118, 33.718908050727158 ], [ 73.056349808429118, 33.718921437152524 ], [ 73.056347126436776, 33.718921437152538 ], [ 73.056347126436776, 33.718925899293858 ], [ 73.056344444444449, 33.718925899293851 ], [ 73.056344444444449, 33.71893036143495 ], [ 73.056341762452107, 33.71893036143495 ], [ 73.056341762452107, 33.718932592505411 ], [ 73.056339080459765, 33.718932592505404 ], [ 73.056339080459765, 33.718934823575815 ], [ 73.056336398467437, 33.718934823575822 ], [ 73.056336398467437, 33.718939285716445 ], [ 73.056333716475095, 33.718939285716431 ], [ 73.056333716475095, 33.718941516786664 ], [ 73.056331034482753, 33.718941516786664 ], [ 73.056331034482753, 33.718945978926953 ], [ 73.056328352490425, 33.718945978926946 ], [ 73.056328352490425, 33.718952672136943 ], [ 73.056325670498083, 33.718952672136943 ], [ 73.056325670498083, 33.718957134276636 ], [ 73.056322988505741, 33.718957134276629 ], [ 73.056322988505741, 33.718961596416115 ], [ 73.056320306513399, 33.718961596416115 ], [ 73.056320306513399, 33.718963827485766 ], [ 73.056317624521071, 33.718963827485759 ], [ 73.056317624521071, 33.718970520694363 ], [ 73.056314942528729, 33.718970520694356 ], [ 73.056314942528729, 33.718974982833117 ], [ 73.056312260536387, 33.718974982833139 ], [ 73.056312260536387, 33.718977213902427 ], [ 73.056309578544045, 33.718977213902427 ], [ 73.056309578544045, 33.71897944497168 ], [ 73.056306896551718, 33.71897944497168 ], [ 73.056306896551718, 33.718983907109987 ], [ 73.056304214559376, 33.71898390710998 ], [ 73.056304214559376, 33.718988369248066 ], [ 73.056301532567034, 33.718988369248059 ], [ 73.056301532567034, 33.718990600317014 ], [ 73.056298850574706, 33.718990600317014 ], [ 73.056298850574706, 33.718995062454752 ], [ 73.056296168582364, 33.718995062454752 ], [ 73.056296168582364, 33.718999524592256 ], [ 73.056293486590022, 33.718999524592249 ], [ 73.056293486590022, 33.719001755660912 ], [ 73.056290804597694, 33.719001755660912 ], [ 73.056290804597694, 33.719006217798061 ], [ 73.056288122605366, 33.719006217798061 ], [ 73.056288122605366, 33.719010679934975 ], [ 73.056285440613024, 33.719010679934982 ], [ 73.056285440613024, 33.719012911003347 ], [ 73.056282758620696, 33.719012911003347 ], [ 73.056282758620696, 33.719017373139913 ], [ 73.056280076628354, 33.719017373139913 ], [ 73.056280076628354, 33.719021835276273 ], [ 73.056274712643685, 33.719021835276259 ], [ 73.056274712643685, 33.719024066344346 ], [ 73.056258620689661, 33.719024066344346 ] ] ] } },
{ "type": "Feature", "properties": { "value": 255, "area_m2": 60.963257494587083 }, "geometry": { "type": "Polygon", "coordinates": [ [ [ 73.053938697318003, 33.718945978926961 ], [ 73.053938697318003, 33.718943747856841 ], [ 73.053936015325675, 33.718943747856841 ], [ 73.053936015325675, 33.718941516786671 ], [ 73.053930651340991, 33.718941516786671 ], [ 73.053930651340991, 33.718939285716438 ], [ 73.053927969348663, 33.718939285716445 ], [ 73.053927969348663, 33.718937054646176 ], [ 73.053922605363979, 33.718937054646169 ], [ 73.053922605363979, 33.718934823575815 ], [ 73.053919923371652, 33.718934823575808 ], [ 73.053919923371652, 33.718932592505404 ], [ 73.053914559386968, 33.718932592505404 ], [ 73.053914559386968, 33.71893036143495 ], [ 73.05391187739464, 33.71893036143495 ], [ 73.05391187739464, 33.718928130364425 ], [ 73.053906513409956, 33.718928130364425 ], [ 73.053906513409956, 33.718925899293851 ], [ 73.053903831417628, 33.718925899293851 ], [ 73.053903831417628, 33.718923668223226 ], [ 73.053898467432944, 33.718923668223226 ], [ 73.053898467432944, 33.718921437152531 ], [ 73.053895785440616, 33.718921437152531 ], [ 73.053895785440616, 33.718919206081793 ], [ 73.053890421455932, 33.718919206081793 ], [ 73.053890421455932, 33.718916975010977 ], [ 73.053885057471248, 33.71891697501097 ], [ 73.053885057471248, 33.718914743940104 ], [ 73.053882375478921, 33.718914743940111 ], [ 73.053882375478921, 33.718912512869196 ], [ 73.053879693486593, 33.718912512869196 ], [ 73.053879693486593, 33.718910281798209 ], [ 73.053874329501909, 33.718910281798209 ], [ 73.053874329501909, 33.718908050727151 ], [ 73.053871647509581, 33.718908050727151 ], [ 73.053871647509581, 33.718905819656072 ], [ 73.053866283524897, 33.718905819656072 ], [ 73.053866283524897, 33.718903588584915 ], [ 73.053863601532555, 33.718903588584915 ], [ 73.053863601532555, 33.718901357513694 ], [ 73.0538582375479, 33.718901357513701 ], [ 73.0538582375479, 33.718896895371095 ], [ 73.053855555555558, 33.718896895371088 ], [ 73.053855555555558, 33.718879046798364 ], [ 73.0538582375479, 33.718879046798378 ], [ 73.0538582375479, 33.718876815726524 ], [ 73.053860919540227, 33.718876815726524 ], [ 73.053860919540227, 33.718872353582647 ], [ 73.053863601532555, 33.718872353582654 ], [ 73.053863601532555, 33.71887012251063 ], [ 73.053866283524897, 33.71887012251063 ], [ 73.053866283524897, 33.71886566036639 ], [ 73.053868965517225, 33.718865660366383 ], [ 73.053868965517225, 33.718863429294196 ], [ 73.053871647509581, 33.718863429294188 ], [ 73.053871647509581, 33.718861198221937 ], [ 73.053874329501909, 33.718861198221937 ], [ 73.053874329501909, 33.718858967149622 ], [ 73.053877011494237, 33.718858967149615 ], [ 73.053877011494237, 33.718856736077257 ], [ 73.053879693486593, 33.718856736077235 ], [ 73.053879693486593, 33.718854505004821 ], [ 73.053885057471248, 33.718854505004813 ], [ 73.053885057471248, 33.718856736077235 ], [ 73.053887739463605, 33.718856736077235 ], [ 73.053887739463605, 33.718858967149608 ], [ 73.053893103448274, 33.718858967149608 ], [ 73.053893103448274, 33.71886119822193 ], [ 73.053895785440616, 33.71886119822193 ], [ 73.053895785440616, 33.71886566036639 ], [ 73.053903831417628, 33.718865660366397 ], [ 73.053903831417628, 33.718867891438528 ], [ 73.053906513409956, 33.718867891438535 ], [ 73.053906513409956, 33.71887012251063 ], [ 73.05391724137931, 33.718870122510637 ], [ 73.05391724137931, 33.718872353582647 ], [ 73.053919923371652, 33.718872353582654 ], [ 73.053919923371652, 33.718874584654614 ], [ 73.053925287356321, 33.718874584654614 ], [ 73.053925287356321, 33.718879046798371 ], [ 73.053930651340991, 33.718879046798364 ], [ 73.053930651340991, 33.71888127787016 ], [ 73.053936015325675, 33.718881277870167 ], [ 73.053936015325675, 33.718883508941893 ], [ 73.053938697318003, 33.7188835089419 ], [ 73.053938697318003, 33.718885740013583 ], [ 73.053944061302687, 33.718885740013569 ], [ 73.053944061302687, 33.718887971085188 ], [ 73.053952107279684, 33.718887971085195 ], [ 73.053952107279684, 33.718892433228262 ], [ 73.053954789272026, 33.718892433228255 ], [ 73.053954789272026, 33.718894664299704 ], [ 73.053957471264368, 33.718894664299704 ], [ 73.053957471264368, 33.718896895371103 ], [ 73.053962835249038, 33.718896895371088 ], [ 73.053962835249038, 33.718899126442423 ], [ 73.05396551724138, 33.718899126442416 ], [ 73.05396551724138, 33.718901357513701 ], [ 73.053968199233708, 33.718901357513694 ], [ 73.053968199233708, 33.718903588584908 ], [ 73.05397088122605, 33.718903588584908 ], [ 73.05397088122605, 33.718905819656072 ], [ 73.053973563218392, 33.718905819656072 ], [ 73.053973563218392, 33.718912512869188 ], [ 73.05397088122605, 33.718912512869188 ], [ 73.05397088122605, 33.718914743940097 ], [ 73.053973563218392, 33.718914743940111 ], [ 73.053973563218392, 33.718916975010977 ], [ 73.05397088122605, 33.71891697501097 ], [ 73.05397088122605, 33.718921437152531 ], [ 73.053968199233708, 33.718921437152538 ], [ 73.053968199233708, 33.718925899293851 ], [ 73.05396551724138, 33.718925899293851 ], [ 73.05396551724138, 33.718934823575808 ], [ 73.053962835249038, 33.718934823575808 ], [ 73.053962835249038, 33.718937054646162 ], [ 73.053960153256696, 33.718937054646162 ], [ 73.053960153256696, 33.718939285716445 ], [ 73.053957471264368, 33.718939285716445 ], [ 73.053957471264368, 33.718943747856848 ], [ 73.053954789272026, 33.718943747856834 ], [ 73.053954789272026, 33.718945978926946 ], [ 73.053938697318003, 33.718945978926961 ] ] ] } },
{ "type": "Feature", "properties": { "value": 255, "area_m2": 90.614092275819289 }, "geometry": { "type": "Polygon", "coordinates": [ [ [ 73.058374712643669, 33.718957134276636 ], [ 73.058374712643669, 33.718954903206836 ], [ 73.058369348658999, 33.718954903206836 ], [ 73.058369348658999, 33.718952672136936 ], [ 73.05836398467433, 33.71895267213695 ], [ 73.05836398467433, 33.718948209997002 ], [ 73.05835862068966, 33.718948209997009 ], [ 73.05835862068966, 33.718945978926961 ], [ 73.058355938697318, 33.718945978926961 ], [ 73.058355938697318, 33.718943747856848 ], [ 73.058350574712648, 33.718943747856848 ], [ 73.058350574712648, 33.718941516786671 ], [ 73.058345210727964, 33.718941516786671 ], [ 73.058345210727964, 33.718939285716445 ], [ 73.058342528735636, 33.718939285716445 ], [ 73.058342528735636, 33.718937054646169 ], [ 73.058337164750952, 33.718937054646169 ], [ 73.058337164750952, 33.718934823575808 ], [ 73.058331800766283, 33.718934823575808 ], [ 73.058331800766283, 33.718932592505404 ], [ 73.058329118773941, 33.718932592505404 ], [ 73.058329118773941, 33.71893036143495 ], [ 73.058323754789257, 33.718930361434957 ], [ 73.058323754789257, 33.718928130364432 ], [ 73.058321072796929, 33.718928130364425 ], [ 73.058321072796929, 33.718925899293858 ], [ 73.058318390804601, 33.718925899293851 ], [ 73.058318390804601, 33.718923668223226 ], [ 73.058315708812245, 33.718923668223226 ], [ 73.058315708812245, 33.718914743940104 ], [ 73.058313026819917, 33.718914743940097 ], [ 73.058313026819917, 33.718903588584922 ], [ 73.058310344827575, 33.718903588584915 ], [ 73.058310344827575, 33.718901357513694 ], [ 73.058307662835233, 33.718901357513694 ], [ 73.058307662835233, 33.718894664299711 ], [ 73.058304980842905, 33.718894664299711 ], [ 73.058304980842905, 33.718892433228255 ], [ 73.058302298850563, 33.718892433228262 ], [ 73.058302298850563, 33.718890202156757 ], [ 73.058304980842905, 33.71889020215675 ], [ 73.058304980842905, 33.718879046798364 ], [ 73.058307662835233, 33.718879046798364 ], [ 73.058307662835233, 33.718843349641787 ], [ 73.058310344827575, 33.718843349641787 ], [ 73.058310344827575, 33.718836656423285 ], [ 73.058313026819917, 33.718836656423285 ], [ 73.058313026819917, 33.71883442535033 ], [ 73.058315708812245, 33.718834425350323 ], [ 73.058315708812245, 33.718832194277311 ], [ 73.058321072796929, 33.718832194277311 ], [ 73.058321072796929, 33.71882996320425 ], [ 73.058323754789257, 33.718829963204257 ], [ 73.058323754789257, 33.718827732131111 ], [ 73.058329118773941, 33.718827732131118 ], [ 73.058329118773941, 33.718825501057928 ], [ 73.058345210727964, 33.718825501057928 ], [ 73.058345210727964, 33.718827732131118 ], [ 73.058350574712648, 33.718827732131111 ], [ 73.058350574712648, 33.718829963204243 ], [ 73.058353256704976, 33.71882996320425 ], [ 73.058353256704976, 33.718832194277319 ], [ 73.058355938697318, 33.718832194277319 ], [ 73.058355938697318, 33.718838887496183 ], [ 73.058361302681988, 33.718838887496183 ], [ 73.058361302681988, 33.718841118569024 ], [ 73.058355938697318, 33.71884111856901 ], [ 73.058355938697318, 33.718845580714515 ], [ 73.058353256704976, 33.7188455807145 ], [ 73.058353256704976, 33.718850042859771 ], [ 73.058355938697318, 33.718850042859778 ], [ 73.058355938697318, 33.718854505004813 ], [ 73.05835862068966, 33.718854505004806 ], [ 73.05835862068966, 33.71885673607725 ], [ 73.058361302681988, 33.718856736077242 ], [ 73.058361302681988, 33.718858967149615 ], [ 73.05836398467433, 33.718858967149622 ], [ 73.05836398467433, 33.718861198221937 ], [ 73.058369348658999, 33.71886119822193 ], [ 73.058369348658999, 33.718863429294196 ], [ 73.058372030651327, 33.718863429294203 ], [ 73.058372030651327, 33.718865660366397 ], [ 73.058374712643669, 33.71886566036639 ], [ 73.058374712643669, 33.718870122510637 ], [ 73.058377394635997, 33.71887012251063 ], [ 73.058377394635997, 33.718872353582647 ], [ 73.058380076628339, 33.718872353582647 ], [ 73.058380076628339, 33.718874584654614 ], [ 73.058382758620681, 33.718874584654614 ], [ 73.058382758620681, 33.718876815726517 ], [ 73.058385440613009, 33.718876815726532 ], [ 73.058385440613009, 33.718879046798364 ], [ 73.058388122605351, 33.718879046798371 ], [ 73.058388122605351, 33.71888127787016 ], [ 73.058390804597693, 33.718881277870167 ], [ 73.058390804597693, 33.718883508941893 ], [ 73.05839348659002, 33.7188835089419 ], [ 73.05839348659002, 33.71888574001359 ], [ 73.058396168582362, 33.718885740013583 ], [ 73.058396168582362, 33.718887971085188 ], [ 73.058398850574704, 33.718887971085181 ], [ 73.058398850574704, 33.718892433228255 ], [ 73.058404214559388, 33.718892433228262 ], [ 73.058404214559388, 33.718894664299704 ], [ 73.058406896551716, 33.718894664299711 ], [ 73.058406896551716, 33.718896895371095 ], [ 73.0584122605364, 33.718896895371088 ], [ 73.0584122605364, 33.718901357513694 ], [ 73.058414942528728, 33.718901357513701 ], [ 73.058414942528728, 33.718910281798209 ], [ 73.05841762452107, 33.718910281798209 ], [ 73.05841762452107, 33.718912512869181 ], [ 73.058414942528728, 33.718912512869188 ], [ 73.058414942528728, 33.718916975010977 ], [ 73.0584122605364, 33.71891697501097 ], [ 73.0584122605364, 33.718921437152524 ], [ 73.058409578544058, 33.718921437152531 ], [ 73.058409578544058, 33.718923668223212 ], [ 73.058406896551716, 33.718923668223226 ], [ 73.058406896551716, 33.718925899293851 ], [ 73.058404214559388, 33.718925899293851 ], [ 73.058404214559388, 33.718928130364432 ], [ 73.058401532567046, 33.718928130364432 ], [ 73.058401532567046, 33.718932592505404 ], [ 73.058398850574704, 33.718932592505404 ], [ 73.058398850574704, 33.718937054646169 ], [ 73.058396168582362, 33.718937054646162 ], [ 73.058396168582362, 33.718939285716438 ], [ 73.05839348659002, 33.718939285716438 ], [ 73.05839348659002, 33.718948209997002 ], [ 73.058390804597693, 33.718948209997016 ], [ 73.058390804597693, 33.718952672136943 ], [ 73.058388122605351, 33.718952672136943 ], [ 73.058388122605351, 33.718954903206836 ], [ 73.058382758620681, 33.718954903206836 ], [ 73.058382758620681, 33.718957134276643 ], [ 73.058374712643669, 33.718957134276636 ] ] ] } },
{ "type": "Feature", "properties": { "value": 255, "area_m2": 61.824519034784721 }, "geometry": { "type": "Polygon", "coordinates": [ [ [ 73.054062068965507, 33.718937054646169 ], [ 73.054062068965507, 33.718934823575815 ], [ 73.054032567049802, 33.718934823575808 ], [ 73.054032567049802, 33.718899126442423 ], [ 73.054035249042144, 33.718899126442416 ], [ 73.054035249042144, 33.718896895371095 ], [ 73.054032567049802, 33.718896895371103 ], [ 73.054032567049802, 33.718892433228262 ], [ 73.054035249042144, 33.718892433228262 ], [ 73.054035249042144, 33.718887971085188 ], [ 73.054037931034472, 33.718887971085181 ], [ 73.054037931034472, 33.718836656423278 ], [ 73.054040613026814, 33.718836656423285 ], [ 73.054040613026814, 33.71883442535033 ], [ 73.054043295019156, 33.71883442535033 ], [ 73.054043295019156, 33.718825501057921 ], [ 73.054048659003826, 33.718825501057928 ], [ 73.054048659003826, 33.7188210389114 ], [ 73.054059386973179, 33.718821038911386 ], [ 73.054059386973179, 33.718823269984696 ], [ 73.054067432950191, 33.718823269984696 ], [ 73.054067432950191, 33.718825501057935 ], [ 73.054072796934861, 33.718825501057928 ], [ 73.054072796934861, 33.718827732131111 ], [ 73.054075478927203, 33.718827732131118 ], [ 73.054075478927203, 33.71882996320425 ], [ 73.054083524904215, 33.71882996320425 ], [ 73.054083524904215, 33.718832194277319 ], [ 73.054086206896542, 33.718832194277319 ], [ 73.054086206896542, 33.718834425350316 ], [ 73.054091570881226, 33.71883442535033 ], [ 73.054091570881226, 33.718836656423271 ], [ 73.054094252873568, 33.718836656423278 ], [ 73.054094252873568, 33.718838887496176 ], [ 73.05409693486591, 33.718838887496183 ], [ 73.05409693486591, 33.718841118569024 ], [ 73.05410229885058, 33.718841118569024 ], [ 73.05410229885058, 33.718854505004813 ], [ 73.054099616858238, 33.718854505004813 ], [ 73.054099616858238, 33.71887012251063 ], [ 73.05409693486591, 33.71887012251063 ], [ 73.05409693486591, 33.718879046798364 ], [ 73.054094252873568, 33.718879046798364 ], [ 73.054094252873568, 33.718887971085195 ], [ 73.054091570881226, 33.718887971085195 ], [ 73.054091570881226, 33.718892433228255 ], [ 73.054088888888899, 33.718892433228255 ], [ 73.054088888888899, 33.718901357513694 ], [ 73.054086206896542, 33.718901357513694 ], [ 73.054086206896542, 33.718908050727158 ], [ 73.054083524904215, 33.718908050727151 ], [ 73.054083524904215, 33.718916975010984 ], [ 73.054080842911887, 33.718916975010977 ], [ 73.054080842911887, 33.718923668223219 ], [ 73.054078160919531, 33.718923668223219 ], [ 73.054078160919531, 33.71893036143495 ], [ 73.054075478927203, 33.71893036143495 ], [ 73.054075478927203, 33.718934823575808 ], [ 73.054070114942519, 33.718934823575815 ], [ 73.054070114942519, 33.718937054646162 ], [ 73.054062068965507, 33.718937054646169 ] ] ] } },
{ "type": "Feature", "properties": { "value": 255, "area_m2": 30.266355888297802 }, "geometry": { "type": "Polygon", "coordinates": [ [ [ 73.053796551724133, 33.718883508941893 ], [ 73.053796551724133, 33.71888127787016 ], [ 73.053793869731791, 33.718881277870167 ], [ 73.053793869731791, 33.718879046798371 ], [ 73.053788505747121, 33.718879046798371 ], [ 73.053788505747121, 33.718867891438528 ], [ 73.053791187739449, 33.718867891438535 ], [ 73.053791187739449, 33.718865660366397 ], [ 73.053788505747121, 33.718865660366383 ], [ 73.053788505747121, 33.718863429294188 ], [ 73.053791187739449, 33.718863429294196 ], [ 73.053791187739449, 33.718861198221937 ], [ 73.053788505747121, 33.718861198221923 ], [ 73.053788505747121, 33.718858967149622 ], [ 73.053791187739449, 33.718858967149615 ], [ 73.053791187739449, 33.718854505004821 ], [ 73.053793869731791, 33.718854505004813 ], [ 73.053793869731791, 33.718847811787178 ], [ 73.053796551724133, 33.718847811787171 ], [ 73.053796551724133, 33.718845580714515 ], [ 73.053799233716461, 33.718845580714508 ], [ 73.053799233716461, 33.718838887496169 ], [ 73.053801915708803, 33.718838887496183 ], [ 73.053801915708803, 33.718834425350323 ], [ 73.053804597701145, 33.718834425350316 ], [ 73.053804597701145, 33.71882996320425 ], [ 73.053807279693473, 33.71882996320425 ], [ 73.053807279693473, 33.718827732131111 ], [ 73.053809961685829, 33.718827732131111 ], [ 73.053809961685829, 33.718825501057935 ], [ 73.053812643678157, 33.718825501057921 ], [ 73.053812643678157, 33.718823269984689 ], [ 73.053818007662841, 33.718823269984689 ], [ 73.053818007662841, 33.718821038911386 ], [ 73.05382337164751, 33.7188210389114 ], [ 73.05382337164751, 33.718818807838019 ], [ 73.053826053639852, 33.718818807838034 ], [ 73.053826053639852, 33.7188210389114 ], [ 73.053831417624522, 33.718821038911386 ], [ 73.053831417624522, 33.718823269984696 ], [ 73.053836781609192, 33.718823269984689 ], [ 73.053836781609192, 33.718825501057935 ], [ 73.053839463601534, 33.718825501057928 ], [ 73.053839463601534, 33.718827732131111 ], [ 73.053847509578546, 33.718827732131118 ], [ 73.053847509578546, 33.71882996320425 ], [ 73.053852873563216, 33.71882996320425 ], [ 73.053852873563216, 33.718834425350323 ], [ 73.053855555555558, 33.718834425350323 ], [ 73.053855555555558, 33.718836656423285 ], [ 73.053852873563216, 33.718836656423285 ], [ 73.053852873563216, 33.718854505004806 ], [ 73.053850191570888, 33.718854505004806 ], [ 73.053850191570888, 33.718856736077242 ], [ 73.053847509578546, 33.718856736077242 ], [ 73.053847509578546, 33.718861198221937 ], [ 73.053844827586204, 33.71886119822193 ], [ 73.053844827586204, 33.718863429294196 ], [ 73.053842145593876, 33.718863429294203 ], [ 73.053842145593876, 33.718865660366383 ], [ 73.053839463601534, 33.71886566036639 ], [ 73.053839463601534, 33.718870122510623 ], [ 73.053836781609192, 33.718870122510637 ], [ 73.053836781609192, 33.71887235358264 ], [ 73.053834099616864, 33.718872353582647 ], [ 73.053834099616864, 33.718874584654607 ], [ 73.053831417624522, 33.718874584654607 ], [ 73.053831417624522, 33.718876815726517 ], [ 73.05382873563218, 33.718876815726524 ], [ 73.05382873563218, 33.718879046798371 ], [ 73.053826053639852, 33.718879046798371 ], [ 73.053826053639852, 33.71888127787016 ], [ 73.053820689655169, 33.718881277870175 ], [ 73.053820689655169, 33.7188835089419 ], [ 73.053796551724133, 33.718883508941893 ] ] ] } },
{ "type": "Feature", "properties": { "value": 255, "area_m2": 55.549858822304692 }, "geometry": { "type": "Polygon", "coordinates": [ [ [ 73.053042911877384, 33.718912512869181 ], [ 73.053042911877384, 33.718910281798202 ], [ 73.053037547892714, 33.718910281798202 ], [ 73.053037547892714, 33.718908050727151 ], [ 73.053029501915702, 33.718908050727158 ], [ 73.053029501915702, 33.718910281798209 ], [ 73.053021455938691, 33.718910281798209 ], [ 73.053021455938691, 33.718908050727158 ], [ 73.053018773946349, 33.718908050727151 ], [ 73.053018773946349, 33.718905819656072 ], [ 73.053016091954021, 33.718905819656072 ], [ 73.053016091954021, 33.718901357513687 ], [ 73.053013409961679, 33.718901357513694 ], [ 73.053013409961679, 33.718896895371088 ], [ 73.053010727969337, 33.718896895371088 ], [ 73.053010727969337, 33.71887681572651 ], [ 73.053008045977009, 33.718876815726524 ], [ 73.053008045977009, 33.71887235358264 ], [ 73.053005363984667, 33.71887235358264 ], [ 73.053005363984667, 33.71884111856901 ], [ 73.053010727969337, 33.718841118569017 ], [ 73.053010727969337, 33.718823269984689 ], [ 73.053016091954021, 33.718823269984696 ], [ 73.053016091954021, 33.718816576764603 ], [ 73.053021455938691, 33.718816576764603 ], [ 73.053021455938691, 33.718812114617613 ], [ 73.053032183908044, 33.718812114617613 ], [ 73.053032183908044, 33.718809883544012 ], [ 73.053034865900372, 33.718809883544019 ], [ 73.053034865900372, 33.718812114617606 ], [ 73.053040229885056, 33.718812114617606 ], [ 73.053040229885056, 33.718814345691143 ], [ 73.053042911877384, 33.718814345691143 ], [ 73.053042911877384, 33.718818807838026 ], [ 73.05304559386974, 33.718818807838026 ], [ 73.05304559386974, 33.718821038911393 ], [ 73.05305095785441, 33.718821038911393 ], [ 73.05305095785441, 33.718825501057928 ], [ 73.053053639846752, 33.718825501057921 ], [ 73.053053639846752, 33.718823269984696 ], [ 73.05305632183908, 33.718823269984696 ], [ 73.05305632183908, 33.718827732131111 ], [ 73.053061685823764, 33.718827732131118 ], [ 73.053061685823764, 33.718832194277311 ], [ 73.053064367816091, 33.718832194277311 ], [ 73.053064367816091, 33.718834425350323 ], [ 73.053067049808433, 33.718834425350323 ], [ 73.053067049808433, 33.718836656423278 ], [ 73.053072413793103, 33.718836656423285 ], [ 73.053072413793103, 33.718856736077242 ], [ 73.053075095785445, 33.718856736077242 ], [ 73.053075095785445, 33.718867891438535 ], [ 73.053072413793103, 33.718867891438535 ], [ 73.053072413793103, 33.718881277870167 ], [ 73.053069731800775, 33.718881277870167 ], [ 73.053069731800775, 33.71888574001359 ], [ 73.053067049808433, 33.718885740013576 ], [ 73.053067049808433, 33.718892433228248 ], [ 73.053064367816091, 33.718892433228262 ], [ 73.053064367816091, 33.71889912644243 ], [ 73.053061685823764, 33.718899126442423 ], [ 73.053061685823764, 33.718905819656065 ], [ 73.053059003831422, 33.718905819656072 ], [ 73.053059003831422, 33.718910281798209 ], [ 73.05305095785441, 33.718910281798202 ], [ 73.05305095785441, 33.718912512869181 ], [ 73.053048275862068, 33.718912512869188 ], [ 73.053048275862068, 33.718910281798202 ], [ 73.05304559386974, 33.718910281798209 ], [ 73.05304559386974, 33.718912512869196 ], [ 73.053042911877384, 33.718912512869181 ] ] ] } },
{ "type": "Feature", "properties": { "value": 255, "area_m2": 63.485298506359079 }, "geometry": { "type": "Polygon", "coordinates": [ [ [ 73.059155172413782, 33.718863429294188 ], [ 73.059155172413782, 33.71886119822193 ], [ 73.059144444444442, 33.718861198221937 ], [ 73.059144444444442, 33.718858967149622 ], [ 73.0591417624521, 33.718858967149615 ], [ 73.0591417624521, 33.718856736077235 ], [ 73.059139080459772, 33.71885673607725 ], [ 73.059139080459772, 33.718854505004806 ], [ 73.05913639846743, 33.718854505004813 ], [ 73.05913639846743, 33.718852273932328 ], [ 73.059133716475088, 33.718852273932328 ], [ 73.059133716475088, 33.718850042859771 ], [ 73.059128352490418, 33.718850042859785 ], [ 73.059128352490418, 33.718847811787178 ], [ 73.059125670498076, 33.718847811787178 ], [ 73.059125670498076, 33.718845580714515 ], [ 73.059122988505749, 33.718845580714508 ], [ 73.059122988505749, 33.718843349641794 ], [ 73.059117624521065, 33.718843349641787 ], [ 73.059117624521065, 33.718841118569017 ], [ 73.059114942528737, 33.718841118569017 ], [ 73.059114942528737, 33.718838887496176 ], [ 73.059112260536395, 33.718838887496183 ], [ 73.059112260536395, 33.718836656423285 ], [ 73.059106896551725, 33.718836656423278 ], [ 73.059106896551725, 33.71883442535033 ], [ 73.059101532567041, 33.71883442535033 ], [ 73.059101532567041, 33.718832194277311 ], [ 73.059098850574713, 33.718832194277319 ], [ 73.059098850574713, 33.71882996320425 ], [ 73.059093486590029, 33.71882996320425 ], [ 73.059093486590029, 33.718827732131111 ], [ 73.059088122605345, 33.718827732131111 ], [ 73.059088122605345, 33.718825501057928 ], [ 73.059085440613018, 33.718825501057935 ], [ 73.059085440613018, 33.718823269984689 ], [ 73.059082758620676, 33.718823269984689 ], [ 73.059082758620676, 33.7188210389114 ], [ 73.059077394636006, 33.718821038911393 ], [ 73.059077394636006, 33.718816576764603 ], [ 73.059072030651322, 33.718816576764603 ], [ 73.059072030651322, 33.718814345691136 ], [ 73.059069348658994, 33.71881434569115 ], [ 73.059069348658994, 33.718812114617606 ], [ 73.059063984674324, 33.718812114617613 ], [ 73.059063984674324, 33.718809883544012 ], [ 73.059061302681982, 33.718809883544019 ], [ 73.059061302681982, 33.718807652470375 ], [ 73.059058620689655, 33.718807652470382 ], [ 73.059058620689655, 33.718805421396667 ], [ 73.059055938697313, 33.718805421396659 ], [ 73.059055938697313, 33.718796497101266 ], [ 73.059058620689655, 33.718796497101266 ], [ 73.059058620689655, 33.718798728175194 ], [ 73.059066666666652, 33.718798728175194 ], [ 73.059066666666652, 33.718796497101266 ], [ 73.059069348658994, 33.718796497101259 ], [ 73.059069348658994, 33.718798728175194 ], [ 73.059077394636006, 33.718798728175194 ], [ 73.059077394636006, 33.718796497101266 ], [ 73.059074712643664, 33.718796497101259 ], [ 73.059074712643664, 33.718794266027253 ], [ 73.059112260536395, 33.718794266027253 ], [ 73.059112260536395, 33.718792034953196 ], [ 73.059114942528737, 33.718792034953204 ], [ 73.059114942528737, 33.71879426602726 ], [ 73.059120306513407, 33.718794266027253 ], [ 73.059120306513407, 33.718792034953189 ], [ 73.05915249042144, 33.718792034953196 ], [ 73.05915249042144, 33.718789803879091 ], [ 73.059179310344817, 33.718789803879076 ], [ 73.059179310344817, 33.718792034953204 ], [ 73.059192720306513, 33.718792034953204 ], [ 73.059192720306513, 33.71879426602726 ], [ 73.05919540229884, 33.718794266027253 ], [ 73.05919540229884, 33.718796497101259 ], [ 73.059192720306513, 33.718796497101266 ], [ 73.059192720306513, 33.718798728175202 ], [ 73.05919540229884, 33.718798728175194 ], [ 73.05919540229884, 33.718814345691143 ], [ 73.059192720306513, 33.718814345691143 ], [ 73.059192720306513, 33.718818807838034 ], [ 73.059190038314171, 33.718818807838034 ], [ 73.059190038314171, 33.718825501057935 ], [ 73.059187356321829, 33.718825501057935 ], [ 73.059187356321829, 33.718827732131111 ], [ 73.059184674329501, 33.718827732131111 ], [ 73.059184674329501, 33.718834425350323 ], [ 73.059181992337159, 33.718834425350323 ], [ 73.059181992337159, 33.718836656423285 ], [ 73.059179310344817, 33.718836656423285 ], [ 73.059179310344817, 33.718841118569003 ], [ 73.059176628352475, 33.718841118569017 ], [ 73.059176628352475, 33.718843349641787 ], [ 73.059173946360147, 33.718843349641787 ], [ 73.059173946360147, 33.718850042859785 ], [ 73.059171264367805, 33.718850042859771 ], [ 73.059171264367805, 33.718852273932328 ], [ 73.059168582375463, 33.718852273932328 ], [ 73.059168582375463, 33.718856736077242 ], [ 73.059165900383135, 33.71885673607725 ], [ 73.059165900383135, 33.718858967149622 ], [ 73.059163218390793, 33.718858967149629 ], [ 73.059163218390793, 33.718861198221937 ], [ 73.059160536398451, 33.718861198221937 ], [ 73.059160536398451, 33.718863429294196 ], [ 73.059155172413782, 33.718863429294188 ] ] ] } },
{ "type": "Feature", "properties": { "value": 255, "area_m2": 54.750061112035297 }, "geometry": { "type": "Polygon", "coordinates": [ [ [ 73.055883141762436, 33.718863429294188 ], [ 73.055883141762436, 33.718861198221937 ], [ 73.055875095785424, 33.71886119822193 ], [ 73.055875095785424, 33.718858967149622 ], [ 73.055872413793097, 33.718858967149622 ], [ 73.055872413793097, 33.71885673607725 ], [ 73.055869731800755, 33.71885673607725 ], [ 73.055869731800755, 33.718854505004813 ], [ 73.055864367816085, 33.718854505004813 ], [ 73.055864367816085, 33.718852273932328 ], [ 73.055861685823743, 33.718852273932328 ], [ 73.055861685823743, 33.718850042859785 ], [ 73.055859003831415, 33.718850042859778 ], [ 73.055859003831415, 33.718847811787178 ], [ 73.055853639846745, 33.718847811787178 ], [ 73.055853639846745, 33.718845580714515 ], [ 73.055850957854403, 33.718845580714515 ], [ 73.055850957854403, 33.718843349641801 ], [ 73.055845593869734, 33.718843349641787 ], [ 73.055845593869734, 33.718841118569017 ], [ 73.055842911877392, 33.718841118569017 ], [ 73.055842911877392, 33.718838887496176 ], [ 73.055840229885064, 33.718838887496176 ], [ 73.055840229885064, 33.718836656423285 ], [ 73.05583486590038, 33.718836656423278 ], [ 73.05583486590038, 33.718834425350316 ], [ 73.055832183908052, 33.718834425350323 ], [ 73.055832183908052, 33.718832194277311 ], [ 73.05582950191571, 33.718832194277319 ], [ 73.05582950191571, 33.71882996320425 ], [ 73.055826819923368, 33.718829963204236 ], [ 73.055826819923368, 33.718827732131111 ], [ 73.055821455938698, 33.718827732131111 ], [ 73.055821455938698, 33.718825501057928 ], [ 73.055818773946356, 33.718825501057935 ], [ 73.055818773946356, 33.718823269984689 ], [ 73.055816091954014, 33.718823269984696 ], [ 73.055816091954014, 33.718821038911408 ], [ 73.055813409961686, 33.718821038911386 ], [ 73.055813409961686, 33.718803190322902 ], [ 73.055816091954014, 33.718803190322902 ], [ 73.055816091954014, 33.718800959249073 ], [ 73.055818773946356, 33.718800959249073 ], [ 73.055818773946356, 33.718796497101266 ], [ 73.055821455938698, 33.718796497101252 ], [ 73.055821455938698, 33.718792034953196 ], [ 73.05582950191571, 33.718792034953182 ], [ 73.05582950191571, 33.718789803879091 ], [ 73.055850957854403, 33.718789803879091 ], [ 73.055850957854403, 33.718787572804921 ], [ 73.055853639846745, 33.718787572804914 ], [ 73.055853639846745, 33.718789803879091 ], [ 73.055861685823743, 33.718789803879091 ], [ 73.055861685823743, 33.718792034953196 ], [ 73.055885823754778, 33.718792034953189 ], [ 73.055885823754778, 33.718794266027253 ], [ 73.055893869731804, 33.71879426602726 ], [ 73.055893869731804, 33.718796497101259 ], [ 73.055885823754778, 33.718796497101266 ], [ 73.055885823754778, 33.718798728175194 ], [ 73.055891187739448, 33.718798728175187 ], [ 73.055891187739448, 33.718800959249073 ], [ 73.055893869731804, 33.718800959249066 ], [ 73.055893869731804, 33.718803190322888 ], [ 73.055896551724132, 33.718803190322895 ], [ 73.055896551724132, 33.718805421396659 ], [ 73.055904597701144, 33.718805421396667 ], [ 73.055904597701144, 33.718807652470382 ], [ 73.055912643678155, 33.718807652470375 ], [ 73.055912643678155, 33.718809883544012 ], [ 73.055915325670497, 33.718809883544004 ], [ 73.055915325670497, 33.718814345691136 ], [ 73.055918007662839, 33.718814345691143 ], [ 73.055918007662839, 33.718834425350323 ], [ 73.055915325670497, 33.718834425350316 ], [ 73.055915325670497, 33.718841118569003 ], [ 73.055912643678155, 33.71884111856901 ], [ 73.055912643678155, 33.718845580714508 ], [ 73.055909961685828, 33.718845580714515 ], [ 73.055909961685828, 33.718850042859785 ], [ 73.055907279693486, 33.718850042859771 ], [ 73.055907279693486, 33.718852273932328 ], [ 73.055904597701144, 33.718852273932328 ], [ 73.055904597701144, 33.718854505004806 ], [ 73.055901915708816, 33.718854505004813 ], [ 73.055901915708816, 33.71885673607725 ], [ 73.055899233716474, 33.718856736077235 ], [ 73.055899233716474, 33.718861198221923 ], [ 73.055893869731804, 33.718861198221937 ], [ 73.055893869731804, 33.718863429294188 ], [ 73.055883141762436, 33.718863429294188 ] ] ] } },
{ "type": "Feature", "properties": { "value": 255, "area_m2": 66.376841929758484 }, "geometry": { "type": "Polygon", "coordinates": [ [ [ 73.054343678160919, 33.718856736077242 ], [ 73.054343678160919, 33.718854505004821 ], [ 73.054335632183907, 33.718854505004806 ], [ 73.054335632183907, 33.718852273932328 ], [ 73.054330268199223, 33.718852273932328 ], [ 73.054330268199223, 33.718850042859778 ], [ 73.054327586206895, 33.718850042859778 ], [ 73.054327586206895, 33.718847811787178 ], [ 73.054324904214553, 33.718847811787178 ], [ 73.054324904214553, 33.718845580714508 ], [ 73.054319540229884, 33.718845580714515 ], [ 73.054319540229884, 33.718843349641787 ], [ 73.054316858237542, 33.718843349641787 ], [ 73.054316858237542, 33.718841118569017 ], [ 73.0543141762452, 33.718841118569017 ], [ 73.0543141762452, 33.718838887496183 ], [ 73.054311494252872, 33.718838887496176 ], [ 73.054311494252872, 33.718836656423271 ], [ 73.05430881226053, 33.718836656423292 ], [ 73.05430881226053, 33.718832194277311 ], [ 73.054306130268188, 33.718832194277311 ], [ 73.054306130268188, 33.718827732131111 ], [ 73.054300766283518, 33.718827732131111 ], [ 73.054300766283518, 33.718825501057921 ], [ 73.05430344827586, 33.718825501057928 ], [ 73.05430344827586, 33.718821038911393 ], [ 73.054300766283518, 33.718821038911393 ], [ 73.054300766283518, 33.71881657676461 ], [ 73.054298084291176, 33.718816576764603 ], [ 73.054298084291176, 33.718814345691136 ], [ 73.054295402298848, 33.71881434569115 ], [ 73.054295402298848, 33.718812114617606 ], [ 73.05429272030652, 33.718812114617613 ], [ 73.05429272030652, 33.718809883544004 ], [ 73.054287356321836, 33.718809883544004 ], [ 73.054287356321836, 33.718807652470375 ], [ 73.054284674329509, 33.718807652470375 ], [ 73.054284674329509, 33.718805421396667 ], [ 73.054281992337167, 33.718805421396659 ], [ 73.054281992337167, 33.718803190322902 ], [ 73.054276628352497, 33.718803190322902 ], [ 73.054276628352497, 33.718796497101266 ], [ 73.054273946360155, 33.718796497101266 ], [ 73.054273946360155, 33.718789803879083 ], [ 73.054279310344825, 33.718789803879083 ], [ 73.054279310344825, 33.718787572804921 ], [ 73.054391954022975, 33.718787572804928 ], [ 73.054391954022975, 33.718789803879091 ], [ 73.054397318007659, 33.718789803879083 ], [ 73.054397318007659, 33.718792034953196 ], [ 73.0544, 33.718792034953204 ], [ 73.0544, 33.718798728175187 ], [ 73.054402681992329, 33.718798728175187 ], [ 73.054402681992329, 33.718816576764603 ], [ 73.0544, 33.718816576764603 ], [ 73.0544, 33.718823269984689 ], [ 73.054397318007659, 33.718823269984696 ], [ 73.054397318007659, 33.718829963204257 ], [ 73.054394636015317, 33.718829963204243 ], [ 73.054394636015317, 33.71883442535033 ], [ 73.054391954022975, 33.718834425350316 ], [ 73.054391954022975, 33.718836656423278 ], [ 73.054389272030647, 33.718836656423271 ], [ 73.054389272030647, 33.718841118569024 ], [ 73.054386590038305, 33.71884111856901 ], [ 73.054386590038305, 33.718847811787171 ], [ 73.054383908045978, 33.718847811787178 ], [ 73.054383908045978, 33.718850042859778 ], [ 73.054381226053636, 33.718850042859785 ], [ 73.054381226053636, 33.718852273932328 ], [ 73.054378544061308, 33.718852273932328 ], [ 73.054378544061308, 33.718854505004813 ], [ 73.054362452107284, 33.718854505004806 ], [ 73.054362452107284, 33.71885673607725 ], [ 73.054343678160919, 33.718856736077242 ] ] ] } },
{ "type": "Feature", "properties": { "value": 255, "area_m2": 93.259651590275396 }, "geometry": { "type": "Polygon", "coordinates": [ [ [ 73.056186206896555, 33.718865660366383 ], [ 73.056186206896555, 33.718863429294196 ], [ 73.056180842911886, 33.718863429294181 ], [ 73.056180842911886, 33.71886119822193 ], [ 73.056178160919544, 33.718861198221937 ], [ 73.056178160919544, 33.718858967149622 ], [ 73.056172796934874, 33.718858967149622 ], [ 73.056172796934874, 33.71885673607725 ], [ 73.056170114942518, 33.71885673607725 ], [ 73.056170114942518, 33.718854505004821 ], [ 73.05616743295019, 33.718854505004821 ], [ 73.05616743295019, 33.718852273932313 ], [ 73.056162068965506, 33.718852273932328 ], [ 73.056162068965506, 33.718850042859778 ], [ 73.056156704980836, 33.718850042859785 ], [ 73.056156704980836, 33.718847811787178 ], [ 73.056154022988494, 33.718847811787178 ], [ 73.056154022988494, 33.718845580714515 ], [ 73.056148659003824, 33.718845580714515 ], [ 73.056148659003824, 33.718843349641801 ], [ 73.056145977011482, 33.718843349641787 ], [ 73.056145977011482, 33.718841118569024 ], [ 73.056143295019154, 33.718841118569017 ], [ 73.056143295019154, 33.718838887496176 ], [ 73.056137931034471, 33.718838887496169 ], [ 73.056137931034471, 33.718836656423285 ], [ 73.056132567049801, 33.718836656423285 ], [ 73.056132567049801, 33.718832194277319 ], [ 73.056129885057459, 33.718832194277311 ], [ 73.056129885057459, 33.718812114617613 ], [ 73.056127203065131, 33.718812114617613 ], [ 73.056127203065131, 33.718814345691136 ], [ 73.056124521072789, 33.71881434569115 ], [ 73.056124521072789, 33.718818807838026 ], [ 73.056119157088119, 33.718818807838034 ], [ 73.056119157088119, 33.7188210389114 ], [ 73.056116475095777, 33.7188210389114 ], [ 73.056116475095777, 33.718818807838026 ], [ 73.056111111111107, 33.718818807838026 ], [ 73.056111111111107, 33.71881657676461 ], [ 73.05610842911878, 33.71881657676461 ], [ 73.05610842911878, 33.718814345691143 ], [ 73.056105747126438, 33.71881434569115 ], [ 73.056105747126438, 33.718812114617613 ], [ 73.05610306513411, 33.718812114617606 ], [ 73.05610306513411, 33.718805421396659 ], [ 73.056105747126438, 33.718805421396667 ], [ 73.056105747126438, 33.718798728175202 ], [ 73.05610842911878, 33.718798728175187 ], [ 73.05610842911878, 33.718794266027245 ], [ 73.056111111111107, 33.718794266027253 ], [ 73.056111111111107, 33.718789803879091 ], [ 73.056159386973178, 33.718789803879083 ], [ 73.056159386973178, 33.718787572804928 ], [ 73.056162068965506, 33.718787572804928 ], [ 73.056162068965506, 33.718785341730694 ], [ 73.056164750957862, 33.718785341730694 ], [ 73.056164750957862, 33.718780879582063 ], [ 73.05616743295019, 33.718780879582063 ], [ 73.05616743295019, 33.718778648507666 ], [ 73.056170114942518, 33.718778648507659 ], [ 73.056170114942518, 33.718763030985208 ], [ 73.056175478927202, 33.718763030985215 ], [ 73.056175478927202, 33.718758568835433 ], [ 73.056178160919544, 33.718758568835426 ], [ 73.056178160919544, 33.718756337760439 ], [ 73.056183524904213, 33.718756337760439 ], [ 73.056183524904213, 33.718758568835419 ], [ 73.056194252873567, 33.718758568835426 ], [ 73.056194252873567, 33.718763030985215 ], [ 73.056196934865909, 33.718763030985208 ], [ 73.056196934865909, 33.718767493134777 ], [ 73.056204980842907, 33.718767493134777 ], [ 73.056204980842907, 33.718769724209466 ], [ 73.056207662835234, 33.718769724209473 ], [ 73.056207662835234, 33.718771955284105 ], [ 73.056210344827576, 33.718771955284097 ], [ 73.056210344827576, 33.718774186358679 ], [ 73.056215708812246, 33.718774186358672 ], [ 73.056215708812246, 33.718776417433197 ], [ 73.05622107279693, 33.71877641743319 ], [ 73.05622107279693, 33.718778648507659 ], [ 73.056223754789258, 33.718778648507666 ], [ 73.056223754789258, 33.718783110656396 ], [ 73.056234482758612, 33.718783110656389 ], [ 73.056234482758612, 33.718785341730694 ], [ 73.056237164750954, 33.718785341730687 ], [ 73.056237164750954, 33.718787572804921 ], [ 73.056245210727965, 33.718787572804921 ], [ 73.056245210727965, 33.718789803879083 ], [ 73.056255938697319, 33.718789803879091 ], [ 73.056255938697319, 33.718798728175202 ], [ 73.056253256704977, 33.718798728175194 ], [ 73.056253256704977, 33.718805421396667 ], [ 73.056250574712649, 33.718805421396667 ], [ 73.056250574712649, 33.718807652470375 ], [ 73.056247892720307, 33.718807652470375 ], [ 73.056247892720307, 33.718812114617599 ], [ 73.056245210727965, 33.718812114617613 ], [ 73.056245210727965, 33.71881657676461 ], [ 73.056242528735638, 33.718816576764617 ], [ 73.056242528735638, 33.718821038911393 ], [ 73.056239846743281, 33.718821038911393 ], [ 73.056239846743281, 33.718825501057928 ], [ 73.056237164750954, 33.718825501057921 ], [ 73.056237164750954, 33.718827732131111 ], [ 73.056234482758612, 33.718827732131111 ], [ 73.056234482758612, 33.718832194277319 ], [ 73.05623180076627, 33.718832194277311 ], [ 73.05623180076627, 33.718834425350323 ], [ 73.056229118773942, 33.718834425350316 ], [ 73.056229118773942, 33.718838887496176 ], [ 73.0562264367816, 33.718838887496183 ], [ 73.0562264367816, 33.718841118569017 ], [ 73.056223754789258, 33.718841118569024 ], [ 73.056223754789258, 33.718843349641801 ], [ 73.05622107279693, 33.718843349641794 ], [ 73.05622107279693, 33.718847811787171 ], [ 73.056218390804588, 33.718847811787178 ], [ 73.056218390804588, 33.718850042859778 ], [ 73.056215708812246, 33.718850042859778 ], [ 73.056215708812246, 33.718854505004813 ], [ 73.056213026819918, 33.718854505004799 ], [ 73.056213026819918, 33.71885673607725 ], [ 73.056210344827576, 33.71885673607725 ], [ 73.056210344827576, 33.718858967149629 ], [ 73.056207662835234, 33.718858967149615 ], [ 73.056207662835234, 33.718863429294203 ], [ 73.056202298850565, 33.718863429294203 ], [ 73.056202298850565, 33.718865660366397 ], [ 73.056186206896555, 33.718865660366383 ] ] ] } },
{ "type": "Feature", "properties": { "value": 255, "area_m2": 75.788715145337434 }, "geometry": { "type": "Polygon", "coordinates": [ [ [ 73.058211111111106, 33.7188745846546 ], [ 73.058211111111106, 33.718872353582647 ], [ 73.058208429118764, 33.718872353582647 ], [ 73.058208429118764, 33.71887012251063 ], [ 73.058203065134094, 33.71887012251063 ], [ 73.058203065134094, 33.718867891438535 ], [ 73.058200383141752, 33.718867891438521 ], [ 73.058200383141752, 33.718865660366383 ], [ 73.05819770114941, 33.71886566036639 ], [ 73.05819770114941, 33.718863429294196 ], [ 73.058195019157083, 33.718863429294196 ], [ 73.058195019157083, 33.718861198221937 ], [ 73.058189655172413, 33.71886119822193 ], [ 73.058189655172413, 33.718858967149622 ], [ 73.058186973180085, 33.718858967149622 ], [ 73.058186973180085, 33.71885673607725 ], [ 73.058184291187729, 33.718856736077242 ], [ 73.058184291187729, 33.718854505004806 ], [ 73.058181609195401, 33.718854505004813 ], [ 73.058181609195401, 33.718852273932328 ], [ 73.058178927203073, 33.718852273932328 ], [ 73.058178927203073, 33.718850042859785 ], [ 73.058173563218389, 33.718850042859785 ], [ 73.058173563218389, 33.718847811787178 ], [ 73.058168199233705, 33.718847811787171 ], [ 73.058168199233705, 33.718845580714515 ], [ 73.058165517241378, 33.718845580714508 ], [ 73.058165517241378, 33.71884334964178 ], [ 73.058162835249036, 33.718843349641787 ], [ 73.058162835249036, 33.71884111856901 ], [ 73.058157471264366, 33.718841118569017 ], [ 73.058157471264366, 33.718838887496183 ], [ 73.058154789272024, 33.71883888749619 ], [ 73.058154789272024, 33.718836656423271 ], [ 73.058152107279682, 33.718836656423285 ], [ 73.058152107279682, 33.718834425350316 ], [ 73.058149425287354, 33.718834425350323 ], [ 73.058149425287354, 33.718832194277319 ], [ 73.058146743295012, 33.718832194277311 ], [ 73.058146743295012, 33.718829963204257 ], [ 73.05814406130267, 33.718829963204243 ], [ 73.05814406130267, 33.718827732131118 ], [ 73.058141379310342, 33.718827732131118 ], [ 73.058141379310342, 33.718823269984682 ], [ 73.058138697318, 33.718823269984696 ], [ 73.058138697318, 33.718818807838026 ], [ 73.05813333333333, 33.718818807838026 ], [ 73.05813333333333, 33.71881657676461 ], [ 73.058130651340988, 33.71881657676461 ], [ 73.058130651340988, 33.718803190322888 ], [ 73.058127969348647, 33.718803190322902 ], [ 73.058127969348647, 33.718798728175202 ], [ 73.058130651340988, 33.718798728175187 ], [ 73.058130651340988, 33.718796497101259 ], [ 73.058136015325658, 33.718796497101266 ], [ 73.058136015325658, 33.718794266027245 ], [ 73.058149425287354, 33.71879426602726 ], [ 73.058149425287354, 33.718792034953204 ], [ 73.058154789272024, 33.718792034953189 ], [ 73.058154789272024, 33.718794266027253 ], [ 73.058157471264366, 33.718794266027253 ], [ 73.058157471264366, 33.718792034953204 ], [ 73.058168199233705, 33.718792034953204 ], [ 73.058168199233705, 33.71879426602726 ], [ 73.058170881226047, 33.71879426602726 ], [ 73.058170881226047, 33.718798728175194 ], [ 73.058173563218389, 33.718798728175187 ], [ 73.058173563218389, 33.718803190322902 ], [ 73.058176245210717, 33.718803190322895 ], [ 73.058176245210717, 33.718805421396659 ], [ 73.058178927203073, 33.718805421396674 ], [ 73.058178927203073, 33.718807652470375 ], [ 73.058186973180085, 33.718807652470375 ], [ 73.058186973180085, 33.718809883544012 ], [ 73.058189655172413, 33.718809883544012 ], [ 73.058189655172413, 33.718796497101266 ], [ 73.058184291187729, 33.718796497101266 ], [ 73.058184291187729, 33.718794266027253 ], [ 73.058178927203073, 33.71879426602726 ], [ 73.058178927203073, 33.718792034953204 ], [ 73.058176245210717, 33.718792034953189 ], [ 73.058176245210717, 33.718751875610309 ], [ 73.058178927203073, 33.718751875610302 ], [ 73.058178927203073, 33.718754106685402 ], [ 73.058184291187729, 33.718754106685417 ], [ 73.058184291187729, 33.718751875610302 ], [ 73.058186973180085, 33.718751875610309 ], [ 73.058186973180085, 33.718754106685417 ], [ 73.058189655172413, 33.718754106685402 ], [ 73.058189655172413, 33.718758568835419 ], [ 73.058192337164755, 33.718758568835419 ], [ 73.058192337164755, 33.718760799910342 ], [ 73.058195019157083, 33.718760799910342 ], [ 73.058195019157083, 33.718763030985222 ], [ 73.05819770114941, 33.718763030985215 ], [ 73.05819770114941, 33.718765262060032 ], [ 73.058200383141752, 33.718765262060025 ], [ 73.058200383141752, 33.718767493134777 ], [ 73.058205747126422, 33.718767493134777 ], [ 73.058205747126422, 33.71876972420948 ], [ 73.058216475095776, 33.718769724209466 ], [ 73.058216475095776, 33.718771955284105 ], [ 73.05822720306513, 33.71877195528409 ], [ 73.05822720306513, 33.718776417433197 ], [ 73.058229885057457, 33.718776417433197 ], [ 73.058229885057457, 33.718778648507659 ], [ 73.058232567049799, 33.718778648507659 ], [ 73.058232567049799, 33.718780879582056 ], [ 73.058237931034469, 33.718780879582056 ], [ 73.058237931034469, 33.718785341730694 ], [ 73.058235249042141, 33.718785341730687 ], [ 73.058235249042141, 33.718789803879083 ], [ 73.058237931034469, 33.718789803879091 ], [ 73.058237931034469, 33.71879426602726 ], [ 73.058235249042141, 33.718794266027245 ], [ 73.058235249042141, 33.718796497101266 ], [ 73.058232567049799, 33.718796497101259 ], [ 73.058232567049799, 33.718805421396674 ], [ 73.058229885057457, 33.718805421396667 ], [ 73.058229885057457, 33.718814345691143 ], [ 73.05822720306513, 33.718814345691136 ], [ 73.05822720306513, 33.718829963204243 ], [ 73.058232567049799, 33.718829963204257 ], [ 73.058232567049799, 33.718832194277311 ], [ 73.058235249042141, 33.718832194277319 ], [ 73.058235249042141, 33.718854505004813 ], [ 73.058232567049799, 33.718854505004813 ], [ 73.058232567049799, 33.71886566036639 ], [ 73.058229885057457, 33.718865660366397 ], [ 73.058229885057457, 33.71887012251063 ], [ 73.05822720306513, 33.718870122510637 ], [ 73.05822720306513, 33.71887235358264 ], [ 73.058224521072788, 33.71887235358264 ], [ 73.058224521072788, 33.718874584654614 ], [ 73.058211111111106, 33.7188745846546 ] ] ] } },
{ "type": "Feature", "properties": { "value": 255, "area_m2": 26.698398949237763 }, "geometry": { "type": "Polygon", "coordinates": [ [ [ 73.054965900383138, 33.71879426602726 ], [ 73.054965900383138, 33.718792034953196 ], [ 73.054960536398468, 33.718792034953189 ], [ 73.054960536398468, 33.718787572804921 ], [ 73.054957854406126, 33.718787572804921 ], [ 73.054957854406126, 33.718785341730694 ], [ 73.054960536398468, 33.718785341730694 ], [ 73.054960536398468, 33.718783110656403 ], [ 73.054957854406126, 33.718783110656403 ], [ 73.054957854406126, 33.718778648507659 ], [ 73.054955172413798, 33.718778648507659 ], [ 73.054955172413798, 33.718774186358679 ], [ 73.054949808429114, 33.718774186358687 ], [ 73.054949808429114, 33.71877195528409 ], [ 73.054947126436787, 33.718771955284105 ], [ 73.054947126436787, 33.718769724209466 ], [ 73.054944444444445, 33.71876972420948 ], [ 73.054944444444445, 33.718765262060025 ], [ 73.054941762452103, 33.718765262060025 ], [ 73.054941762452103, 33.718763030985215 ], [ 73.054939080459761, 33.718763030985208 ], [ 73.054939080459761, 33.718756337760439 ], [ 73.054941762452103, 33.718756337760439 ], [ 73.054941762452103, 33.718751875610302 ], [ 73.054947126436787, 33.718751875610302 ], [ 73.054947126436787, 33.718749644535144 ], [ 73.054952490421456, 33.718749644535137 ], [ 73.054952490421456, 33.718745182384644 ], [ 73.05496321839081, 33.718745182384652 ], [ 73.05496321839081, 33.718742951309324 ], [ 73.054965900383138, 33.718742951309324 ], [ 73.054965900383138, 33.718740720233939 ], [ 73.054979310344834, 33.718740720233946 ], [ 73.054979310344834, 33.718742951309331 ], [ 73.054984674329503, 33.718742951309324 ], [ 73.054984674329503, 33.718745182384652 ], [ 73.054992720306501, 33.718745182384659 ], [ 73.054992720306501, 33.718747413459937 ], [ 73.054998084291185, 33.718747413459937 ], [ 73.054998084291185, 33.718749644535144 ], [ 73.055003448275855, 33.718749644535137 ], [ 73.055003448275855, 33.718751875610302 ], [ 73.055006130268197, 33.718751875610302 ], [ 73.055006130268197, 33.71875410668541 ], [ 73.055008812260525, 33.71875410668541 ], [ 73.055008812260525, 33.718758568835412 ], [ 73.055011494252867, 33.718758568835419 ], [ 73.055011494252867, 33.71876749313477 ], [ 73.055008812260525, 33.718767493134777 ], [ 73.055008812260525, 33.718774186358687 ], [ 73.055006130268197, 33.718774186358687 ], [ 73.055006130268197, 33.71877641743319 ], [ 73.055003448275855, 33.71877641743319 ], [ 73.055003448275855, 33.718778648507659 ], [ 73.055000766283513, 33.718778648507659 ], [ 73.055000766283513, 33.718780879582063 ], [ 73.054998084291185, 33.718780879582056 ], [ 73.054998084291185, 33.718785341730687 ], [ 73.054995402298843, 33.718785341730694 ], [ 73.054995402298843, 33.718787572804921 ], [ 73.054992720306501, 33.718787572804928 ], [ 73.054992720306501, 33.718789803879091 ], [ 73.054984674329503, 33.718789803879091 ], [ 73.054984674329503, 33.718792034953196 ], [ 73.05497394636015, 33.718792034953196 ], [ 73.05497394636015, 33.718794266027238 ], [ 73.054971264367822, 33.718794266027245 ], [ 73.054971264367822, 33.718792034953196 ], [ 73.05496858237548, 33.718792034953196 ], [ 73.05496858237548, 33.718794266027253 ], [ 73.054965900383138, 33.71879426602726 ] ] ] } },
{ "type": "Feature", "properties": { "value": 255, "area_m2": 46.260692391759498 }, "geometry": { "type": "Polygon", "coordinates": [ [ [ 73.057720306513403, 33.718834425350316 ], [ 73.057720306513403, 33.718832194277326 ], [ 73.057714942528733, 33.718832194277326 ], [ 73.057714942528733, 33.71882996320425 ], [ 73.057709578544049, 33.71882996320425 ], [ 73.057709578544049, 33.718827732131111 ], [ 73.057706896551721, 33.718827732131111 ], [ 73.057706896551721, 33.718825501057921 ], [ 73.057701532567037, 33.718825501057914 ], [ 73.057701532567037, 33.718823269984696 ], [ 73.057698850574695, 33.718823269984689 ], [ 73.057698850574695, 33.7188210389114 ], [ 73.057696168582368, 33.718821038911393 ], [ 73.057696168582368, 33.718818807838026 ], [ 73.057693486590026, 33.718818807838034 ], [ 73.057693486590026, 33.718816576764603 ], [ 73.057690804597684, 33.718816576764603 ], [ 73.057690804597684, 33.718805421396667 ], [ 73.057693486590026, 33.718805421396667 ], [ 73.057693486590026, 33.718803190322888 ], [ 73.057696168582368, 33.718803190322902 ], [ 73.057696168582368, 33.718798728175194 ], [ 73.057698850574695, 33.718798728175187 ], [ 73.057698850574695, 33.718796497101259 ], [ 73.057701532567037, 33.718796497101266 ], [ 73.057701532567037, 33.718789803879091 ], [ 73.057709578544049, 33.718789803879091 ], [ 73.057709578544049, 33.718785341730694 ], [ 73.057712260536391, 33.718785341730694 ], [ 73.057712260536391, 33.718778648507659 ], [ 73.057714942528733, 33.718778648507659 ], [ 73.057714942528733, 33.718771955284112 ], [ 73.057717624521075, 33.718771955284105 ], [ 73.057717624521075, 33.718767493134777 ], [ 73.057722988505745, 33.718767493134777 ], [ 73.057722988505745, 33.718765262060032 ], [ 73.057725670498087, 33.718765262060018 ], [ 73.057725670498087, 33.718763030985208 ], [ 73.057728352490415, 33.718763030985215 ], [ 73.057728352490415, 33.718760799910342 ], [ 73.057731034482757, 33.718760799910335 ], [ 73.057731034482757, 33.718758568835419 ], [ 73.057733716475099, 33.718758568835412 ], [ 73.057733716475099, 33.718754106685417 ], [ 73.057736398467426, 33.71875410668541 ], [ 73.057736398467426, 33.718751875610302 ], [ 73.057739080459768, 33.718751875610295 ], [ 73.057739080459768, 33.718734027007436 ], [ 73.05775249042145, 33.718734027007436 ], [ 73.05775249042145, 33.718736258082991 ], [ 73.057755172413792, 33.718736258082991 ], [ 73.057755172413792, 33.718738489158497 ], [ 73.057757854406134, 33.718738489158497 ], [ 73.057757854406134, 33.718740720233939 ], [ 73.057760536398462, 33.718740720233946 ], [ 73.057760536398462, 33.718742951309331 ], [ 73.057763218390804, 33.718742951309331 ], [ 73.057763218390804, 33.718745182384652 ], [ 73.057765900383131, 33.718745182384652 ], [ 73.057765900383131, 33.718747413459937 ], [ 73.057768582375459, 33.718747413459937 ], [ 73.057768582375459, 33.718749644535137 ], [ 73.057771264367801, 33.718749644535144 ], [ 73.057771264367801, 33.71875410668541 ], [ 73.057773946360143, 33.718754106685402 ], [ 73.057773946360143, 33.718771955284112 ], [ 73.057771264367801, 33.718771955284097 ], [ 73.057771264367801, 33.718778648507659 ], [ 73.057768582375459, 33.718778648507659 ], [ 73.057768582375459, 33.718783110656403 ], [ 73.057765900383131, 33.718783110656396 ], [ 73.057765900383131, 33.718787572804921 ], [ 73.057763218390804, 33.718787572804921 ], [ 73.057763218390804, 33.718792034953204 ], [ 73.057760536398462, 33.718792034953196 ], [ 73.057760536398462, 33.718796497101266 ], [ 73.057757854406134, 33.718796497101266 ], [ 73.057757854406134, 33.718798728175194 ], [ 73.057755172413792, 33.718798728175194 ], [ 73.057755172413792, 33.718803190322895 ], [ 73.05775249042145, 33.718803190322902 ], [ 73.05775249042145, 33.718807652470375 ], [ 73.057749808429122, 33.718807652470375 ], [ 73.057749808429122, 33.718809883544012 ], [ 73.05774712643678, 33.718809883544012 ], [ 73.05774712643678, 33.71881657676461 ], [ 73.057744444444438, 33.71881657676461 ], [ 73.057744444444438, 33.718818807838034 ], [ 73.05774176245211, 33.718818807838026 ], [ 73.05774176245211, 33.718823269984689 ], [ 73.057739080459768, 33.718823269984696 ], [ 73.057739080459768, 33.718827732131118 ], [ 73.057736398467426, 33.718827732131111 ], [ 73.057736398467426, 33.71882996320425 ], [ 73.057733716475099, 33.718829963204257 ], [ 73.057733716475099, 33.718834425350323 ], [ 73.057720306513403, 33.718834425350316 ] ] ] } },
{ "type": "Feature", "properties": { "value": 255, "area_m2": 34.326451222931667 }, "geometry": { "type": "Polygon", "coordinates": [ [ [ 73.057524521072793, 33.718783110656396 ], [ 73.057524521072793, 33.718780879582063 ], [ 73.057519157088109, 33.718780879582063 ], [ 73.057519157088109, 33.718778648507666 ], [ 73.057511111111097, 33.718778648507651 ], [ 73.057511111111097, 33.718776417433197 ], [ 73.057508429118769, 33.71877641743319 ], [ 73.057508429118769, 33.718774186358672 ], [ 73.0575030651341, 33.718774186358679 ], [ 73.0575030651341, 33.718771955284097 ], [ 73.057500383141758, 33.718771955284105 ], [ 73.057500383141758, 33.71876972420948 ], [ 73.05749770114943, 33.718769724209473 ], [ 73.05749770114943, 33.718767493134777 ], [ 73.057495019157088, 33.718767493134777 ], [ 73.057495019157088, 33.718765262060018 ], [ 73.057489655172404, 33.718765262060025 ], [ 73.057489655172404, 33.718763030985208 ], [ 73.057486973180076, 33.718763030985215 ], [ 73.057486973180076, 33.718760799910342 ], [ 73.057484291187748, 33.718760799910342 ], [ 73.057484291187748, 33.718758568835426 ], [ 73.057481609195392, 33.718758568835426 ], [ 73.057481609195392, 33.718756337760439 ], [ 73.057478927203064, 33.718756337760439 ], [ 73.057478927203064, 33.718754106685417 ], [ 73.057476245210722, 33.71875410668541 ], [ 73.057476245210722, 33.718751875610309 ], [ 73.05747356321838, 33.718751875610309 ], [ 73.05747356321838, 33.718740720233946 ], [ 73.057476245210722, 33.718740720233939 ], [ 73.057476245210722, 33.718736258082998 ], [ 73.057478927203064, 33.718736258082998 ], [ 73.057478927203064, 33.718731795931816 ], [ 73.057481609195392, 33.718731795931809 ], [ 73.057481609195392, 33.718727333780393 ], [ 73.057484291187748, 33.7187273337804 ], [ 73.057484291187748, 33.718725102704603 ], [ 73.057486973180076, 33.718725102704603 ], [ 73.057486973180076, 33.718722871628749 ], [ 73.057489655172404, 33.718722871628756 ], [ 73.057489655172404, 33.718720640552846 ], [ 73.0575030651341, 33.718720640552853 ], [ 73.0575030651341, 33.718722871628749 ], [ 73.057505747126427, 33.718722871628742 ], [ 73.057505747126427, 33.718725102704603 ], [ 73.057511111111097, 33.718725102704603 ], [ 73.057511111111097, 33.718727333780393 ], [ 73.057513793103439, 33.7187273337804 ], [ 73.057513793103439, 33.718729564856133 ], [ 73.057516475095781, 33.718729564856126 ], [ 73.057516475095781, 33.718731795931809 ], [ 73.057521839080451, 33.718731795931809 ], [ 73.057521839080451, 33.718734027007429 ], [ 73.057527203065121, 33.718734027007436 ], [ 73.057527203065121, 33.718736258082991 ], [ 73.057532567049805, 33.718736258082991 ], [ 73.057532567049805, 33.718738489158497 ], [ 73.057535249042132, 33.718738489158497 ], [ 73.057535249042132, 33.718740720233946 ], [ 73.057540613026816, 33.718740720233946 ], [ 73.057540613026816, 33.718742951309331 ], [ 73.057543295019144, 33.718742951309324 ], [ 73.057543295019144, 33.718745182384666 ], [ 73.057545977011486, 33.718745182384659 ], [ 73.057545977011486, 33.718747413459944 ], [ 73.057548659003828, 33.71874741345993 ], [ 73.057548659003828, 33.718749644535137 ], [ 73.057551340996156, 33.718749644535151 ], [ 73.057551340996156, 33.718751875610309 ], [ 73.057554022988512, 33.718751875610309 ], [ 73.057554022988512, 33.718754106685417 ], [ 73.05755670498084, 33.718754106685402 ], [ 73.05755670498084, 33.718760799910342 ], [ 73.057559386973168, 33.718760799910342 ], [ 73.057559386973168, 33.718765262060032 ], [ 73.05755670498084, 33.718765262060032 ], [ 73.05755670498084, 33.718771955284097 ], [ 73.057554022988512, 33.718771955284097 ], [ 73.057554022988512, 33.718776417433197 ], [ 73.057548659003828, 33.71877641743319 ], [ 73.057548659003828, 33.718780879582063 ], [ 73.057540613026816, 33.718780879582063 ], [ 73.057540613026816, 33.718783110656396 ], [ 73.057524521072793, 33.718783110656396 ] ] ] } },
{ "type": "Feature", "properties": { "value": 255, "area_m2": 29.65115455883965 }, "geometry": { "type": "Polygon", "coordinates": [ [ [ 73.058350574712648, 33.718763030985215 ], [ 73.058350574712648, 33.718760799910342 ], [ 73.058345210727964, 33.718760799910342 ], [ 73.058345210727964, 33.718758568835426 ], [ 73.058342528735636, 33.718758568835426 ], [ 73.058342528735636, 33.718742951309331 ], [ 73.058345210727964, 33.718742951309324 ], [ 73.058345210727964, 33.718738489158497 ], [ 73.058350574712648, 33.718738489158497 ], [ 73.058350574712648, 33.718736258082984 ], [ 73.058353256704976, 33.718736258082998 ], [ 73.058353256704976, 33.718734027007436 ], [ 73.058355938697318, 33.718734027007443 ], [ 73.058355938697318, 33.718731795931809 ], [ 73.05835862068966, 33.718731795931816 ], [ 73.05835862068966, 33.7187273337804 ], [ 73.058361302681988, 33.718727333780393 ], [ 73.058361302681988, 33.718725102704603 ], [ 73.05836398467433, 33.718725102704603 ], [ 73.05836398467433, 33.718722871628749 ], [ 73.058366666666672, 33.718722871628749 ], [ 73.058366666666672, 33.718720640552839 ], [ 73.058369348658999, 33.718720640552846 ], [ 73.058369348658999, 33.718718409476878 ], [ 73.058374712643669, 33.718718409476864 ], [ 73.058374712643669, 33.718716178400847 ], [ 73.058377394635997, 33.71871617840084 ], [ 73.058377394635997, 33.718718409476878 ], [ 73.058380076628339, 33.718718409476864 ], [ 73.058380076628339, 33.718716178400847 ], [ 73.058385440613009, 33.718716178400847 ], [ 73.058385440613009, 33.718713947324765 ], [ 73.058388122605351, 33.718713947324758 ], [ 73.058388122605351, 33.718709485172411 ], [ 73.058385440613009, 33.718709485172411 ], [ 73.058385440613009, 33.718707254096174 ], [ 73.058388122605351, 33.718707254096159 ], [ 73.058388122605351, 33.718705023019837 ], [ 73.058390804597693, 33.718705023019844 ], [ 73.058390804597693, 33.718702791943471 ], [ 73.058401532567046, 33.718702791943471 ], [ 73.058401532567046, 33.718705023019844 ], [ 73.0584122605364, 33.71870502301983 ], [ 73.0584122605364, 33.718707254096167 ], [ 73.058414942528728, 33.718707254096167 ], [ 73.058414942528728, 33.71871171624862 ], [ 73.05841762452107, 33.718711716248627 ], [ 73.05841762452107, 33.718720640552846 ], [ 73.058414942528728, 33.718720640552846 ], [ 73.058414942528728, 33.718734027007436 ], [ 73.0584122605364, 33.718734027007436 ], [ 73.0584122605364, 33.718736258082991 ], [ 73.058409578544058, 33.718736258082998 ], [ 73.058409578544058, 33.718738489158504 ], [ 73.058406896551716, 33.718738489158497 ], [ 73.058406896551716, 33.718742951309331 ], [ 73.058404214559388, 33.718742951309324 ], [ 73.058404214559388, 33.718747413459937 ], [ 73.058401532567046, 33.71874741345993 ], [ 73.058401532567046, 33.718758568835426 ], [ 73.058398850574704, 33.718758568835419 ], [ 73.058398850574704, 33.718760799910342 ], [ 73.058401532567046, 33.718760799910342 ], [ 73.058401532567046, 33.718763030985222 ], [ 73.058385440613009, 33.718763030985222 ], [ 73.058385440613009, 33.718760799910342 ], [ 73.058369348658999, 33.718760799910342 ], [ 73.058369348658999, 33.718758568835419 ], [ 73.05836398467433, 33.718758568835426 ], [ 73.05836398467433, 33.718760799910342 ], [ 73.058353256704976, 33.718760799910342 ], [ 73.058353256704976, 33.718763030985208 ], [ 73.058350574712648, 33.718763030985215 ] ] ] } },
{ "type": "Feature", "properties": { "value": 255, "area_m2": 70.62154584373971 }, "geometry": { "type": "Polygon", "coordinates": [ [ [ 73.055931417624521, 33.718798728175187 ], [ 73.055931417624521, 33.718796497101266 ], [ 73.055920689655167, 33.718796497101266 ], [ 73.055920689655167, 33.71879426602726 ], [ 73.055918007662839, 33.718794266027253 ], [ 73.055918007662839, 33.718792034953196 ], [ 73.055912643678155, 33.718792034953189 ], [ 73.055912643678155, 33.718789803879083 ], [ 73.055909961685828, 33.718789803879091 ], [ 73.055909961685828, 33.718787572804914 ], [ 73.055904597701144, 33.718787572804928 ], [ 73.055904597701144, 33.718785341730694 ], [ 73.055901915708816, 33.718785341730694 ], [ 73.055901915708816, 33.718783110656396 ], [ 73.055896551724132, 33.718783110656396 ], [ 73.055896551724132, 33.718780879582063 ], [ 73.055891187739448, 33.718780879582063 ], [ 73.055891187739448, 33.718778648507659 ], [ 73.05588850574712, 33.718778648507659 ], [ 73.05588850574712, 33.718776417433197 ], [ 73.055885823754778, 33.71877641743319 ], [ 73.055885823754778, 33.718774186358694 ], [ 73.055883141762436, 33.718774186358679 ], [ 73.055883141762436, 33.718771955284097 ], [ 73.055880459770108, 33.718771955284105 ], [ 73.055880459770108, 33.718769724209473 ], [ 73.055877777777766, 33.718769724209473 ], [ 73.055877777777766, 33.718763030985222 ], [ 73.055875095785424, 33.718763030985215 ], [ 73.055875095785424, 33.718758568835426 ], [ 73.055877777777766, 33.718758568835419 ], [ 73.055877777777766, 33.718745182384666 ], [ 73.055880459770108, 33.718745182384659 ], [ 73.055880459770108, 33.718740720233939 ], [ 73.055883141762436, 33.718740720233939 ], [ 73.055883141762436, 33.718736258082991 ], [ 73.055885823754778, 33.718736258082984 ], [ 73.055885823754778, 33.718734027007436 ], [ 73.055891187739448, 33.718734027007436 ], [ 73.055891187739448, 33.718729564856133 ], [ 73.055893869731804, 33.718729564856133 ], [ 73.055893869731804, 33.718727333780393 ], [ 73.055896551724132, 33.7187273337804 ], [ 73.055896551724132, 33.718725102704596 ], [ 73.055901915708816, 33.718725102704603 ], [ 73.055901915708816, 33.718720640552846 ], [ 73.055904597701144, 33.718720640552839 ], [ 73.055904597701144, 33.718716178400847 ], [ 73.055907279693486, 33.718716178400847 ], [ 73.055907279693486, 33.718713947324751 ], [ 73.055909961685828, 33.718713947324765 ], [ 73.055909961685828, 33.718711716248613 ], [ 73.055912643678155, 33.718711716248627 ], [ 73.055912643678155, 33.718709485172411 ], [ 73.055920689655167, 33.718709485172411 ], [ 73.055920689655167, 33.718705023019844 ], [ 73.055926053639851, 33.71870502301983 ], [ 73.055926053639851, 33.718702791943471 ], [ 73.055920689655167, 33.718702791943471 ], [ 73.055920689655167, 33.718698329790548 ], [ 73.055928735632179, 33.718698329790541 ], [ 73.055928735632179, 33.718696098714005 ], [ 73.055934099616863, 33.718696098714005 ], [ 73.055934099616863, 33.718698329790541 ], [ 73.055936781609191, 33.718698329790541 ], [ 73.055936781609191, 33.718696098713998 ], [ 73.055955555555556, 33.718696098713998 ], [ 73.055955555555556, 33.718698329790541 ], [ 73.055977011494249, 33.718698329790541 ], [ 73.055977011494249, 33.718700560867042 ], [ 73.055974329501908, 33.718700560867042 ], [ 73.055974329501908, 33.718702791943478 ], [ 73.05597164750958, 33.718702791943471 ], [ 73.05597164750958, 33.718700560867042 ], [ 73.055955555555556, 33.718700560867035 ], [ 73.055955555555556, 33.718702791943471 ], [ 73.0559528735632, 33.718702791943471 ], [ 73.0559528735632, 33.718705023019837 ], [ 73.055955555555556, 33.718705023019837 ], [ 73.055955555555556, 33.718709485172411 ], [ 73.0559528735632, 33.718709485172411 ], [ 73.0559528735632, 33.718713947324758 ], [ 73.055955555555556, 33.718713947324758 ], [ 73.055955555555556, 33.71871617840084 ], [ 73.055958237547884, 33.71871617840084 ], [ 73.055958237547884, 33.718720640552846 ], [ 73.055960919540212, 33.718720640552839 ], [ 73.055960919540212, 33.718716178400832 ], [ 73.055966283524896, 33.718716178400832 ], [ 73.055966283524896, 33.718720640552846 ], [ 73.055968965517224, 33.718720640552839 ], [ 73.055968965517224, 33.718707254096167 ], [ 73.05597164750958, 33.718707254096159 ], [ 73.05597164750958, 33.718705023019844 ], [ 73.055974329501908, 33.718705023019851 ], [ 73.055974329501908, 33.718707254096174 ], [ 73.055977011494249, 33.718707254096152 ], [ 73.055977011494249, 33.718709485172404 ], [ 73.055974329501908, 33.718709485172411 ], [ 73.055974329501908, 33.718713947324765 ], [ 73.055977011494249, 33.718713947324751 ], [ 73.055977011494249, 33.718718409476864 ], [ 73.055974329501908, 33.718718409476871 ], [ 73.055974329501908, 33.718720640552846 ], [ 73.055977011494249, 33.718720640552846 ], [ 73.055977011494249, 33.7187273337804 ], [ 73.055974329501908, 33.7187273337804 ], [ 73.055974329501908, 33.718736258082998 ], [ 73.05597164750958, 33.718736258082984 ], [ 73.05597164750958, 33.718740720233946 ], [ 73.055968965517224, 33.718740720233939 ], [ 73.055968965517224, 33.718742951309331 ], [ 73.055966283524896, 33.718742951309331 ], [ 73.055966283524896, 33.718767493134777 ], [ 73.055963601532568, 33.718767493134777 ], [ 73.055963601532568, 33.718771955284097 ], [ 73.055960919540212, 33.718771955284105 ], [ 73.055960919540212, 33.718776417433197 ], [ 73.055958237547884, 33.718776417433197 ], [ 73.055958237547884, 33.718780879582063 ], [ 73.055955555555556, 33.718780879582056 ], [ 73.055955555555556, 33.718785341730687 ], [ 73.0559528735632, 33.718785341730694 ], [ 73.0559528735632, 33.718789803879091 ], [ 73.055950191570872, 33.718789803879083 ], [ 73.055950191570872, 33.718792034953196 ], [ 73.05594750957853, 33.718792034953196 ], [ 73.05594750957853, 33.71879426602726 ], [ 73.055944827586202, 33.718794266027253 ], [ 73.055944827586202, 33.718796497101266 ], [ 73.05594214559386, 33.718796497101252 ], [ 73.05594214559386, 33.718798728175194 ], [ 73.055931417624521, 33.718798728175187 ] ] ] } },
{ "type": "Feature", "properties": { "value": 255, "area_m2": 87.784954185029889 }, "geometry": { "type": "Polygon", "coordinates": [ [ [ 73.054000383141755, 33.718789803879083 ], [ 73.054000383141755, 33.718787572804928 ], [ 73.053992337164743, 33.718787572804921 ], [ 73.053992337164743, 33.718785341730694 ], [ 73.053986973180074, 33.718785341730687 ], [ 73.053986973180074, 33.718783110656403 ], [ 73.053978927203062, 33.718783110656396 ], [ 73.053978927203062, 33.718780879582049 ], [ 73.05397624521072, 33.718780879582056 ], [ 73.05397624521072, 33.718778648507659 ], [ 73.05397088122605, 33.718778648507659 ], [ 73.05397088122605, 33.718776417433197 ], [ 73.05396551724138, 33.718776417433197 ], [ 73.05396551724138, 33.718774186358694 ], [ 73.053962835249038, 33.718774186358687 ], [ 73.053962835249038, 33.718771955284097 ], [ 73.053960153256696, 33.718771955284097 ], [ 73.053960153256696, 33.718769724209473 ], [ 73.053957471264368, 33.71876972420948 ], [ 73.053957471264368, 33.718767493134777 ], [ 73.053954789272026, 33.718767493134777 ], [ 73.053954789272026, 33.718765262060032 ], [ 73.053952107279684, 33.718765262060032 ], [ 73.053952107279684, 33.718756337760439 ], [ 73.053949425287357, 33.718756337760439 ], [ 73.053949425287357, 33.718747413459937 ], [ 73.053946743295015, 33.71874741345993 ], [ 73.053946743295015, 33.718738489158497 ], [ 73.053949425287357, 33.718738489158497 ], [ 73.053949425287357, 33.718729564856133 ], [ 73.053952107279684, 33.718729564856133 ], [ 73.053952107279684, 33.718722871628749 ], [ 73.053954789272026, 33.718722871628756 ], [ 73.053954789272026, 33.718720640552846 ], [ 73.053957471264368, 33.718720640552846 ], [ 73.053957471264368, 33.71871617840084 ], [ 73.053960153256696, 33.71871617840084 ], [ 73.053960153256696, 33.718711716248613 ], [ 73.053962835249038, 33.718711716248627 ], [ 73.053962835249038, 33.718707254096174 ], [ 73.05396551724138, 33.718707254096174 ], [ 73.05396551724138, 33.718705023019837 ], [ 73.053968199233708, 33.718705023019844 ], [ 73.053968199233708, 33.718700560867035 ], [ 73.05397088122605, 33.718700560867035 ], [ 73.05397088122605, 33.718696098713998 ], [ 73.053973563218392, 33.718696098714005 ], [ 73.053973563218392, 33.718693867637391 ], [ 73.05397624521072, 33.718693867637406 ], [ 73.05397624521072, 33.718691636560727 ], [ 73.053978927203062, 33.718691636560735 ], [ 73.053978927203062, 33.718689405484021 ], [ 73.053981609195404, 33.718689405484014 ], [ 73.053981609195404, 33.718687174407229 ], [ 73.053986973180074, 33.718687174407222 ], [ 73.053986973180074, 33.718684943330395 ], [ 73.054005747126439, 33.718684943330388 ], [ 73.054005747126439, 33.718687174407222 ], [ 73.054013793103451, 33.718687174407229 ], [ 73.054013793103451, 33.718689405484014 ], [ 73.054019157088135, 33.718689405484021 ], [ 73.054019157088135, 33.718691636560735 ], [ 73.054021839080463, 33.718691636560727 ], [ 73.054021839080463, 33.718693867637398 ], [ 73.054027203065147, 33.718693867637391 ], [ 73.054027203065147, 33.718696098714005 ], [ 73.054029885057474, 33.718696098713984 ], [ 73.054029885057474, 33.718698329790541 ], [ 73.054032567049802, 33.718698329790548 ], [ 73.054032567049802, 33.718700560867042 ], [ 73.054037931034472, 33.718700560867035 ], [ 73.054037931034472, 33.718702791943471 ], [ 73.054040613026814, 33.718702791943471 ], [ 73.054040613026814, 33.718707254096159 ], [ 73.054045977011484, 33.718707254096159 ], [ 73.054045977011484, 33.718709485172411 ], [ 73.054048659003826, 33.718709485172411 ], [ 73.054048659003826, 33.718716178400847 ], [ 73.054051340996168, 33.718716178400847 ], [ 73.054051340996168, 33.718718409476864 ], [ 73.054054022988495, 33.718718409476864 ], [ 73.054054022988495, 33.7187273337804 ], [ 73.054056704980837, 33.7187273337804 ], [ 73.054056704980837, 33.718747413459937 ], [ 73.054054022988495, 33.718747413459937 ], [ 73.054054022988495, 33.718754106685417 ], [ 73.054051340996168, 33.71875410668541 ], [ 73.054051340996168, 33.718758568835426 ], [ 73.054048659003826, 33.718758568835426 ], [ 73.054048659003826, 33.718765262060032 ], [ 73.054045977011484, 33.718765262060025 ], [ 73.054045977011484, 33.718767493134777 ], [ 73.054043295019156, 33.718767493134777 ], [ 73.054043295019156, 33.71876972420948 ], [ 73.054040613026814, 33.71876972420948 ], [ 73.054040613026814, 33.718774186358687 ], [ 73.054037931034472, 33.718774186358679 ], [ 73.054037931034472, 33.718778648507659 ], [ 73.054035249042144, 33.718778648507659 ], [ 73.054035249042144, 33.718780879582063 ], [ 73.054029885057474, 33.718780879582056 ], [ 73.054029885057474, 33.718785341730694 ], [ 73.054024521072805, 33.71878534173068 ], [ 73.054024521072805, 33.718787572804914 ], [ 73.054021839080463, 33.718787572804921 ], [ 73.054021839080463, 33.718789803879083 ], [ 73.054000383141755, 33.718789803879083 ] ] ] } },
{ "type": "Feature", "properties": { "value": 255, "area_m2": 53.827369834536299 }, "geometry": { "type": "Polygon", "coordinates": [ [ [ 73.058264750957861, 33.7187273337804 ], [ 73.058264750957861, 33.718725102704603 ], [ 73.058256704980849, 33.718725102704603 ], [ 73.058256704980849, 33.718722871628742 ], [ 73.058251340996165, 33.718722871628749 ], [ 73.058251340996165, 33.718720640552846 ], [ 73.058243295019153, 33.718720640552846 ], [ 73.058243295019153, 33.718718409476871 ], [ 73.058237931034469, 33.718718409476871 ], [ 73.058237931034469, 33.71871617840084 ], [ 73.058229885057457, 33.718716178400847 ], [ 73.058229885057457, 33.718713947324765 ], [ 73.058219157088118, 33.718713947324758 ], [ 73.058219157088118, 33.718711716248627 ], [ 73.058208429118764, 33.71871171624862 ], [ 73.058208429118764, 33.718709485172404 ], [ 73.058205747126422, 33.718709485172418 ], [ 73.058205747126422, 33.718707254096174 ], [ 73.058203065134094, 33.718707254096159 ], [ 73.058203065134094, 33.718705023019844 ], [ 73.058200383141752, 33.718705023019837 ], [ 73.058200383141752, 33.718700560867035 ], [ 73.05819770114941, 33.718700560867028 ], [ 73.05819770114941, 33.718698329790556 ], [ 73.058195019157083, 33.718698329790548 ], [ 73.058195019157083, 33.718684943330381 ], [ 73.05819770114941, 33.718684943330395 ], [ 73.05819770114941, 33.718680481176541 ], [ 73.058200383141752, 33.718680481176548 ], [ 73.058200383141752, 33.718678250099522 ], [ 73.058203065134094, 33.718678250099536 ], [ 73.058203065134094, 33.71867601902246 ], [ 73.058205747126422, 33.71867601902246 ], [ 73.058205747126422, 33.718673787945335 ], [ 73.058208429118764, 33.718673787945335 ], [ 73.058208429118764, 33.718669325790906 ], [ 73.058211111111106, 33.718669325790898 ], [ 73.058211111111106, 33.718667094713595 ], [ 73.058213793103434, 33.718667094713595 ], [ 73.058213793103434, 33.718662632558825 ], [ 73.058216475095776, 33.718662632558818 ], [ 73.058216475095776, 33.718655939326226 ], [ 73.058219157088118, 33.718655939326233 ], [ 73.058219157088118, 33.718651477170859 ], [ 73.058221839080446, 33.718651477170866 ], [ 73.058221839080446, 33.718649246093108 ], [ 73.05822720306513, 33.718649246093108 ], [ 73.05822720306513, 33.718647015015272 ], [ 73.058243295019153, 33.718647015015279 ], [ 73.058243295019153, 33.718649246093094 ], [ 73.058251340996165, 33.718649246093108 ], [ 73.058251340996165, 33.718651477170866 ], [ 73.058254022988493, 33.718651477170866 ], [ 73.058254022988493, 33.718653708248574 ], [ 73.058259386973177, 33.718653708248588 ], [ 73.058259386973177, 33.718655939326233 ], [ 73.058262068965519, 33.718655939326226 ], [ 73.058262068965519, 33.71865817040382 ], [ 73.058267432950188, 33.71865817040382 ], [ 73.058267432950188, 33.718660401481351 ], [ 73.05827011494253, 33.718660401481344 ], [ 73.05827011494253, 33.718664863636249 ], [ 73.058272796934872, 33.718664863636242 ], [ 73.058272796934872, 33.718671556868145 ], [ 73.0582754789272, 33.718671556868152 ], [ 73.0582754789272, 33.71867601902246 ], [ 73.058278160919542, 33.718676019022453 ], [ 73.058278160919542, 33.718678250099522 ], [ 73.058283524904212, 33.718678250099522 ], [ 73.058283524904212, 33.718680481176534 ], [ 73.05829157088121, 33.718680481176548 ], [ 73.05829157088121, 33.718682712253496 ], [ 73.058294252873551, 33.718682712253496 ], [ 73.058294252873551, 33.718684943330381 ], [ 73.058299616858221, 33.718684943330395 ], [ 73.058299616858221, 33.718687174407236 ], [ 73.058302298850563, 33.718687174407222 ], [ 73.058302298850563, 33.718693867637398 ], [ 73.058294252873551, 33.718693867637398 ], [ 73.058294252873551, 33.718698329790541 ], [ 73.05829157088121, 33.718698329790548 ], [ 73.05829157088121, 33.718700560867042 ], [ 73.058288888888882, 33.718700560867042 ], [ 73.058288888888882, 33.718705023019837 ], [ 73.05828620689654, 33.718705023019844 ], [ 73.05828620689654, 33.718707254096167 ], [ 73.058283524904212, 33.718707254096159 ], [ 73.058283524904212, 33.718709485172404 ], [ 73.05828084291187, 33.718709485172418 ], [ 73.05828084291187, 33.71871171624862 ], [ 73.058278160919542, 33.71871171624862 ], [ 73.058278160919542, 33.71871617840084 ], [ 73.0582754789272, 33.718716178400847 ], [ 73.0582754789272, 33.718722871628749 ], [ 73.058272796934872, 33.718722871628749 ], [ 73.058272796934872, 33.718725102704603 ], [ 73.058267432950188, 33.718725102704603 ], [ 73.058267432950188, 33.7187273337804 ], [ 73.058264750957861, 33.7187273337804 ] ] ] } },
{ "type": "Feature", "properties": { "value": 255, "area_m2": 58.318061238977812 }, "geometry": { "type": "Polygon", "coordinates": [ [ [ 73.059061302681982, 33.718745182384652 ], [ 73.059061302681982, 33.718742951309324 ], [ 73.059058620689655, 33.718742951309324 ], [ 73.059058620689655, 33.718740720233939 ], [ 73.059053256704985, 33.718740720233946 ], [ 73.059053256704985, 33.718738489158511 ], [ 73.059050574712643, 33.718738489158497 ], [ 73.059050574712643, 33.718736258082991 ], [ 73.059047892720301, 33.718736258083005 ], [ 73.059047892720301, 33.718734027007436 ], [ 73.059042528735631, 33.718734027007436 ], [ 73.059042528735631, 33.718731795931816 ], [ 73.059037164750961, 33.718731795931809 ], [ 73.059037164750961, 33.718729564856133 ], [ 73.059034482758619, 33.718729564856126 ], [ 73.059034482758619, 33.7187273337804 ], [ 73.05902911877395, 33.7187273337804 ], [ 73.05902911877395, 33.718725102704603 ], [ 73.059026436781608, 33.718725102704596 ], [ 73.059026436781608, 33.718722871628749 ], [ 73.059023754789266, 33.718722871628749 ], [ 73.059023754789266, 33.718718409476871 ], [ 73.059026436781608, 33.718718409476864 ], [ 73.059026436781608, 33.71871171624862 ], [ 73.05902911877395, 33.71871171624862 ], [ 73.05902911877395, 33.718702791943478 ], [ 73.059031800766277, 33.718702791943478 ], [ 73.059031800766277, 33.718700560867042 ], [ 73.059034482758619, 33.718700560867042 ], [ 73.059034482758619, 33.718698329790541 ], [ 73.059037164750961, 33.718698329790548 ], [ 73.059037164750961, 33.718693867637391 ], [ 73.059039846743289, 33.718693867637398 ], [ 73.059039846743289, 33.718691636560727 ], [ 73.059042528735631, 33.718691636560735 ], [ 73.059042528735631, 33.718687174407229 ], [ 73.059045210727973, 33.718687174407229 ], [ 73.059045210727973, 33.718682712253504 ], [ 73.059047892720301, 33.718682712253482 ], [ 73.059047892720301, 33.718678250099522 ], [ 73.059050574712643, 33.718678250099515 ], [ 73.059050574712643, 33.71867601902246 ], [ 73.059053256704985, 33.718676019022453 ], [ 73.059053256704985, 33.718673787945335 ], [ 73.059055938697313, 33.718673787945335 ], [ 73.059055938697313, 33.718669325790906 ], [ 73.059058620689655, 33.718669325790906 ], [ 73.059058620689655, 33.718667094713595 ], [ 73.059061302681982, 33.718667094713609 ], [ 73.059061302681982, 33.718664863636249 ], [ 73.059063984674324, 33.718664863636249 ], [ 73.059063984674324, 33.718662632558825 ], [ 73.059066666666652, 33.718662632558825 ], [ 73.059066666666652, 33.718660401481344 ], [ 73.059069348658994, 33.718660401481344 ], [ 73.059069348658994, 33.71865817040382 ], [ 73.059072030651322, 33.71865817040382 ], [ 73.059072030651322, 33.718655939326233 ], [ 73.059074712643664, 33.718655939326233 ], [ 73.059074712643664, 33.718651477170859 ], [ 73.059080076628334, 33.718651477170866 ], [ 73.059080076628334, 33.718642552859464 ], [ 73.059082758620676, 33.718642552859457 ], [ 73.059082758620676, 33.718640321781457 ], [ 73.059088122605345, 33.718640321781464 ], [ 73.059088122605345, 33.718638090703415 ], [ 73.059090804597687, 33.718638090703415 ], [ 73.059090804597687, 33.718640321781457 ], [ 73.059096168582371, 33.71864032178145 ], [ 73.059096168582371, 33.718642552859464 ], [ 73.059098850574713, 33.718642552859464 ], [ 73.059098850574713, 33.718644783937386 ], [ 73.059101532567041, 33.718644783937386 ], [ 73.059101532567041, 33.718647015015272 ], [ 73.059104214559383, 33.718647015015279 ], [ 73.059104214559383, 33.718649246093101 ], [ 73.059109578544053, 33.718649246093108 ], [ 73.059109578544053, 33.718651477170866 ], [ 73.059112260536395, 33.718651477170866 ], [ 73.059112260536395, 33.718653708248574 ], [ 73.059114942528737, 33.718653708248581 ], [ 73.059114942528737, 33.71865817040382 ], [ 73.059117624521065, 33.718658170403828 ], [ 73.059117624521065, 33.718680481176548 ], [ 73.059114942528737, 33.718680481176555 ], [ 73.059114942528737, 33.718684943330381 ], [ 73.059112260536395, 33.718684943330395 ], [ 73.059112260536395, 33.718687174407222 ], [ 73.059109578544053, 33.718687174407229 ], [ 73.059109578544053, 33.718691636560727 ], [ 73.059106896551725, 33.718691636560727 ], [ 73.059106896551725, 33.718696098714005 ], [ 73.059104214559383, 33.718696098713991 ], [ 73.059104214559383, 33.718702791943471 ], [ 73.059101532567041, 33.718702791943478 ], [ 73.059101532567041, 33.718705023019844 ], [ 73.059098850574713, 33.718705023019837 ], [ 73.059098850574713, 33.718709485172418 ], [ 73.059096168582371, 33.718709485172411 ], [ 73.059096168582371, 33.718718409476871 ], [ 73.059093486590029, 33.718718409476878 ], [ 73.059093486590029, 33.718722871628749 ], [ 73.059090804597687, 33.718722871628749 ], [ 73.059090804597687, 33.718727333780407 ], [ 73.059088122605345, 33.7187273337804 ], [ 73.059088122605345, 33.718734027007436 ], [ 73.059082758620676, 33.718734027007429 ], [ 73.059082758620676, 33.718740720233946 ], [ 73.059080076628334, 33.718740720233946 ], [ 73.059080076628334, 33.718742951309324 ], [ 73.059074712643664, 33.718742951309324 ], [ 73.059074712643664, 33.718745182384659 ], [ 73.059061302681982, 33.718745182384652 ] ] ] } },
{ "type": "Feature", "properties": { "value": 255, "area_m2": 28.236324570608851 }, "geometry": { "type": "Polygon", "coordinates": [ [ [ 73.057878544061296, 33.718693867637391 ], [ 73.057878544061296, 33.71869163656072 ], [ 73.057873180076612, 33.718691636560727 ], [ 73.057873180076612, 33.718689405484021 ], [ 73.057867816091942, 33.718689405484021 ], [ 73.057867816091942, 33.718687174407222 ], [ 73.0578651340996, 33.718687174407222 ], [ 73.0578651340996, 33.718684943330388 ], [ 73.057862452107273, 33.718684943330388 ], [ 73.057862452107273, 33.718682712253482 ], [ 73.057857088122589, 33.718682712253489 ], [ 73.057857088122589, 33.718680481176534 ], [ 73.057851724137919, 33.718680481176541 ], [ 73.057851724137919, 33.718678250099529 ], [ 73.057849042145591, 33.718678250099522 ], [ 73.057849042145591, 33.718676019022467 ], [ 73.057843678160921, 33.71867601902246 ], [ 73.057843678160921, 33.71867378794532 ], [ 73.057840996168579, 33.718673787945328 ], [ 73.057840996168579, 33.718671556868145 ], [ 73.05783563218391, 33.718671556868152 ], [ 73.05783563218391, 33.718667094713595 ], [ 73.057830268199226, 33.718667094713602 ], [ 73.057830268199226, 33.718664863636242 ], [ 73.057827586206898, 33.718664863636242 ], [ 73.057827586206898, 33.718662632558818 ], [ 73.057822222222214, 33.718662632558811 ], [ 73.057822222222214, 33.718660401481351 ], [ 73.057819540229886, 33.718660401481351 ], [ 73.057819540229886, 33.718658170403828 ], [ 73.057816858237544, 33.71865817040382 ], [ 73.057816858237544, 33.718655939326233 ], [ 73.057814176245202, 33.718655939326226 ], [ 73.057814176245202, 33.718644783937393 ], [ 73.057816858237544, 33.718644783937393 ], [ 73.057816858237544, 33.718642552859464 ], [ 73.057819540229886, 33.71864255285945 ], [ 73.057819540229886, 33.718640321781471 ], [ 73.057827586206898, 33.718640321781457 ], [ 73.057827586206898, 33.718638090703422 ], [ 73.057849042145591, 33.718638090703408 ], [ 73.057849042145591, 33.718640321781457 ], [ 73.057854406130261, 33.718640321781464 ], [ 73.057854406130261, 33.718642552859464 ], [ 73.057857088122589, 33.718642552859464 ], [ 73.057857088122589, 33.718644783937386 ], [ 73.057862452107273, 33.718644783937386 ], [ 73.057862452107273, 33.718647015015279 ], [ 73.057867816091942, 33.718647015015279 ], [ 73.057867816091942, 33.718649246093101 ], [ 73.057870498084284, 33.718649246093108 ], [ 73.057870498084284, 33.718651477170859 ], [ 73.057875862068954, 33.718651477170866 ], [ 73.057875862068954, 33.718653708248574 ], [ 73.057881226053624, 33.718653708248574 ], [ 73.057881226053624, 33.718655939326226 ], [ 73.057883908045966, 33.718655939326226 ], [ 73.057883908045966, 33.71865817040382 ], [ 73.05788927203065, 33.71865817040382 ], [ 73.05788927203065, 33.718660401481344 ], [ 73.057897318007662, 33.718660401481351 ], [ 73.057897318007662, 33.718671556868145 ], [ 73.0579, 33.718671556868152 ], [ 73.0579, 33.718676019022453 ], [ 73.057897318007662, 33.718676019022453 ], [ 73.057897318007662, 33.718684943330381 ], [ 73.05789463601532, 33.718684943330395 ], [ 73.05789463601532, 33.718691636560727 ], [ 73.057891954022978, 33.718691636560727 ], [ 73.057891954022978, 33.718693867637391 ], [ 73.057878544061296, 33.718693867637391 ] ] ] } },
{ "type": "Feature", "properties": { "value": 255, "area_m2": 30.75850476707814 }, "geometry": { "type": "Polygon", "coordinates": [ [ [ 73.058833333333325, 33.718687174407229 ], [ 73.058833333333325, 33.718684943330388 ], [ 73.058825287356314, 33.718684943330395 ], [ 73.058825287356314, 33.718682712253504 ], [ 73.058822605363972, 33.718682712253489 ], [ 73.058822605363972, 33.718680481176541 ], [ 73.058817241379288, 33.718680481176548 ], [ 73.058817241379288, 33.718678250099522 ], [ 73.058811877394632, 33.718678250099522 ], [ 73.058811877394632, 33.718676019022453 ], [ 73.058806513409948, 33.71867601902246 ], [ 73.058806513409948, 33.718673787945335 ], [ 73.058801149425278, 33.718673787945335 ], [ 73.058801149425278, 33.718671556868145 ], [ 73.058795785440608, 33.718671556868152 ], [ 73.058795785440608, 33.718669325790913 ], [ 73.058793103448266, 33.718669325790913 ], [ 73.058793103448266, 33.718667094713602 ], [ 73.058787739463597, 33.718667094713588 ], [ 73.058787739463597, 33.718664863636249 ], [ 73.058785057471255, 33.718664863636249 ], [ 73.058785057471255, 33.718662632558818 ], [ 73.058782375478927, 33.718662632558825 ], [ 73.058782375478927, 33.718660401481351 ], [ 73.058779693486585, 33.718660401481351 ], [ 73.058779693486585, 33.718651477170873 ], [ 73.058782375478927, 33.718651477170866 ], [ 73.058782375478927, 33.718647015015279 ], [ 73.058785057471255, 33.718647015015272 ], [ 73.058785057471255, 33.718642552859457 ], [ 73.058787739463597, 33.718642552859464 ], [ 73.058787739463597, 33.718640321781443 ], [ 73.058790421455939, 33.718640321781457 ], [ 73.058790421455939, 33.718638090703415 ], [ 73.058793103448266, 33.718638090703408 ], [ 73.058793103448266, 33.718635859625294 ], [ 73.058795785440608, 33.71863585962528 ], [ 73.058795785440608, 33.718633628547117 ], [ 73.058801149425278, 33.718633628547117 ], [ 73.058801149425278, 33.718631397468897 ], [ 73.058806513409948, 33.718631397468883 ], [ 73.058806513409948, 33.718629166390606 ], [ 73.058811877394632, 33.718629166390606 ], [ 73.058811877394632, 33.718631397468897 ], [ 73.058841379310337, 33.71863139746889 ], [ 73.058841379310337, 33.718633628547117 ], [ 73.058849425287349, 33.718633628547124 ], [ 73.058849425287349, 33.718640321781464 ], [ 73.058852107279691, 33.718640321781464 ], [ 73.058852107279691, 33.718642552859464 ], [ 73.058849425287349, 33.718642552859457 ], [ 73.058849425287349, 33.718682712253489 ], [ 73.058846743295007, 33.718682712253489 ], [ 73.058846743295007, 33.718684943330381 ], [ 73.058841379310337, 33.718684943330388 ], [ 73.058841379310337, 33.718687174407229 ], [ 73.058833333333325, 33.718687174407229 ] ] ] } },
{ "type": "Feature", "properties": { "value": 255, "area_m2": 29.958788696468631 }, "geometry": { "type": "Polygon", "coordinates": [ [ [ 73.058659003831409, 33.718682712253489 ], [ 73.058659003831409, 33.718680481176541 ], [ 73.058653639846725, 33.718680481176541 ], [ 73.058653639846725, 33.718678250099529 ], [ 73.058650957854397, 33.718678250099529 ], [ 73.058650957854397, 33.71867601902246 ], [ 73.058648275862055, 33.71867601902246 ], [ 73.058648275862055, 33.718669325790898 ], [ 73.058650957854397, 33.718669325790891 ], [ 73.058650957854397, 33.71865817040382 ], [ 73.058648275862055, 33.718658170403813 ], [ 73.058648275862055, 33.718653708248574 ], [ 73.058645593869713, 33.718653708248581 ], [ 73.058645593869713, 33.718649246093115 ], [ 73.058642911877385, 33.718649246093115 ], [ 73.058642911877385, 33.718629166390606 ], [ 73.058645593869713, 33.718629166390606 ], [ 73.058645593869713, 33.718626935312258 ], [ 73.058648275862055, 33.718626935312258 ], [ 73.058648275862055, 33.718624704233854 ], [ 73.058650957854397, 33.718624704233854 ], [ 73.058650957854397, 33.718622473155392 ], [ 73.058661685823751, 33.718622473155399 ], [ 73.058661685823751, 33.718624704233854 ], [ 73.058664367816078, 33.718624704233854 ], [ 73.058664367816078, 33.718626935312251 ], [ 73.05866704980842, 33.718626935312251 ], [ 73.05866704980842, 33.718629166390599 ], [ 73.058672413793104, 33.718629166390599 ], [ 73.058672413793104, 33.718631397468897 ], [ 73.058680459770116, 33.718631397468897 ], [ 73.058680459770116, 33.718633628547124 ], [ 73.058685823754786, 33.718633628547124 ], [ 73.058685823754786, 33.718635859625294 ], [ 73.058693869731798, 33.718635859625287 ], [ 73.058693869731798, 33.718638090703408 ], [ 73.05869655172414, 33.718638090703401 ], [ 73.05869655172414, 33.718640321781457 ], [ 73.058699233716467, 33.718640321781457 ], [ 73.058699233716467, 33.718642552859464 ], [ 73.058704597701151, 33.718642552859464 ], [ 73.058704597701151, 33.718644783937386 ], [ 73.058707279693479, 33.718644783937386 ], [ 73.058707279693479, 33.718647015015279 ], [ 73.058709961685821, 33.718647015015272 ], [ 73.058709961685821, 33.718651477170866 ], [ 73.058712643678163, 33.718651477170859 ], [ 73.058712643678163, 33.718660401481344 ], [ 73.058709961685821, 33.718660401481351 ], [ 73.058709961685821, 33.718664863636249 ], [ 73.058707279693479, 33.718664863636242 ], [ 73.058707279693479, 33.718669325790898 ], [ 73.058701915708809, 33.718669325790898 ], [ 73.058701915708809, 33.718671556868152 ], [ 73.058699233716467, 33.718671556868152 ], [ 73.058699233716467, 33.718673787945328 ], [ 73.05869655172414, 33.718673787945335 ], [ 73.05869655172414, 33.718676019022453 ], [ 73.058693869731798, 33.71867601902246 ], [ 73.058693869731798, 33.718678250099529 ], [ 73.058683141762444, 33.718678250099529 ], [ 73.058683141762444, 33.718680481176555 ], [ 73.058675095785432, 33.718680481176541 ], [ 73.058675095785432, 33.718682712253489 ], [ 73.058659003831409, 33.718682712253489 ] ] ] } },
{ "type": "Feature", "properties": { "value": 255, "area_m2": 32.604025965694767 }, "geometry": { "type": "Polygon", "coordinates": [ [ [ 73.059294636015323, 33.718662632558811 ], [ 73.059294636015323, 33.718660401481351 ], [ 73.059291954022981, 33.718660401481351 ], [ 73.059291954022981, 33.71865817040382 ], [ 73.059289272030639, 33.718658170403813 ], [ 73.059289272030639, 33.718653708248581 ], [ 73.05928390804597, 33.718653708248574 ], [ 73.05928390804597, 33.718649246093108 ], [ 73.0592785440613, 33.718649246093108 ], [ 73.0592785440613, 33.718644783937386 ], [ 73.059275862068958, 33.718644783937386 ], [ 73.059275862068958, 33.718642552859464 ], [ 73.059273180076616, 33.718642552859464 ], [ 73.059273180076616, 33.718640321781464 ], [ 73.059270498084288, 33.718640321781464 ], [ 73.059270498084288, 33.718635859625287 ], [ 73.059267816091946, 33.718635859625287 ], [ 73.059267816091946, 33.718633628547131 ], [ 73.059265134099604, 33.718633628547124 ], [ 73.059265134099604, 33.718631397468883 ], [ 73.059262452107262, 33.718631397468883 ], [ 73.059262452107262, 33.718629166390606 ], [ 73.059259770114934, 33.718629166390613 ], [ 73.059259770114934, 33.718615779919659 ], [ 73.059262452107262, 33.718615779919659 ], [ 73.059262452107262, 33.71861131776221 ], [ 73.059265134099604, 33.71861131776221 ], [ 73.059265134099604, 33.718604624525618 ], [ 73.059267816091946, 33.718604624525611 ], [ 73.059267816091946, 33.718600162367593 ], [ 73.059270498084288, 33.718600162367593 ], [ 73.059270498084288, 33.7185979312885 ], [ 73.059273180076616, 33.718597931288492 ], [ 73.059273180076616, 33.718595700209342 ], [ 73.059275862068958, 33.718595700209335 ], [ 73.059275862068958, 33.71859346913012 ], [ 73.0593, 33.71859346913012 ], [ 73.0593, 33.718595700209342 ], [ 73.059305363984677, 33.718595700209328 ], [ 73.059305363984677, 33.7185979312885 ], [ 73.059308045977005, 33.7185979312885 ], [ 73.059308045977005, 33.718600162367593 ], [ 73.059310727969347, 33.718600162367593 ], [ 73.059310727969347, 33.718602393446623 ], [ 73.059313409961689, 33.718602393446623 ], [ 73.059313409961689, 33.718604624525625 ], [ 73.059316091954017, 33.718604624525618 ], [ 73.059316091954017, 33.718606855604534 ], [ 73.059318773946359, 33.718606855604534 ], [ 73.059318773946359, 33.71861131776221 ], [ 73.059321455938687, 33.718611317762203 ], [ 73.059321455938687, 33.71861354884097 ], [ 73.059324137931029, 33.718613548840978 ], [ 73.059324137931029, 33.718615779919652 ], [ 73.059326819923356, 33.718615779919659 ], [ 73.059326819923356, 33.718631397468897 ], [ 73.059324137931029, 33.718631397468883 ], [ 73.059324137931029, 33.718635859625294 ], [ 73.059321455938687, 33.718635859625287 ], [ 73.059321455938687, 33.718638090703415 ], [ 73.059318773946359, 33.718638090703408 ], [ 73.059318773946359, 33.718640321781457 ], [ 73.059316091954017, 33.718640321781471 ], [ 73.059316091954017, 33.718647015015279 ], [ 73.059313409961689, 33.718647015015279 ], [ 73.059313409961689, 33.718651477170866 ], [ 73.059310727969347, 33.718651477170866 ], [ 73.059310727969347, 33.718655939326226 ], [ 73.059308045977005, 33.718655939326233 ], [ 73.059308045977005, 33.718660401481351 ], [ 73.059305363984677, 33.718660401481351 ], [ 73.059305363984677, 33.718662632558825 ], [ 73.059294636015323, 33.718662632558811 ] ] ] } },
{ "type": "Feature", "properties": { "value": 255, "area_m2": 83.171032878740917 }, "geometry": { "type": "Polygon", "coordinates": [ [ [ 73.058886973180066, 33.718698329790548 ], [ 73.058886973180066, 33.718696098713998 ], [ 73.058884291187738, 33.718696098714005 ], [ 73.058884291187738, 33.718693867637398 ], [ 73.058878927203054, 33.718693867637384 ], [ 73.058878927203054, 33.718691636560735 ], [ 73.058876245210726, 33.718691636560727 ], [ 73.058876245210726, 33.718689405484021 ], [ 73.058870881226042, 33.718689405484014 ], [ 73.058870881226042, 33.718687174407229 ], [ 73.058868199233714, 33.718687174407229 ], [ 73.058868199233714, 33.718684943330388 ], [ 73.058865517241372, 33.718684943330388 ], [ 73.058865517241372, 33.718680481176527 ], [ 73.05886283524903, 33.718680481176541 ], [ 73.05886283524903, 33.718662632558825 ], [ 73.058865517241372, 33.718662632558818 ], [ 73.058865517241372, 33.718653708248581 ], [ 73.058868199233714, 33.718653708248581 ], [ 73.058868199233714, 33.718644783937386 ], [ 73.058870881226042, 33.718644783937386 ], [ 73.058870881226042, 33.718640321781471 ], [ 73.058873563218398, 33.718640321781471 ], [ 73.058873563218398, 33.718635859625287 ], [ 73.058876245210726, 33.718635859625294 ], [ 73.058876245210726, 33.71863139746889 ], [ 73.058878927203054, 33.718631397468897 ], [ 73.058878927203054, 33.718629166390599 ], [ 73.05888160919541, 33.718629166390606 ], [ 73.05888160919541, 33.718626935312265 ], [ 73.058884291187738, 33.718626935312258 ], [ 73.058884291187738, 33.718624704233861 ], [ 73.058886973180066, 33.718624704233854 ], [ 73.058886973180066, 33.718622473155399 ], [ 73.058889655172408, 33.718622473155399 ], [ 73.058889655172408, 33.718618010998298 ], [ 73.058892337164735, 33.718618010998298 ], [ 73.058892337164735, 33.718615779919666 ], [ 73.058895019157077, 33.718615779919666 ], [ 73.058895019157077, 33.718613548840978 ], [ 73.058897701149419, 33.71861354884097 ], [ 73.058897701149419, 33.71861131776221 ], [ 73.058900383141747, 33.71861131776221 ], [ 73.058900383141747, 33.718609086683401 ], [ 73.058903065134089, 33.718609086683394 ], [ 73.058903065134089, 33.718606855604534 ], [ 73.058905747126431, 33.718606855604541 ], [ 73.058905747126431, 33.718604624525625 ], [ 73.058908429118759, 33.718604624525625 ], [ 73.058908429118759, 33.718602393446638 ], [ 73.058911111111101, 33.718602393446631 ], [ 73.058911111111101, 33.718600162367593 ], [ 73.058913793103443, 33.718600162367593 ], [ 73.058913793103443, 33.718595700209349 ], [ 73.058919157088113, 33.718595700209342 ], [ 73.058919157088113, 33.718589006971513 ], [ 73.058921839080455, 33.718589006971513 ], [ 73.058921839080455, 33.718586775892135 ], [ 73.058924521072782, 33.718586775892128 ], [ 73.058924521072782, 33.718584544812686 ], [ 73.058927203065124, 33.718584544812686 ], [ 73.058927203065124, 33.718580082653617 ], [ 73.058929885057466, 33.71858008265361 ], [ 73.058929885057466, 33.718575620494306 ], [ 73.058932567049794, 33.718575620494306 ], [ 73.058932567049794, 33.718573389414587 ], [ 73.058935249042136, 33.718573389414587 ], [ 73.058935249042136, 33.71857115833479 ], [ 73.058940613026806, 33.718571158334782 ], [ 73.058940613026806, 33.718568927254935 ], [ 73.058956704980844, 33.718568927254928 ], [ 73.058956704980844, 33.71857115833479 ], [ 73.058962068965513, 33.71857115833479 ], [ 73.058962068965513, 33.718573389414594 ], [ 73.058967432950197, 33.718573389414594 ], [ 73.058967432950197, 33.718575620494306 ], [ 73.058970114942525, 33.718575620494313 ], [ 73.058970114942525, 33.71857785157399 ], [ 73.058972796934867, 33.718577851573997 ], [ 73.058972796934867, 33.71858008265361 ], [ 73.058975478927195, 33.718580082653617 ], [ 73.058975478927195, 33.718582313733179 ], [ 73.058978160919537, 33.718582313733179 ], [ 73.058978160919537, 33.718589006971513 ], [ 73.058980842911865, 33.718589006971527 ], [ 73.058980842911865, 33.71859346913012 ], [ 73.058978160919537, 33.71859346913012 ], [ 73.058978160919537, 33.718602393446631 ], [ 73.058975478927195, 33.718602393446631 ], [ 73.058975478927195, 33.718604624525618 ], [ 73.058972796934867, 33.718604624525618 ], [ 73.058972796934867, 33.71861131776221 ], [ 73.058970114942525, 33.71861131776221 ], [ 73.058970114942525, 33.718615779919666 ], [ 73.058967432950197, 33.718615779919666 ], [ 73.058967432950197, 33.718618010998306 ], [ 73.058964750957855, 33.718618010998306 ], [ 73.058964750957855, 33.718622473155399 ], [ 73.058962068965513, 33.718622473155385 ], [ 73.058962068965513, 33.718626935312265 ], [ 73.058959386973186, 33.718626935312258 ], [ 73.058959386973186, 33.718631397468883 ], [ 73.058956704980844, 33.71863139746889 ], [ 73.058956704980844, 33.718635859625287 ], [ 73.058954022988502, 33.718635859625294 ], [ 73.058954022988502, 33.718638090703415 ], [ 73.058951340996174, 33.718638090703408 ], [ 73.058951340996174, 33.718640321781464 ], [ 73.058948659003818, 33.718640321781457 ], [ 73.058948659003818, 33.718647015015279 ], [ 73.05894597701149, 33.718647015015279 ], [ 73.05894597701149, 33.718649246093108 ], [ 73.058943295019162, 33.718649246093101 ], [ 73.058943295019162, 33.718653708248581 ], [ 73.058940613026806, 33.718653708248581 ], [ 73.058940613026806, 33.718658170403828 ], [ 73.058937931034478, 33.71865817040382 ], [ 73.058937931034478, 33.718662632558818 ], [ 73.058935249042136, 33.718662632558825 ], [ 73.058935249042136, 33.718667094713595 ], [ 73.058932567049794, 33.718667094713602 ], [ 73.058932567049794, 33.718669325790898 ], [ 73.058929885057466, 33.718669325790898 ], [ 73.058929885057466, 33.718673787945335 ], [ 73.058927203065124, 33.718673787945335 ], [ 73.058927203065124, 33.718676019022453 ], [ 73.058924521072782, 33.71867601902246 ], [ 73.058924521072782, 33.718678250099522 ], [ 73.058921839080455, 33.718678250099536 ], [ 73.058921839080455, 33.718680481176541 ], [ 73.058919157088113, 33.718680481176534 ], [ 73.058919157088113, 33.718684943330381 ], [ 73.058913793103443, 33.718684943330395 ], [ 73.058913793103443, 33.718689405484014 ], [ 73.058911111111101, 33.718689405484014 ], [ 73.058911111111101, 33.718693867637398 ], [ 73.058908429118759, 33.718693867637391 ], [ 73.058908429118759, 33.718696098713998 ], [ 73.058905747126431, 33.718696098713998 ], [ 73.058905747126431, 33.718698329790548 ], [ 73.058886973180066, 33.718698329790548 ] ] ] } },
{ "type": "Feature", "properties": { "value": 255, "area_m2": 38.32515130957912 }, "geometry": { "type": "Polygon", "coordinates": [ [ [ 73.058720689655161, 33.718635859625287 ], [ 73.058720689655161, 33.71863362854711 ], [ 73.058715325670491, 33.718633628547124 ], [ 73.058715325670491, 33.718631397468897 ], [ 73.058709961685821, 33.718631397468897 ], [ 73.058709961685821, 33.718629166390606 ], [ 73.058707279693479, 33.718629166390599 ], [ 73.058707279693479, 33.718626935312265 ], [ 73.058704597701151, 33.718626935312265 ], [ 73.058704597701151, 33.718624704233861 ], [ 73.058701915708809, 33.718624704233854 ], [ 73.058701915708809, 33.718622473155392 ], [ 73.05869655172414, 33.718622473155399 ], [ 73.05869655172414, 33.718620242076874 ], [ 73.058693869731798, 33.718620242076881 ], [ 73.058693869731798, 33.718618010998306 ], [ 73.058688505747128, 33.718618010998306 ], [ 73.058688505747128, 33.718615779919659 ], [ 73.058683141762444, 33.718615779919674 ], [ 73.058683141762444, 33.71861354884097 ], [ 73.058680459770116, 33.718613548840978 ], [ 73.058680459770116, 33.718609086683401 ], [ 73.058677777777774, 33.718609086683408 ], [ 73.058677777777774, 33.718606855604534 ], [ 73.058675095785432, 33.718606855604534 ], [ 73.058675095785432, 33.718600162367601 ], [ 73.058672413793104, 33.718600162367593 ], [ 73.058672413793104, 33.71858900697152 ], [ 73.058675095785432, 33.71858900697152 ], [ 73.058675095785432, 33.718586775892128 ], [ 73.058672413793104, 33.718586775892128 ], [ 73.058672413793104, 33.718584544812693 ], [ 73.058675095785432, 33.718584544812686 ], [ 73.058675095785432, 33.71857785157399 ], [ 73.058677777777774, 33.718577851573997 ], [ 73.058677777777774, 33.718575620494313 ], [ 73.058680459770116, 33.71857562049432 ], [ 73.058680459770116, 33.718573389414594 ], [ 73.058683141762444, 33.718573389414594 ], [ 73.058683141762444, 33.71857115833479 ], [ 73.058685823754786, 33.71857115833479 ], [ 73.058685823754786, 33.718568927254935 ], [ 73.058688505747128, 33.718568927254928 ], [ 73.058688505747128, 33.71856669617501 ], [ 73.058693869731798, 33.718566696175017 ], [ 73.058693869731798, 33.718564465095056 ], [ 73.058707279693479, 33.718564465095056 ], [ 73.058707279693479, 33.718566696175017 ], [ 73.058709961685821, 33.718566696175017 ], [ 73.058709961685821, 33.718568927254928 ], [ 73.058715325670491, 33.718568927254921 ], [ 73.058715325670491, 33.71857115833479 ], [ 73.058718007662833, 33.71857115833479 ], [ 73.058718007662833, 33.718573389414587 ], [ 73.058720689655161, 33.718573389414587 ], [ 73.058720689655161, 33.718575620494299 ], [ 73.058723371647488, 33.718575620494313 ], [ 73.058723371647488, 33.71857785157399 ], [ 73.058728735632172, 33.718577851573997 ], [ 73.058728735632172, 33.71858008265361 ], [ 73.058734099616842, 33.71858008265361 ], [ 73.058734099616842, 33.718582313733172 ], [ 73.058736781609184, 33.718582313733179 ], [ 73.058736781609184, 33.718584544812686 ], [ 73.058744827586196, 33.718584544812686 ], [ 73.058744827586196, 33.718586775892135 ], [ 73.058747509578538, 33.718586775892128 ], [ 73.058747509578538, 33.71858900697152 ], [ 73.058752873563208, 33.71858900697152 ], [ 73.058752873563208, 33.71859346913012 ], [ 73.05875555555555, 33.718593469130127 ], [ 73.05875555555555, 33.718595700209342 ], [ 73.058752873563208, 33.718595700209335 ], [ 73.058752873563208, 33.718600162367593 ], [ 73.05875019157088, 33.718600162367593 ], [ 73.05875019157088, 33.718604624525618 ], [ 73.058747509578538, 33.718604624525625 ], [ 73.058747509578538, 33.718609086683401 ], [ 73.058744827586196, 33.718609086683408 ], [ 73.058744827586196, 33.718613548840963 ], [ 73.058742145593868, 33.71861354884097 ], [ 73.058742145593868, 33.718618010998291 ], [ 73.058739463601512, 33.718618010998306 ], [ 73.058739463601512, 33.718622473155392 ], [ 73.058736781609184, 33.718622473155392 ], [ 73.058736781609184, 33.718626935312265 ], [ 73.058734099616842, 33.718626935312251 ], [ 73.058734099616842, 33.718631397468897 ], [ 73.0587314176245, 33.718631397468897 ], [ 73.0587314176245, 33.718633628547117 ], [ 73.05872605363983, 33.718633628547124 ], [ 73.05872605363983, 33.71863585962528 ], [ 73.058720689655161, 33.718635859625287 ] ] ] } },
{ "type": "Feature", "properties": { "value": 255, "area_m2": 40.970505831805234 }, "geometry": { "type": "Polygon", "coordinates": [ [ [ 73.055429885057464, 33.718622473155399 ], [ 73.055429885057464, 33.718620242076874 ], [ 73.055424521072794, 33.718620242076881 ], [ 73.055424521072794, 33.718618010998298 ], [ 73.055419157088124, 33.718618010998298 ], [ 73.055419157088124, 33.718615779919674 ], [ 73.055413793103455, 33.718615779919666 ], [ 73.055413793103455, 33.71861354884097 ], [ 73.055411111111113, 33.718613548840963 ], [ 73.055411111111113, 33.71861131776221 ], [ 73.055405747126429, 33.718611317762203 ], [ 73.055405747126429, 33.718609086683401 ], [ 73.055403065134101, 33.718609086683408 ], [ 73.055403065134101, 33.718606855604534 ], [ 73.055397701149417, 33.718606855604534 ], [ 73.055397701149417, 33.718604624525625 ], [ 73.055395019157089, 33.718604624525625 ], [ 73.055395019157089, 33.718602393446631 ], [ 73.055392337164747, 33.718602393446616 ], [ 73.055392337164747, 33.718600162367601 ], [ 73.055386973180077, 33.718600162367601 ], [ 73.055386973180077, 33.718597931288492 ], [ 73.055384291187735, 33.718597931288478 ], [ 73.055384291187735, 33.718595700209342 ], [ 73.055378927203066, 33.718595700209335 ], [ 73.055378927203066, 33.71859346913012 ], [ 73.055376245210724, 33.71859346913012 ], [ 73.055376245210724, 33.718586775892128 ], [ 73.055378927203066, 33.718586775892128 ], [ 73.055378927203066, 33.718584544812686 ], [ 73.055384291187735, 33.718584544812686 ], [ 73.055384291187735, 33.718582313733179 ], [ 73.055386973180077, 33.718582313733172 ], [ 73.055386973180077, 33.718575620494306 ], [ 73.055384291187735, 33.718575620494306 ], [ 73.055384291187735, 33.718568927254921 ], [ 73.055386973180077, 33.718568927254921 ], [ 73.055386973180077, 33.718564465095056 ], [ 73.055389655172405, 33.718564465095056 ], [ 73.055389655172405, 33.718562234015025 ], [ 73.055405747126429, 33.718562234015025 ], [ 73.055405747126429, 33.718560002934943 ], [ 73.055419157088124, 33.718560002934936 ], [ 73.055419157088124, 33.718562234015025 ], [ 73.055421839080452, 33.718562234015018 ], [ 73.055421839080452, 33.718564465095056 ], [ 73.055427203065122, 33.718564465095056 ], [ 73.055427203065122, 33.718566696175017 ], [ 73.055429885057464, 33.718566696175024 ], [ 73.055429885057464, 33.718568927254928 ], [ 73.055437931034476, 33.718568927254928 ], [ 73.055437931034476, 33.71857115833479 ], [ 73.055478160919549, 33.71857115833479 ], [ 73.055478160919549, 33.718575620494313 ], [ 73.055480842911876, 33.71857562049432 ], [ 73.055480842911876, 33.718577851573983 ], [ 73.055478160919549, 33.718577851573983 ], [ 73.055478160919549, 33.718582313733179 ], [ 73.055475478927193, 33.718582313733179 ], [ 73.055475478927193, 33.718584544812686 ], [ 73.055472796934865, 33.718584544812678 ], [ 73.055472796934865, 33.71858677589212 ], [ 73.055470114942537, 33.718586775892128 ], [ 73.055470114942537, 33.718591238050848 ], [ 73.055467432950181, 33.718591238050855 ], [ 73.055467432950181, 33.71859346913012 ], [ 73.055464750957853, 33.71859346913012 ], [ 73.055464750957853, 33.7185979312885 ], [ 73.055462068965511, 33.7185979312885 ], [ 73.055462068965511, 33.718602393446638 ], [ 73.055459386973169, 33.718602393446631 ], [ 73.055459386973169, 33.718606855604534 ], [ 73.055456704980841, 33.718606855604534 ], [ 73.055456704980841, 33.718609086683401 ], [ 73.055454022988499, 33.718609086683401 ], [ 73.055454022988499, 33.718611317762203 ], [ 73.055451340996157, 33.71861131776221 ], [ 73.055451340996157, 33.71861354884097 ], [ 73.055448659003829, 33.718613548840978 ], [ 73.055448659003829, 33.718615779919659 ], [ 73.055445977011487, 33.718615779919659 ], [ 73.055445977011487, 33.718620242076874 ], [ 73.055443295019145, 33.718620242076881 ], [ 73.055443295019145, 33.718622473155399 ], [ 73.055429885057464, 33.718622473155399 ] ] ] } },
{ "type": "Feature", "properties": { "value": 255, "area_m2": 29.774362039849041 }, "geometry": { "type": "Polygon", "coordinates": [ [ [ 73.05602528735632, 33.718595700209335 ], [ 73.05602528735632, 33.71859346913012 ], [ 73.05601992337165, 33.71859346913012 ], [ 73.05601992337165, 33.718591238050848 ], [ 73.056014559386966, 33.718591238050848 ], [ 73.056014559386966, 33.718589006971527 ], [ 73.056009195402297, 33.71858900697152 ], [ 73.056009195402297, 33.718586775892128 ], [ 73.056006513409955, 33.718586775892128 ], [ 73.056006513409955, 33.718584544812686 ], [ 73.056003831417627, 33.718584544812686 ], [ 73.056003831417627, 33.71857785157399 ], [ 73.056006513409955, 33.718577851573983 ], [ 73.056006513409955, 33.718568927254935 ], [ 73.056009195402297, 33.718568927254921 ], [ 73.056009195402297, 33.718564465095056 ], [ 73.056011877394639, 33.718564465095049 ], [ 73.056011877394639, 33.718562234015025 ], [ 73.056014559386966, 33.718562234015025 ], [ 73.056014559386966, 33.71855777185479 ], [ 73.056017241379308, 33.71855777185479 ], [ 73.056017241379308, 33.718555540774588 ], [ 73.05601992337165, 33.718555540774595 ], [ 73.05601992337165, 33.718553309694343 ], [ 73.056022605363978, 33.718553309694343 ], [ 73.056022605363978, 33.718551078614027 ], [ 73.05602528735632, 33.718551078614013 ], [ 73.05602528735632, 33.718548847533654 ], [ 73.056027969348662, 33.71854884753364 ], [ 73.056027969348662, 33.718546616453217 ], [ 73.05603065134099, 33.718546616453217 ], [ 73.05603065134099, 33.718544385372716 ], [ 73.05603601532566, 33.718544385372716 ], [ 73.05603601532566, 33.718542154292166 ], [ 73.056041379310344, 33.718542154292173 ], [ 73.056041379310344, 33.71853992321158 ], [ 73.056046743295013, 33.718539923211573 ], [ 73.056046743295013, 33.718542154292173 ], [ 73.056049425287355, 33.718542154292166 ], [ 73.056049425287355, 33.718539923211573 ], [ 73.056052107279683, 33.718539923211573 ], [ 73.056052107279683, 33.718542154292173 ], [ 73.056060153256695, 33.718542154292173 ], [ 73.056060153256695, 33.718544385372716 ], [ 73.056065517241379, 33.718544385372709 ], [ 73.056065517241379, 33.71854661645321 ], [ 73.056070881226049, 33.718546616453217 ], [ 73.056070881226049, 33.718548847533647 ], [ 73.056073563218391, 33.718548847533654 ], [ 73.056073563218391, 33.718551078614013 ], [ 73.05607892720306, 33.718551078614013 ], [ 73.05607892720306, 33.718553309694343 ], [ 73.056081609195402, 33.718553309694336 ], [ 73.056081609195402, 33.718555540774595 ], [ 73.056086973180072, 33.718555540774588 ], [ 73.056086973180072, 33.71855777185479 ], [ 73.056089655172414, 33.71855777185479 ], [ 73.056089655172414, 33.718560002934943 ], [ 73.056092337164742, 33.718560002934943 ], [ 73.056092337164742, 33.718564465095056 ], [ 73.056086973180072, 33.718564465095056 ], [ 73.056086973180072, 33.718566696175017 ], [ 73.056081609195402, 33.71856669617501 ], [ 73.056081609195402, 33.718568927254921 ], [ 73.056076245210718, 33.718568927254921 ], [ 73.056076245210718, 33.71857338941458 ], [ 73.056073563218391, 33.71857338941458 ], [ 73.056073563218391, 33.718575620494313 ], [ 73.056070881226049, 33.718575620494306 ], [ 73.056070881226049, 33.718582313733179 ], [ 73.056073563218391, 33.718582313733179 ], [ 73.056073563218391, 33.718584544812686 ], [ 73.056062835249037, 33.718584544812686 ], [ 73.056062835249037, 33.718582313733179 ], [ 73.056060153256695, 33.718582313733179 ], [ 73.056060153256695, 33.71858008265361 ], [ 73.056052107279683, 33.71858008265361 ], [ 73.056052107279683, 33.718582313733165 ], [ 73.056044061302671, 33.718582313733179 ], [ 73.056044061302671, 33.718586775892128 ], [ 73.056041379310344, 33.718586775892128 ], [ 73.056041379310344, 33.718589006971513 ], [ 73.056038697317987, 33.71858900697152 ], [ 73.056038697317987, 33.718591238050848 ], [ 73.05603601532566, 33.718591238050855 ], [ 73.05603601532566, 33.718595700209342 ], [ 73.05602528735632, 33.718595700209335 ] ] ] } },
{ "type": "Feature", "properties": { "value": 255, "area_m2": 37.279478264442076 }, "geometry": { "type": "Polygon", "coordinates": [ [ [ 73.055695402298838, 33.718600162367593 ], [ 73.055695402298838, 33.7185979312885 ], [ 73.05569272030651, 33.7185979312885 ], [ 73.05569272030651, 33.718595700209328 ], [ 73.055687356321826, 33.718595700209342 ], [ 73.055687356321826, 33.718593469130113 ], [ 73.055684674329498, 33.71859346913012 ], [ 73.055684674329498, 33.718591238050848 ], [ 73.055679310344829, 33.718591238050841 ], [ 73.055679310344829, 33.71858900697152 ], [ 73.055671264367817, 33.718589006971513 ], [ 73.055671264367817, 33.718586775892128 ], [ 73.055665900383147, 33.718586775892128 ], [ 73.055665900383147, 33.718584544812686 ], [ 73.055663218390805, 33.718584544812686 ], [ 73.055663218390805, 33.718582313733172 ], [ 73.055660536398463, 33.718582313733179 ], [ 73.055660536398463, 33.718580082653617 ], [ 73.055657854406135, 33.71858008265361 ], [ 73.055657854406135, 33.71857785157399 ], [ 73.055652490421451, 33.71857785157399 ], [ 73.055652490421451, 33.71857338941458 ], [ 73.055649808429123, 33.718573389414587 ], [ 73.055649808429123, 33.718562234015018 ], [ 73.055647126436781, 33.718562234015025 ], [ 73.055647126436781, 33.71855107861402 ], [ 73.055649808429123, 33.718551078614027 ], [ 73.055649808429123, 33.718544385372716 ], [ 73.055652490421451, 33.718544385372716 ], [ 73.055652490421451, 33.718542154292173 ], [ 73.055655172413793, 33.718542154292173 ], [ 73.055655172413793, 33.718537692130901 ], [ 73.055657854406135, 33.718537692130901 ], [ 73.055657854406135, 33.718539923211573 ], [ 73.055663218390805, 33.718539923211573 ], [ 73.055663218390805, 33.718537692130901 ], [ 73.055665900383147, 33.718537692130894 ], [ 73.055665900383147, 33.718539923211566 ], [ 73.055668582375475, 33.718539923211573 ], [ 73.055668582375475, 33.718537692130901 ], [ 73.055671264367817, 33.718537692130901 ], [ 73.055671264367817, 33.71853992321158 ], [ 73.055676628352487, 33.718539923211573 ], [ 73.055676628352487, 33.718537692130901 ], [ 73.055679310344829, 33.718537692130894 ], [ 73.055679310344829, 33.718539923211566 ], [ 73.055687356321826, 33.718539923211573 ], [ 73.055687356321826, 33.718542154292173 ], [ 73.055690038314168, 33.71854215429218 ], [ 73.055690038314168, 33.71854661645321 ], [ 73.055695402298838, 33.718546616453217 ], [ 73.055695402298838, 33.71855107861402 ], [ 73.055700766283522, 33.71855107861402 ], [ 73.055700766283522, 33.718553309694336 ], [ 73.05570344827585, 33.718553309694343 ], [ 73.05570344827585, 33.718555540774602 ], [ 73.055711494252861, 33.718555540774595 ], [ 73.055711494252861, 33.718557771854798 ], [ 73.055714176245203, 33.718557771854798 ], [ 73.055714176245203, 33.718560002934943 ], [ 73.055719540229873, 33.71856000293495 ], [ 73.055719540229873, 33.718562234015018 ], [ 73.055722222222215, 33.71856223401501 ], [ 73.055722222222215, 33.718564465095056 ], [ 73.055730268199227, 33.718564465095056 ], [ 73.055730268199227, 33.718568927254928 ], [ 73.055735632183911, 33.718568927254921 ], [ 73.055735632183911, 33.718584544812686 ], [ 73.055732950191569, 33.718584544812686 ], [ 73.055732950191569, 33.71858900697152 ], [ 73.055730268199227, 33.71858900697152 ], [ 73.055730268199227, 33.718591238050848 ], [ 73.055727586206899, 33.718591238050841 ], [ 73.055727586206899, 33.718593469130106 ], [ 73.055722222222215, 33.718593469130113 ], [ 73.055722222222215, 33.718595700209342 ], [ 73.055719540229873, 33.718595700209335 ], [ 73.055719540229873, 33.718597931288507 ], [ 73.055714176245203, 33.718597931288485 ], [ 73.055714176245203, 33.718600162367593 ], [ 73.055695402298838, 33.718600162367593 ] ] ] } },
{ "type": "Feature", "properties": { "value": 255, "area_m2": 42.877422091175795 }, "geometry": { "type": "Polygon", "coordinates": [ [ [ 73.059350957854392, 33.718611317762203 ], [ 73.059350957854392, 33.718609086683401 ], [ 73.059345593869722, 33.718609086683401 ], [ 73.059345593869722, 33.718606855604534 ], [ 73.05933754789271, 33.718606855604534 ], [ 73.05933754789271, 33.718604624525625 ], [ 73.059334865900368, 33.718604624525625 ], [ 73.059334865900368, 33.718602393446631 ], [ 73.059332183908026, 33.718602393446616 ], [ 73.059332183908026, 33.718600162367593 ], [ 73.059326819923356, 33.718600162367586 ], [ 73.059326819923356, 33.718597931288492 ], [ 73.059324137931029, 33.7185979312885 ], [ 73.059324137931029, 33.718595700209335 ], [ 73.059321455938687, 33.718595700209342 ], [ 73.059321455938687, 33.718593469130113 ], [ 73.059318773946359, 33.71859346913012 ], [ 73.059318773946359, 33.718591238050848 ], [ 73.059310727969347, 33.718591238050855 ], [ 73.059310727969347, 33.718589006971513 ], [ 73.059308045977005, 33.718589006971527 ], [ 73.059308045977005, 33.718586775892128 ], [ 73.059302681992335, 33.718586775892128 ], [ 73.059302681992335, 33.718584544812686 ], [ 73.0593, 33.718584544812686 ], [ 73.0593, 33.718582313733172 ], [ 73.059297318007665, 33.718582313733179 ], [ 73.059297318007665, 33.71857562049432 ], [ 73.059294636015323, 33.718575620494313 ], [ 73.059294636015323, 33.718564465095056 ], [ 73.059297318007665, 33.718564465095056 ], [ 73.059297318007665, 33.71855777185479 ], [ 73.0593, 33.718557771854798 ], [ 73.0593, 33.718553309694343 ], [ 73.059302681992335, 33.718553309694343 ], [ 73.059302681992335, 33.71855107861402 ], [ 73.059305363984677, 33.718551078614013 ], [ 73.059305363984677, 33.718548847533647 ], [ 73.059308045977005, 33.718548847533654 ], [ 73.059308045977005, 33.718542154292166 ], [ 73.059313409961689, 33.71854215429218 ], [ 73.059313409961689, 33.718537692130901 ], [ 73.059316091954017, 33.718537692130894 ], [ 73.059316091954017, 33.718533229969402 ], [ 73.059321455938687, 33.718533229969395 ], [ 73.059321455938687, 33.718530998888554 ], [ 73.059332183908026, 33.718530998888554 ], [ 73.059332183908026, 33.718533229969388 ], [ 73.059334865900368, 33.718533229969395 ], [ 73.059334865900368, 33.718535461050173 ], [ 73.059340229885038, 33.71853546105018 ], [ 73.059340229885038, 33.718537692130909 ], [ 73.05934827586205, 33.718537692130894 ], [ 73.05934827586205, 33.718539923211566 ], [ 73.059353639846734, 33.718539923211573 ], [ 73.059353639846734, 33.718544385372716 ], [ 73.059350957854392, 33.718544385372716 ], [ 73.059350957854392, 33.718546616453224 ], [ 73.059356321839076, 33.718546616453217 ], [ 73.059356321839076, 33.718553309694336 ], [ 73.059359003831403, 33.71855330969435 ], [ 73.059359003831403, 33.718555540774595 ], [ 73.059364367816087, 33.718555540774602 ], [ 73.059364367816087, 33.718557771854798 ], [ 73.059369731800757, 33.718557771854798 ], [ 73.059369731800757, 33.718564465095056 ], [ 73.059372413793099, 33.718564465095049 ], [ 73.059372413793099, 33.718582313733179 ], [ 73.059369731800757, 33.718582313733179 ], [ 73.059369731800757, 33.718589006971513 ], [ 73.059367049808429, 33.71858900697152 ], [ 73.059367049808429, 33.718604624525625 ], [ 73.059364367816087, 33.718604624525625 ], [ 73.059364367816087, 33.718606855604534 ], [ 73.059361685823745, 33.718606855604534 ], [ 73.059361685823745, 33.718609086683408 ], [ 73.059353639846734, 33.718609086683401 ], [ 73.059353639846734, 33.718611317762218 ], [ 73.059350957854392, 33.718611317762203 ] ] ] } },
{ "type": "Feature", "properties": { "value": 255, "area_m2": 65.884851887972829 }, "geometry": { "type": "Polygon", "coordinates": [ [ [ 73.058844061302679, 33.718622473155385 ], [ 73.058844061302679, 33.718620242076874 ], [ 73.058841379310337, 33.718620242076881 ], [ 73.058841379310337, 33.71861131776221 ], [ 73.058838697317995, 33.71861131776221 ], [ 73.058838697317995, 33.718595700209342 ], [ 73.058841379310337, 33.718595700209335 ], [ 73.058841379310337, 33.718582313733179 ], [ 73.058844061302679, 33.718582313733179 ], [ 73.058844061302679, 33.718577851573983 ], [ 73.058846743295007, 33.71857785157399 ], [ 73.058846743295007, 33.718573389414587 ], [ 73.058849425287349, 33.71857338941458 ], [ 73.058849425287349, 33.718568927254928 ], [ 73.058852107279691, 33.718568927254935 ], [ 73.058852107279691, 33.718564465095049 ], [ 73.058854789272019, 33.718564465095056 ], [ 73.058854789272019, 33.718557771854798 ], [ 73.058857471264361, 33.718557771854798 ], [ 73.058857471264361, 33.718555540774595 ], [ 73.058860153256703, 33.718555540774602 ], [ 73.058860153256703, 33.71855107861402 ], [ 73.05886283524903, 33.718551078614006 ], [ 73.05886283524903, 33.718546616453217 ], [ 73.058865517241372, 33.718546616453217 ], [ 73.058865517241372, 33.718542154292173 ], [ 73.058868199233714, 33.718542154292166 ], [ 73.058868199233714, 33.718537692130894 ], [ 73.058870881226042, 33.718537692130901 ], [ 73.058870881226042, 33.718535461050173 ], [ 73.058873563218398, 33.71853546105018 ], [ 73.058873563218398, 33.718530998888561 ], [ 73.058876245210726, 33.718530998888568 ], [ 73.058876245210726, 33.718526536726721 ], [ 73.058878927203054, 33.718526536726699 ], [ 73.058878927203054, 33.718524305645701 ], [ 73.05888160919541, 33.718524305645694 ], [ 73.05888160919541, 33.718522074564632 ], [ 73.058884291187738, 33.718522074564632 ], [ 73.058884291187738, 33.718519843483499 ], [ 73.058886973180066, 33.718519843483492 ], [ 73.058886973180066, 33.718515381321069 ], [ 73.058892337164735, 33.718515381321062 ], [ 73.058892337164735, 33.718513150239772 ], [ 73.058908429118759, 33.718513150239765 ], [ 73.058908429118759, 33.718515381321062 ], [ 73.058911111111101, 33.718515381321062 ], [ 73.058911111111101, 33.718517612402309 ], [ 73.058913793103443, 33.718517612402316 ], [ 73.058913793103443, 33.718519843483499 ], [ 73.058919157088113, 33.718519843483499 ], [ 73.058919157088113, 33.718522074564632 ], [ 73.058921839080455, 33.718522074564632 ], [ 73.058921839080455, 33.718524305645701 ], [ 73.058927203065124, 33.718524305645701 ], [ 73.058927203065124, 33.718526536726714 ], [ 73.058932567049794, 33.718526536726706 ], [ 73.058932567049794, 33.718528767807655 ], [ 73.058935249042136, 33.718528767807655 ], [ 73.058935249042136, 33.718530998888561 ], [ 73.058940613026806, 33.718530998888554 ], [ 73.058940613026806, 33.718533229969395 ], [ 73.058943295019162, 33.718533229969395 ], [ 73.058943295019162, 33.718546616453217 ], [ 73.058940613026806, 33.718546616453217 ], [ 73.058940613026806, 33.718548847533654 ], [ 73.058937931034478, 33.718548847533647 ], [ 73.058937931034478, 33.718555540774588 ], [ 73.058935249042136, 33.718555540774595 ], [ 73.058935249042136, 33.718557771854783 ], [ 73.058932567049794, 33.71855777185479 ], [ 73.058932567049794, 33.718560002934943 ], [ 73.058929885057466, 33.718560002934943 ], [ 73.058929885057466, 33.718564465095056 ], [ 73.058927203065124, 33.718564465095056 ], [ 73.058927203065124, 33.718566696175017 ], [ 73.058924521072782, 33.718566696175017 ], [ 73.058924521072782, 33.718568927254928 ], [ 73.058921839080455, 33.718568927254928 ], [ 73.058921839080455, 33.718573389414587 ], [ 73.058919157088113, 33.718573389414594 ], [ 73.058919157088113, 33.71858008265361 ], [ 73.058916475095771, 33.718580082653617 ], [ 73.058916475095771, 33.718582313733179 ], [ 73.058911111111101, 33.718582313733179 ], [ 73.058911111111101, 33.718584544812686 ], [ 73.058908429118759, 33.718584544812686 ], [ 73.058908429118759, 33.71858900697152 ], [ 73.058905747126431, 33.71858900697152 ], [ 73.058905747126431, 33.718591238050841 ], [ 73.058900383141747, 33.718591238050848 ], [ 73.058900383141747, 33.71859346913012 ], [ 73.058897701149419, 33.718593469130127 ], [ 73.058897701149419, 33.718597931288492 ], [ 73.058900383141747, 33.7185979312885 ], [ 73.058900383141747, 33.718600162367601 ], [ 73.058903065134089, 33.718600162367593 ], [ 73.058903065134089, 33.718602393446631 ], [ 73.058900383141747, 33.718602393446631 ], [ 73.058900383141747, 33.718604624525618 ], [ 73.058897701149419, 33.718604624525625 ], [ 73.058897701149419, 33.718606855604534 ], [ 73.058895019157077, 33.718606855604534 ], [ 73.058895019157077, 33.718609086683415 ], [ 73.058868199233714, 33.718609086683401 ], [ 73.058868199233714, 33.71861131776221 ], [ 73.058865517241372, 33.718611317762203 ], [ 73.058865517241372, 33.718613548840978 ], [ 73.05886283524903, 33.718613548840963 ], [ 73.05886283524903, 33.718615779919659 ], [ 73.058857471264361, 33.718615779919659 ], [ 73.058857471264361, 33.718618010998298 ], [ 73.058854789272019, 33.718618010998291 ], [ 73.058854789272019, 33.718620242076881 ], [ 73.058846743295007, 33.718620242076874 ], [ 73.058846743295007, 33.718622473155399 ], [ 73.058844061302679, 33.718622473155385 ] ] ] } },
{ "type": "Feature", "properties": { "value": 255, "area_m2": 46.322467747719202 }, "geometry": { "type": "Polygon", "coordinates": [ [ [ 73.057685440613014, 33.718591238050848 ], [ 73.057685440613014, 33.718589006971513 ], [ 73.057677394636002, 33.718589006971527 ], [ 73.057677394636002, 33.718586775892128 ], [ 73.057672030651347, 33.718586775892128 ], [ 73.057672030651347, 33.718584544812686 ], [ 73.057669348659005, 33.718584544812686 ], [ 73.057669348659005, 33.718582313733179 ], [ 73.057666666666663, 33.718582313733179 ], [ 73.057666666666663, 33.71858008265361 ], [ 73.057663984674335, 33.71858008265361 ], [ 73.057663984674335, 33.718577851573983 ], [ 73.057661302681993, 33.71857785157399 ], [ 73.057661302681993, 33.718575620494306 ], [ 73.057655938697323, 33.718575620494313 ], [ 73.057655938697323, 33.71857338941458 ], [ 73.057653256704981, 33.71857338941458 ], [ 73.057653256704981, 33.718571158334782 ], [ 73.057650574712639, 33.718571158334782 ], [ 73.057650574712639, 33.718568927254928 ], [ 73.057647892720311, 33.718568927254935 ], [ 73.057647892720311, 33.718566696175017 ], [ 73.057642528735627, 33.718566696175003 ], [ 73.057642528735627, 33.718564465095056 ], [ 73.057639846743299, 33.718564465095056 ], [ 73.057639846743299, 33.718562234015025 ], [ 73.057637164750957, 33.718562234015018 ], [ 73.057637164750957, 33.71856000293495 ], [ 73.057631800766288, 33.71856000293495 ], [ 73.057631800766288, 33.71855777185479 ], [ 73.057626436781604, 33.718557771854798 ], [ 73.057626436781604, 33.718555540774602 ], [ 73.05762107279692, 33.718555540774588 ], [ 73.05762107279692, 33.718553309694336 ], [ 73.057618390804592, 33.718553309694336 ], [ 73.057618390804592, 33.718551078614013 ], [ 73.05761570881225, 33.718551078614013 ], [ 73.05761570881225, 33.71854884753364 ], [ 73.057613026819908, 33.718548847533647 ], [ 73.057613026819908, 33.718546616453217 ], [ 73.05761034482758, 33.71854661645321 ], [ 73.05761034482758, 33.718544385372709 ], [ 73.057607662835238, 33.718544385372716 ], [ 73.057607662835238, 33.71853992321158 ], [ 73.057604980842896, 33.718539923211573 ], [ 73.057604980842896, 33.718522074564632 ], [ 73.057607662835238, 33.718522074564625 ], [ 73.057607662835238, 33.718515381321069 ], [ 73.05761034482758, 33.718515381321069 ], [ 73.05761034482758, 33.718513150239765 ], [ 73.05761570881225, 33.718513150239758 ], [ 73.05761570881225, 33.718510919158412 ], [ 73.057631800766288, 33.718510919158412 ], [ 73.057631800766288, 33.718513150239758 ], [ 73.057634482758615, 33.718513150239758 ], [ 73.057634482758615, 33.718515381321069 ], [ 73.057645210727969, 33.718515381321069 ], [ 73.057645210727969, 33.718517612402316 ], [ 73.057650574712639, 33.718517612402316 ], [ 73.057650574712639, 33.718515381321062 ], [ 73.057653256704981, 33.718515381321069 ], [ 73.057653256704981, 33.718519843483485 ], [ 73.057655938697323, 33.718519843483485 ], [ 73.057655938697323, 33.718522074564625 ], [ 73.057666666666663, 33.718522074564632 ], [ 73.057666666666663, 33.718524305645694 ], [ 73.057672030651347, 33.718524305645694 ], [ 73.057672030651347, 33.718528767807648 ], [ 73.057677394636002, 33.718528767807648 ], [ 73.057677394636002, 33.718530998888561 ], [ 73.057680076628344, 33.718530998888568 ], [ 73.057680076628344, 33.718537692130894 ], [ 73.057682758620672, 33.718537692130894 ], [ 73.057682758620672, 33.718542154292166 ], [ 73.057685440613014, 33.718542154292173 ], [ 73.057685440613014, 33.718544385372724 ], [ 73.057688122605356, 33.718544385372709 ], [ 73.057688122605356, 33.718546616453217 ], [ 73.057690804597684, 33.718546616453224 ], [ 73.057690804597684, 33.718548847533654 ], [ 73.057693486590026, 33.718548847533647 ], [ 73.057693486590026, 33.71855107861402 ], [ 73.057696168582368, 33.71855107861402 ], [ 73.057696168582368, 33.718555540774595 ], [ 73.057698850574695, 33.718555540774595 ], [ 73.057698850574695, 33.718564465095049 ], [ 73.057701532567037, 33.718564465095056 ], [ 73.057701532567037, 33.71857115833479 ], [ 73.057704214559379, 33.718571158334782 ], [ 73.057704214559379, 33.71858008265361 ], [ 73.057701532567037, 33.718580082653617 ], [ 73.057701532567037, 33.718586775892135 ], [ 73.057698850574695, 33.718586775892128 ], [ 73.057698850574695, 33.718589006971513 ], [ 73.057696168582368, 33.71858900697152 ], [ 73.057696168582368, 33.718591238050848 ], [ 73.057685440613014, 33.718591238050848 ] ] ] } },
{ "type": "Feature", "properties": { "value": 255, "area_m2": 31.681384499370136 }, "geometry": { "type": "Polygon", "coordinates": [ [ [ 73.05774712643678, 33.718560002934943 ], [ 73.05774712643678, 33.71855777185479 ], [ 73.05774176245211, 33.718557771854798 ], [ 73.05774176245211, 33.718553309694336 ], [ 73.057733716475099, 33.718553309694343 ], [ 73.057733716475099, 33.718551078614027 ], [ 73.057728352490415, 33.71855107861402 ], [ 73.057728352490415, 33.71854661645321 ], [ 73.057725670498087, 33.718546616453217 ], [ 73.057725670498087, 33.718533229969395 ], [ 73.057728352490415, 33.718533229969388 ], [ 73.057728352490415, 33.718530998888568 ], [ 73.057731034482757, 33.718530998888554 ], [ 73.057731034482757, 33.718526536726714 ], [ 73.057733716475099, 33.718526536726714 ], [ 73.057733716475099, 33.718524305645701 ], [ 73.057736398467426, 33.718524305645694 ], [ 73.057736398467426, 33.718522074564632 ], [ 73.057739080459768, 33.718522074564625 ], [ 73.057739080459768, 33.718517612402316 ], [ 73.05774176245211, 33.718517612402316 ], [ 73.05774176245211, 33.718515381321069 ], [ 73.057744444444438, 33.718515381321062 ], [ 73.057744444444438, 33.718513150239765 ], [ 73.05774712643678, 33.718513150239751 ], [ 73.05774712643678, 33.718508688076994 ], [ 73.057749808429122, 33.718508688076994 ], [ 73.057749808429122, 33.718506456995513 ], [ 73.05775249042145, 33.718506456995513 ], [ 73.05775249042145, 33.71850199483238 ], [ 73.057755172413792, 33.71850199483238 ], [ 73.057755172413792, 33.718499763750735 ], [ 73.057757854406134, 33.718499763750735 ], [ 73.057757854406134, 33.718497532669033 ], [ 73.057760536398462, 33.718497532669033 ], [ 73.057760536398462, 33.718495301587254 ], [ 73.057763218390804, 33.718495301587268 ], [ 73.057763218390804, 33.718490839423538 ], [ 73.057765900383131, 33.718490839423538 ], [ 73.057765900383131, 33.718488608341616 ], [ 73.057768582375459, 33.718488608341623 ], [ 73.057768582375459, 33.718486377259609 ], [ 73.057776628352485, 33.718486377259609 ], [ 73.057776628352485, 33.718488608341616 ], [ 73.057779310344813, 33.718488608341623 ], [ 73.057779310344813, 33.718486377259616 ], [ 73.057781992337155, 33.718486377259623 ], [ 73.057781992337155, 33.718488608341623 ], [ 73.057790038314167, 33.718488608341609 ], [ 73.057790038314167, 33.718490839423552 ], [ 73.057792720306509, 33.718490839423538 ], [ 73.057792720306509, 33.718493070505431 ], [ 73.057795402298837, 33.718493070505438 ], [ 73.057795402298837, 33.718495301587247 ], [ 73.057798084291178, 33.718495301587261 ], [ 73.057798084291178, 33.718504225913982 ], [ 73.057795402298837, 33.718504225913982 ], [ 73.057795402298837, 33.718510919158412 ], [ 73.057792720306509, 33.718510919158412 ], [ 73.057792720306509, 33.718515381321069 ], [ 73.057790038314167, 33.718515381321069 ], [ 73.057790038314167, 33.718519843483492 ], [ 73.057787356321825, 33.718519843483485 ], [ 73.057787356321825, 33.718524305645701 ], [ 73.057784674329497, 33.718524305645701 ], [ 73.057784674329497, 33.718528767807655 ], [ 73.057781992337155, 33.718528767807648 ], [ 73.057781992337155, 33.718533229969388 ], [ 73.057779310344813, 33.718533229969395 ], [ 73.057779310344813, 33.718537692130901 ], [ 73.057776628352485, 33.718537692130901 ], [ 73.057776628352485, 33.718542154292173 ], [ 73.057773946360143, 33.718542154292166 ], [ 73.057773946360143, 33.718546616453217 ], [ 73.057771264367801, 33.718546616453217 ], [ 73.057771264367801, 33.718548847533654 ], [ 73.057768582375459, 33.718548847533654 ], [ 73.057768582375459, 33.718553309694343 ], [ 73.057765900383131, 33.718553309694336 ], [ 73.057765900383131, 33.718555540774588 ], [ 73.057763218390804, 33.718555540774602 ], [ 73.057763218390804, 33.71855777185479 ], [ 73.057757854406134, 33.718557771854798 ], [ 73.057757854406134, 33.718560002934943 ], [ 73.05774712643678, 33.718560002934943 ] ] ] } },
{ "type": "Feature", "properties": { "value": 255, "area_m2": 28.420972852930213 }, "geometry": { "type": "Polygon", "coordinates": [ [ [ 73.058463218390784, 33.718524305645694 ], [ 73.058463218390784, 33.718522074564618 ], [ 73.058457854406129, 33.718522074564632 ], [ 73.058457854406129, 33.718519843483499 ], [ 73.058449808429117, 33.718519843483499 ], [ 73.058449808429117, 33.718517612402316 ], [ 73.058447126436775, 33.718517612402316 ], [ 73.058447126436775, 33.718515381321069 ], [ 73.058441762452105, 33.718515381321069 ], [ 73.058441762452105, 33.718513150239765 ], [ 73.058436398467435, 33.718513150239758 ], [ 73.058436398467435, 33.718510919158412 ], [ 73.058433716475093, 33.718510919158398 ], [ 73.058433716475093, 33.718508688076994 ], [ 73.058428352490424, 33.718508688077002 ], [ 73.058428352490424, 33.718506456995513 ], [ 73.05842298850574, 33.718506456995513 ], [ 73.05842298850574, 33.718504225913989 ], [ 73.05841762452107, 33.718504225913982 ], [ 73.05841762452107, 33.718501994832366 ], [ 73.058414942528728, 33.71850199483238 ], [ 73.058414942528728, 33.718499763750735 ], [ 73.0584122605364, 33.718499763750735 ], [ 73.0584122605364, 33.718484146177552 ], [ 73.058414942528728, 33.718484146177566 ], [ 73.058414942528728, 33.718479684013275 ], [ 73.05841762452107, 33.718479684013268 ], [ 73.05841762452107, 33.718477452931047 ], [ 73.058420306513412, 33.71847745293104 ], [ 73.058420306513412, 33.718475221848763 ], [ 73.05842298850574, 33.718475221848756 ], [ 73.05842298850574, 33.718472990766415 ], [ 73.058425670498082, 33.718472990766415 ], [ 73.058425670498082, 33.71847075968401 ], [ 73.058428352490424, 33.71847075968401 ], [ 73.058428352490424, 33.718472990766408 ], [ 73.058439080459763, 33.718472990766415 ], [ 73.058439080459763, 33.718475221848763 ], [ 73.058444444444447, 33.718475221848763 ], [ 73.058444444444447, 33.718477452931047 ], [ 73.058465900383126, 33.71847745293104 ], [ 73.058465900383126, 33.718472990766415 ], [ 73.058473946360138, 33.718472990766408 ], [ 73.058473946360138, 33.718475221848763 ], [ 73.05848199233715, 33.71847522184877 ], [ 73.05848199233715, 33.718477452931054 ], [ 73.058487356321834, 33.718477452931047 ], [ 73.058487356321834, 33.718479684013268 ], [ 73.058490038314176, 33.718479684013275 ], [ 73.058490038314176, 33.718488608341609 ], [ 73.058487356321834, 33.718488608341616 ], [ 73.058487356321834, 33.718493070505431 ], [ 73.058484674329492, 33.718493070505438 ], [ 73.058484674329492, 33.718497532669026 ], [ 73.05848199233715, 33.718497532669033 ], [ 73.05848199233715, 33.718499763750735 ], [ 73.058479310344822, 33.718499763750728 ], [ 73.058479310344822, 33.71850199483238 ], [ 73.05848199233715, 33.71850199483238 ], [ 73.05848199233715, 33.718504225913982 ], [ 73.058479310344822, 33.718504225913982 ], [ 73.058479310344822, 33.718510919158405 ], [ 73.05847662835248, 33.718510919158412 ], [ 73.05847662835248, 33.718515381321062 ], [ 73.058473946360138, 33.718515381321069 ], [ 73.058473946360138, 33.718522074564625 ], [ 73.05847126436781, 33.718522074564632 ], [ 73.05847126436781, 33.718524305645708 ], [ 73.058463218390784, 33.718524305645694 ] ] ] } },
{ "type": "Feature", "properties": { "value": 255, "area_m2": 86.862267685974658 }, "geometry": { "type": "Polygon", "coordinates": [ [ [ 73.059160536398451, 33.71857115833479 ], [ 73.059160536398451, 33.718568927254928 ], [ 73.059157854406109, 33.718568927254935 ], [ 73.059157854406109, 33.718566696175017 ], [ 73.059149808429112, 33.71856669617501 ], [ 73.059149808429112, 33.718564465095056 ], [ 73.0591417624521, 33.718564465095056 ], [ 73.0591417624521, 33.718562234015025 ], [ 73.059133716475088, 33.718562234015025 ], [ 73.059133716475088, 33.71856000293495 ], [ 73.059128352490418, 33.718560002934943 ], [ 73.059128352490418, 33.71855777185479 ], [ 73.059125670498076, 33.71855777185479 ], [ 73.059125670498076, 33.718555540774595 ], [ 73.059120306513407, 33.718555540774595 ], [ 73.059120306513407, 33.718553309694336 ], [ 73.059117624521065, 33.718553309694336 ], [ 73.059117624521065, 33.718551078614013 ], [ 73.059122988505749, 33.71855107861402 ], [ 73.059122988505749, 33.718548847533654 ], [ 73.059120306513407, 33.718548847533654 ], [ 73.059120306513407, 33.718546616453217 ], [ 73.059117624521065, 33.71854661645321 ], [ 73.059117624521065, 33.71853992321158 ], [ 73.059114942528737, 33.71853992321158 ], [ 73.059114942528737, 33.718537692130901 ], [ 73.059112260536395, 33.718537692130894 ], [ 73.059112260536395, 33.718524305645694 ], [ 73.059114942528737, 33.718524305645694 ], [ 73.059114942528737, 33.718522074564625 ], [ 73.059117624521065, 33.718522074564632 ], [ 73.059117624521065, 33.718519843483492 ], [ 73.059120306513407, 33.718519843483492 ], [ 73.059120306513407, 33.718513150239765 ], [ 73.059122988505749, 33.718513150239758 ], [ 73.059122988505749, 33.718510919158405 ], [ 73.059128352490418, 33.718510919158405 ], [ 73.059128352490418, 33.718506456995513 ], [ 73.05913103448276, 33.718506456995513 ], [ 73.05913103448276, 33.718504225913975 ], [ 73.05913639846743, 33.718504225913989 ], [ 73.05913639846743, 33.718499763750735 ], [ 73.059139080459772, 33.718499763750735 ], [ 73.059139080459772, 33.718497532669026 ], [ 73.0591417624521, 33.718497532669033 ], [ 73.0591417624521, 33.718493070505431 ], [ 73.059144444444442, 33.718493070505431 ], [ 73.059144444444442, 33.718488608341623 ], [ 73.059147126436784, 33.718488608341616 ], [ 73.059147126436784, 33.71848191509546 ], [ 73.059149808429112, 33.718481915095452 ], [ 73.059149808429112, 33.718477452931047 ], [ 73.05915249042144, 33.71847745293104 ], [ 73.05915249042144, 33.71847522184877 ], [ 73.059160536398451, 33.718475221848763 ], [ 73.059160536398451, 33.718472990766415 ], [ 73.059168582375463, 33.718472990766408 ], [ 73.059168582375463, 33.718470759684003 ], [ 73.059176628352475, 33.718470759683996 ], [ 73.059176628352475, 33.718468528601548 ], [ 73.059187356321829, 33.718468528601548 ], [ 73.059187356321829, 33.71847075968401 ], [ 73.05919540229884, 33.718470759684003 ], [ 73.05919540229884, 33.718472990766408 ], [ 73.059200766283524, 33.718472990766415 ], [ 73.059200766283524, 33.718475221848749 ], [ 73.059206130268194, 33.718475221848763 ], [ 73.059206130268194, 33.718477452931033 ], [ 73.059208812260536, 33.71847745293104 ], [ 73.059208812260536, 33.718479684013275 ], [ 73.059214176245206, 33.718479684013268 ], [ 73.059214176245206, 33.718481915095452 ], [ 73.059230268199229, 33.718481915095452 ], [ 73.059230268199229, 33.718479684013275 ], [ 73.059232950191571, 33.718479684013275 ], [ 73.059232950191571, 33.718481915095452 ], [ 73.059238314176241, 33.71848191509546 ], [ 73.059238314176241, 33.718484146177552 ], [ 73.059240996168569, 33.718484146177552 ], [ 73.059240996168569, 33.718488608341623 ], [ 73.059238314176241, 33.718488608341609 ], [ 73.059238314176241, 33.718490839423545 ], [ 73.059240996168569, 33.718490839423545 ], [ 73.059240996168569, 33.718493070505438 ], [ 73.059238314176241, 33.718493070505438 ], [ 73.059238314176241, 33.718499763750728 ], [ 73.059235632183899, 33.718499763750735 ], [ 73.059235632183899, 33.718504225913982 ], [ 73.059232950191571, 33.718504225913989 ], [ 73.059232950191571, 33.718508688077002 ], [ 73.059230268199229, 33.718508688077002 ], [ 73.059230268199229, 33.718510919158412 ], [ 73.059227586206902, 33.718510919158412 ], [ 73.059227586206902, 33.718517612402316 ], [ 73.05922490421456, 33.718517612402316 ], [ 73.05922490421456, 33.718519843483492 ], [ 73.059222222222218, 33.718519843483499 ], [ 73.059222222222218, 33.718522074564632 ], [ 73.059219540229876, 33.718522074564632 ], [ 73.059219540229876, 33.718526536726706 ], [ 73.059216858237548, 33.718526536726706 ], [ 73.059216858237548, 33.718530998888561 ], [ 73.059214176245206, 33.718530998888561 ], [ 73.059214176245206, 33.718535461050173 ], [ 73.059211494252864, 33.718535461050173 ], [ 73.059211494252864, 33.718542154292166 ], [ 73.059208812260536, 33.718542154292173 ], [ 73.059208812260536, 33.718546616453217 ], [ 73.059206130268194, 33.71854661645321 ], [ 73.059206130268194, 33.718548847533647 ], [ 73.059203448275852, 33.718548847533654 ], [ 73.059203448275852, 33.718551078614013 ], [ 73.059200766283524, 33.718551078614027 ], [ 73.059200766283524, 33.718553309694343 ], [ 73.059198084291182, 33.718553309694336 ], [ 73.059198084291182, 33.718555540774595 ], [ 73.059192720306513, 33.718555540774595 ], [ 73.059192720306513, 33.718560002934943 ], [ 73.059190038314171, 33.71856000293495 ], [ 73.059190038314171, 33.718562234015032 ], [ 73.059187356321829, 33.718562234015018 ], [ 73.059187356321829, 33.718564465095056 ], [ 73.059184674329501, 33.718564465095056 ], [ 73.059184674329501, 33.718566696175017 ], [ 73.059181992337159, 33.71856669617501 ], [ 73.059181992337159, 33.718568927254921 ], [ 73.059176628352475, 33.718568927254928 ], [ 73.059176628352475, 33.71857115833479 ], [ 73.059160536398451, 33.71857115833479 ] ] ] } },
{ "type": "Feature", "properties": { "value": 255, "area_m2": 41.216642840499183 }, "geometry": { "type": "Polygon", "coordinates": [ [ [ 73.056111111111107, 33.71853546105018 ], [ 73.056111111111107, 33.718533229969395 ], [ 73.05610306513411, 33.718533229969388 ], [ 73.05610306513411, 33.718530998888561 ], [ 73.056100383141754, 33.718530998888554 ], [ 73.056100383141754, 33.718528767807655 ], [ 73.056097701149426, 33.718528767807662 ], [ 73.056097701149426, 33.718526536726714 ], [ 73.056095019157098, 33.718526536726714 ], [ 73.056095019157098, 33.718524305645701 ], [ 73.056092337164742, 33.718524305645694 ], [ 73.056092337164742, 33.718522074564625 ], [ 73.056089655172414, 33.718522074564632 ], [ 73.056089655172414, 33.718519843483499 ], [ 73.056086973180072, 33.718519843483492 ], [ 73.056086973180072, 33.718515381321069 ], [ 73.05608429118773, 33.718515381321069 ], [ 73.05608429118773, 33.718513150239758 ], [ 73.056081609195402, 33.718513150239765 ], [ 73.056081609195402, 33.718506456995513 ], [ 73.05607892720306, 33.718506456995513 ], [ 73.05607892720306, 33.718497532669026 ], [ 73.056076245210718, 33.718497532669019 ], [ 73.056076245210718, 33.718486377259616 ], [ 73.05607892720306, 33.718486377259623 ], [ 73.05607892720306, 33.71848191509546 ], [ 73.056081609195402, 33.718481915095452 ], [ 73.056081609195402, 33.71847745293104 ], [ 73.05608429118773, 33.71847745293104 ], [ 73.05608429118773, 33.718475221848763 ], [ 73.056086973180072, 33.718475221848763 ], [ 73.056086973180072, 33.718472990766415 ], [ 73.056089655172414, 33.718472990766415 ], [ 73.056089655172414, 33.71847075968401 ], [ 73.056092337164742, 33.71847075968401 ], [ 73.056092337164742, 33.718468528601541 ], [ 73.056095019157098, 33.718468528601548 ], [ 73.056095019157098, 33.718466297519029 ], [ 73.056097701149426, 33.718466297519029 ], [ 73.056097701149426, 33.718464066436454 ], [ 73.056100383141754, 33.718464066436447 ], [ 73.056100383141754, 33.718459604271118 ], [ 73.05610306513411, 33.718459604271118 ], [ 73.05610306513411, 33.718457373188365 ], [ 73.056105747126438, 33.718457373188372 ], [ 73.056105747126438, 33.718455142105547 ], [ 73.056127203065131, 33.718455142105547 ], [ 73.056127203065131, 33.718457373188365 ], [ 73.056129885057459, 33.718457373188365 ], [ 73.056129885057459, 33.718459604271111 ], [ 73.056135249042143, 33.718459604271111 ], [ 73.056135249042143, 33.718461835353807 ], [ 73.056137931034471, 33.718461835353814 ], [ 73.056137931034471, 33.718466297519029 ], [ 73.056140613026813, 33.718466297519015 ], [ 73.056140613026813, 33.71847075968401 ], [ 73.056143295019154, 33.71847075968401 ], [ 73.056143295019154, 33.718486377259623 ], [ 73.056145977011482, 33.718486377259616 ], [ 73.056145977011482, 33.718499763750735 ], [ 73.056143295019154, 33.718499763750735 ], [ 73.056143295019154, 33.718506456995527 ], [ 73.056140613026813, 33.718506456995513 ], [ 73.056140613026813, 33.718510919158405 ], [ 73.056137931034471, 33.718510919158412 ], [ 73.056137931034471, 33.718515381321069 ], [ 73.056135249042143, 33.718515381321069 ], [ 73.056135249042143, 33.718517612402309 ], [ 73.056132567049801, 33.718517612402302 ], [ 73.056132567049801, 33.718519843483492 ], [ 73.056129885057459, 33.718519843483499 ], [ 73.056129885057459, 33.718524305645694 ], [ 73.056127203065131, 33.718524305645687 ], [ 73.056127203065131, 33.718528767807648 ], [ 73.056124521072789, 33.718528767807662 ], [ 73.056124521072789, 33.718530998888561 ], [ 73.056121839080447, 33.718530998888561 ], [ 73.056121839080447, 33.718533229969388 ], [ 73.056119157088119, 33.718533229969395 ], [ 73.056119157088119, 33.718535461050173 ], [ 73.056111111111107, 33.71853546105018 ] ] ] } },
{ "type": "Feature", "properties": { "value": 255, "area_m2": 79.849381687839568 }, "geometry": { "type": "Polygon", "coordinates": [ [ [ 73.058610727969352, 33.71855107861402 ], [ 73.058610727969352, 33.718548847533654 ], [ 73.058605363984668, 33.718548847533647 ], [ 73.058605363984668, 33.718546616453224 ], [ 73.058597318007656, 33.718546616453224 ], [ 73.058597318007656, 33.718544385372724 ], [ 73.058594636015314, 33.718544385372724 ], [ 73.058594636015314, 33.718542154292173 ], [ 73.058591954022987, 33.718542154292166 ], [ 73.058591954022987, 33.718539923211573 ], [ 73.058586590038303, 33.718539923211573 ], [ 73.058586590038303, 33.718537692130901 ], [ 73.058583908045975, 33.718537692130901 ], [ 73.058583908045975, 33.718535461050173 ], [ 73.058581226053633, 33.718535461050173 ], [ 73.058581226053633, 33.718533229969395 ], [ 73.058575862068963, 33.718533229969388 ], [ 73.058575862068963, 33.718530998888561 ], [ 73.058573180076621, 33.718530998888561 ], [ 73.058573180076621, 33.718526536726714 ], [ 73.058570498084279, 33.718526536726714 ], [ 73.058570498084279, 33.718519843483499 ], [ 73.058567816091937, 33.718519843483492 ], [ 73.058567816091937, 33.718515381321069 ], [ 73.058565134099609, 33.718515381321062 ], [ 73.058565134099609, 33.718513150239765 ], [ 73.058562452107267, 33.718513150239765 ], [ 73.058562452107267, 33.718510919158405 ], [ 73.058559770114925, 33.718510919158405 ], [ 73.058559770114925, 33.718508688076987 ], [ 73.058557088122598, 33.718508688077002 ], [ 73.058557088122598, 33.718506456995513 ], [ 73.058554406130256, 33.718506456995513 ], [ 73.058554406130256, 33.718504225913975 ], [ 73.058551724137914, 33.718504225913975 ], [ 73.058551724137914, 33.718501994832366 ], [ 73.058549042145586, 33.718501994832366 ], [ 73.058549042145586, 33.718499763750735 ], [ 73.058543678160916, 33.718499763750735 ], [ 73.058543678160916, 33.718497532669041 ], [ 73.058538314176246, 33.718497532669033 ], [ 73.058538314176246, 33.718495301587261 ], [ 73.058535632183904, 33.718495301587268 ], [ 73.058535632183904, 33.718493070505438 ], [ 73.058530268199235, 33.718493070505431 ], [ 73.058530268199235, 33.718490839423545 ], [ 73.058527586206893, 33.718490839423552 ], [ 73.058527586206893, 33.718488608341623 ], [ 73.058524904214551, 33.718488608341609 ], [ 73.058524904214551, 33.718470759684017 ], [ 73.058527586206893, 33.718470759684003 ], [ 73.058527586206893, 33.718468528601548 ], [ 73.058530268199235, 33.718468528601541 ], [ 73.058530268199235, 33.718464066436447 ], [ 73.058532950191577, 33.718464066436454 ], [ 73.058532950191577, 33.7184618353538 ], [ 73.058535632183904, 33.718461835353807 ], [ 73.058535632183904, 33.718457373188365 ], [ 73.058540996168574, 33.718457373188365 ], [ 73.058540996168574, 33.718455142105555 ], [ 73.058543678160916, 33.718455142105555 ], [ 73.058543678160916, 33.718457373188372 ], [ 73.058546360153244, 33.718457373188365 ], [ 73.058546360153244, 33.718455142105562 ], [ 73.058549042145586, 33.718455142105555 ], [ 73.058549042145586, 33.718452911022688 ], [ 73.058551724137914, 33.718452911022688 ], [ 73.058551724137914, 33.718455142105562 ], [ 73.058554406130256, 33.718455142105562 ], [ 73.058554406130256, 33.718457373188372 ], [ 73.058562452107267, 33.718457373188365 ], [ 73.058562452107267, 33.718464066436454 ], [ 73.058565134099609, 33.718464066436454 ], [ 73.058565134099609, 33.718466297519029 ], [ 73.058567816091937, 33.718466297519029 ], [ 73.058567816091937, 33.718468528601541 ], [ 73.058573180076621, 33.718468528601555 ], [ 73.058573180076621, 33.71847075968401 ], [ 73.058575862068963, 33.718470759684003 ], [ 73.058575862068963, 33.718475221848763 ], [ 73.058581226053633, 33.718475221848763 ], [ 73.058581226053633, 33.718477452931047 ], [ 73.058589272030645, 33.718477452931047 ], [ 73.058589272030645, 33.718479684013261 ], [ 73.058591954022987, 33.718479684013282 ], [ 73.058591954022987, 33.718477452931033 ], [ 73.058597318007656, 33.718477452931047 ], [ 73.058597318007656, 33.71847522184877 ], [ 73.058610727969352, 33.718475221848763 ], [ 73.058610727969352, 33.71847745293104 ], [ 73.058637547892701, 33.71847745293104 ], [ 73.058637547892701, 33.71847522184877 ], [ 73.058642911877385, 33.71847522184877 ], [ 73.058642911877385, 33.718470759683996 ], [ 73.058645593869713, 33.718470759684017 ], [ 73.058645593869713, 33.718468528601548 ], [ 73.058650957854397, 33.718468528601541 ], [ 73.058650957854397, 33.718466297519029 ], [ 73.058661685823751, 33.718466297519029 ], [ 73.058661685823751, 33.718468528601541 ], [ 73.058664367816078, 33.718468528601541 ], [ 73.058664367816078, 33.71847075968401 ], [ 73.058672413793104, 33.71847075968401 ], [ 73.058672413793104, 33.718472990766415 ], [ 73.058675095785432, 33.718472990766408 ], [ 73.058675095785432, 33.718486377259616 ], [ 73.058669731800762, 33.718486377259609 ], [ 73.058669731800762, 33.718490839423552 ], [ 73.05866704980842, 33.718490839423552 ], [ 73.05866704980842, 33.718495301587261 ], [ 73.058664367816078, 33.718495301587261 ], [ 73.058664367816078, 33.718499763750728 ], [ 73.058661685823751, 33.718499763750735 ], [ 73.058661685823751, 33.718504225913989 ], [ 73.058659003831409, 33.718504225913982 ], [ 73.058659003831409, 33.718506456995513 ], [ 73.058656321839067, 33.718506456995513 ], [ 73.058656321839067, 33.718510919158412 ], [ 73.058653639846725, 33.718510919158405 ], [ 73.058653639846725, 33.718513150239758 ], [ 73.058650957854397, 33.718513150239772 ], [ 73.058650957854397, 33.718517612402323 ], [ 73.058648275862055, 33.718517612402316 ], [ 73.058648275862055, 33.718519843483492 ], [ 73.058645593869713, 33.718519843483499 ], [ 73.058645593869713, 33.718524305645701 ], [ 73.058642911877385, 33.718524305645694 ], [ 73.058642911877385, 33.718526536726706 ], [ 73.058640229885043, 33.718526536726699 ], [ 73.058640229885043, 33.718530998888568 ], [ 73.058637547892701, 33.718530998888561 ], [ 73.058637547892701, 33.718533229969402 ], [ 73.058634865900373, 33.718533229969388 ], [ 73.058634865900373, 33.71853546105018 ], [ 73.058632183908031, 33.71853546105018 ], [ 73.058632183908031, 33.718537692130901 ], [ 73.058629501915703, 33.718537692130894 ], [ 73.058629501915703, 33.718546616453224 ], [ 73.058626819923376, 33.718546616453217 ], [ 73.058626819923376, 33.718548847533654 ], [ 73.058624137931034, 33.718548847533654 ], [ 73.058624137931034, 33.71855107861402 ], [ 73.058610727969352, 33.71855107861402 ] ] ] } },
{ "type": "Feature", "properties": { "value": 255, "area_m2": 26.452413878317056 }, "geometry": { "type": "Polygon", "coordinates": [ [ [ 73.059034482758619, 33.718517612402309 ], [ 73.059034482758619, 33.718515381321069 ], [ 73.05902911877395, 33.718515381321062 ], [ 73.05902911877395, 33.718513150239765 ], [ 73.059026436781608, 33.718513150239772 ], [ 73.059026436781608, 33.718510919158405 ], [ 73.059023754789266, 33.718510919158398 ], [ 73.059023754789266, 33.718508688076994 ], [ 73.059015708812254, 33.718508688077002 ], [ 73.059015708812254, 33.718504225913989 ], [ 73.059013026819926, 33.718504225913982 ], [ 73.059013026819926, 33.71850199483238 ], [ 73.05901034482757, 33.71850199483238 ], [ 73.05901034482757, 33.718490839423545 ], [ 73.059013026819926, 33.718490839423545 ], [ 73.059013026819926, 33.718484146177559 ], [ 73.059015708812254, 33.718484146177552 ], [ 73.059015708812254, 33.718468528601555 ], [ 73.059018390804582, 33.718468528601548 ], [ 73.059018390804582, 33.718466297519029 ], [ 73.059015708812254, 33.718466297519029 ], [ 73.059015708812254, 33.718464066436461 ], [ 73.059018390804582, 33.718464066436454 ], [ 73.059018390804582, 33.71845291102268 ], [ 73.059023754789266, 33.718452911022688 ], [ 73.059023754789266, 33.718450679939757 ], [ 73.059031800766277, 33.718450679939757 ], [ 73.059031800766277, 33.718452911022673 ], [ 73.059034482758619, 33.71845291102268 ], [ 73.059034482758619, 33.718455142105562 ], [ 73.059039846743289, 33.718455142105562 ], [ 73.059039846743289, 33.718457373188372 ], [ 73.059045210727973, 33.718457373188372 ], [ 73.059045210727973, 33.718459604271125 ], [ 73.059050574712643, 33.718459604271118 ], [ 73.059050574712643, 33.718466297519029 ], [ 73.059055938697313, 33.718466297519015 ], [ 73.059055938697313, 33.718468528601555 ], [ 73.059058620689655, 33.718468528601548 ], [ 73.059058620689655, 33.71847075968401 ], [ 73.059061302681982, 33.71847075968401 ], [ 73.059061302681982, 33.718472990766415 ], [ 73.059063984674324, 33.718472990766415 ], [ 73.059063984674324, 33.718495301587254 ], [ 73.059061302681982, 33.718495301587261 ], [ 73.059061302681982, 33.718499763750735 ], [ 73.059058620689655, 33.718499763750735 ], [ 73.059058620689655, 33.718504225913982 ], [ 73.059055938697313, 33.718504225913975 ], [ 73.059055938697313, 33.718506456995513 ], [ 73.059053256704985, 33.718506456995513 ], [ 73.059053256704985, 33.718508688077002 ], [ 73.059050574712643, 33.718508688076994 ], [ 73.059050574712643, 33.718513150239765 ], [ 73.059047892720301, 33.718513150239758 ], [ 73.059047892720301, 33.718515381321069 ], [ 73.059045210727973, 33.718515381321069 ], [ 73.059045210727973, 33.718517612402316 ], [ 73.059034482758619, 33.718517612402309 ] ] ] } },
{ "type": "Feature", "properties": { "value": 255, "area_m2": 33.157850379959136 }, "geometry": { "type": "Polygon", "coordinates": [ [ [ 73.057677394636002, 33.718490839423545 ], [ 73.057677394636002, 33.718488608341623 ], [ 73.057672030651347, 33.718488608341623 ], [ 73.057672030651347, 33.718484146177559 ], [ 73.057669348659005, 33.718484146177559 ], [ 73.057669348659005, 33.718475221848763 ], [ 73.057672030651347, 33.71847522184877 ], [ 73.057672030651347, 33.71847075968401 ], [ 73.057669348659005, 33.718470759684017 ], [ 73.057669348659005, 33.718468528601555 ], [ 73.057672030651347, 33.718468528601555 ], [ 73.057672030651347, 33.718466297519029 ], [ 73.057669348659005, 33.718466297519022 ], [ 73.057669348659005, 33.718459604271125 ], [ 73.057666666666663, 33.718459604271118 ], [ 73.057666666666663, 33.718443986690644 ], [ 73.057669348659005, 33.718443986690637 ], [ 73.057669348659005, 33.718437293440992 ], [ 73.057672030651347, 33.718437293440985 ], [ 73.057672030651347, 33.718435062357656 ], [ 73.057674712643674, 33.718435062357656 ], [ 73.057674712643674, 33.718430600190828 ], [ 73.057677394636002, 33.718430600190828 ], [ 73.057677394636002, 33.718428369107322 ], [ 73.057682758620672, 33.718428369107308 ], [ 73.057682758620672, 33.718426138023744 ], [ 73.057698850574695, 33.718426138023752 ], [ 73.057698850574695, 33.718428369107315 ], [ 73.057706896551721, 33.718428369107308 ], [ 73.057706896551721, 33.718430600190821 ], [ 73.057709578544049, 33.718430600190821 ], [ 73.057709578544049, 33.718432831274264 ], [ 73.057712260536391, 33.718432831274271 ], [ 73.057712260536391, 33.718435062357656 ], [ 73.057717624521075, 33.718435062357656 ], [ 73.057717624521075, 33.718437293440985 ], [ 73.057720306513403, 33.718437293440999 ], [ 73.057720306513403, 33.718439524524257 ], [ 73.057722988505745, 33.718439524524257 ], [ 73.057722988505745, 33.718441755607472 ], [ 73.057725670498087, 33.718441755607486 ], [ 73.057725670498087, 33.718443986690637 ], [ 73.057728352490415, 33.718443986690644 ], [ 73.057728352490415, 33.718446217773739 ], [ 73.057731034482757, 33.718446217773739 ], [ 73.057731034482757, 33.718468528601548 ], [ 73.057728352490415, 33.718468528601548 ], [ 73.057728352490415, 33.718470759684017 ], [ 73.057725670498087, 33.718470759684017 ], [ 73.057725670498087, 33.718472990766415 ], [ 73.057722988505745, 33.718472990766415 ], [ 73.057722988505745, 33.718475221848763 ], [ 73.057720306513403, 33.71847522184877 ], [ 73.057720306513403, 33.718477452931047 ], [ 73.057714942528733, 33.718477452931054 ], [ 73.057714942528733, 33.718479684013275 ], [ 73.057712260536391, 33.718479684013275 ], [ 73.057712260536391, 33.718481915095452 ], [ 73.057709578544049, 33.718481915095452 ], [ 73.057709578544049, 33.718484146177559 ], [ 73.057706896551721, 33.718484146177552 ], [ 73.057706896551721, 33.718486377259609 ], [ 73.057704214559379, 33.718486377259609 ], [ 73.057704214559379, 33.718488608341623 ], [ 73.057698850574695, 33.718488608341616 ], [ 73.057698850574695, 33.718490839423538 ], [ 73.057682758620672, 33.718490839423552 ], [ 73.057682758620672, 33.718488608341616 ], [ 73.057680076628344, 33.718488608341623 ], [ 73.057680076628344, 33.718490839423545 ], [ 73.057677394636002, 33.718490839423545 ] ] ] } },
{ "type": "Feature", "properties": { "value": 255, "area_m2": 50.813405375589078 }, "geometry": { "type": "Polygon", "coordinates": [ [ [ 73.05603601532566, 33.718495301587254 ], [ 73.05603601532566, 33.718493070505438 ], [ 73.05602528735632, 33.718493070505424 ], [ 73.05602528735632, 33.718490839423545 ], [ 73.056022605363978, 33.718490839423552 ], [ 73.056022605363978, 33.718488608341609 ], [ 73.056017241379308, 33.718488608341609 ], [ 73.056017241379308, 33.718486377259609 ], [ 73.056014559386966, 33.718486377259616 ], [ 73.056014559386966, 33.718484146177559 ], [ 73.056009195402297, 33.718484146177559 ], [ 73.056009195402297, 33.718481915095445 ], [ 73.056006513409955, 33.718481915095452 ], [ 73.056006513409955, 33.718479684013275 ], [ 73.056001149425285, 33.718479684013275 ], [ 73.056001149425285, 33.718477452931033 ], [ 73.055998467432943, 33.718477452931047 ], [ 73.055998467432943, 33.718475221848763 ], [ 73.055993103448273, 33.71847522184877 ], [ 73.055993103448273, 33.718472990766422 ], [ 73.055987739463603, 33.718472990766408 ], [ 73.055987739463603, 33.718470759684003 ], [ 73.055985057471261, 33.718470759684017 ], [ 73.055985057471261, 33.718466297519029 ], [ 73.055982375478919, 33.718466297519029 ], [ 73.055982375478919, 33.718461835353814 ], [ 73.055985057471261, 33.718461835353814 ], [ 73.055985057471261, 33.718459604271118 ], [ 73.055987739463603, 33.718459604271104 ], [ 73.055987739463603, 33.718457373188365 ], [ 73.055985057471261, 33.718457373188365 ], [ 73.055985057471261, 33.718455142105562 ], [ 73.055987739463603, 33.718455142105562 ], [ 73.055987739463603, 33.718448448856783 ], [ 73.055990421455931, 33.71844844885679 ], [ 73.055990421455931, 33.718446217773746 ], [ 73.055995785440615, 33.718446217773732 ], [ 73.055995785440615, 33.718443986690623 ], [ 73.055993103448273, 33.718443986690637 ], [ 73.055993103448273, 33.718441755607479 ], [ 73.055995785440615, 33.718441755607486 ], [ 73.055995785440615, 33.718439524524271 ], [ 73.055998467432943, 33.718439524524264 ], [ 73.055998467432943, 33.718435062357656 ], [ 73.056001149425285, 33.718435062357656 ], [ 73.056001149425285, 33.718432831274271 ], [ 73.056006513409955, 33.718432831274271 ], [ 73.056006513409955, 33.718426138023752 ], [ 73.05602528735632, 33.718426138023737 ], [ 73.05602528735632, 33.718423906940139 ], [ 73.056027969348662, 33.718423906940139 ], [ 73.056027969348662, 33.718421675856455 ], [ 73.05603065134099, 33.718421675856455 ], [ 73.05603065134099, 33.718417213688916 ], [ 73.05603601532566, 33.718417213688909 ], [ 73.05603601532566, 33.718414982605054 ], [ 73.056054789272025, 33.718414982605054 ], [ 73.056054789272025, 33.718417213688916 ], [ 73.056057471264367, 33.718417213688916 ], [ 73.056057471264367, 33.718419444772699 ], [ 73.056062835249037, 33.718419444772707 ], [ 73.056062835249037, 33.718421675856447 ], [ 73.056068199233707, 33.718421675856455 ], [ 73.056068199233707, 33.718423906940131 ], [ 73.056073563218391, 33.718423906940139 ], [ 73.056073563218391, 33.718426138023752 ], [ 73.056076245210718, 33.718426138023752 ], [ 73.056076245210718, 33.718428369107315 ], [ 73.056081609195402, 33.718428369107315 ], [ 73.056081609195402, 33.718441755607472 ], [ 73.05607892720306, 33.718441755607472 ], [ 73.05607892720306, 33.718446217773739 ], [ 73.056076245210718, 33.718446217773739 ], [ 73.056076245210718, 33.718450679939764 ], [ 73.056073563218391, 33.718450679939764 ], [ 73.056073563218391, 33.71845291102268 ], [ 73.056070881226049, 33.71845291102268 ], [ 73.056070881226049, 33.718455142105555 ], [ 73.056068199233707, 33.718455142105555 ], [ 73.056068199233707, 33.718459604271118 ], [ 73.056065517241379, 33.718459604271111 ], [ 73.056065517241379, 33.718464066436447 ], [ 73.056062835249037, 33.718464066436447 ], [ 73.056062835249037, 33.718466297519022 ], [ 73.056060153256695, 33.718466297519029 ], [ 73.056060153256695, 33.718468528601548 ], [ 73.056057471264367, 33.718468528601541 ], [ 73.056057471264367, 33.718470759684017 ], [ 73.056054789272025, 33.71847075968401 ], [ 73.056054789272025, 33.71847745293104 ], [ 73.056052107279683, 33.718477452931047 ], [ 73.056052107279683, 33.718481915095445 ], [ 73.056049425287355, 33.718481915095445 ], [ 73.056049425287355, 33.718484146177559 ], [ 73.056046743295013, 33.718484146177559 ], [ 73.056046743295013, 33.718490839423545 ], [ 73.056044061302671, 33.718490839423545 ], [ 73.056044061302671, 33.718493070505431 ], [ 73.056038697317987, 33.718493070505431 ], [ 73.056038697317987, 33.718495301587254 ], [ 73.05603601532566, 33.718495301587254 ] ] ] } },
{ "type": "Feature", "properties": { "value": 255, "area_m2": 59.54882761036535 }, "geometry": { "type": "Polygon", "coordinates": [ [ [ 73.057537931034474, 33.718481915095452 ], [ 73.057537931034474, 33.718479684013268 ], [ 73.057532567049805, 33.718479684013268 ], [ 73.057532567049805, 33.718477452931033 ], [ 73.057529885057463, 33.718477452931047 ], [ 73.057529885057463, 33.718475221848763 ], [ 73.057527203065121, 33.718475221848763 ], [ 73.057527203065121, 33.718472990766415 ], [ 73.057524521072793, 33.718472990766408 ], [ 73.057524521072793, 33.718470759684003 ], [ 73.057521839080451, 33.71847075968401 ], [ 73.057521839080451, 33.718466297519029 ], [ 73.057519157088109, 33.718466297519029 ], [ 73.057519157088109, 33.718461835353807 ], [ 73.057516475095781, 33.718461835353814 ], [ 73.057516475095781, 33.718441755607486 ], [ 73.057519157088109, 33.718441755607472 ], [ 73.057519157088109, 33.718437293440985 ], [ 73.057521839080451, 33.718437293440985 ], [ 73.057521839080451, 33.718435062357656 ], [ 73.057524521072793, 33.718435062357656 ], [ 73.057524521072793, 33.718432831274271 ], [ 73.057527203065121, 33.718432831274278 ], [ 73.057527203065121, 33.718430600190828 ], [ 73.057529885057463, 33.718430600190828 ], [ 73.057529885057463, 33.718428369107315 ], [ 73.057532567049805, 33.718428369107308 ], [ 73.057532567049805, 33.718426138023744 ], [ 73.057535249042132, 33.718426138023752 ], [ 73.057535249042132, 33.718423906940139 ], [ 73.057537931034474, 33.718423906940131 ], [ 73.057537931034474, 33.718421675856455 ], [ 73.057540613026816, 33.718421675856455 ], [ 73.057540613026816, 33.718414982605047 ], [ 73.057545977011486, 33.718414982605054 ], [ 73.057545977011486, 33.718410520437175 ], [ 73.057548659003828, 33.718410520437175 ], [ 73.057548659003828, 33.71840828935315 ], [ 73.057551340996156, 33.71840828935315 ], [ 73.057551340996156, 33.718394902847777 ], [ 73.057554022988512, 33.71839490284777 ], [ 73.057554022988512, 33.718392671763347 ], [ 73.057588888888887, 33.718392671763347 ], [ 73.057588888888887, 33.718394902847763 ], [ 73.057594252873557, 33.718394902847784 ], [ 73.057594252873557, 33.71839713393215 ], [ 73.057602298850568, 33.718397133932157 ], [ 73.057602298850568, 33.718399365016481 ], [ 73.057607662835238, 33.718399365016474 ], [ 73.057607662835238, 33.718401596100733 ], [ 73.05761034482758, 33.718401596100726 ], [ 73.05761034482758, 33.718406058269061 ], [ 73.057613026819908, 33.718406058269068 ], [ 73.057613026819908, 33.718410520437168 ], [ 73.05761034482758, 33.718410520437175 ], [ 73.05761034482758, 33.718421675856462 ], [ 73.057607662835238, 33.718421675856455 ], [ 73.057607662835238, 33.718428369107308 ], [ 73.057604980842896, 33.718428369107315 ], [ 73.057604980842896, 33.718432831274271 ], [ 73.057602298850568, 33.718432831274264 ], [ 73.057602298850568, 33.718435062357656 ], [ 73.057599616858226, 33.718435062357656 ], [ 73.057599616858226, 33.718439524524264 ], [ 73.057596934865884, 33.718439524524264 ], [ 73.057596934865884, 33.718441755607472 ], [ 73.057594252873557, 33.718441755607472 ], [ 73.057594252873557, 33.718443986690637 ], [ 73.057591570881215, 33.718443986690644 ], [ 73.057591570881215, 33.718448448856783 ], [ 73.057588888888887, 33.718448448856783 ], [ 73.057588888888887, 33.71845067993975 ], [ 73.057586206896545, 33.718450679939764 ], [ 73.057586206896545, 33.718464066436454 ], [ 73.057583524904217, 33.718464066436447 ], [ 73.057583524904217, 33.718466297519029 ], [ 73.057586206896545, 33.718466297519029 ], [ 73.057586206896545, 33.71847075968401 ], [ 73.057583524904217, 33.718470759683996 ], [ 73.057583524904217, 33.718479684013275 ], [ 73.057580842911875, 33.718479684013268 ], [ 73.057580842911875, 33.71848191509546 ], [ 73.057578160919547, 33.718481915095452 ], [ 73.057578160919547, 33.718479684013268 ], [ 73.057572796934863, 33.718479684013275 ], [ 73.057572796934863, 33.718481915095452 ], [ 73.057570114942536, 33.71848191509546 ], [ 73.057570114942536, 33.718479684013268 ], [ 73.057548659003828, 33.718479684013275 ], [ 73.057548659003828, 33.718481915095452 ], [ 73.057537931034474, 33.718481915095452 ] ] ] } },
{ "type": "Feature", "properties": { "value": 255, "area_m2": 37.402555646835502 }, "geometry": { "type": "Polygon", "coordinates": [ [ [ 73.058637547892701, 33.718450679939757 ], [ 73.058637547892701, 33.718448448856783 ], [ 73.058632183908031, 33.718448448856783 ], [ 73.058632183908031, 33.718446217773732 ], [ 73.058626819923376, 33.718446217773739 ], [ 73.058626819923376, 33.718443986690637 ], [ 73.058624137931034, 33.718443986690637 ], [ 73.058624137931034, 33.718441755607472 ], [ 73.058618773946364, 33.718441755607479 ], [ 73.058618773946364, 33.718439524524257 ], [ 73.058616091954022, 33.718439524524257 ], [ 73.058616091954022, 33.718437293440985 ], [ 73.058610727969352, 33.718437293440999 ], [ 73.058610727969352, 33.718435062357656 ], [ 73.05860804597701, 33.718435062357656 ], [ 73.05860804597701, 33.718430600190814 ], [ 73.058605363984668, 33.718430600190821 ], [ 73.058605363984668, 33.718428369107322 ], [ 73.05860268199234, 33.718428369107322 ], [ 73.05860268199234, 33.718426138023752 ], [ 73.0586, 33.718426138023752 ], [ 73.0586, 33.718421675856462 ], [ 73.058597318007656, 33.718421675856462 ], [ 73.058597318007656, 33.718412751521157 ], [ 73.0586, 33.718412751521143 ], [ 73.0586, 33.718410520437175 ], [ 73.058597318007656, 33.718410520437182 ], [ 73.058597318007656, 33.71840828935315 ], [ 73.0586, 33.718408289353157 ], [ 73.0586, 33.718401596100733 ], [ 73.05860268199234, 33.718401596100733 ], [ 73.05860268199234, 33.71839713393215 ], [ 73.058605363984668, 33.71839713393215 ], [ 73.058605363984668, 33.71839490284777 ], [ 73.05860804597701, 33.71839490284777 ], [ 73.05860804597701, 33.71839044067886 ], [ 73.058610727969352, 33.71839044067886 ], [ 73.058610727969352, 33.718388209594309 ], [ 73.05861340996168, 33.718388209594295 ], [ 73.05861340996168, 33.718385978509701 ], [ 73.058616091954022, 33.718385978509687 ], [ 73.058616091954022, 33.718383747425023 ], [ 73.058621455938692, 33.718383747425023 ], [ 73.058621455938692, 33.718381516340301 ], [ 73.058632183908031, 33.718381516340308 ], [ 73.058632183908031, 33.718383747425037 ], [ 73.058637547892701, 33.71838374742503 ], [ 73.058637547892701, 33.718385978509701 ], [ 73.058640229885043, 33.718385978509701 ], [ 73.058640229885043, 33.718388209594302 ], [ 73.058645593869713, 33.718388209594295 ], [ 73.058645593869713, 33.71839044067886 ], [ 73.058653639846725, 33.718390440678853 ], [ 73.058653639846725, 33.718392671763347 ], [ 73.058656321839067, 33.718392671763347 ], [ 73.058656321839067, 33.71839490284777 ], [ 73.058661685823751, 33.71839490284777 ], [ 73.058661685823751, 33.71839713393215 ], [ 73.058664367816078, 33.71839713393215 ], [ 73.058664367816078, 33.718399365016474 ], [ 73.05866704980842, 33.718399365016474 ], [ 73.05866704980842, 33.71840159610074 ], [ 73.058669731800762, 33.718401596100733 ], [ 73.058669731800762, 33.718403827184929 ], [ 73.058672413793104, 33.718403827184929 ], [ 73.058672413793104, 33.718406058269075 ], [ 73.058675095785432, 33.718406058269068 ], [ 73.058675095785432, 33.718417213688923 ], [ 73.058672413793104, 33.718417213688916 ], [ 73.058672413793104, 33.718421675856462 ], [ 73.058669731800762, 33.718421675856447 ], [ 73.058669731800762, 33.718426138023744 ], [ 73.05866704980842, 33.718426138023737 ], [ 73.05866704980842, 33.718428369107315 ], [ 73.058664367816078, 33.718428369107315 ], [ 73.058664367816078, 33.718430600190828 ], [ 73.058661685823751, 33.718430600190821 ], [ 73.058661685823751, 33.718435062357656 ], [ 73.058659003831409, 33.718435062357656 ], [ 73.058659003831409, 33.718439524524257 ], [ 73.058656321839067, 33.718439524524257 ], [ 73.058656321839067, 33.718441755607486 ], [ 73.058653639846725, 33.718441755607479 ], [ 73.058653639846725, 33.718446217773732 ], [ 73.058650957854397, 33.718446217773739 ], [ 73.058650957854397, 33.718448448856783 ], [ 73.058648275862055, 33.718448448856783 ], [ 73.058648275862055, 33.718450679939764 ], [ 73.058637547892701, 33.718450679939757 ] ] ] } },
{ "type": "Feature", "properties": { "value": 255, "area_m2": 56.042483085837191 }, "geometry": { "type": "Polygon", "coordinates": [ [ [ 73.055134865900385, 33.718452911022688 ], [ 73.055134865900385, 33.718450679939764 ], [ 73.055132183908043, 33.718450679939757 ], [ 73.055132183908043, 33.718448448856776 ], [ 73.055124137931031, 33.718448448856769 ], [ 73.055124137931031, 33.718446217773732 ], [ 73.055121455938689, 33.718446217773739 ], [ 73.055121455938689, 33.718443986690637 ], [ 73.055118773946361, 33.718443986690637 ], [ 73.055118773946361, 33.718441755607472 ], [ 73.055113409961677, 33.718441755607479 ], [ 73.055113409961677, 33.718439524524264 ], [ 73.055110727969335, 33.718439524524257 ], [ 73.055110727969335, 33.718437293440992 ], [ 73.055108045977008, 33.718437293440992 ], [ 73.055108045977008, 33.718435062357649 ], [ 73.055102681992324, 33.718435062357656 ], [ 73.055102681992324, 33.718432831274264 ], [ 73.0551, 33.718432831274278 ], [ 73.0551, 33.718430600190821 ], [ 73.055094636015312, 33.718430600190821 ], [ 73.055094636015312, 33.718428369107315 ], [ 73.055089272030642, 33.718428369107315 ], [ 73.055089272030642, 33.718426138023752 ], [ 73.0550865900383, 33.718426138023752 ], [ 73.0550865900383, 33.718423906940139 ], [ 73.055083908045972, 33.718423906940139 ], [ 73.055083908045972, 33.718421675856462 ], [ 73.055078544061288, 33.718421675856447 ], [ 73.055078544061288, 33.718419444772707 ], [ 73.055075862068961, 33.718419444772707 ], [ 73.055075862068961, 33.718417213688916 ], [ 73.055073180076633, 33.718417213688909 ], [ 73.055073180076633, 33.718414982605061 ], [ 73.055070498084291, 33.718414982605061 ], [ 73.055070498084291, 33.71841275152115 ], [ 73.055067816091963, 33.718412751521164 ], [ 73.055067816091963, 33.718408289353157 ], [ 73.055065134099621, 33.718408289353157 ], [ 73.055065134099621, 33.718401596100733 ], [ 73.055067816091963, 33.718401596100726 ], [ 73.055067816091963, 33.71839490284777 ], [ 73.055070498084291, 33.71839490284777 ], [ 73.055070498084291, 33.718388209594302 ], [ 73.055073180076633, 33.718388209594302 ], [ 73.055073180076633, 33.718383747425023 ], [ 73.055075862068961, 33.71838374742503 ], [ 73.055075862068961, 33.718379285255523 ], [ 73.055078544061288, 33.718379285255516 ], [ 73.055078544061288, 33.718377054170674 ], [ 73.05508122605363, 33.718377054170666 ], [ 73.05508122605363, 33.718374823085789 ], [ 73.055083908045972, 33.718374823085789 ], [ 73.055083908045972, 33.71837259200084 ], [ 73.055089272030642, 33.718372592000833 ], [ 73.055089272030642, 33.71837036091582 ], [ 73.055105363984666, 33.718370360915813 ], [ 73.055105363984666, 33.718372592000833 ], [ 73.055102681992324, 33.71837259200084 ], [ 73.055102681992324, 33.718374823085796 ], [ 73.055110727969335, 33.718374823085796 ], [ 73.055110727969335, 33.718377054170681 ], [ 73.055113409961677, 33.718377054170674 ], [ 73.055113409961677, 33.718381516340301 ], [ 73.055116091954019, 33.718381516340301 ], [ 73.055116091954019, 33.718383747425023 ], [ 73.055118773946361, 33.718383747425015 ], [ 73.055118773946361, 33.718385978509694 ], [ 73.055124137931031, 33.718385978509701 ], [ 73.055124137931031, 33.718388209594302 ], [ 73.055126819923373, 33.718388209594302 ], [ 73.055126819923373, 33.718390440678853 ], [ 73.055132183908043, 33.718390440678853 ], [ 73.055132183908043, 33.718392671763347 ], [ 73.055137547892727, 33.71839267176334 ], [ 73.055137547892727, 33.71839490284777 ], [ 73.055142911877397, 33.71839490284777 ], [ 73.055142911877397, 33.718397133932143 ], [ 73.055156321839078, 33.718397133932143 ], [ 73.055156321839078, 33.71839490284777 ], [ 73.05517509578543, 33.718394902847763 ], [ 73.05517509578543, 33.718401596100726 ], [ 73.055177777777772, 33.71840159610074 ], [ 73.055177777777772, 33.71840828935315 ], [ 73.05517509578543, 33.718408289353164 ], [ 73.05517509578543, 33.718414982605054 ], [ 73.055172413793088, 33.718414982605061 ], [ 73.055172413793088, 33.718421675856455 ], [ 73.05516973180076, 33.718421675856455 ], [ 73.05516973180076, 33.718423906940139 ], [ 73.055167049808418, 33.718423906940139 ], [ 73.055167049808418, 33.718428369107308 ], [ 73.05516436781609, 33.718428369107315 ], [ 73.05516436781609, 33.718435062357656 ], [ 73.055161685823748, 33.718435062357656 ], [ 73.055161685823748, 33.718439524524257 ], [ 73.05515900383142, 33.718439524524257 ], [ 73.05515900383142, 33.718441755607479 ], [ 73.055156321839078, 33.718441755607479 ], [ 73.055156321839078, 33.718446217773739 ], [ 73.05515363984675, 33.718446217773739 ], [ 73.05515363984675, 33.718450679939757 ], [ 73.055150957854408, 33.718450679939757 ], [ 73.055150957854408, 33.71845291102268 ], [ 73.055134865900385, 33.718452911022688 ] ] ] } },
{ "type": "Feature", "properties": { "value": 255, "area_m2": 39.98628547797535 }, "geometry": { "type": "Polygon", "coordinates": [ [ [ 73.058870881226042, 33.718455142105555 ], [ 73.058870881226042, 33.718452911022688 ], [ 73.058868199233714, 33.718452911022673 ], [ 73.058868199233714, 33.718450679939757 ], [ 73.058865517241372, 33.71845067993975 ], [ 73.058865517241372, 33.718448448856776 ], [ 73.05886283524903, 33.718448448856783 ], [ 73.05886283524903, 33.718446217773732 ], [ 73.058865517241372, 33.718446217773732 ], [ 73.058865517241372, 33.718441755607479 ], [ 73.05886283524903, 33.718441755607486 ], [ 73.05886283524903, 33.718439524524257 ], [ 73.058865517241372, 33.718439524524264 ], [ 73.058865517241372, 33.718421675856455 ], [ 73.05886283524903, 33.718421675856455 ], [ 73.05886283524903, 33.718406058269075 ], [ 73.058860153256703, 33.718406058269068 ], [ 73.058860153256703, 33.718397133932143 ], [ 73.058857471264361, 33.71839713393215 ], [ 73.058857471264361, 33.71838374742503 ], [ 73.058860153256703, 33.71838374742503 ], [ 73.058860153256703, 33.718377054170681 ], [ 73.05886283524903, 33.718377054170681 ], [ 73.05886283524903, 33.71837259200084 ], [ 73.058865517241372, 33.718372592000833 ], [ 73.058865517241372, 33.718370360915827 ], [ 73.058868199233714, 33.718370360915813 ], [ 73.058868199233714, 33.718368129830736 ], [ 73.058870881226042, 33.71836812983075 ], [ 73.058870881226042, 33.718363667660441 ], [ 73.058873563218398, 33.718363667660434 ], [ 73.058873563218398, 33.718361436575194 ], [ 73.058878927203054, 33.718361436575194 ], [ 73.058878927203054, 33.71835920548989 ], [ 73.05888160919541, 33.718359205489882 ], [ 73.05888160919541, 33.718361436575186 ], [ 73.058886973180066, 33.718361436575194 ], [ 73.058886973180066, 33.718363667660434 ], [ 73.058889655172408, 33.718363667660434 ], [ 73.058889655172408, 33.718365898745624 ], [ 73.058892337164735, 33.718365898745624 ], [ 73.058892337164735, 33.71837036091582 ], [ 73.058895019157077, 33.718370360915813 ], [ 73.058895019157077, 33.71837259200084 ], [ 73.058897701149419, 33.718372592000833 ], [ 73.058897701149419, 33.718374823085789 ], [ 73.058900383141747, 33.718374823085796 ], [ 73.058900383141747, 33.718377054170681 ], [ 73.058903065134089, 33.718377054170674 ], [ 73.058903065134089, 33.718379285255516 ], [ 73.058905747126431, 33.718379285255523 ], [ 73.058905747126431, 33.718381516340308 ], [ 73.058911111111101, 33.718381516340294 ], [ 73.058911111111101, 33.718385978509694 ], [ 73.058913793103443, 33.718385978509701 ], [ 73.058913793103443, 33.718383747425023 ], [ 73.058916475095771, 33.718383747425023 ], [ 73.058916475095771, 33.71839044067886 ], [ 73.058919157088113, 33.71839044067886 ], [ 73.058919157088113, 33.718394902847777 ], [ 73.058921839080455, 33.718394902847777 ], [ 73.058921839080455, 33.718406058269075 ], [ 73.058919157088113, 33.718406058269075 ], [ 73.058919157088113, 33.718410520437175 ], [ 73.058916475095771, 33.718410520437182 ], [ 73.058916475095771, 33.71841275152115 ], [ 73.058913793103443, 33.718412751521157 ], [ 73.058913793103443, 33.718417213688909 ], [ 73.058911111111101, 33.718417213688909 ], [ 73.058911111111101, 33.718419444772707 ], [ 73.058908429118759, 33.718419444772707 ], [ 73.058908429118759, 33.718423906940131 ], [ 73.058905747126431, 33.718423906940131 ], [ 73.058905747126431, 33.718428369107308 ], [ 73.058903065134089, 33.718428369107315 ], [ 73.058903065134089, 33.718432831274264 ], [ 73.058900383141747, 33.718432831274264 ], [ 73.058900383141747, 33.718435062357656 ], [ 73.058897701149419, 33.718435062357663 ], [ 73.058897701149419, 33.718437293440992 ], [ 73.058895019157077, 33.718437293440999 ], [ 73.058895019157077, 33.718441755607486 ], [ 73.058892337164735, 33.718441755607479 ], [ 73.058892337164735, 33.71844398669063 ], [ 73.058889655172408, 33.718443986690637 ], [ 73.058889655172408, 33.718446217773732 ], [ 73.058886973180066, 33.718446217773739 ], [ 73.058886973180066, 33.718450679939764 ], [ 73.058884291187738, 33.718450679939757 ], [ 73.058884291187738, 33.71845291102268 ], [ 73.05888160919541, 33.718452911022688 ], [ 73.05888160919541, 33.718455142105555 ], [ 73.058870881226042, 33.718455142105555 ] ] ] } },
{ "type": "Feature", "properties": { "value": 255, "area_m2": 41.155119072516953 }, "geometry": { "type": "Polygon", "coordinates": [ [ [ 73.0590049808429, 33.718435062357656 ], [ 73.0590049808429, 33.718432831274271 ], [ 73.05899961685823, 33.718432831274271 ], [ 73.05899961685823, 33.718430600190821 ], [ 73.058994252873546, 33.718430600190821 ], [ 73.058994252873546, 33.718428369107315 ], [ 73.058991570881219, 33.718428369107315 ], [ 73.058991570881219, 33.718426138023752 ], [ 73.058986206896535, 33.718426138023737 ], [ 73.058986206896535, 33.718423906940124 ], [ 73.058980842911865, 33.718423906940139 ], [ 73.058980842911865, 33.718421675856455 ], [ 73.058978160919537, 33.718421675856447 ], [ 73.058978160919537, 33.718419444772714 ], [ 73.058975478927195, 33.718419444772707 ], [ 73.058975478927195, 33.718406058269061 ], [ 73.058978160919537, 33.718406058269075 ], [ 73.058978160919537, 33.71840159610074 ], [ 73.058980842911865, 33.718401596100733 ], [ 73.058980842911865, 33.718397133932143 ], [ 73.058983524904207, 33.718397133932143 ], [ 73.058983524904207, 33.718392671763347 ], [ 73.058986206896535, 33.71839267176334 ], [ 73.058986206896535, 33.71839044067886 ], [ 73.058988888888877, 33.71839044067886 ], [ 73.058988888888877, 33.718385978509701 ], [ 73.058991570881219, 33.718385978509694 ], [ 73.058991570881219, 33.718383747425023 ], [ 73.058994252873546, 33.71838374742503 ], [ 73.058994252873546, 33.718381516340294 ], [ 73.058996934865888, 33.718381516340301 ], [ 73.058996934865888, 33.718379285255516 ], [ 73.05899961685823, 33.718379285255516 ], [ 73.05899961685823, 33.718377054170681 ], [ 73.059002298850558, 33.718377054170681 ], [ 73.059002298850558, 33.718374823085796 ], [ 73.0590049808429, 33.718374823085803 ], [ 73.0590049808429, 33.718372592000826 ], [ 73.059007662835242, 33.71837259200084 ], [ 73.059007662835242, 33.71837036091582 ], [ 73.05901034482757, 33.718370360915827 ], [ 73.05901034482757, 33.718365898745631 ], [ 73.059013026819926, 33.718365898745624 ], [ 73.059013026819926, 33.718363667660441 ], [ 73.059015708812254, 33.718363667660441 ], [ 73.059015708812254, 33.718359205489882 ], [ 73.059021072796938, 33.71835920548989 ], [ 73.059021072796938, 33.718356974404529 ], [ 73.05902911877395, 33.718356974404522 ], [ 73.05902911877395, 33.718359205489882 ], [ 73.059034482758619, 33.71835920548989 ], [ 73.059034482758619, 33.718361436575186 ], [ 73.059037164750961, 33.718361436575194 ], [ 73.059037164750961, 33.718363667660434 ], [ 73.059042528735631, 33.718363667660441 ], [ 73.059042528735631, 33.718365898745624 ], [ 73.059047892720301, 33.718365898745624 ], [ 73.059047892720301, 33.718368129830743 ], [ 73.059053256704985, 33.71836812983075 ], [ 73.059053256704985, 33.71837259200084 ], [ 73.059055938697313, 33.718372592000833 ], [ 73.059055938697313, 33.718388209594295 ], [ 73.059053256704985, 33.718388209594309 ], [ 73.059053256704985, 33.71839713393215 ], [ 73.059050574712643, 33.718397133932157 ], [ 73.059050574712643, 33.71840159610074 ], [ 73.059047892720301, 33.718401596100733 ], [ 73.059047892720301, 33.718406058269075 ], [ 73.059045210727973, 33.718406058269075 ], [ 73.059045210727973, 33.71840828935315 ], [ 73.059042528735631, 33.718408289353164 ], [ 73.059042528735631, 33.718412751521157 ], [ 73.059039846743289, 33.718412751521143 ], [ 73.059039846743289, 33.718414982605054 ], [ 73.059037164750961, 33.718414982605054 ], [ 73.059037164750961, 33.718417213688909 ], [ 73.059034482758619, 33.718417213688916 ], [ 73.059034482758619, 33.718419444772707 ], [ 73.059031800766277, 33.718419444772721 ], [ 73.059031800766277, 33.718421675856462 ], [ 73.05902911877395, 33.718421675856455 ], [ 73.05902911877395, 33.718423906940131 ], [ 73.059026436781608, 33.718423906940131 ], [ 73.059026436781608, 33.718426138023744 ], [ 73.059023754789266, 33.718426138023744 ], [ 73.059023754789266, 33.718430600190828 ], [ 73.059021072796938, 33.718430600190828 ], [ 73.059021072796938, 33.718432831274271 ], [ 73.059018390804582, 33.718432831274264 ], [ 73.059018390804582, 33.718435062357656 ], [ 73.0590049808429, 33.718435062357656 ] ] ] } },
{ "type": "Feature", "properties": { "value": 255, "area_m2": 56.657644976251213 }, "geometry": { "type": "Polygon", "coordinates": [ [ [ 73.055877777777766, 33.718446217773732 ], [ 73.055877777777766, 33.718443986690637 ], [ 73.055875095785424, 33.71844398669063 ], [ 73.055875095785424, 33.718441755607479 ], [ 73.055872413793097, 33.718441755607479 ], [ 73.055872413793097, 33.718439524524257 ], [ 73.055869731800755, 33.718439524524257 ], [ 73.055869731800755, 33.718432831274271 ], [ 73.055867049808413, 33.718432831274271 ], [ 73.055867049808413, 33.718428369107308 ], [ 73.055864367816085, 33.718428369107315 ], [ 73.055864367816085, 33.718426138023744 ], [ 73.055859003831415, 33.718426138023752 ], [ 73.055859003831415, 33.718417213688909 ], [ 73.055856321839073, 33.718417213688923 ], [ 73.055856321839073, 33.718410520437182 ], [ 73.055853639846745, 33.718410520437182 ], [ 73.055853639846745, 33.718406058269075 ], [ 73.055850957854403, 33.718406058269075 ], [ 73.055850957854403, 33.718401596100726 ], [ 73.055853639846745, 33.71840159610074 ], [ 73.055853639846745, 33.718399365016467 ], [ 73.055850957854403, 33.718399365016481 ], [ 73.055850957854403, 33.71839490284777 ], [ 73.055853639846745, 33.718394902847777 ], [ 73.055853639846745, 33.718385978509701 ], [ 73.055856321839073, 33.718385978509694 ], [ 73.055856321839073, 33.718379285255523 ], [ 73.055859003831415, 33.718379285255523 ], [ 73.055859003831415, 33.718374823085796 ], [ 73.055861685823743, 33.718374823085796 ], [ 73.055861685823743, 33.71837036091582 ], [ 73.055864367816085, 33.71837036091582 ], [ 73.055864367816085, 33.718365898745631 ], [ 73.055867049808413, 33.718365898745624 ], [ 73.055867049808413, 33.718363667660441 ], [ 73.055869731800755, 33.718363667660434 ], [ 73.055869731800755, 33.718359205489897 ], [ 73.055872413793097, 33.718359205489882 ], [ 73.055872413793097, 33.718356974404536 ], [ 73.055875095785424, 33.718356974404529 ], [ 73.055875095785424, 33.718354743319111 ], [ 73.055877777777766, 33.718354743319104 ], [ 73.055877777777766, 33.718352512233629 ], [ 73.055880459770108, 33.718352512233622 ], [ 73.055880459770108, 33.718350281148091 ], [ 73.055883141762436, 33.718350281148091 ], [ 73.055883141762436, 33.718348050062502 ], [ 73.055893869731804, 33.718348050062509 ], [ 73.055893869731804, 33.718350281148091 ], [ 73.055901915708816, 33.718350281148091 ], [ 73.055901915708816, 33.718352512233622 ], [ 73.055904597701144, 33.718352512233636 ], [ 73.055904597701144, 33.718354743319104 ], [ 73.055909961685828, 33.718354743319111 ], [ 73.055909961685828, 33.718356974404529 ], [ 73.055912643678155, 33.718356974404529 ], [ 73.055912643678155, 33.718359205489897 ], [ 73.055915325670497, 33.71835920548989 ], [ 73.055915325670497, 33.718361436575186 ], [ 73.055920689655167, 33.718361436575194 ], [ 73.055920689655167, 33.718363667660441 ], [ 73.055923371647509, 33.718363667660434 ], [ 73.055923371647509, 33.718365898745631 ], [ 73.055928735632179, 33.718365898745631 ], [ 73.055928735632179, 33.718368129830743 ], [ 73.055931417624521, 33.71836812983075 ], [ 73.055931417624521, 33.718372592000833 ], [ 73.055934099616863, 33.71837259200084 ], [ 73.055934099616863, 33.718379285255523 ], [ 73.055936781609191, 33.718379285255516 ], [ 73.055936781609191, 33.718383747425023 ], [ 73.055939463601533, 33.71838374742503 ], [ 73.055939463601533, 33.718390440678846 ], [ 73.05594214559386, 33.718390440678853 ], [ 73.05594214559386, 33.71839267176334 ], [ 73.055934099616863, 33.718392671763347 ], [ 73.055934099616863, 33.718394902847777 ], [ 73.055931417624521, 33.71839490284777 ], [ 73.055931417624521, 33.718399365016474 ], [ 73.055928735632179, 33.718399365016474 ], [ 73.055928735632179, 33.718401596100733 ], [ 73.055926053639851, 33.71840159610074 ], [ 73.055926053639851, 33.718406058269075 ], [ 73.055923371647509, 33.718406058269068 ], [ 73.055923371647509, 33.718410520437175 ], [ 73.055920689655167, 33.718410520437182 ], [ 73.055920689655167, 33.718414982605069 ], [ 73.055918007662839, 33.718414982605054 ], [ 73.055918007662839, 33.718417213688909 ], [ 73.055915325670497, 33.718417213688909 ], [ 73.055915325670497, 33.718421675856455 ], [ 73.055912643678155, 33.718421675856455 ], [ 73.055912643678155, 33.718423906940131 ], [ 73.055909961685828, 33.718423906940139 ], [ 73.055909961685828, 33.718426138023744 ], [ 73.055907279693486, 33.718426138023744 ], [ 73.055907279693486, 33.718428369107308 ], [ 73.055904597701144, 33.718428369107308 ], [ 73.055904597701144, 33.718430600190828 ], [ 73.055901915708816, 33.718430600190821 ], [ 73.055901915708816, 33.718435062357656 ], [ 73.055899233716474, 33.718435062357656 ], [ 73.055899233716474, 33.718437293440992 ], [ 73.055896551724132, 33.718437293440992 ], [ 73.055896551724132, 33.718439524524264 ], [ 73.055891187739448, 33.718439524524264 ], [ 73.055891187739448, 33.718441755607472 ], [ 73.05588850574712, 33.718441755607479 ], [ 73.05588850574712, 33.718443986690637 ], [ 73.055883141762436, 33.71844398669063 ], [ 73.055883141762436, 33.718446217773732 ], [ 73.055877777777766, 33.718446217773732 ] ] ] } },
{ "type": "Feature", "properties": { "value": 255, "area_m2": 60.16407060541345 }, "geometry": { "type": "Polygon", "coordinates": [ [ [ 73.05746819923371, 33.718441755607479 ], [ 73.05746819923371, 33.718439524524257 ], [ 73.057462835249041, 33.718439524524257 ], [ 73.057462835249041, 33.718437293440992 ], [ 73.057457471264357, 33.718437293440992 ], [ 73.057457471264357, 33.718428369107315 ], [ 73.057454789272029, 33.718428369107315 ], [ 73.057454789272029, 33.718423906940139 ], [ 73.057457471264357, 33.718423906940131 ], [ 73.057457471264357, 33.718419444772714 ], [ 73.057454789272029, 33.718419444772714 ], [ 73.057454789272029, 33.718417213688909 ], [ 73.057457471264357, 33.718417213688909 ], [ 73.057457471264357, 33.718408289353157 ], [ 73.057460153256699, 33.718408289353164 ], [ 73.057460153256699, 33.718403827184922 ], [ 73.057462835249041, 33.718403827184929 ], [ 73.057462835249041, 33.718399365016474 ], [ 73.057465517241369, 33.718399365016467 ], [ 73.057465517241369, 33.718392671763347 ], [ 73.05746819923371, 33.718392671763347 ], [ 73.05746819923371, 33.71839044067886 ], [ 73.057470881226052, 33.71839044067886 ], [ 73.057470881226052, 33.718385978509694 ], [ 73.05747356321838, 33.718385978509694 ], [ 73.05747356321838, 33.71838374742503 ], [ 73.057476245210722, 33.718383747425023 ], [ 73.057476245210722, 33.718381516340301 ], [ 73.057478927203064, 33.718381516340294 ], [ 73.057478927203064, 33.718379285255523 ], [ 73.057481609195392, 33.718379285255523 ], [ 73.057481609195392, 33.718377054170674 ], [ 73.057484291187748, 33.718377054170674 ], [ 73.057484291187748, 33.718374823085789 ], [ 73.057486973180076, 33.718374823085796 ], [ 73.057486973180076, 33.718370360915813 ], [ 73.057489655172404, 33.71837036091582 ], [ 73.057489655172404, 33.718368129830758 ], [ 73.05749233716476, 33.71836812983075 ], [ 73.05749233716476, 33.718365898745624 ], [ 73.057495019157088, 33.718365898745624 ], [ 73.057495019157088, 33.718361436575194 ], [ 73.05749770114943, 33.718361436575194 ], [ 73.05749770114943, 33.718356974404522 ], [ 73.057500383141758, 33.718356974404522 ], [ 73.057500383141758, 33.718352512233622 ], [ 73.0575030651341, 33.718352512233629 ], [ 73.0575030651341, 33.718350281148084 ], [ 73.057505747126427, 33.718350281148084 ], [ 73.057505747126427, 33.718343587891134 ], [ 73.057508429118769, 33.718343587891134 ], [ 73.057508429118769, 33.718339125719559 ], [ 73.057511111111097, 33.718339125719552 ], [ 73.057511111111097, 33.718336894633651 ], [ 73.057513793103439, 33.718336894633666 ], [ 73.057513793103439, 33.718332432461729 ], [ 73.057519157088109, 33.718332432461722 ], [ 73.057519157088109, 33.718330201375679 ], [ 73.057529885057463, 33.718330201375672 ], [ 73.057529885057463, 33.718332432461722 ], [ 73.057535249042132, 33.718332432461715 ], [ 73.057535249042132, 33.718334663547722 ], [ 73.057537931034474, 33.718334663547729 ], [ 73.057537931034474, 33.718336894633659 ], [ 73.057540613026816, 33.718336894633673 ], [ 73.057540613026816, 33.718343587891141 ], [ 73.057543295019144, 33.718343587891141 ], [ 73.057543295019144, 33.718345818976843 ], [ 73.057540613026816, 33.71834581897685 ], [ 73.057540613026816, 33.718354743319104 ], [ 73.057543295019144, 33.718354743319104 ], [ 73.057543295019144, 33.718365898745624 ], [ 73.057545977011486, 33.718365898745624 ], [ 73.057545977011486, 33.718385978509694 ], [ 73.057543295019144, 33.718385978509694 ], [ 73.057543295019144, 33.71839044067886 ], [ 73.057540613026816, 33.718390440678853 ], [ 73.057540613026816, 33.71839490284777 ], [ 73.057537931034474, 33.71839490284777 ], [ 73.057537931034474, 33.718399365016467 ], [ 73.057535249042132, 33.718399365016474 ], [ 73.057535249042132, 33.718403827184922 ], [ 73.057532567049805, 33.718403827184922 ], [ 73.057532567049805, 33.718406058269082 ], [ 73.057529885057463, 33.718406058269075 ], [ 73.057529885057463, 33.718410520437182 ], [ 73.057527203065121, 33.718410520437182 ], [ 73.057527203065121, 33.718414982605061 ], [ 73.057524521072793, 33.718414982605069 ], [ 73.057524521072793, 33.718417213688895 ], [ 73.057521839080451, 33.718417213688909 ], [ 73.057521839080451, 33.718423906940139 ], [ 73.057519157088109, 33.718423906940139 ], [ 73.057519157088109, 33.718426138023752 ], [ 73.057516475095781, 33.718426138023744 ], [ 73.057516475095781, 33.718428369107308 ], [ 73.057511111111097, 33.718428369107308 ], [ 73.057511111111097, 33.718430600190821 ], [ 73.057505747126427, 33.718430600190835 ], [ 73.057505747126427, 33.718428369107308 ], [ 73.0575030651341, 33.718428369107315 ], [ 73.0575030651341, 33.718430600190828 ], [ 73.05749770114943, 33.718430600190828 ], [ 73.05749770114943, 33.718428369107315 ], [ 73.057495019157088, 33.718428369107308 ], [ 73.057495019157088, 33.718430600190814 ], [ 73.057489655172404, 33.718430600190828 ], [ 73.057489655172404, 33.718432831274264 ], [ 73.057484291187748, 33.718432831274264 ], [ 73.057484291187748, 33.718439524524257 ], [ 73.057481609195392, 33.718439524524257 ], [ 73.057481609195392, 33.718441755607479 ], [ 73.05746819923371, 33.718441755607479 ] ] ] } },
{ "type": "Feature", "properties": { "value": 255, "area_m2": 41.093662139347856 }, "geometry": { "type": "Polygon", "coordinates": [ [ [ 73.058436398467435, 33.71840159610074 ], [ 73.058436398467435, 33.718399365016481 ], [ 73.058431034482751, 33.718399365016481 ], [ 73.058431034482751, 33.718397133932136 ], [ 73.058425670498082, 33.71839713393215 ], [ 73.058425670498082, 33.71839490284777 ], [ 73.058431034482751, 33.71839490284777 ], [ 73.058431034482751, 33.71839267176334 ], [ 73.058425670498082, 33.71839267176334 ], [ 73.058425670498082, 33.718388209594309 ], [ 73.058431034482751, 33.718388209594309 ], [ 73.058431034482751, 33.718385978509701 ], [ 73.058428352490424, 33.718385978509701 ], [ 73.058428352490424, 33.718383747425037 ], [ 73.058425670498082, 33.71838374742503 ], [ 73.058425670498082, 33.718368129830743 ], [ 73.058428352490424, 33.71836812983075 ], [ 73.058428352490424, 33.718339125719559 ], [ 73.058431034482751, 33.718339125719545 ], [ 73.058431034482751, 33.718336894633673 ], [ 73.058433716475093, 33.718336894633666 ], [ 73.058433716475093, 33.718332432461729 ], [ 73.058436398467435, 33.718332432461736 ], [ 73.058436398467435, 33.718327970289558 ], [ 73.058439080459763, 33.718327970289558 ], [ 73.058439080459763, 33.718323508117159 ], [ 73.058441762452105, 33.718323508117145 ], [ 73.058441762452105, 33.718319045944504 ], [ 73.058444444444447, 33.718319045944511 ], [ 73.058444444444447, 33.71831681485812 ], [ 73.058447126436775, 33.718316814858113 ], [ 73.058447126436775, 33.718312352685132 ], [ 73.058449808429117, 33.718312352685132 ], [ 73.058449808429117, 33.718310121598556 ], [ 73.058452490421459, 33.718310121598556 ], [ 73.058452490421459, 33.718312352685132 ], [ 73.058455172413787, 33.718312352685139 ], [ 73.058455172413787, 33.718310121598549 ], [ 73.058457854406129, 33.718310121598549 ], [ 73.058457854406129, 33.718312352685139 ], [ 73.058463218390784, 33.718312352685118 ], [ 73.058463218390784, 33.718314583771651 ], [ 73.058468582375468, 33.718314583771651 ], [ 73.058468582375468, 33.71831681485812 ], [ 73.058473946360138, 33.71831681485812 ], [ 73.058473946360138, 33.718319045944519 ], [ 73.058487356321834, 33.718319045944519 ], [ 73.058487356321834, 33.718321277030853 ], [ 73.058490038314176, 33.718321277030867 ], [ 73.058490038314176, 33.718345818976843 ], [ 73.058487356321834, 33.718345818976843 ], [ 73.058487356321834, 33.718354743319111 ], [ 73.058484674329492, 33.718354743319111 ], [ 73.058484674329492, 33.718356974404536 ], [ 73.05848199233715, 33.718356974404529 ], [ 73.05848199233715, 33.718359205489875 ], [ 73.058479310344822, 33.71835920548989 ], [ 73.058479310344822, 33.71836812983075 ], [ 73.05847662835248, 33.718368129830743 ], [ 73.05847662835248, 33.718372592000833 ], [ 73.058473946360138, 33.71837259200084 ], [ 73.058473946360138, 33.718374823085803 ], [ 73.05847126436781, 33.718374823085789 ], [ 73.05847126436781, 33.718377054170681 ], [ 73.058468582375468, 33.718377054170681 ], [ 73.058468582375468, 33.718379285255516 ], [ 73.058465900383126, 33.718379285255516 ], [ 73.058465900383126, 33.718381516340294 ], [ 73.058463218390784, 33.718381516340301 ], [ 73.058463218390784, 33.718383747425023 ], [ 73.058460536398456, 33.718383747425023 ], [ 73.058460536398456, 33.718385978509694 ], [ 73.058457854406129, 33.718385978509687 ], [ 73.058457854406129, 33.718390440678853 ], [ 73.058455172413787, 33.71839044067886 ], [ 73.058455172413787, 33.71839490284777 ], [ 73.058452490421459, 33.71839490284777 ], [ 73.058452490421459, 33.71839713393215 ], [ 73.058449808429117, 33.71839713393215 ], [ 73.058449808429117, 33.718399365016467 ], [ 73.058439080459763, 33.718399365016474 ], [ 73.058439080459763, 33.718401596100733 ], [ 73.058436398467435, 33.71840159610074 ] ] ] } },
{ "type": "Feature", "properties": { "value": 255, "area_m2": 49.091072203571542 }, "geometry": { "type": "Polygon", "coordinates": [ [ [ 73.0558, 33.718363667660427 ], [ 73.0558, 33.718361436575194 ], [ 73.055797318007649, 33.718361436575186 ], [ 73.055797318007649, 33.718359205489882 ], [ 73.055794636015321, 33.718359205489882 ], [ 73.055794636015321, 33.718354743319104 ], [ 73.055791954022979, 33.718354743319111 ], [ 73.055791954022979, 33.718350281148091 ], [ 73.055789272030637, 33.718350281148091 ], [ 73.055789272030637, 33.718343587891141 ], [ 73.055783908045967, 33.718343587891141 ], [ 73.055783908045967, 33.718339125719552 ], [ 73.055781226053625, 33.718339125719552 ], [ 73.055781226053625, 33.718336894633673 ], [ 73.055778544061297, 33.718336894633673 ], [ 73.055778544061297, 33.718334663547729 ], [ 73.055775862068955, 33.718334663547729 ], [ 73.055775862068955, 33.718332432461729 ], [ 73.055773180076613, 33.718332432461736 ], [ 73.055773180076613, 33.718327970289558 ], [ 73.055770498084286, 33.718327970289558 ], [ 73.055770498084286, 33.718321277030853 ], [ 73.055773180076613, 33.71832127703086 ], [ 73.055773180076613, 33.718310121598556 ], [ 73.055775862068955, 33.718310121598549 ], [ 73.055775862068955, 33.718305659425219 ], [ 73.055778544061297, 33.718305659425226 ], [ 73.055778544061297, 33.718303428338466 ], [ 73.055781226053625, 33.718303428338466 ], [ 73.055781226053625, 33.71830119725167 ], [ 73.055783908045967, 33.718301197251655 ], [ 73.055783908045967, 33.718296735077857 ], [ 73.055786590038309, 33.718296735077864 ], [ 73.055786590038309, 33.718294503990876 ], [ 73.055789272030637, 33.718294503990876 ], [ 73.055789272030637, 33.718292272903831 ], [ 73.055791954022979, 33.718292272903831 ], [ 73.055791954022979, 33.718290041816736 ], [ 73.055794636015321, 33.718290041816736 ], [ 73.055794636015321, 33.718287810729578 ], [ 73.055826819923368, 33.718287810729578 ], [ 73.055826819923368, 33.718290041816736 ], [ 73.055832183908052, 33.718290041816736 ], [ 73.055832183908052, 33.718292272903838 ], [ 73.05583486590038, 33.718292272903831 ], [ 73.05583486590038, 33.718294503990869 ], [ 73.055837547892722, 33.718294503990883 ], [ 73.055837547892722, 33.718296735077857 ], [ 73.055840229885064, 33.718296735077857 ], [ 73.055840229885064, 33.718298966164788 ], [ 73.055842911877392, 33.718298966164774 ], [ 73.055842911877392, 33.718301197251662 ], [ 73.055859003831415, 33.718301197251655 ], [ 73.055859003831415, 33.718305659425219 ], [ 73.055861685823743, 33.718305659425234 ], [ 73.055861685823743, 33.718312352685125 ], [ 73.055859003831415, 33.718312352685125 ], [ 73.055859003831415, 33.718319045944511 ], [ 73.055856321839073, 33.718319045944504 ], [ 73.055856321839073, 33.71832127703086 ], [ 73.055853639846745, 33.718321277030867 ], [ 73.055853639846745, 33.718325739203379 ], [ 73.055850957854403, 33.718325739203372 ], [ 73.055850957854403, 33.718327970289558 ], [ 73.055848275862076, 33.718327970289558 ], [ 73.055848275862076, 33.718330201375672 ], [ 73.055845593869734, 33.718330201375679 ], [ 73.055845593869734, 33.718332432461722 ], [ 73.055842911877392, 33.718332432461722 ], [ 73.055842911877392, 33.718345818976843 ], [ 73.055840229885064, 33.718345818976843 ], [ 73.055840229885064, 33.718352512233622 ], [ 73.055837547892722, 33.718352512233622 ], [ 73.055837547892722, 33.718356974404522 ], [ 73.05583486590038, 33.718356974404529 ], [ 73.05583486590038, 33.71835920548989 ], [ 73.055832183908052, 33.71835920548989 ], [ 73.055832183908052, 33.718361436575194 ], [ 73.05582413793104, 33.718361436575194 ], [ 73.05582413793104, 33.718363667660434 ], [ 73.0558, 33.718363667660427 ] ] ] } },
{ "type": "Feature", "properties": { "value": 255, "area_m2": 29.282370059290297 }, "geometry": { "type": "Polygon", "coordinates": [ [ [ 73.058409578544058, 33.718296735077857 ], [ 73.058409578544058, 33.718294503990876 ], [ 73.058406896551716, 33.718294503990876 ], [ 73.058406896551716, 33.718292272903831 ], [ 73.058401532567046, 33.718292272903838 ], [ 73.058401532567046, 33.718290041816736 ], [ 73.058398850574704, 33.718290041816736 ], [ 73.058398850574704, 33.718287810729578 ], [ 73.058396168582362, 33.718287810729578 ], [ 73.058396168582362, 33.718285579642355 ], [ 73.05839348659002, 33.718285579642348 ], [ 73.05839348659002, 33.718283348555083 ], [ 73.058390804597693, 33.718283348555083 ], [ 73.058390804597693, 33.718281117467761 ], [ 73.058388122605351, 33.718281117467754 ], [ 73.058388122605351, 33.718278886380361 ], [ 73.058385440613009, 33.718278886380354 ], [ 73.058385440613009, 33.718276655292911 ], [ 73.058382758620681, 33.718276655292925 ], [ 73.058382758620681, 33.718263268767004 ], [ 73.058385440613009, 33.718263268767011 ], [ 73.058385440613009, 33.718258806591237 ], [ 73.058388122605351, 33.718258806591251 ], [ 73.058388122605351, 33.71825434441525 ], [ 73.058390804597693, 33.718254344415236 ], [ 73.058390804597693, 33.718249882239014 ], [ 73.05839348659002, 33.718249882239014 ], [ 73.05839348659002, 33.718247651150811 ], [ 73.058396168582362, 33.718247651150811 ], [ 73.058396168582362, 33.718240957885868 ], [ 73.058398850574704, 33.718240957885861 ], [ 73.058398850574704, 33.718236495708929 ], [ 73.058401532567046, 33.718236495708929 ], [ 73.058401532567046, 33.718234264620385 ], [ 73.0584122605364, 33.718234264620378 ], [ 73.0584122605364, 33.718236495708922 ], [ 73.05841762452107, 33.718236495708922 ], [ 73.05841762452107, 33.718238726797431 ], [ 73.05842298850574, 33.718238726797438 ], [ 73.05842298850574, 33.718240957885861 ], [ 73.058425670498082, 33.718240957885861 ], [ 73.058425670498082, 33.71824318897422 ], [ 73.058428352490424, 33.718243188974235 ], [ 73.058428352490424, 33.718245420062544 ], [ 73.058431034482751, 33.718245420062544 ], [ 73.058431034482751, 33.718247651150826 ], [ 73.058436398467435, 33.718247651150804 ], [ 73.058436398467435, 33.718249882239014 ], [ 73.058439080459763, 33.718249882239022 ], [ 73.058439080459763, 33.718252113327154 ], [ 73.058444444444447, 33.718252113327161 ], [ 73.058444444444447, 33.718254344415236 ], [ 73.058447126436775, 33.71825434441525 ], [ 73.058447126436775, 33.718256575503275 ], [ 73.058449808429117, 33.718256575503283 ], [ 73.058449808429117, 33.718258806591251 ], [ 73.058452490421459, 33.718258806591244 ], [ 73.058452490421459, 33.718265499854809 ], [ 73.058449808429117, 33.718265499854795 ], [ 73.058449808429117, 33.71826996203022 ], [ 73.058447126436775, 33.71826996203022 ], [ 73.058447126436775, 33.718272193117848 ], [ 73.058444444444447, 33.718272193117848 ], [ 73.058444444444447, 33.718274424205411 ], [ 73.058441762452105, 33.718274424205404 ], [ 73.058441762452105, 33.718276655292918 ], [ 73.058439080459763, 33.718276655292918 ], [ 73.058439080459763, 33.718281117467747 ], [ 73.058436398467435, 33.718281117467754 ], [ 73.058436398467435, 33.718285579642355 ], [ 73.058433716475093, 33.718285579642355 ], [ 73.058433716475093, 33.718290041816736 ], [ 73.058431034482751, 33.718290041816736 ], [ 73.058431034482751, 33.718294503990883 ], [ 73.058428352490424, 33.718294503990869 ], [ 73.058428352490424, 33.718296735077857 ], [ 73.058409578544058, 33.718296735077857 ] ] ] } },
{ "type": "Feature", "properties": { "value": 255, "area_m2": 72.037024979057449 }, "geometry": { "type": "Polygon", "coordinates": [ [ [ 73.059310727969347, 33.718314583771651 ], [ 73.059310727969347, 33.718312352685132 ], [ 73.059308045977005, 33.718312352685139 ], [ 73.059308045977005, 33.718310121598549 ], [ 73.059302681992335, 33.718310121598549 ], [ 73.059302681992335, 33.71830789051193 ], [ 73.059297318007665, 33.718307890511909 ], [ 73.059297318007665, 33.718305659425234 ], [ 73.059294636015323, 33.718305659425226 ], [ 73.059294636015323, 33.718303428338466 ], [ 73.059289272030639, 33.718303428338466 ], [ 73.059289272030639, 33.71830119725167 ], [ 73.05928390804597, 33.718301197251655 ], [ 73.05928390804597, 33.718298966164781 ], [ 73.0592785440613, 33.718298966164788 ], [ 73.0592785440613, 33.718296735077864 ], [ 73.059273180076616, 33.71829673507785 ], [ 73.059273180076616, 33.718294503990876 ], [ 73.059270498084288, 33.718294503990883 ], [ 73.059270498084288, 33.718292272903831 ], [ 73.059265134099604, 33.718292272903838 ], [ 73.059265134099604, 33.718290041816736 ], [ 73.059262452107262, 33.718290041816736 ], [ 73.059262452107262, 33.718287810729578 ], [ 73.059257088122592, 33.718287810729578 ], [ 73.059257088122592, 33.718285579642355 ], [ 73.05925440613025, 33.718285579642355 ], [ 73.05925440613025, 33.71828334855509 ], [ 73.059251724137923, 33.718283348555076 ], [ 73.059251724137923, 33.718281117467747 ], [ 73.059249042145581, 33.718281117467754 ], [ 73.059249042145581, 33.718278886380347 ], [ 73.059246360153239, 33.718278886380361 ], [ 73.059246360153239, 33.718272193117848 ], [ 73.059243678160911, 33.718272193117841 ], [ 73.059243678160911, 33.718252113327154 ], [ 73.059246360153239, 33.718252113327168 ], [ 73.059246360153239, 33.718245420062544 ], [ 73.059249042145581, 33.718245420062551 ], [ 73.059249042145581, 33.71824318897422 ], [ 73.059251724137923, 33.718243188974228 ], [ 73.059251724137923, 33.718240957885868 ], [ 73.059257088122592, 33.718240957885861 ], [ 73.059257088122592, 33.718238726797431 ], [ 73.059262452107262, 33.718238726797431 ], [ 73.059262452107262, 33.718236495708922 ], [ 73.059270498084288, 33.718236495708929 ], [ 73.059270498084288, 33.718234264620371 ], [ 73.0592785440613, 33.718234264620392 ], [ 73.0592785440613, 33.718232033531777 ], [ 73.0593, 33.718232033531777 ], [ 73.0593, 33.718234264620378 ], [ 73.059302681992335, 33.718234264620378 ], [ 73.059302681992335, 33.718236495708929 ], [ 73.059308045977005, 33.718236495708929 ], [ 73.059308045977005, 33.718238726797438 ], [ 73.059310727969347, 33.718238726797431 ], [ 73.059310727969347, 33.718240957885868 ], [ 73.059316091954017, 33.718240957885854 ], [ 73.059316091954017, 33.718243188974228 ], [ 73.059313409961689, 33.71824318897422 ], [ 73.059313409961689, 33.718247651150811 ], [ 73.059316091954017, 33.718247651150818 ], [ 73.059316091954017, 33.718252113327161 ], [ 73.059321455938687, 33.718252113327161 ], [ 73.059321455938687, 33.718254344415243 ], [ 73.059324137931029, 33.718254344415243 ], [ 73.059324137931029, 33.718256575503275 ], [ 73.059326819923356, 33.718256575503275 ], [ 73.059326819923356, 33.718258806591244 ], [ 73.059334865900368, 33.718258806591237 ], [ 73.059334865900368, 33.71826103767917 ], [ 73.059345593869722, 33.718261037679156 ], [ 73.059345593869722, 33.718263268767004 ], [ 73.059350957854392, 33.718263268767011 ], [ 73.059350957854392, 33.718265499854816 ], [ 73.059356321839076, 33.718265499854809 ], [ 73.059356321839076, 33.718267730942543 ], [ 73.059361685823745, 33.718267730942543 ], [ 73.059361685823745, 33.71826996203022 ], [ 73.059367049808429, 33.718269962030213 ], [ 73.059367049808429, 33.718272193117848 ], [ 73.059369731800757, 33.718272193117855 ], [ 73.059369731800757, 33.718274424205397 ], [ 73.059377777777769, 33.718274424205404 ], [ 73.059377777777769, 33.718281117467761 ], [ 73.059380459770111, 33.718281117467754 ], [ 73.059380459770111, 33.718283348555083 ], [ 73.059383141762453, 33.71828334855509 ], [ 73.059383141762453, 33.718285579642348 ], [ 73.059385823754781, 33.718285579642355 ], [ 73.059385823754781, 33.718292272903838 ], [ 73.059383141762453, 33.718292272903831 ], [ 73.059383141762453, 33.718294503990869 ], [ 73.059380459770111, 33.718294503990876 ], [ 73.059380459770111, 33.71829673507785 ], [ 73.059372413793099, 33.718296735077857 ], [ 73.059372413793099, 33.718298966164781 ], [ 73.059364367816087, 33.718298966164788 ], [ 73.059364367816087, 33.718301197251662 ], [ 73.059350957854392, 33.718301197251662 ], [ 73.059350957854392, 33.718303428338466 ], [ 73.059340229885038, 33.718303428338466 ], [ 73.059340229885038, 33.718305659425226 ], [ 73.05933754789271, 33.718305659425226 ], [ 73.05933754789271, 33.718307890511916 ], [ 73.059334865900368, 33.718307890511916 ], [ 73.059334865900368, 33.718310121598556 ], [ 73.059329501915698, 33.718310121598549 ], [ 73.059329501915698, 33.718312352685132 ], [ 73.059326819923356, 33.718312352685125 ], [ 73.059326819923356, 33.718314583771651 ], [ 73.059310727969347, 33.718314583771651 ] ] ] } },
{ "type": "Feature", "properties": { "value": 255, "area_m2": 110.85494214299004 }, "geometry": { "type": "Polygon", "coordinates": [ [ [ 73.055032950191574, 33.718356974404536 ], [ 73.055032950191574, 33.718354743319111 ], [ 73.05502758620689, 33.718354743319104 ], [ 73.05502758620689, 33.718352512233629 ], [ 73.05502222222222, 33.718352512233622 ], [ 73.05502222222222, 33.718350281148084 ], [ 73.055016858237536, 33.718350281148091 ], [ 73.055016858237536, 33.718348050062517 ], [ 73.055014176245209, 33.718348050062509 ], [ 73.055014176245209, 33.718345818976836 ], [ 73.055011494252867, 33.718345818976843 ], [ 73.055011494252867, 33.718343587891141 ], [ 73.055006130268197, 33.718343587891134 ], [ 73.055006130268197, 33.718341356805375 ], [ 73.055003448275855, 33.718341356805375 ], [ 73.055003448275855, 33.718339125719559 ], [ 73.054998084291185, 33.718339125719545 ], [ 73.054998084291185, 33.718336894633666 ], [ 73.054992720306501, 33.718336894633659 ], [ 73.054992720306501, 33.718334663547722 ], [ 73.054990038314173, 33.718334663547722 ], [ 73.054990038314173, 33.718332432461729 ], [ 73.054984674329503, 33.718332432461722 ], [ 73.054984674329503, 33.718330201375665 ], [ 73.054981992337162, 33.718330201375672 ], [ 73.054981992337162, 33.718325739203379 ], [ 73.054979310344834, 33.718325739203379 ], [ 73.054979310344834, 33.718321277030867 ], [ 73.054976628352492, 33.718321277030853 ], [ 73.054976628352492, 33.71831681485812 ], [ 73.054979310344834, 33.71831681485812 ], [ 73.054979310344834, 33.718312352685118 ], [ 73.05497394636015, 33.718312352685139 ], [ 73.05497394636015, 33.718310121598549 ], [ 73.054971264367822, 33.718310121598549 ], [ 73.054971264367822, 33.718307890511916 ], [ 73.05497394636015, 33.718307890511916 ], [ 73.05497394636015, 33.718303428338466 ], [ 73.054976628352492, 33.718303428338466 ], [ 73.054976628352492, 33.718298966164781 ], [ 73.054979310344834, 33.718298966164781 ], [ 73.054979310344834, 33.718296735077857 ], [ 73.054976628352492, 33.718296735077857 ], [ 73.054976628352492, 33.718292272903838 ], [ 73.054979310344834, 33.718292272903831 ], [ 73.054979310344834, 33.718287810729578 ], [ 73.054981992337162, 33.718287810729578 ], [ 73.054981992337162, 33.718281117467754 ], [ 73.054984674329503, 33.718281117467754 ], [ 73.054984674329503, 33.718274424205411 ], [ 73.054987356321831, 33.718274424205404 ], [ 73.054987356321831, 33.718269962030206 ], [ 73.054990038314173, 33.718269962030227 ], [ 73.054990038314173, 33.718265499854809 ], [ 73.054992720306501, 33.718265499854809 ], [ 73.054992720306501, 33.718258806591244 ], [ 73.054998084291185, 33.718258806591244 ], [ 73.054998084291185, 33.718256575503268 ], [ 73.055000766283513, 33.718256575503275 ], [ 73.055000766283513, 33.718249882239022 ], [ 73.055003448275855, 33.718249882239014 ], [ 73.055003448275855, 33.718247651150811 ], [ 73.055006130268197, 33.718247651150811 ], [ 73.055006130268197, 33.718243188974235 ], [ 73.055008812260525, 33.718243188974228 ], [ 73.055008812260525, 33.718240957885861 ], [ 73.055011494252867, 33.718240957885861 ], [ 73.055011494252867, 33.718236495708929 ], [ 73.055014176245209, 33.718236495708936 ], [ 73.055014176245209, 33.718232033531784 ], [ 73.055016858237536, 33.71823203353177 ], [ 73.055016858237536, 33.718229802443112 ], [ 73.055019540229878, 33.718229802443105 ], [ 73.055019540229878, 33.718227571354376 ], [ 73.055024904214548, 33.718227571354383 ], [ 73.055024904214548, 33.718225340265597 ], [ 73.05502758620689, 33.718225340265604 ], [ 73.05502758620689, 33.718223109176776 ], [ 73.055040996168586, 33.718223109176769 ], [ 73.055040996168586, 33.71822534026559 ], [ 73.055051724137925, 33.718225340265597 ], [ 73.055051724137925, 33.718227571354383 ], [ 73.055059770114951, 33.718227571354383 ], [ 73.055059770114951, 33.718229802443112 ], [ 73.055062452107279, 33.718229802443119 ], [ 73.055062452107279, 33.718232033531784 ], [ 73.055067816091963, 33.718232033531784 ], [ 73.055067816091963, 33.718234264620392 ], [ 73.055070498084291, 33.718234264620385 ], [ 73.055070498084291, 33.718236495708929 ], [ 73.055073180076633, 33.718236495708929 ], [ 73.055073180076633, 33.718238726797431 ], [ 73.05508122605363, 33.718238726797431 ], [ 73.05508122605363, 33.718240957885861 ], [ 73.0550865900383, 33.718240957885861 ], [ 73.0550865900383, 33.71824318897422 ], [ 73.055089272030642, 33.718243188974228 ], [ 73.055089272030642, 33.718245420062544 ], [ 73.055091954022984, 33.718245420062551 ], [ 73.055091954022984, 33.718247651150818 ], [ 73.055097318007654, 33.718247651150811 ], [ 73.055097318007654, 33.718272193117848 ], [ 73.055094636015312, 33.718272193117841 ], [ 73.055094636015312, 33.718276655292911 ], [ 73.055091954022984, 33.718276655292925 ], [ 73.055091954022984, 33.718281117467747 ], [ 73.055089272030642, 33.718281117467747 ], [ 73.055089272030642, 33.718287810729578 ], [ 73.0550865900383, 33.718287810729578 ], [ 73.0550865900383, 33.718294503990869 ], [ 73.055083908045972, 33.718294503990869 ], [ 73.055083908045972, 33.718298966164788 ], [ 73.05508122605363, 33.718298966164781 ], [ 73.05508122605363, 33.718303428338466 ], [ 73.055078544061288, 33.718303428338466 ], [ 73.055078544061288, 33.718307890511923 ], [ 73.055075862068961, 33.718307890511909 ], [ 73.055075862068961, 33.718312352685132 ], [ 73.055073180076633, 33.718312352685132 ], [ 73.055073180076633, 33.718314583771651 ], [ 73.055070498084291, 33.718314583771651 ], [ 73.055070498084291, 33.71831681485812 ], [ 73.055067816091963, 33.718316814858113 ], [ 73.055067816091963, 33.718319045944511 ], [ 73.055065134099621, 33.718319045944511 ], [ 73.055065134099621, 33.71832127703086 ], [ 73.055062452107279, 33.718321277030867 ], [ 73.055062452107279, 33.718325739203379 ], [ 73.055059770114951, 33.718325739203372 ], [ 73.055059770114951, 33.718330201375672 ], [ 73.055057088122609, 33.718330201375672 ], [ 73.055057088122609, 33.718334663547722 ], [ 73.055054406130267, 33.718334663547722 ], [ 73.055054406130267, 33.718336894633673 ], [ 73.055051724137925, 33.718336894633659 ], [ 73.055051724137925, 33.718343587891141 ], [ 73.055049042145598, 33.718343587891141 ], [ 73.055049042145598, 33.718348050062502 ], [ 73.055046360153256, 33.718348050062509 ], [ 73.055046360153256, 33.718350281148091 ], [ 73.055043678160914, 33.718350281148084 ], [ 73.055043678160914, 33.718354743319118 ], [ 73.055040996168586, 33.718354743319111 ], [ 73.055040996168586, 33.718356974404529 ], [ 73.055032950191574, 33.718356974404536 ] ] ] } },
{ "type": "Feature", "properties": { "value": 255, "area_m2": 36.479939216388473 }, "geometry": { "type": "Polygon", "coordinates": [ [ [ 73.058130651340988, 33.718301197251662 ], [ 73.058130651340988, 33.718298966164788 ], [ 73.058127969348647, 33.718298966164788 ], [ 73.058127969348647, 33.71829673507785 ], [ 73.058122605363963, 33.718296735077857 ], [ 73.058122605363963, 33.718294503990883 ], [ 73.058119923371635, 33.718294503990876 ], [ 73.058119923371635, 33.718292272903831 ], [ 73.058117241379307, 33.718292272903838 ], [ 73.058117241379307, 33.718290041816743 ], [ 73.058114559386965, 33.718290041816736 ], [ 73.058114559386965, 33.718287810729585 ], [ 73.058109195402295, 33.718287810729585 ], [ 73.058109195402295, 33.71828334855509 ], [ 73.058106513409953, 33.718283348555083 ], [ 73.058106513409953, 33.718281117467761 ], [ 73.058103831417625, 33.718281117467754 ], [ 73.058103831417625, 33.718276655292918 ], [ 73.058106513409953, 33.718276655292925 ], [ 73.058106513409953, 33.718272193117848 ], [ 73.058109195402295, 33.718272193117855 ], [ 73.058109195402295, 33.718265499854802 ], [ 73.058111877394623, 33.718265499854795 ], [ 73.058111877394623, 33.718261037679149 ], [ 73.058114559386965, 33.718261037679163 ], [ 73.058114559386965, 33.718258806591251 ], [ 73.058117241379307, 33.718258806591244 ], [ 73.058117241379307, 33.718254344415243 ], [ 73.058119923371635, 33.71825434441525 ], [ 73.058119923371635, 33.718252113327154 ], [ 73.058122605363963, 33.718252113327161 ], [ 73.058122605363963, 33.718247651150811 ], [ 73.058125287356319, 33.718247651150818 ], [ 73.058125287356319, 33.718245420062544 ], [ 73.058127969348647, 33.718245420062544 ], [ 73.058127969348647, 33.718243188974228 ], [ 73.058130651340988, 33.718243188974228 ], [ 73.058130651340988, 33.718240957885868 ], [ 73.05813333333333, 33.718240957885861 ], [ 73.05813333333333, 33.718236495708929 ], [ 73.058136015325658, 33.718236495708936 ], [ 73.058136015325658, 33.718234264620392 ], [ 73.058138697318, 33.718234264620385 ], [ 73.058138697318, 33.718229802443119 ], [ 73.058141379310342, 33.718229802443112 ], [ 73.058141379310342, 33.718227571354383 ], [ 73.05814406130267, 33.718227571354383 ], [ 73.05814406130267, 33.718223109176762 ], [ 73.058160153256694, 33.718223109176769 ], [ 73.058160153256694, 33.718225340265597 ], [ 73.058162835249036, 33.718225340265604 ], [ 73.058162835249036, 33.718227571354383 ], [ 73.058165517241378, 33.718227571354383 ], [ 73.058165517241378, 33.718229802443119 ], [ 73.058170881226047, 33.718229802443112 ], [ 73.058170881226047, 33.718234264620378 ], [ 73.058176245210717, 33.718234264620385 ], [ 73.058176245210717, 33.718236495708936 ], [ 73.058178927203073, 33.718236495708936 ], [ 73.058178927203073, 33.718243188974228 ], [ 73.058181609195401, 33.718243188974235 ], [ 73.058181609195401, 33.718252113327161 ], [ 73.058178927203073, 33.718252113327154 ], [ 73.058178927203073, 33.718258806591244 ], [ 73.058176245210717, 33.718258806591244 ], [ 73.058176245210717, 33.718263268767011 ], [ 73.058173563218389, 33.718263268767011 ], [ 73.058173563218389, 33.718267730942543 ], [ 73.058170881226047, 33.718267730942543 ], [ 73.058170881226047, 33.718269962030213 ], [ 73.058168199233705, 33.718269962030213 ], [ 73.058168199233705, 33.718272193117841 ], [ 73.058162835249036, 33.718272193117855 ], [ 73.058162835249036, 33.718274424205404 ], [ 73.058160153256694, 33.718274424205404 ], [ 73.058160153256694, 33.718276655292918 ], [ 73.058154789272024, 33.718276655292918 ], [ 73.058154789272024, 33.718278886380368 ], [ 73.058152107279682, 33.718278886380361 ], [ 73.058152107279682, 33.718294503990883 ], [ 73.058149425287354, 33.718294503990869 ], [ 73.058149425287354, 33.718296735077857 ], [ 73.058146743295012, 33.718296735077857 ], [ 73.058146743295012, 33.718298966164788 ], [ 73.05814406130267, 33.718298966164781 ], [ 73.05814406130267, 33.718301197251662 ], [ 73.058130651340988, 33.718301197251662 ] ] ] } },
{ "type": "Feature", "properties": { "value": 255, "area_m2": 30.020638843836981 }, "geometry": { "type": "Polygon", "coordinates": [ [ [ 73.056494636015316, 33.718281117467754 ], [ 73.056494636015316, 33.718278886380347 ], [ 73.056489272030646, 33.718278886380361 ], [ 73.056489272030646, 33.718276655292918 ], [ 73.056483908045962, 33.718276655292918 ], [ 73.056483908045962, 33.718274424205404 ], [ 73.056478544061292, 33.718274424205411 ], [ 73.056478544061292, 33.718272193117841 ], [ 73.056473180076622, 33.718272193117855 ], [ 73.056473180076622, 33.71826996203022 ], [ 73.056470498084281, 33.71826996203022 ], [ 73.056470498084281, 33.71826773094255 ], [ 73.056467816091939, 33.718267730942536 ], [ 73.056467816091939, 33.718265499854795 ], [ 73.056465134099611, 33.718265499854809 ], [ 73.056465134099611, 33.718263268767011 ], [ 73.056459770114941, 33.718263268767004 ], [ 73.056459770114941, 33.718261037679163 ], [ 73.056457088122613, 33.718261037679163 ], [ 73.056457088122613, 33.718258806591244 ], [ 73.056451724137929, 33.718258806591244 ], [ 73.056451724137929, 33.71825434441525 ], [ 73.056449042145601, 33.718254344415243 ], [ 73.056449042145601, 33.718252113327161 ], [ 73.056446360153259, 33.718252113327154 ], [ 73.056446360153259, 33.718243188974213 ], [ 73.056449042145601, 33.71824318897422 ], [ 73.056449042145601, 33.718240957885861 ], [ 73.056451724137929, 33.718240957885868 ], [ 73.056451724137929, 33.718238726797424 ], [ 73.056457088122613, 33.718238726797431 ], [ 73.056457088122613, 33.718236495708936 ], [ 73.056462452107269, 33.718236495708929 ], [ 73.056462452107269, 33.718234264620378 ], [ 73.056467816091939, 33.718234264620385 ], [ 73.056467816091939, 33.718232033531784 ], [ 73.056470498084281, 33.718232033531777 ], [ 73.056470498084281, 33.718229802443112 ], [ 73.05647586206895, 33.718229802443112 ], [ 73.05647586206895, 33.718225340265612 ], [ 73.056478544061292, 33.718225340265597 ], [ 73.056478544061292, 33.718223109176762 ], [ 73.056481226053634, 33.718223109176769 ], [ 73.056481226053634, 33.71822087808787 ], [ 73.056486590038304, 33.718220878087863 ], [ 73.056486590038304, 33.718223109176762 ], [ 73.056494636015316, 33.718223109176762 ], [ 73.056494636015316, 33.71822757135439 ], [ 73.0565, 33.71822757135439 ], [ 73.0565, 33.718229802443105 ], [ 73.056502681992328, 33.718229802443119 ], [ 73.056502681992328, 33.718232033531777 ], [ 73.056508045977012, 33.718232033531777 ], [ 73.056508045977012, 33.718234264620378 ], [ 73.056510727969339, 33.718234264620378 ], [ 73.056510727969339, 33.718236495708922 ], [ 73.056513409961681, 33.718236495708929 ], [ 73.056513409961681, 33.718238726797431 ], [ 73.056518773946365, 33.718238726797438 ], [ 73.056518773946365, 33.718240957885861 ], [ 73.056521455938693, 33.718240957885868 ], [ 73.056521455938693, 33.718243188974228 ], [ 73.056524137931035, 33.718243188974228 ], [ 73.056524137931035, 33.71825434441525 ], [ 73.056521455938693, 33.718254344415243 ], [ 73.056521455938693, 33.718258806591244 ], [ 73.056518773946365, 33.718258806591244 ], [ 73.056518773946365, 33.718263268767011 ], [ 73.056516091954023, 33.718263268767011 ], [ 73.056516091954023, 33.718265499854795 ], [ 73.056513409961681, 33.718265499854802 ], [ 73.056513409961681, 33.718276655292925 ], [ 73.056510727969339, 33.718276655292918 ], [ 73.056510727969339, 33.718281117467761 ], [ 73.056494636015316, 33.718281117467754 ] ] ] } },
{ "type": "Feature", "properties": { "value": 255, "area_m2": 78.373426222207996 }, "geometry": { "type": "Polygon", "coordinates": [ [ [ 73.058626819923376, 33.718303428338466 ], [ 73.058626819923376, 33.718287810729578 ], [ 73.058624137931034, 33.718287810729578 ], [ 73.058624137931034, 33.718290041816736 ], [ 73.058621455938692, 33.718290041816736 ], [ 73.058621455938692, 33.718294503990883 ], [ 73.058618773946364, 33.718294503990869 ], [ 73.058618773946364, 33.71829673507785 ], [ 73.05861340996168, 33.71829673507785 ], [ 73.05861340996168, 33.718294503990869 ], [ 73.0586, 33.718294503990876 ], [ 73.0586, 33.718292272903838 ], [ 73.058591954022987, 33.718292272903831 ], [ 73.058591954022987, 33.718290041816736 ], [ 73.058581226053633, 33.718290041816736 ], [ 73.058581226053633, 33.718287810729578 ], [ 73.058575862068963, 33.718287810729578 ], [ 73.058575862068963, 33.718285579642355 ], [ 73.058573180076621, 33.718285579642348 ], [ 73.058573180076621, 33.718283348555076 ], [ 73.058570498084279, 33.718283348555083 ], [ 73.058570498084279, 33.718281117467747 ], [ 73.058567816091937, 33.718281117467754 ], [ 73.058567816091937, 33.718278886380354 ], [ 73.058565134099609, 33.718278886380361 ], [ 73.058565134099609, 33.718274424205404 ], [ 73.058562452107267, 33.718274424205404 ], [ 73.058562452107267, 33.718272193117848 ], [ 73.058559770114925, 33.718272193117848 ], [ 73.058559770114925, 33.71826996203022 ], [ 73.058557088122598, 33.71826996203022 ], [ 73.058557088122598, 33.718267730942543 ], [ 73.058549042145586, 33.718267730942543 ], [ 73.058549042145586, 33.718265499854809 ], [ 73.058546360153244, 33.718265499854802 ], [ 73.058546360153244, 33.718263268767011 ], [ 73.058540996168574, 33.718263268767011 ], [ 73.058540996168574, 33.718261037679163 ], [ 73.058538314176246, 33.718261037679163 ], [ 73.058538314176246, 33.718256575503275 ], [ 73.058535632183904, 33.718256575503283 ], [ 73.058535632183904, 33.718245420062551 ], [ 73.058532950191577, 33.718245420062551 ], [ 73.058532950191577, 33.718216415909907 ], [ 73.058535632183904, 33.7182164159099 ], [ 73.058535632183904, 33.718211953731704 ], [ 73.058538314176246, 33.718211953731696 ], [ 73.058538314176246, 33.718209722642506 ], [ 73.058540996168574, 33.718209722642491 ], [ 73.058540996168574, 33.718207491553258 ], [ 73.058543678160916, 33.718207491553258 ], [ 73.058543678160916, 33.718205260463968 ], [ 73.058557088122598, 33.718205260463968 ], [ 73.058557088122598, 33.7182030293746 ], [ 73.058565134099609, 33.7182030293746 ], [ 73.058565134099609, 33.718200798285167 ], [ 73.058578544061291, 33.718200798285167 ], [ 73.058578544061291, 33.718198567195692 ], [ 73.058581226053633, 33.718198567195699 ], [ 73.058581226053633, 33.718200798285174 ], [ 73.058583908045975, 33.718200798285167 ], [ 73.058583908045975, 33.718198567195699 ], [ 73.058589272030645, 33.718198567195699 ], [ 73.058589272030645, 33.718200798285167 ], [ 73.058591954022987, 33.718200798285174 ], [ 73.058591954022987, 33.718198567195699 ], [ 73.058594636015314, 33.718198567195692 ], [ 73.058594636015314, 33.718200798285167 ], [ 73.0586, 33.718200798285167 ], [ 73.0586, 33.718198567195699 ], [ 73.05860268199234, 33.718198567195699 ], [ 73.05860268199234, 33.718200798285174 ], [ 73.058605363984668, 33.718200798285167 ], [ 73.058605363984668, 33.718198567195699 ], [ 73.058610727969352, 33.718198567195699 ], [ 73.058610727969352, 33.718200798285167 ], [ 73.058616091954022, 33.718200798285174 ], [ 73.058616091954022, 33.718205260463961 ], [ 73.058618773946364, 33.718205260463975 ], [ 73.058618773946364, 33.718252113327154 ], [ 73.058621455938692, 33.718252113327154 ], [ 73.058621455938692, 33.718254344415243 ], [ 73.058624137931034, 33.718254344415229 ], [ 73.058624137931034, 33.718261037679156 ], [ 73.058626819923376, 33.718261037679156 ], [ 73.058626819923376, 33.718256575503275 ], [ 73.058634865900373, 33.718256575503283 ], [ 73.058634865900373, 33.718258806591251 ], [ 73.058637547892701, 33.718258806591251 ], [ 73.058637547892701, 33.718261037679163 ], [ 73.058640229885043, 33.718261037679163 ], [ 73.058640229885043, 33.718263268767004 ], [ 73.058642911877385, 33.718263268767004 ], [ 73.058642911877385, 33.718265499854795 ], [ 73.058645593869713, 33.718265499854795 ], [ 73.058645593869713, 33.718272193117834 ], [ 73.058648275862055, 33.718272193117848 ], [ 73.058648275862055, 33.718274424205404 ], [ 73.058645593869713, 33.718274424205411 ], [ 73.058645593869713, 33.718281117467754 ], [ 73.058642911877385, 33.718281117467754 ], [ 73.058642911877385, 33.718287810729571 ], [ 73.058640229885043, 33.718287810729578 ], [ 73.058640229885043, 33.718290041816736 ], [ 73.058637547892701, 33.718290041816729 ], [ 73.058637547892701, 33.718294503990876 ], [ 73.058634865900373, 33.718294503990869 ], [ 73.058634865900373, 33.71829673507785 ], [ 73.058632183908031, 33.718296735077857 ], [ 73.058632183908031, 33.718303428338459 ], [ 73.058626819923376, 33.718303428338466 ] ] ] } },
{ "type": "Feature", "properties": { "value": 255, "area_m2": 62.74795038471045 }, "geometry": { "type": "Polygon", "coordinates": [ [ [ 73.059517241379297, 33.718290041816736 ], [ 73.059517241379297, 33.718287810729578 ], [ 73.059514559386969, 33.718287810729578 ], [ 73.059514559386969, 33.718281117467754 ], [ 73.059511877394613, 33.718281117467747 ], [ 73.059511877394613, 33.718287810729578 ], [ 73.059506513409957, 33.718287810729585 ], [ 73.059506513409957, 33.718283348555083 ], [ 73.059503831417601, 33.718283348555083 ], [ 73.059503831417601, 33.718285579642348 ], [ 73.059498467432945, 33.718285579642355 ], [ 73.059498467432945, 33.718283348555083 ], [ 73.059493103448276, 33.718283348555083 ], [ 73.059493103448276, 33.718281117467761 ], [ 73.059490421455934, 33.718281117467761 ], [ 73.059490421455934, 33.718278886380361 ], [ 73.059485057471264, 33.718278886380354 ], [ 73.059485057471264, 33.718276655292918 ], [ 73.059482375478922, 33.718276655292918 ], [ 73.059482375478922, 33.718274424205404 ], [ 73.05947969348658, 33.718274424205397 ], [ 73.05947969348658, 33.718272193117855 ], [ 73.059477011494252, 33.718272193117848 ], [ 73.059477011494252, 33.718258806591237 ], [ 73.05947969348658, 33.718258806591244 ], [ 73.05947969348658, 33.71824318897422 ], [ 73.059482375478922, 33.718243188974213 ], [ 73.059482375478922, 33.718234264620385 ], [ 73.059485057471264, 33.718234264620378 ], [ 73.059485057471264, 33.718229802443119 ], [ 73.059487739463592, 33.718229802443112 ], [ 73.059487739463592, 33.718227571354376 ], [ 73.059490421455934, 33.718227571354383 ], [ 73.059490421455934, 33.718225340265583 ], [ 73.059495785440603, 33.718225340265597 ], [ 73.059495785440603, 33.71822087808787 ], [ 73.059498467432945, 33.71822087808787 ], [ 73.059498467432945, 33.718218646998906 ], [ 73.059501149425273, 33.718218646998906 ], [ 73.059501149425273, 33.71821418482083 ], [ 73.059506513409957, 33.718214184820823 ], [ 73.059506513409957, 33.718211953731689 ], [ 73.059509195402285, 33.718211953731696 ], [ 73.059509195402285, 33.718209722642491 ], [ 73.059514559386969, 33.718209722642491 ], [ 73.059514559386969, 33.718211953731689 ], [ 73.059517241379297, 33.718211953731689 ], [ 73.059517241379297, 33.718207491553258 ], [ 73.059514559386969, 33.718207491553265 ], [ 73.059514559386969, 33.718200798285167 ], [ 73.059517241379297, 33.718200798285167 ], [ 73.059517241379297, 33.718194105016579 ], [ 73.059519923371639, 33.718194105016572 ], [ 73.059519923371639, 33.718189642837203 ], [ 73.059522605363981, 33.718189642837196 ], [ 73.059522605363981, 33.718187411747436 ], [ 73.059525287356308, 33.718187411747444 ], [ 73.059525287356308, 33.718182949567741 ], [ 73.05952796934865, 33.718182949567741 ], [ 73.05952796934865, 33.718178487387782 ], [ 73.059530651340992, 33.718178487387789 ], [ 73.059530651340992, 33.718167331936925 ], [ 73.05953333333332, 33.718167331936925 ], [ 73.05953333333332, 33.718158407575181 ], [ 73.059536015325662, 33.718158407575189 ], [ 73.059536015325662, 33.718153945393972 ], [ 73.059538697318004, 33.718153945393972 ], [ 73.059538697318004, 33.718151714303282 ], [ 73.059546743295016, 33.718151714303282 ], [ 73.059546743295016, 33.718149483212528 ], [ 73.059552107279686, 33.718149483212514 ], [ 73.059552107279686, 33.71814725212171 ], [ 73.059565517241367, 33.718147252121703 ], [ 73.059565517241367, 33.718149483212528 ], [ 73.059568199233723, 33.718149483212528 ], [ 73.059568199233723, 33.718151714303289 ], [ 73.059570881226051, 33.718151714303282 ], [ 73.059570881226051, 33.718156176484619 ], [ 73.059573563218379, 33.718156176484619 ], [ 73.059573563218379, 33.718160638665708 ], [ 73.059576245210735, 33.718160638665715 ], [ 73.059576245210735, 33.718167331936925 ], [ 73.059578927203063, 33.718167331936925 ], [ 73.059578927203063, 33.718169563027203 ], [ 73.059581609195391, 33.71816956302721 ], [ 73.059581609195391, 33.718174025207624 ], [ 73.059584291187733, 33.71817402520761 ], [ 73.059584291187733, 33.718180718477782 ], [ 73.059581609195391, 33.71818071847779 ], [ 73.059581609195391, 33.718187411747444 ], [ 73.059578927203063, 33.718187411747444 ], [ 73.059578927203063, 33.718194105016579 ], [ 73.059576245210735, 33.718194105016572 ], [ 73.059576245210735, 33.718196336106168 ], [ 73.059573563218379, 33.718196336106161 ], [ 73.059573563218379, 33.718200798285167 ], [ 73.059570881226051, 33.718200798285174 ], [ 73.059570881226051, 33.718203029374607 ], [ 73.059568199233723, 33.718203029374607 ], [ 73.059568199233723, 33.718205260463961 ], [ 73.059557471264355, 33.718205260463961 ], [ 73.059557471264355, 33.7182030293746 ], [ 73.059549425287344, 33.718203029374592 ], [ 73.059549425287344, 33.718205260463968 ], [ 73.059546743295016, 33.718205260463961 ], [ 73.059546743295016, 33.718211953731696 ], [ 73.059544061302674, 33.718211953731696 ], [ 73.059544061302674, 33.718214184820816 ], [ 73.059546743295016, 33.71821418482083 ], [ 73.059546743295016, 33.7182164159099 ], [ 73.059544061302674, 33.7182164159099 ], [ 73.059544061302674, 33.718218646998913 ], [ 73.059530651340992, 33.718218646998906 ], [ 73.059530651340992, 33.718216415909907 ], [ 73.05952796934865, 33.7182164159099 ], [ 73.05952796934865, 33.71821418482083 ], [ 73.059522605363981, 33.718214184820823 ], [ 73.059522605363981, 33.718232033531777 ], [ 73.059525287356308, 33.718232033531777 ], [ 73.059525287356308, 33.718234264620385 ], [ 73.05952796934865, 33.718234264620364 ], [ 73.05952796934865, 33.718236495708922 ], [ 73.059530651340992, 33.718236495708936 ], [ 73.059530651340992, 33.718238726797438 ], [ 73.05953333333332, 33.718238726797431 ], [ 73.05953333333332, 33.718240957885861 ], [ 73.059536015325662, 33.718240957885868 ], [ 73.059536015325662, 33.718245420062544 ], [ 73.05953333333332, 33.718245420062551 ], [ 73.05953333333332, 33.718249882239007 ], [ 73.059530651340992, 33.718249882239014 ], [ 73.059530651340992, 33.718258806591237 ], [ 73.05952796934865, 33.718258806591244 ], [ 73.05952796934865, 33.718263268767004 ], [ 73.059525287356308, 33.718263268767011 ], [ 73.059525287356308, 33.718265499854802 ], [ 73.059522605363981, 33.718265499854795 ], [ 73.059522605363981, 33.718287810729578 ], [ 73.059519923371639, 33.718287810729585 ], [ 73.059519923371639, 33.718290041816736 ], [ 73.059517241379297, 33.718290041816736 ] ] ] } },
{ "type": "Feature", "properties": { "value": 255, "area_m2": 59.672159191550044 }, "geometry": { "type": "Polygon", "coordinates": [ [ [ 73.058929885057466, 33.718211953731696 ], [ 73.058929885057466, 33.718209722642499 ], [ 73.058924521072782, 33.718209722642499 ], [ 73.058924521072782, 33.718207491553258 ], [ 73.058916475095771, 33.718207491553258 ], [ 73.058916475095771, 33.718205260463968 ], [ 73.058913793103443, 33.718205260463961 ], [ 73.058913793103443, 33.718203029374592 ], [ 73.058908429118759, 33.7182030293746 ], [ 73.058908429118759, 33.718200798285167 ], [ 73.058903065134089, 33.718200798285167 ], [ 73.058903065134089, 33.718198567195692 ], [ 73.058900383141747, 33.718198567195699 ], [ 73.058900383141747, 33.718196336106175 ], [ 73.058897701149419, 33.718196336106168 ], [ 73.058897701149419, 33.718194105016579 ], [ 73.058892337164735, 33.718194105016579 ], [ 73.058892337164735, 33.718191873926919 ], [ 73.058889655172408, 33.718191873926912 ], [ 73.058889655172408, 33.71818964283721 ], [ 73.058884291187738, 33.71818964283721 ], [ 73.058884291187738, 33.718160638665708 ], [ 73.058886973180066, 33.718160638665715 ], [ 73.058886973180066, 33.718153945393972 ], [ 73.058889655172408, 33.718153945393965 ], [ 73.058889655172408, 33.718149483212521 ], [ 73.058892337164735, 33.718149483212514 ], [ 73.058892337164735, 33.71814725212171 ], [ 73.058895019157077, 33.71814725212171 ], [ 73.058895019157077, 33.71814502103085 ], [ 73.058897701149419, 33.71814502103085 ], [ 73.058897701149419, 33.718140558848937 ], [ 73.058900383141747, 33.718140558848937 ], [ 73.058900383141747, 33.718136096666797 ], [ 73.058913793103443, 33.71813609666679 ], [ 73.058913793103443, 33.718138327757899 ], [ 73.058919157088113, 33.718138327757885 ], [ 73.058919157088113, 33.718140558848937 ], [ 73.058924521072782, 33.718140558848937 ], [ 73.058924521072782, 33.718142789939911 ], [ 73.058932567049794, 33.718142789939925 ], [ 73.058932567049794, 33.718145021030843 ], [ 73.058937931034478, 33.718145021030836 ], [ 73.058937931034478, 33.71814725212171 ], [ 73.058948659003818, 33.71814725212171 ], [ 73.058948659003818, 33.718149483212528 ], [ 73.058967432950197, 33.718149483212521 ], [ 73.058967432950197, 33.71814725212171 ], [ 73.058970114942525, 33.71814725212171 ], [ 73.058970114942525, 33.718149483212521 ], [ 73.058978160919537, 33.718149483212521 ], [ 73.058978160919537, 33.718151714303268 ], [ 73.058980842911865, 33.718151714303282 ], [ 73.058980842911865, 33.718153945393972 ], [ 73.058988888888877, 33.718153945393972 ], [ 73.058988888888877, 33.718160638665715 ], [ 73.058991570881219, 33.718160638665708 ], [ 73.058991570881219, 33.718167331936925 ], [ 73.058994252873546, 33.718167331936925 ], [ 73.058994252873546, 33.718176256297731 ], [ 73.058996934865888, 33.718176256297738 ], [ 73.058996934865888, 33.718178487387789 ], [ 73.058994252873546, 33.718178487387789 ], [ 73.058994252873546, 33.718189642837217 ], [ 73.058991570881219, 33.71818964283721 ], [ 73.058991570881219, 33.718191873926919 ], [ 73.058988888888877, 33.718191873926919 ], [ 73.058988888888877, 33.718194105016572 ], [ 73.058978160919537, 33.718194105016579 ], [ 73.058978160919537, 33.718196336106168 ], [ 73.058954022988502, 33.718196336106175 ], [ 73.058954022988502, 33.718198567195699 ], [ 73.058948659003818, 33.718198567195699 ], [ 73.058948659003818, 33.718200798285174 ], [ 73.05894597701149, 33.718200798285174 ], [ 73.05894597701149, 33.718203029374607 ], [ 73.058943295019162, 33.718203029374592 ], [ 73.058943295019162, 33.718207491553258 ], [ 73.058940613026806, 33.718207491553258 ], [ 73.058940613026806, 33.718209722642506 ], [ 73.058937931034478, 33.718209722642499 ], [ 73.058937931034478, 33.718211953731696 ], [ 73.058929885057466, 33.718211953731696 ] ] ] } },
{ "type": "Feature", "properties": { "value": 255, "area_m2": 67.115753669942478 }, "geometry": { "type": "Polygon", "coordinates": [ [ [ 73.059431417624509, 33.71824318897422 ], [ 73.059431417624509, 33.718240957885861 ], [ 73.059428735632167, 33.718240957885868 ], [ 73.059428735632167, 33.718238726797431 ], [ 73.059423371647497, 33.718238726797431 ], [ 73.059423371647497, 33.718236495708922 ], [ 73.059418007662813, 33.718236495708929 ], [ 73.059418007662813, 33.718234264620378 ], [ 73.059415325670486, 33.718234264620378 ], [ 73.059415325670486, 33.718232033531784 ], [ 73.059409961685816, 33.718232033531777 ], [ 73.059409961685816, 33.718229802443119 ], [ 73.059407279693488, 33.718229802443105 ], [ 73.059407279693488, 33.718227571354383 ], [ 73.059404597701146, 33.718227571354383 ], [ 73.059404597701146, 33.718225340265597 ], [ 73.059401915708804, 33.718225340265604 ], [ 73.059401915708804, 33.718218646998906 ], [ 73.059399233716476, 33.718218646998913 ], [ 73.059399233716476, 33.718214184820823 ], [ 73.059401915708804, 33.718214184820823 ], [ 73.059401915708804, 33.718205260463961 ], [ 73.059404597701146, 33.718205260463968 ], [ 73.059404597701146, 33.718198567195699 ], [ 73.059407279693488, 33.718198567195699 ], [ 73.059407279693488, 33.718196336106168 ], [ 73.059409961685816, 33.718196336106168 ], [ 73.059409961685816, 33.718194105016579 ], [ 73.059412643678144, 33.718194105016572 ], [ 73.059412643678144, 33.718187411747436 ], [ 73.059418007662813, 33.718187411747436 ], [ 73.059418007662813, 33.71818518065762 ], [ 73.059420689655155, 33.71818518065762 ], [ 73.059420689655155, 33.71818071847779 ], [ 73.059423371647497, 33.71818071847779 ], [ 73.059423371647497, 33.718178487387775 ], [ 73.059426053639825, 33.718178487387789 ], [ 73.059426053639825, 33.718176256297745 ], [ 73.059428735632167, 33.718176256297745 ], [ 73.059428735632167, 33.718171794117438 ], [ 73.059431417624509, 33.718171794117445 ], [ 73.059431417624509, 33.718167331936925 ], [ 73.059434099616837, 33.718167331936925 ], [ 73.059434099616837, 33.718162869756171 ], [ 73.059436781609193, 33.718162869756171 ], [ 73.059436781609193, 33.718158407575181 ], [ 73.059439463601521, 33.718158407575189 ], [ 73.059439463601521, 33.718156176484612 ], [ 73.059442145593863, 33.718156176484612 ], [ 73.059442145593863, 33.718149483212521 ], [ 73.059444827586205, 33.718149483212521 ], [ 73.059444827586205, 33.718142789939918 ], [ 73.059447509578533, 33.718142789939918 ], [ 73.059447509578533, 33.718140558848937 ], [ 73.059450191570875, 33.718140558848937 ], [ 73.059450191570875, 33.718133865575624 ], [ 73.059452873563217, 33.718133865575616 ], [ 73.059452873563217, 33.718129403393121 ], [ 73.059455555555544, 33.718129403393135 ], [ 73.059455555555544, 33.718127172301806 ], [ 73.059460919540228, 33.718127172301806 ], [ 73.059460919540228, 33.718124941210412 ], [ 73.059477011494252, 33.718124941210405 ], [ 73.059477011494252, 33.718127172301799 ], [ 73.059485057471264, 33.718127172301806 ], [ 73.059485057471264, 33.718131634484422 ], [ 73.059490421455934, 33.718131634484408 ], [ 73.059490421455934, 33.718133865575616 ], [ 73.059493103448276, 33.718133865575624 ], [ 73.059493103448276, 33.718136096666797 ], [ 73.059495785440603, 33.71813609666679 ], [ 73.059495785440603, 33.718138327757892 ], [ 73.059498467432945, 33.718138327757892 ], [ 73.059498467432945, 33.718165100846576 ], [ 73.059495785440603, 33.718165100846576 ], [ 73.059495785440603, 33.718167331936918 ], [ 73.059493103448276, 33.718167331936925 ], [ 73.059493103448276, 33.718171794117445 ], [ 73.059490421455934, 33.718171794117445 ], [ 73.059490421455934, 33.718176256297738 ], [ 73.059487739463592, 33.718176256297738 ], [ 73.059487739463592, 33.718182949567741 ], [ 73.059485057471264, 33.718182949567741 ], [ 73.059485057471264, 33.718187411747429 ], [ 73.059482375478922, 33.718187411747436 ], [ 73.059482375478922, 33.718191873926919 ], [ 73.05947969348658, 33.718191873926919 ], [ 73.05947969348658, 33.718196336106168 ], [ 73.059477011494252, 33.718196336106153 ], [ 73.059477011494252, 33.718198567195699 ], [ 73.05947432950191, 33.718198567195692 ], [ 73.05947432950191, 33.718203029374607 ], [ 73.059471647509568, 33.718203029374607 ], [ 73.059471647509568, 33.718207491553258 ], [ 73.05946896551724, 33.718207491553258 ], [ 73.05946896551724, 33.718211953731689 ], [ 73.059466283524898, 33.718211953731689 ], [ 73.059466283524898, 33.7182164159099 ], [ 73.059463601532556, 33.7182164159099 ], [ 73.059463601532556, 33.71821864699892 ], [ 73.059460919540228, 33.718218646998906 ], [ 73.059460919540228, 33.718225340265612 ], [ 73.059458237547886, 33.71822534026559 ], [ 73.059458237547886, 33.718227571354383 ], [ 73.059455555555544, 33.718227571354383 ], [ 73.059455555555544, 33.718232033531784 ], [ 73.059452873563217, 33.718232033531784 ], [ 73.059452873563217, 33.718238726797431 ], [ 73.059450191570875, 33.718238726797431 ], [ 73.059450191570875, 33.718240957885854 ], [ 73.059444827586205, 33.718240957885854 ], [ 73.059444827586205, 33.71824318897422 ], [ 73.059431417624509, 33.71824318897422 ] ] ] } },
{ "type": "Feature", "properties": { "value": 255, "area_m2": 80.219232991816895 }, "geometry": { "type": "Polygon", "coordinates": [ [ [ 73.056518773946365, 33.71822087808787 ], [ 73.056518773946365, 33.718218646998906 ], [ 73.056513409961681, 33.71821864699892 ], [ 73.056513409961681, 33.7182164159099 ], [ 73.056508045977012, 33.718216415909893 ], [ 73.056508045977012, 33.71821418482083 ], [ 73.05650536398467, 33.71821418482083 ], [ 73.05650536398467, 33.718211953731689 ], [ 73.056497318007658, 33.718211953731689 ], [ 73.056497318007658, 33.718209722642506 ], [ 73.056491954022974, 33.718209722642499 ], [ 73.056491954022974, 33.718207491553258 ], [ 73.056483908045962, 33.718207491553258 ], [ 73.056483908045962, 33.718205260463968 ], [ 73.056478544061292, 33.718205260463968 ], [ 73.056478544061292, 33.7182030293746 ], [ 73.056467816091939, 33.718203029374592 ], [ 73.056467816091939, 33.718200798285167 ], [ 73.056462452107269, 33.718200798285174 ], [ 73.056462452107269, 33.718198567195699 ], [ 73.056459770114941, 33.718198567195699 ], [ 73.056459770114941, 33.718196336106168 ], [ 73.056454406130271, 33.718196336106161 ], [ 73.056454406130271, 33.718194105016572 ], [ 73.056451724137929, 33.718194105016572 ], [ 73.056451724137929, 33.718191873926919 ], [ 73.056449042145601, 33.718191873926919 ], [ 73.056449042145601, 33.718187411747429 ], [ 73.056443678160917, 33.718187411747444 ], [ 73.056443678160917, 33.718171794117445 ], [ 73.056446360153259, 33.718171794117438 ], [ 73.056446360153259, 33.718167331936918 ], [ 73.056449042145601, 33.718167331936918 ], [ 73.056449042145601, 33.718165100846583 ], [ 73.056451724137929, 33.718165100846569 ], [ 73.056451724137929, 33.718162869756164 ], [ 73.056454406130271, 33.718162869756171 ], [ 73.056454406130271, 33.718158407575189 ], [ 73.056457088122613, 33.718158407575189 ], [ 73.056457088122613, 33.718156176484612 ], [ 73.056459770114941, 33.718156176484612 ], [ 73.056459770114941, 33.718153945393972 ], [ 73.056462452107269, 33.718153945393972 ], [ 73.056462452107269, 33.718149483212521 ], [ 73.056465134099611, 33.718149483212514 ], [ 73.056465134099611, 33.71814725212171 ], [ 73.056470498084281, 33.71814725212171 ], [ 73.056470498084281, 33.718142789939925 ], [ 73.056473180076622, 33.718142789939918 ], [ 73.056473180076622, 33.718138327757892 ], [ 73.05647586206895, 33.718138327757885 ], [ 73.05647586206895, 33.718133865575624 ], [ 73.056478544061292, 33.718133865575616 ], [ 73.056478544061292, 33.718129403393135 ], [ 73.056481226053634, 33.718129403393135 ], [ 73.056481226053634, 33.718127172301799 ], [ 73.056486590038304, 33.718127172301806 ], [ 73.056486590038304, 33.718124941210412 ], [ 73.056489272030646, 33.718124941210405 ], [ 73.056489272030646, 33.718122710118962 ], [ 73.05650536398467, 33.718122710118962 ], [ 73.05650536398467, 33.718124941210419 ], [ 73.056516091954023, 33.718124941210412 ], [ 73.056516091954023, 33.718127172301806 ], [ 73.056518773946365, 33.718127172301799 ], [ 73.056518773946365, 33.718129403393142 ], [ 73.056526819923377, 33.718129403393135 ], [ 73.056526819923377, 33.718131634484415 ], [ 73.056537547892717, 33.718131634484415 ], [ 73.056537547892717, 33.718133865575624 ], [ 73.05654827586207, 33.718133865575616 ], [ 73.05654827586207, 33.71813609666679 ], [ 73.056550957854398, 33.71813609666679 ], [ 73.056550957854398, 33.718138327757892 ], [ 73.056553639846726, 33.718138327757899 ], [ 73.056553639846726, 33.71814055884893 ], [ 73.056556321839068, 33.71814055884893 ], [ 73.056556321839068, 33.718178487387782 ], [ 73.056553639846726, 33.718178487387782 ], [ 73.056553639846726, 33.71818518065762 ], [ 73.056550957854398, 33.718185180657613 ], [ 73.056550957854398, 33.718191873926912 ], [ 73.05654827586207, 33.718191873926919 ], [ 73.05654827586207, 33.718198567195699 ], [ 73.056545593869728, 33.718198567195699 ], [ 73.056545593869728, 33.718203029374607 ], [ 73.056542911877401, 33.718203029374607 ], [ 73.056542911877401, 33.718205260463968 ], [ 73.056540229885059, 33.718205260463968 ], [ 73.056540229885059, 33.718209722642491 ], [ 73.056537547892717, 33.718209722642499 ], [ 73.056537547892717, 33.718214184820823 ], [ 73.056534865900389, 33.71821418482083 ], [ 73.056534865900389, 33.7182164159099 ], [ 73.056532183908047, 33.718216415909893 ], [ 73.056532183908047, 33.718218646998899 ], [ 73.056526819923377, 33.718218646998913 ], [ 73.056526819923377, 33.71822087808787 ], [ 73.056518773946365, 33.71822087808787 ] ] ] } },
{ "type": "Feature", "properties": { "value": 255, "area_m2": 38.387042985243632 }, "geometry": { "type": "Polygon", "coordinates": [ [ [ 73.059383141762453, 33.718191873926905 ], [ 73.059383141762453, 33.71818964283721 ], [ 73.059375095785441, 33.71818964283721 ], [ 73.059375095785441, 33.718187411747451 ], [ 73.059372413793099, 33.718187411747444 ], [ 73.059372413793099, 33.71818518065762 ], [ 73.059367049808429, 33.718185180657628 ], [ 73.059367049808429, 33.718182949567741 ], [ 73.059364367816087, 33.718182949567741 ], [ 73.059364367816087, 33.71818071847779 ], [ 73.059359003831403, 33.71818071847779 ], [ 73.059359003831403, 33.718178487387782 ], [ 73.059356321839076, 33.718178487387789 ], [ 73.059356321839076, 33.718176256297738 ], [ 73.059353639846734, 33.718176256297745 ], [ 73.059353639846734, 33.718171794117445 ], [ 73.059350957854392, 33.718171794117438 ], [ 73.059350957854392, 33.718160638665708 ], [ 73.059353639846734, 33.718160638665708 ], [ 73.059353639846734, 33.718153945393979 ], [ 73.059356321839076, 33.718153945393965 ], [ 73.059356321839076, 33.718151714303275 ], [ 73.059359003831403, 33.718151714303282 ], [ 73.059359003831403, 33.71814725212171 ], [ 73.059361685823745, 33.71814725212171 ], [ 73.059361685823745, 33.718145021030843 ], [ 73.059367049808429, 33.71814502103085 ], [ 73.059367049808429, 33.718140558848937 ], [ 73.059369731800757, 33.71814055884893 ], [ 73.059369731800757, 33.718138327757892 ], [ 73.059372413793099, 33.718138327757892 ], [ 73.059372413793099, 33.718136096666797 ], [ 73.059375095785441, 33.718136096666782 ], [ 73.059375095785441, 33.718133865575624 ], [ 73.059377777777769, 33.718133865575624 ], [ 73.059377777777769, 33.718131634484408 ], [ 73.059380459770111, 33.718131634484408 ], [ 73.059380459770111, 33.718129403393135 ], [ 73.059383141762453, 33.718129403393128 ], [ 73.059383141762453, 33.718127172301806 ], [ 73.059388505747123, 33.718127172301806 ], [ 73.059388505747123, 33.718124941210412 ], [ 73.059391187739465, 33.718124941210412 ], [ 73.059391187739465, 33.718122710118962 ], [ 73.059393869731792, 33.718122710118962 ], [ 73.059393869731792, 33.718120479027455 ], [ 73.059396551724134, 33.718120479027448 ], [ 73.059396551724134, 33.718118247935891 ], [ 73.059399233716476, 33.718118247935884 ], [ 73.059399233716476, 33.718113785752593 ], [ 73.059401915708804, 33.718113785752585 ], [ 73.059401915708804, 33.718111554660844 ], [ 73.059404597701146, 33.718111554660851 ], [ 73.059404597701146, 33.718109323569053 ], [ 73.059407279693488, 33.718109323569053 ], [ 73.059407279693488, 33.718107092477197 ], [ 73.059409961685816, 33.718107092477197 ], [ 73.059409961685816, 33.718104861385299 ], [ 73.059415325670486, 33.718104861385292 ], [ 73.059415325670486, 33.718111554660858 ], [ 73.059420689655155, 33.718111554660844 ], [ 73.059420689655155, 33.71811601684427 ], [ 73.059423371647497, 33.71811601684427 ], [ 73.059423371647497, 33.718122710118969 ], [ 73.059426053639825, 33.718122710118969 ], [ 73.059426053639825, 33.718133865575616 ], [ 73.059423371647497, 33.718133865575624 ], [ 73.059423371647497, 33.71814502103085 ], [ 73.059420689655155, 33.718145021030836 ], [ 73.059420689655155, 33.718151714303275 ], [ 73.059418007662813, 33.718151714303275 ], [ 73.059418007662813, 33.718156176484619 ], [ 73.059415325670486, 33.718156176484605 ], [ 73.059415325670486, 33.718160638665708 ], [ 73.059412643678144, 33.718160638665715 ], [ 73.059412643678144, 33.718167331936925 ], [ 73.059409961685816, 33.718167331936925 ], [ 73.059409961685816, 33.718171794117445 ], [ 73.059407279693488, 33.718171794117438 ], [ 73.059407279693488, 33.718176256297731 ], [ 73.059404597701146, 33.718176256297745 ], [ 73.059404597701146, 33.718178487387782 ], [ 73.059401915708804, 33.718178487387782 ], [ 73.059401915708804, 33.718182949567733 ], [ 73.059399233716476, 33.718182949567733 ], [ 73.059399233716476, 33.71818518065762 ], [ 73.059396551724134, 33.718185180657628 ], [ 73.059396551724134, 33.718187411747436 ], [ 73.059393869731792, 33.718187411747429 ], [ 73.059393869731792, 33.718189642837196 ], [ 73.059391187739465, 33.718189642837196 ], [ 73.059391187739465, 33.718191873926912 ], [ 73.059383141762453, 33.718191873926905 ] ] ] } },
{ "type": "Feature", "properties": { "value": 255, "area_m2": 64.224785518075507 }, "geometry": { "type": "Polygon", "coordinates": [ [ [ 73.054518007662836, 33.718160638665708 ], [ 73.054518007662836, 33.718156176484612 ], [ 73.054515325670494, 33.718156176484612 ], [ 73.054515325670494, 33.718153945393972 ], [ 73.054512643678166, 33.718153945393965 ], [ 73.054512643678166, 33.718156176484605 ], [ 73.05450996168581, 33.718156176484605 ], [ 73.05450996168581, 33.718151714303275 ], [ 73.054496551724128, 33.718151714303268 ], [ 73.054496551724128, 33.718153945393965 ], [ 73.054485823754774, 33.718153945393965 ], [ 73.054485823754774, 33.718151714303275 ], [ 73.054475095785435, 33.718151714303275 ], [ 73.054475095785435, 33.718149483212521 ], [ 73.054472413793093, 33.718149483212528 ], [ 73.054472413793093, 33.71814725212171 ], [ 73.054469731800765, 33.71814725212171 ], [ 73.054469731800765, 33.71814502103085 ], [ 73.054467049808423, 33.718145021030836 ], [ 73.054467049808423, 33.718142789939918 ], [ 73.054464367816095, 33.718142789939911 ], [ 73.054464367816095, 33.718129403393135 ], [ 73.054461685823753, 33.718129403393135 ], [ 73.054461685823753, 33.718100399201283 ], [ 73.054464367816095, 33.718100399201283 ], [ 73.054464367816095, 33.718098168109201 ], [ 73.054467049808423, 33.718098168109201 ], [ 73.054467049808423, 33.718095937017047 ], [ 73.054469731800765, 33.718095937017054 ], [ 73.054469731800765, 33.718093705924851 ], [ 73.054477777777763, 33.718093705924844 ], [ 73.054477777777763, 33.71809147483259 ], [ 73.054483141762447, 33.71809147483259 ], [ 73.054483141762447, 33.71808924374028 ], [ 73.054485823754774, 33.71808924374028 ], [ 73.054485823754774, 33.718087012647892 ], [ 73.054501915708798, 33.718087012647899 ], [ 73.054501915708798, 33.718084781555461 ], [ 73.054507279693482, 33.718084781555461 ], [ 73.054507279693482, 33.718082550462967 ], [ 73.054512643678166, 33.718082550462967 ], [ 73.054512643678166, 33.718080319370415 ], [ 73.054526053639847, 33.718080319370415 ], [ 73.054526053639847, 33.7180780882778 ], [ 73.054555555555552, 33.718078088277814 ], [ 73.054555555555552, 33.718080319370408 ], [ 73.05455823754788, 33.718080319370408 ], [ 73.05455823754788, 33.718089243740273 ], [ 73.054560919540222, 33.718089243740273 ], [ 73.054560919540222, 33.718111554660844 ], [ 73.05455823754788, 33.718111554660844 ], [ 73.05455823754788, 33.718118247935891 ], [ 73.054555555555552, 33.718118247935891 ], [ 73.054555555555552, 33.718122710118962 ], [ 73.054552873563225, 33.718122710118969 ], [ 73.054552873563225, 33.718129403393135 ], [ 73.054550191570883, 33.718129403393135 ], [ 73.054550191570883, 33.718136096666782 ], [ 73.054547509578541, 33.71813609666679 ], [ 73.054547509578541, 33.718142789939911 ], [ 73.054544827586213, 33.718142789939925 ], [ 73.054544827586213, 33.71814502103085 ], [ 73.054542145593871, 33.718145021030843 ], [ 73.054542145593871, 33.71814725212171 ], [ 73.054539463601529, 33.71814725212171 ], [ 73.054539463601529, 33.718149483212528 ], [ 73.054536781609201, 33.718149483212521 ], [ 73.054536781609201, 33.718151714303275 ], [ 73.054534099616859, 33.718151714303275 ], [ 73.054534099616859, 33.718153945393972 ], [ 73.054531417624517, 33.718153945393979 ], [ 73.054531417624517, 33.718156176484612 ], [ 73.054528735632189, 33.718156176484605 ], [ 73.054528735632189, 33.718158407575196 ], [ 73.054526053639847, 33.718158407575189 ], [ 73.054526053639847, 33.718160638665715 ], [ 73.054523371647505, 33.718160638665715 ], [ 73.054523371647505, 33.718158407575189 ], [ 73.054520689655178, 33.718158407575196 ], [ 73.054520689655178, 33.718160638665708 ], [ 73.054518007662836, 33.718160638665708 ] ] ] } },
{ "type": "Feature", "properties": { "value": 255, "area_m2": 37.464365518468639 }, "geometry": { "type": "Polygon", "coordinates": [ [ [ 73.058243295019153, 33.71811601684427 ], [ 73.058243295019153, 33.718113785752593 ], [ 73.058237931034469, 33.718113785752585 ], [ 73.058237931034469, 33.718111554660851 ], [ 73.058235249042141, 33.718111554660851 ], [ 73.058235249042141, 33.718109323569053 ], [ 73.058229885057457, 33.718109323569045 ], [ 73.058229885057457, 33.718104861385292 ], [ 73.05822720306513, 33.718104861385292 ], [ 73.05822720306513, 33.718102630293316 ], [ 73.058224521072788, 33.718102630293302 ], [ 73.058224521072788, 33.718100399201283 ], [ 73.058221839080446, 33.718100399201283 ], [ 73.058221839080446, 33.71808924374028 ], [ 73.058224521072788, 33.718089243740273 ], [ 73.058224521072788, 33.718084781555461 ], [ 73.05822720306513, 33.718084781555461 ], [ 73.05822720306513, 33.718080319370415 ], [ 73.058229885057457, 33.718080319370408 ], [ 73.058229885057457, 33.718078088277814 ], [ 73.058232567049799, 33.7180780882778 ], [ 73.058232567049799, 33.718073626092419 ], [ 73.058235249042141, 33.718073626092419 ], [ 73.058235249042141, 33.718069163906797 ], [ 73.058237931034469, 33.718069163906797 ], [ 73.058237931034469, 33.71806693281389 ], [ 73.058240613026811, 33.71806693281389 ], [ 73.058240613026811, 33.718064701720941 ], [ 73.058243295019153, 33.718064701720941 ], [ 73.058243295019153, 33.71806247062792 ], [ 73.058262068965519, 33.718062470627935 ], [ 73.058262068965519, 33.718064701720934 ], [ 73.05828084291187, 33.718064701720934 ], [ 73.05828084291187, 33.718066932813905 ], [ 73.05829157088121, 33.718066932813898 ], [ 73.05829157088121, 33.718069163906797 ], [ 73.058296934865893, 33.718069163906797 ], [ 73.058296934865893, 33.718071394999633 ], [ 73.058299616858221, 33.71807139499964 ], [ 73.058299616858221, 33.718075857185148 ], [ 73.058302298850563, 33.718075857185148 ], [ 73.058302298850563, 33.718093705924844 ], [ 73.058304980842905, 33.718093705924851 ], [ 73.058304980842905, 33.718111554660851 ], [ 73.058302298850563, 33.718111554660851 ], [ 73.058302298850563, 33.718113785752585 ], [ 73.058296934865893, 33.718113785752585 ], [ 73.058296934865893, 33.718116016844263 ], [ 73.05828084291187, 33.718116016844263 ], [ 73.05828084291187, 33.718113785752585 ], [ 73.058254022988493, 33.718113785752585 ], [ 73.058254022988493, 33.718116016844263 ], [ 73.058243295019153, 33.71811601684427 ] ] ] } },
{ "type": "Feature", "properties": { "value": 255, "area_m2": 35.188303481859492 }, "geometry": { "type": "Polygon", "coordinates": [ [ [ 73.05464674329501, 33.71813609666679 ], [ 73.05464674329501, 33.718133865575631 ], [ 73.054644061302682, 33.718133865575624 ], [ 73.054644061302682, 33.718131634484415 ], [ 73.054638697318012, 33.718131634484415 ], [ 73.054638697318012, 33.718129403393142 ], [ 73.05463601532567, 33.718129403393135 ], [ 73.05463601532567, 33.718127172301806 ], [ 73.054627969348658, 33.718127172301806 ], [ 73.054627969348658, 33.718124941210412 ], [ 73.054622605363988, 33.718124941210412 ], [ 73.054622605363988, 33.718122710118969 ], [ 73.054619923371646, 33.718122710118969 ], [ 73.054619923371646, 33.718118247935884 ], [ 73.054617241379304, 33.718118247935884 ], [ 73.054617241379304, 33.718111554660851 ], [ 73.054619923371646, 33.718111554660851 ], [ 73.054619923371646, 33.718100399201276 ], [ 73.054622605363988, 33.718100399201283 ], [ 73.054622605363988, 33.718098168109201 ], [ 73.054625287356316, 33.718098168109201 ], [ 73.054625287356316, 33.718093705924851 ], [ 73.054627969348658, 33.718093705924836 ], [ 73.054627969348658, 33.71809147483259 ], [ 73.054633333333328, 33.71809147483259 ], [ 73.054633333333328, 33.718089243740287 ], [ 73.05463601532567, 33.718089243740273 ], [ 73.05463601532567, 33.718087012647899 ], [ 73.054638697318012, 33.718087012647899 ], [ 73.054638697318012, 33.718084781555461 ], [ 73.054644061302682, 33.718084781555461 ], [ 73.054644061302682, 33.718082550462967 ], [ 73.05464674329501, 33.718082550462974 ], [ 73.05464674329501, 33.718080319370408 ], [ 73.054649425287352, 33.718080319370415 ], [ 73.054649425287352, 33.718078088277807 ], [ 73.054652107279693, 33.718078088277814 ], [ 73.054652107279693, 33.718073626092419 ], [ 73.054654789272021, 33.718073626092419 ], [ 73.054654789272021, 33.71807139499964 ], [ 73.054657471264363, 33.71807139499964 ], [ 73.054657471264363, 33.718066932813898 ], [ 73.054660153256705, 33.71806693281389 ], [ 73.054660153256705, 33.718064701720941 ], [ 73.054662835249033, 33.718064701720941 ], [ 73.054662835249033, 33.718062470627927 ], [ 73.054668199233717, 33.718062470627927 ], [ 73.054668199233717, 33.718060239534843 ], [ 73.054678927203057, 33.71806023953485 ], [ 73.054678927203057, 33.718062470627927 ], [ 73.054684291187741, 33.718062470627927 ], [ 73.054684291187741, 33.718064701720941 ], [ 73.054686973180068, 33.718064701720941 ], [ 73.054686973180068, 33.718066932813898 ], [ 73.05468965517241, 33.718066932813883 ], [ 73.05468965517241, 33.718069163906797 ], [ 73.054692337164752, 33.718069163906797 ], [ 73.054692337164752, 33.71807139499964 ], [ 73.05469501915708, 33.718071394999626 ], [ 73.05469501915708, 33.718075857185148 ], [ 73.054697701149422, 33.718075857185148 ], [ 73.054697701149422, 33.718080319370415 ], [ 73.05469501915708, 33.718080319370408 ], [ 73.05469501915708, 33.718087012647899 ], [ 73.054692337164752, 33.718087012647906 ], [ 73.054692337164752, 33.718091474832597 ], [ 73.05468965517241, 33.718091474832583 ], [ 73.05468965517241, 33.718093705924844 ], [ 73.054686973180068, 33.718093705924844 ], [ 73.054686973180068, 33.718098168109201 ], [ 73.054684291187741, 33.718098168109201 ], [ 73.054684291187741, 33.71810039920129 ], [ 73.054681609195399, 33.718100399201276 ], [ 73.054681609195399, 33.718104861385292 ], [ 73.054678927203057, 33.718104861385292 ], [ 73.054678927203057, 33.718107092477197 ], [ 73.054676245210729, 33.718107092477204 ], [ 73.054676245210729, 33.718111554660851 ], [ 73.054673563218387, 33.718111554660851 ], [ 73.054673563218387, 33.718113785752585 ], [ 73.054670881226045, 33.718113785752585 ], [ 73.054670881226045, 33.718118247935891 ], [ 73.054668199233717, 33.718118247935884 ], [ 73.054668199233717, 33.718122710118969 ], [ 73.054665517241375, 33.718122710118969 ], [ 73.054665517241375, 33.718127172301813 ], [ 73.054662835249033, 33.718127172301799 ], [ 73.054662835249033, 33.718131634484415 ], [ 73.054660153256705, 33.718131634484408 ], [ 73.054660153256705, 33.718133865575624 ], [ 73.054657471264363, 33.718133865575631 ], [ 73.054657471264363, 33.718136096666797 ], [ 73.05464674329501, 33.71813609666679 ] ] ] } },
{ "type": "Feature", "properties": { "value": 255, "area_m2": 25.591427775897856 }, "geometry": { "type": "Polygon", "coordinates": [ [ [ 73.058487356321834, 33.718107092477204 ], [ 73.058487356321834, 33.718104861385292 ], [ 73.058479310344822, 33.718104861385292 ], [ 73.058479310344822, 33.718102630293302 ], [ 73.05847126436781, 33.718102630293309 ], [ 73.05847126436781, 33.718100399201283 ], [ 73.058468582375468, 33.718100399201276 ], [ 73.058468582375468, 33.718098168109201 ], [ 73.058463218390784, 33.718098168109201 ], [ 73.058463218390784, 33.718095937017054 ], [ 73.058457854406129, 33.718095937017061 ], [ 73.058457854406129, 33.718093705924851 ], [ 73.058455172413787, 33.718093705924851 ], [ 73.058455172413787, 33.718091474832576 ], [ 73.058452490421459, 33.718091474832597 ], [ 73.058452490421459, 33.71808924374028 ], [ 73.058447126436775, 33.718089243740273 ], [ 73.058447126436775, 33.718087012647892 ], [ 73.058444444444447, 33.718087012647899 ], [ 73.058444444444447, 33.718084781555461 ], [ 73.058441762452105, 33.718084781555461 ], [ 73.058441762452105, 33.718082550462967 ], [ 73.058439080459763, 33.718082550462974 ], [ 73.058439080459763, 33.718080319370415 ], [ 73.058436398467435, 33.718080319370408 ], [ 73.058436398467435, 33.718078088277814 ], [ 73.058439080459763, 33.718078088277807 ], [ 73.058439080459763, 33.718073626092412 ], [ 73.058441762452105, 33.718073626092405 ], [ 73.058441762452105, 33.718066932813898 ], [ 73.058444444444447, 33.71806693281389 ], [ 73.058444444444447, 33.718064701720934 ], [ 73.058447126436775, 33.718064701720941 ], [ 73.058447126436775, 33.718062470627927 ], [ 73.058449808429117, 33.718062470627927 ], [ 73.058449808429117, 33.71805800844173 ], [ 73.058452490421459, 33.71805800844173 ], [ 73.058452490421459, 33.718055777348539 ], [ 73.058455172413787, 33.718055777348539 ], [ 73.058455172413787, 33.718053546255291 ], [ 73.058457854406129, 33.718053546255298 ], [ 73.058457854406129, 33.718049084068625 ], [ 73.058460536398456, 33.718049084068625 ], [ 73.058460536398456, 33.718046852975192 ], [ 73.058463218390784, 33.718046852975199 ], [ 73.058463218390784, 33.718042390788192 ], [ 73.058465900383126, 33.718042390788185 ], [ 73.058465900383126, 33.718040159694588 ], [ 73.05847126436781, 33.718040159694581 ], [ 73.05847126436781, 33.718042390788185 ], [ 73.058479310344822, 33.718042390788192 ], [ 73.058479310344822, 33.718044621881724 ], [ 73.058484674329492, 33.718044621881717 ], [ 73.058484674329492, 33.718049084068625 ], [ 73.058492720306504, 33.718049084068625 ], [ 73.058492720306504, 33.718107092477204 ], [ 73.058487356321834, 33.718107092477204 ] ] ] } },
{ "type": "Feature", "properties": { "value": 255, "area_m2": 80.342428701982683 }, "geometry": { "type": "Polygon", "coordinates": [ [ [ 73.056795019157079, 33.718138327757885 ], [ 73.056795019157079, 33.718136096666775 ], [ 73.056786973180067, 33.718136096666797 ], [ 73.056786973180067, 33.718127172301799 ], [ 73.056792337164751, 33.718127172301806 ], [ 73.056792337164751, 33.718118247935884 ], [ 73.056786973180067, 33.718118247935884 ], [ 73.056786973180067, 33.718113785752593 ], [ 73.056792337164751, 33.718113785752585 ], [ 73.056792337164751, 33.718109323569053 ], [ 73.056789655172423, 33.718109323569045 ], [ 73.056789655172423, 33.718107092477197 ], [ 73.056792337164751, 33.71810709247719 ], [ 73.056792337164751, 33.718100399201283 ], [ 73.056786973180067, 33.71810039920129 ], [ 73.056786973180067, 33.718089243740287 ], [ 73.056789655172423, 33.718089243740266 ], [ 73.056789655172423, 33.718087012647899 ], [ 73.056792337164751, 33.718087012647906 ], [ 73.056792337164751, 33.718084781555461 ], [ 73.056795019157079, 33.718084781555454 ], [ 73.056795019157079, 33.718082550462974 ], [ 73.056797701149435, 33.718082550462967 ], [ 73.056797701149435, 33.718078088277807 ], [ 73.056800383141763, 33.7180780882778 ], [ 73.056800383141763, 33.718075857185148 ], [ 73.056803065134105, 33.718075857185141 ], [ 73.056803065134105, 33.718073626092419 ], [ 73.056805747126432, 33.718073626092412 ], [ 73.056805747126432, 33.71807139499964 ], [ 73.056808429118774, 33.71807139499964 ], [ 73.056808429118774, 33.718066932813898 ], [ 73.056811111111102, 33.71806693281389 ], [ 73.056811111111102, 33.718062470627927 ], [ 73.056813793103444, 33.718062470627935 ], [ 73.056813793103444, 33.71806023953485 ], [ 73.056816475095772, 33.718060239534843 ], [ 73.056816475095772, 33.718051315161979 ], [ 73.056819157088114, 33.718051315161986 ], [ 73.056819157088114, 33.718044621881724 ], [ 73.056821839080456, 33.718044621881724 ], [ 73.056821839080456, 33.71803569750724 ], [ 73.056824521072784, 33.718035697507233 ], [ 73.056824521072784, 33.718008924378196 ], [ 73.056827203065126, 33.718008924378189 ], [ 73.056827203065126, 33.718006693283726 ], [ 73.056859386973187, 33.718006693283719 ], [ 73.056859386973187, 33.718008924378189 ], [ 73.056862068965515, 33.718008924378182 ], [ 73.056862068965515, 33.718011155472588 ], [ 73.056864750957843, 33.718011155472595 ], [ 73.056864750957843, 33.718013386566923 ], [ 73.056867432950199, 33.718013386566945 ], [ 73.056867432950199, 33.718017848755458 ], [ 73.056870114942527, 33.718017848755451 ], [ 73.056870114942527, 33.718020079849637 ], [ 73.056872796934869, 33.71802007984963 ], [ 73.056872796934869, 33.718022310943766 ], [ 73.056875478927211, 33.718022310943759 ], [ 73.056875478927211, 33.71802454203781 ], [ 73.05688084291188, 33.71802454203781 ], [ 73.05688084291188, 33.718029004225741 ], [ 73.056883524904222, 33.718029004225748 ], [ 73.056883524904222, 33.718037928600928 ], [ 73.05688620689655, 33.718037928600936 ], [ 73.05688620689655, 33.718051315161993 ], [ 73.056883524904222, 33.718051315161979 ], [ 73.056883524904222, 33.718062470627927 ], [ 73.05688084291188, 33.718062470627927 ], [ 73.05688084291188, 33.718066932813898 ], [ 73.056878160919538, 33.718066932813898 ], [ 73.056878160919538, 33.718069163906797 ], [ 73.056875478927211, 33.718069163906797 ], [ 73.056875478927211, 33.718073626092412 ], [ 73.056872796934869, 33.718073626092419 ], [ 73.056872796934869, 33.718075857185148 ], [ 73.056870114942527, 33.718075857185148 ], [ 73.056870114942527, 33.718078088277814 ], [ 73.056867432950199, 33.718078088277814 ], [ 73.056867432950199, 33.718084781555461 ], [ 73.056864750957843, 33.718084781555461 ], [ 73.056864750957843, 33.718089243740287 ], [ 73.056862068965515, 33.718089243740287 ], [ 73.056862068965515, 33.718098168109201 ], [ 73.056859386973187, 33.718098168109201 ], [ 73.056859386973187, 33.718102630293302 ], [ 73.056856704980831, 33.718102630293295 ], [ 73.056856704980831, 33.718104861385292 ], [ 73.056854022988503, 33.718104861385292 ], [ 73.056854022988503, 33.71810932356906 ], [ 73.056851340996161, 33.718109323569053 ], [ 73.056851340996161, 33.718111554660851 ], [ 73.056848659003819, 33.718111554660851 ], [ 73.056848659003819, 33.718113785752585 ], [ 73.056845977011491, 33.718113785752585 ], [ 73.056845977011491, 33.718116016844256 ], [ 73.056843295019149, 33.71811601684427 ], [ 73.056843295019149, 33.718118247935891 ], [ 73.05683793103448, 33.718118247935891 ], [ 73.05683793103448, 33.718120479027455 ], [ 73.056832567049796, 33.718120479027455 ], [ 73.056832567049796, 33.718133865575624 ], [ 73.056829885057468, 33.718133865575624 ], [ 73.056829885057468, 33.718136096666797 ], [ 73.056821839080456, 33.718136096666775 ], [ 73.056821839080456, 33.718138327757899 ], [ 73.056795019157079, 33.718138327757885 ] ] ] } },
{ "type": "Feature", "properties": { "value": 255, "area_m2": 34.511535414362328 }, "geometry": { "type": "Polygon", "coordinates": [ [ [ 73.058996934865888, 33.71806023953485 ], [ 73.058996934865888, 33.71805800844173 ], [ 73.058991570881219, 33.718058008441737 ], [ 73.058991570881219, 33.718055777348539 ], [ 73.058986206896535, 33.718055777348532 ], [ 73.058986206896535, 33.718053546255298 ], [ 73.058980842911865, 33.718053546255291 ], [ 73.058980842911865, 33.718051315161979 ], [ 73.058975478927195, 33.718051315161986 ], [ 73.058975478927195, 33.71804908406861 ], [ 73.058970114942525, 33.71804908406861 ], [ 73.058970114942525, 33.718046852975192 ], [ 73.058956704980844, 33.718046852975192 ], [ 73.058956704980844, 33.718044621881717 ], [ 73.058954022988502, 33.718044621881724 ], [ 73.058954022988502, 33.718046852975199 ], [ 73.058948659003818, 33.718046852975199 ], [ 73.058948659003818, 33.718044621881717 ], [ 73.058943295019162, 33.718044621881731 ], [ 73.058943295019162, 33.718037928600943 ], [ 73.05894597701149, 33.718037928600928 ], [ 73.05894597701149, 33.718033466413459 ], [ 73.058948659003818, 33.718033466413466 ], [ 73.058948659003818, 33.718029004225748 ], [ 73.058951340996174, 33.718029004225741 ], [ 73.058951340996174, 33.71802454203781 ], [ 73.058954022988502, 33.71802454203781 ], [ 73.058954022988502, 33.718022310943759 ], [ 73.058956704980844, 33.718022310943759 ], [ 73.058956704980844, 33.71802007984963 ], [ 73.058959386973186, 33.718020079849637 ], [ 73.058959386973186, 33.718017848755451 ], [ 73.058962068965513, 33.718017848755458 ], [ 73.058962068965513, 33.71801561766123 ], [ 73.058986206896535, 33.718015617661237 ], [ 73.058986206896535, 33.718013386566945 ], [ 73.058994252873546, 33.718013386566945 ], [ 73.058994252873546, 33.718011155472581 ], [ 73.059007662835242, 33.718011155472595 ], [ 73.059007662835242, 33.718008924378196 ], [ 73.059013026819926, 33.718008924378182 ], [ 73.059013026819926, 33.718006693283726 ], [ 73.059031800766277, 33.718006693283726 ], [ 73.059031800766277, 33.718004462189207 ], [ 73.059037164750961, 33.718004462189199 ], [ 73.059037164750961, 33.718006693283726 ], [ 73.059042528735631, 33.718006693283719 ], [ 73.059042528735631, 33.718008924378196 ], [ 73.059045210727973, 33.718008924378196 ], [ 73.059045210727973, 33.718011155472595 ], [ 73.059042528735631, 33.718011155472595 ], [ 73.059042528735631, 33.71801338656693 ], [ 73.059045210727973, 33.718013386566945 ], [ 73.059045210727973, 33.718015617661244 ], [ 73.059042528735631, 33.71801561766123 ], [ 73.059042528735631, 33.718020079849637 ], [ 73.059039846743289, 33.718020079849637 ], [ 73.059039846743289, 33.71802454203781 ], [ 73.059037164750961, 33.71802454203781 ], [ 73.059037164750961, 33.718026773131825 ], [ 73.059034482758619, 33.718026773131818 ], [ 73.059034482758619, 33.718029004225748 ], [ 73.059031800766277, 33.718029004225755 ], [ 73.059031800766277, 33.718033466413459 ], [ 73.05902911877395, 33.718033466413466 ], [ 73.05902911877395, 33.718035697507226 ], [ 73.059026436781608, 33.71803569750724 ], [ 73.059026436781608, 33.718037928600943 ], [ 73.059023754789266, 33.718037928600928 ], [ 73.059023754789266, 33.718040159694596 ], [ 73.059021072796938, 33.718040159694588 ], [ 73.059021072796938, 33.718044621881724 ], [ 73.059018390804582, 33.718044621881717 ], [ 73.059018390804582, 33.718051315161993 ], [ 73.059015708812254, 33.718051315161986 ], [ 73.059015708812254, 33.718055777348539 ], [ 73.059013026819926, 33.718055777348539 ], [ 73.059013026819926, 33.71805800844173 ], [ 73.05901034482757, 33.718058008441723 ], [ 73.05901034482757, 33.71806023953485 ], [ 73.058996934865888, 33.71806023953485 ] ] ] } },
{ "type": "Feature", "properties": { "value": 255, "area_m2": 34.511562061653898 }, "geometry": { "type": "Polygon", "coordinates": [ [ [ 73.058157471264366, 33.71805800844173 ], [ 73.058157471264366, 33.718055777348539 ], [ 73.058152107279682, 33.718055777348539 ], [ 73.058152107279682, 33.718053546255291 ], [ 73.058149425287354, 33.718053546255298 ], [ 73.058149425287354, 33.718051315161986 ], [ 73.05814406130267, 33.718051315161986 ], [ 73.05814406130267, 33.718049084068625 ], [ 73.058138697318, 33.718049084068618 ], [ 73.058138697318, 33.718046852975192 ], [ 73.058130651340988, 33.718046852975192 ], [ 73.058130651340988, 33.71804462188171 ], [ 73.058119923371635, 33.718044621881724 ], [ 73.058119923371635, 33.718042390788185 ], [ 73.058117241379307, 33.718042390788192 ], [ 73.058117241379307, 33.718040159694588 ], [ 73.058114559386965, 33.718040159694596 ], [ 73.058114559386965, 33.71803569750724 ], [ 73.058111877394623, 33.71803569750724 ], [ 73.058111877394623, 33.718033466413459 ], [ 73.058109195402295, 33.718033466413466 ], [ 73.058109195402295, 33.718031235319629 ], [ 73.058106513409953, 33.718031235319643 ], [ 73.058106513409953, 33.718029004225755 ], [ 73.058103831417625, 33.718029004225741 ], [ 73.058103831417625, 33.718026773131825 ], [ 73.058101149425283, 33.718026773131811 ], [ 73.058101149425283, 33.71802454203781 ], [ 73.058098467432941, 33.71802454203781 ], [ 73.058098467432941, 33.718022310943759 ], [ 73.058095785440614, 33.718022310943759 ], [ 73.058095785440614, 33.718017848755444 ], [ 73.058093103448272, 33.718017848755458 ], [ 73.058093103448272, 33.71801561766123 ], [ 73.058095785440614, 33.718015617661237 ], [ 73.058095785440614, 33.718002231094623 ], [ 73.058157471264366, 33.71800223109463 ], [ 73.058157471264366, 33.718004462189207 ], [ 73.058160153256694, 33.718004462189199 ], [ 73.058160153256694, 33.718006693283726 ], [ 73.058162835249036, 33.718006693283719 ], [ 73.058162835249036, 33.718011155472595 ], [ 73.058165517241378, 33.718011155472595 ], [ 73.058165517241378, 33.718013386566938 ], [ 73.058170881226047, 33.71801338656693 ], [ 73.058170881226047, 33.718017848755458 ], [ 73.058173563218389, 33.718017848755458 ], [ 73.058173563218389, 33.718020079849637 ], [ 73.058176245210717, 33.718020079849644 ], [ 73.058176245210717, 33.718026773131811 ], [ 73.058178927203073, 33.718026773131811 ], [ 73.058178927203073, 33.718033466413459 ], [ 73.058176245210717, 33.718033466413466 ], [ 73.058176245210717, 33.718046852975199 ], [ 73.058178927203073, 33.718046852975206 ], [ 73.058178927203073, 33.718049084068625 ], [ 73.058176245210717, 33.718049084068618 ], [ 73.058176245210717, 33.718051315161986 ], [ 73.058178927203073, 33.718051315161993 ], [ 73.058178927203073, 33.718055777348539 ], [ 73.058173563218389, 33.718055777348539 ], [ 73.058173563218389, 33.718058008441716 ], [ 73.058157471264366, 33.71805800844173 ] ] ] } },
{ "type": "Feature", "properties": { "value": 255, "area_m2": 93.876562228452187 }, "geometry": { "type": "Polygon", "coordinates": [ [ [ 73.055078544061288, 33.718102630293302 ], [ 73.055078544061288, 33.71810039920129 ], [ 73.055073180076633, 33.71810039920129 ], [ 73.055073180076633, 33.718098168109201 ], [ 73.055067816091963, 33.718098168109201 ], [ 73.055067816091963, 33.718095937017054 ], [ 73.055062452107279, 33.718095937017061 ], [ 73.055062452107279, 33.718093705924851 ], [ 73.055057088122609, 33.718093705924844 ], [ 73.055057088122609, 33.71809147483259 ], [ 73.055051724137925, 33.718091474832597 ], [ 73.055051724137925, 33.718089243740287 ], [ 73.055046360153256, 33.718089243740287 ], [ 73.055046360153256, 33.718087012647892 ], [ 73.055043678160914, 33.718087012647892 ], [ 73.055043678160914, 33.718084781555461 ], [ 73.055035632183902, 33.718084781555461 ], [ 73.055035632183902, 33.71808255046296 ], [ 73.055030268199232, 33.71808255046296 ], [ 73.055030268199232, 33.718080319370415 ], [ 73.055024904214548, 33.718080319370408 ], [ 73.055024904214548, 33.718078088277814 ], [ 73.05502222222222, 33.718078088277807 ], [ 73.05502222222222, 33.718075857185148 ], [ 73.055016858237536, 33.718075857185148 ], [ 73.055016858237536, 33.718073626092412 ], [ 73.055014176245209, 33.718073626092412 ], [ 73.055014176245209, 33.718071394999647 ], [ 73.055011494252867, 33.71807139499964 ], [ 73.055011494252867, 33.718069163906797 ], [ 73.055008812260525, 33.718069163906797 ], [ 73.055008812260525, 33.718066932813898 ], [ 73.055006130268197, 33.71806693281389 ], [ 73.055006130268197, 33.718058008441723 ], [ 73.055008812260525, 33.71805800844173 ], [ 73.055008812260525, 33.718051315161986 ], [ 73.055011494252867, 33.718051315161979 ], [ 73.055011494252867, 33.718042390788177 ], [ 73.055014176245209, 33.718042390788177 ], [ 73.055014176245209, 33.71803569750724 ], [ 73.055016858237536, 33.718035697507233 ], [ 73.055016858237536, 33.718033466413466 ], [ 73.055019540229878, 33.718033466413459 ], [ 73.055019540229878, 33.718031235319629 ], [ 73.05502222222222, 33.718031235319629 ], [ 73.05502222222222, 33.718029004225741 ], [ 73.055024904214548, 33.718029004225755 ], [ 73.055024904214548, 33.71802454203781 ], [ 73.05502758620689, 33.71802454203781 ], [ 73.05502758620689, 33.718022310943752 ], [ 73.055032950191574, 33.718022310943752 ], [ 73.055032950191574, 33.718020079849637 ], [ 73.055038314176244, 33.718020079849637 ], [ 73.055038314176244, 33.718017848755451 ], [ 73.055043678160914, 33.718017848755451 ], [ 73.055043678160914, 33.71801561766123 ], [ 73.055049042145598, 33.718015617661237 ], [ 73.055049042145598, 33.718013386566938 ], [ 73.055054406130267, 33.718013386566938 ], [ 73.055054406130267, 33.71801561766123 ], [ 73.055062452107279, 33.71801561766123 ], [ 73.055062452107279, 33.718017848755458 ], [ 73.055067816091963, 33.718017848755458 ], [ 73.055067816091963, 33.718020079849637 ], [ 73.055073180076633, 33.71802007984963 ], [ 73.055073180076633, 33.718022310943766 ], [ 73.05508122605363, 33.718022310943752 ], [ 73.05508122605363, 33.718024542037803 ], [ 73.055083908045972, 33.71802454203781 ], [ 73.055083908045972, 33.718022310943759 ], [ 73.055089272030642, 33.718022310943759 ], [ 73.055089272030642, 33.718020079849637 ], [ 73.055091954022984, 33.718020079849637 ], [ 73.055091954022984, 33.718017848755451 ], [ 73.055094636015312, 33.718017848755451 ], [ 73.055094636015312, 33.718013386566938 ], [ 73.055097318007654, 33.718013386566923 ], [ 73.055097318007654, 33.718004462189207 ], [ 73.0551, 33.718004462189199 ], [ 73.0551, 33.718002231094623 ], [ 73.055108045977008, 33.71800223109463 ], [ 73.055108045977008, 33.718 ], [ 73.055142911877397, 33.718 ], [ 73.055142911877397, 33.71800223109463 ], [ 73.055145593869739, 33.71800223109463 ], [ 73.055145593869739, 33.718004462189199 ], [ 73.055148275862066, 33.718004462189199 ], [ 73.055148275862066, 33.718011155472595 ], [ 73.055150957854408, 33.718011155472595 ], [ 73.055150957854408, 33.71801561766123 ], [ 73.055148275862066, 33.718015617661223 ], [ 73.055148275862066, 33.718029004225741 ], [ 73.055145593869739, 33.718029004225755 ], [ 73.055145593869739, 33.718031235319636 ], [ 73.055142911877397, 33.718031235319636 ], [ 73.055142911877397, 33.71803569750724 ], [ 73.055140229885055, 33.718035697507233 ], [ 73.055140229885055, 33.718040159694596 ], [ 73.055137547892727, 33.718040159694596 ], [ 73.055137547892727, 33.718044621881724 ], [ 73.055134865900385, 33.718044621881717 ], [ 73.055134865900385, 33.718049084068625 ], [ 73.055132183908043, 33.718049084068625 ], [ 73.055132183908043, 33.718053546255291 ], [ 73.055129501915715, 33.718053546255298 ], [ 73.055129501915715, 33.71806023953485 ], [ 73.055126819923373, 33.71806023953485 ], [ 73.055126819923373, 33.718062470627927 ], [ 73.055124137931031, 33.718062470627935 ], [ 73.055124137931031, 33.718064701720941 ], [ 73.055121455938689, 33.718064701720941 ], [ 73.055121455938689, 33.718066932813898 ], [ 73.055118773946361, 33.718066932813898 ], [ 73.055118773946361, 33.718069163906797 ], [ 73.055113409961677, 33.718069163906797 ], [ 73.055113409961677, 33.718073626092412 ], [ 73.055110727969335, 33.718073626092419 ], [ 73.055110727969335, 33.718078088277807 ], [ 73.055108045977008, 33.718078088277814 ], [ 73.055108045977008, 33.718084781555461 ], [ 73.055105363984666, 33.718084781555454 ], [ 73.055105363984666, 33.718087012647892 ], [ 73.055102681992324, 33.718087012647899 ], [ 73.055102681992324, 33.718091474832583 ], [ 73.0551, 33.71809147483259 ], [ 73.0551, 33.71809593701704 ], [ 73.055097318007654, 33.718095937017054 ], [ 73.055097318007654, 33.718098168109201 ], [ 73.055094636015312, 33.718098168109201 ], [ 73.055094636015312, 33.718100399201276 ], [ 73.055089272030642, 33.718100399201283 ], [ 73.055089272030642, 33.718102630293302 ], [ 73.055078544061288, 33.718102630293302 ] ] ] } },
{ "type": "Feature", "properties": { "value": 255, "area_m2": 62.502232360647994 }, "geometry": { "type": "Polygon", "coordinates": [ [ [ 73.057918773946355, 33.718066932813898 ], [ 73.057918773946355, 33.718064701720941 ], [ 73.057897318007662, 33.718064701720941 ], [ 73.057897318007662, 33.718062470627935 ], [ 73.057881226053624, 33.718062470627935 ], [ 73.057881226053624, 33.718060239534843 ], [ 73.057878544061296, 33.718060239534843 ], [ 73.057878544061296, 33.71805800844173 ], [ 73.057875862068954, 33.71805800844173 ], [ 73.057875862068954, 33.718053546255291 ], [ 73.057873180076612, 33.718053546255291 ], [ 73.057873180076612, 33.718051315161986 ], [ 73.057870498084284, 33.718051315161979 ], [ 73.057870498084284, 33.718046852975199 ], [ 73.057867816091942, 33.718046852975199 ], [ 73.057867816091942, 33.718042390788185 ], [ 73.0578651340996, 33.718042390788192 ], [ 73.0578651340996, 33.718040159694574 ], [ 73.057862452107273, 33.718040159694596 ], [ 73.057862452107273, 33.71803569750724 ], [ 73.057859770114931, 33.71803569750724 ], [ 73.057859770114931, 33.718033466413466 ], [ 73.057857088122589, 33.718033466413459 ], [ 73.057857088122589, 33.718031235319636 ], [ 73.057854406130261, 33.718031235319629 ], [ 73.057854406130261, 33.718029004225741 ], [ 73.057851724137919, 33.718029004225748 ], [ 73.057851724137919, 33.718022310943759 ], [ 73.057849042145591, 33.718022310943766 ], [ 73.057849042145591, 33.718017848755458 ], [ 73.057846360153249, 33.718017848755458 ], [ 73.057846360153249, 33.718013386566938 ], [ 73.057843678160921, 33.71801338656693 ], [ 73.057843678160921, 33.718004462189199 ], [ 73.057849042145591, 33.718004462189199 ], [ 73.057849042145591, 33.718002231094616 ], [ 73.057870498084284, 33.718002231094623 ], [ 73.057870498084284, 33.718 ], [ 73.057883908045966, 33.718 ], [ 73.057883908045966, 33.718002231094623 ], [ 73.057886590038308, 33.71800223109463 ], [ 73.057886590038308, 33.718 ], [ 73.057891954022978, 33.718 ], [ 73.057891954022978, 33.71800223109463 ], [ 73.057897318007662, 33.71800223109463 ], [ 73.057897318007662, 33.718 ], [ 73.0579, 33.718 ], [ 73.0579, 33.718002231094623 ], [ 73.057905363984673, 33.71800223109463 ], [ 73.057905363984673, 33.718 ], [ 73.057908045977015, 33.718 ], [ 73.057908045977015, 33.718002231094623 ], [ 73.057916091954027, 33.71800223109463 ], [ 73.057916091954027, 33.718 ], [ 73.057918773946355, 33.718 ], [ 73.057918773946355, 33.71800223109463 ], [ 73.057921455938697, 33.718002231094623 ], [ 73.057921455938697, 33.718 ], [ 73.057937547892706, 33.718 ], [ 73.057937547892706, 33.718002231094623 ], [ 73.05794827586206, 33.71800223109463 ], [ 73.05794827586206, 33.718004462189199 ], [ 73.057950957854388, 33.718004462189199 ], [ 73.057950957854388, 33.718006693283726 ], [ 73.05795363984673, 33.718006693283719 ], [ 73.05795363984673, 33.718011155472595 ], [ 73.057956321839072, 33.718011155472595 ], [ 73.057956321839072, 33.718013386566938 ], [ 73.0579590038314, 33.718013386566938 ], [ 73.0579590038314, 33.718017848755451 ], [ 73.057961685823742, 33.718017848755451 ], [ 73.057961685823742, 33.71803569750724 ], [ 73.0579590038314, 33.71803569750724 ], [ 73.0579590038314, 33.718044621881724 ], [ 73.057956321839072, 33.718044621881731 ], [ 73.057956321839072, 33.718049084068625 ], [ 73.05795363984673, 33.718049084068625 ], [ 73.05795363984673, 33.718053546255298 ], [ 73.057950957854388, 33.718053546255284 ], [ 73.057950957854388, 33.718055777348532 ], [ 73.05794827586206, 33.718055777348532 ], [ 73.05794827586206, 33.71805800844173 ], [ 73.057945593869718, 33.71805800844173 ], [ 73.057945593869718, 33.718060239534857 ], [ 73.057942911877376, 33.71806023953485 ], [ 73.057942911877376, 33.71806247062792 ], [ 73.057940229885048, 33.718062470627927 ], [ 73.057940229885048, 33.718064701720941 ], [ 73.057932183908051, 33.718064701720941 ], [ 73.057932183908051, 33.71806693281389 ], [ 73.057918773946355, 33.718066932813898 ] ] ] } },
{ "type": "Feature", "properties": { "value": 255, "area_m2": 49.091253070645529 }, "geometry": { "type": "Polygon", "coordinates": [ [ [ 73.059565517241367, 33.718058008441723 ], [ 73.059565517241367, 33.718055777348539 ], [ 73.059557471264355, 33.718055777348539 ], [ 73.059557471264355, 33.718053546255291 ], [ 73.059554789272028, 33.718053546255291 ], [ 73.059554789272028, 33.718051315161986 ], [ 73.059549425287344, 33.718051315161986 ], [ 73.059549425287344, 33.718049084068625 ], [ 73.059546743295016, 33.718049084068625 ], [ 73.059546743295016, 33.718046852975192 ], [ 73.059541379310332, 33.718046852975206 ], [ 73.059541379310332, 33.718044621881724 ], [ 73.059538697318004, 33.718044621881717 ], [ 73.059538697318004, 33.718042390788192 ], [ 73.05953333333332, 33.718042390788192 ], [ 73.05953333333332, 33.718040159694581 ], [ 73.059530651340992, 33.718040159694588 ], [ 73.059530651340992, 33.718037928600943 ], [ 73.05952796934865, 33.718037928600936 ], [ 73.05952796934865, 33.718035697507233 ], [ 73.059522605363981, 33.718035697507226 ], [ 73.059522605363981, 33.718033466413466 ], [ 73.059519923371639, 33.718033466413459 ], [ 73.059519923371639, 33.718031235319629 ], [ 73.059514559386969, 33.718031235319636 ], [ 73.059514559386969, 33.718029004225741 ], [ 73.059509195402285, 33.718029004225755 ], [ 73.059509195402285, 33.718026773131818 ], [ 73.059503831417601, 33.718026773131811 ], [ 73.059503831417601, 33.71802454203781 ], [ 73.059498467432945, 33.71802454203781 ], [ 73.059498467432945, 33.718022310943752 ], [ 73.059495785440603, 33.718022310943759 ], [ 73.059495785440603, 33.718020079849637 ], [ 73.059490421455934, 33.718020079849637 ], [ 73.059490421455934, 33.718017848755458 ], [ 73.059487739463592, 33.718017848755466 ], [ 73.059487739463592, 33.718011155472595 ], [ 73.059485057471264, 33.718011155472595 ], [ 73.059485057471264, 33.71800223109463 ], [ 73.059495785440603, 33.718002231094623 ], [ 73.059495785440603, 33.718 ], [ 73.059611111111096, 33.718 ], [ 73.059611111111096, 33.718004462189207 ], [ 73.059613793103438, 33.718004462189199 ], [ 73.059613793103438, 33.718008924378189 ], [ 73.059611111111096, 33.718008924378189 ], [ 73.059611111111096, 33.718013386566938 ], [ 73.059608429118768, 33.718013386566938 ], [ 73.059608429118768, 33.718017848755458 ], [ 73.059605747126426, 33.718017848755458 ], [ 73.059605747126426, 33.718020079849637 ], [ 73.059603065134084, 33.718020079849637 ], [ 73.059603065134084, 33.71802454203781 ], [ 73.059600383141756, 33.718024542037817 ], [ 73.059600383141756, 33.718029004225755 ], [ 73.059597701149414, 33.718029004225755 ], [ 73.059597701149414, 33.718033466413466 ], [ 73.059595019157072, 33.718033466413459 ], [ 73.059595019157072, 33.718035697507226 ], [ 73.059592337164744, 33.718035697507226 ], [ 73.059592337164744, 33.718037928600943 ], [ 73.059589655172402, 33.718037928600936 ], [ 73.059589655172402, 33.718042390788185 ], [ 73.05958697318006, 33.718042390788177 ], [ 73.05958697318006, 33.718044621881717 ], [ 73.059584291187733, 33.718044621881724 ], [ 73.059584291187733, 33.718049084068625 ], [ 73.059581609195391, 33.718049084068618 ], [ 73.059581609195391, 33.718055777348539 ], [ 73.059576245210735, 33.718055777348532 ], [ 73.059576245210735, 33.718058008441737 ], [ 73.059565517241367, 33.718058008441723 ] ] ] } }
]
}
