{
"type": "FeatureCollection",
"name": "buildings_raw",
"crs": { "type": "name", "properties": { "name": "urn:ogc:def:crs:EPSG::3857" } },
"features": [
{ "type": "Feature", "properties": { "confidence": 1.0, "class": 1, "regularized": "rectangle" }, "geometry": { "type": "Polygon", "coordinates": [ [ [ 8132432.5, 3991426.0 ], [ 8132418.5, 3991423.5 ], [ 8132419.5, 3991416.0 ], [ 8132433.5, 3991418.5 ], [ 8132432.5, 3991426.0 ] ] ] } },
{ "type": "Feature", "properties": { "confidence": 1.0, "class": 1, "regularized": "rectangle" }, "geometry": { "type": "Polygon", "coordinates": [ [ [ 8132378.5, 3991113.5 ], [ 8132364.5, 3991113.5 ], [ 8132364.5, 3991104.5 ], [ 8132378.5, 3991104.5 ], [ 8132378.5, 3991113.5 ] ] ] } },
{ "type": "Feature", "properties": { "confidence": 1.0, "class": 1, "regularized": "rectangle" }, "geometry": { "type": "Polygon", "coordinates": [ [ [ 8132775.0, 3991007.75 ], [ 8132762.0, 3991007.75 ], [ 8132762.0, 3990999.25 ], [ 8132775.0, 3990999.25 ], [ 8132775.0, 3991007.75 ] ] ] } },
{ "type": "Feature", "properties": { "confidence": 1.0, "class": 1, "regularized": "rectangle" }, "geometry": { "type": "Polygon", "coordinates": [ [ [ 8132396.0, 3991020.5 ], [ 8132386.0, 3991020.5 ], [ 8132386.0, 3991009.5 ], [ 8132396.0, 3991009.5 ], [ 8132396.0, 3991020.5 ] ] ] } },
{ "type": "Feature", "properties": { "confidence": 1.0, "class": 1, "regularized": "rectangle" }, "geometry": { "type": "Polygon", "coordinates": [ [ [ 8132344.0, 3991125.0 ], [ 8132337.0, 3991124.0 ], [ 8132339.0, 3991109.0 ], [ 8132346.0, 3991110.0 ], [ 8132344.0, 3991125.0 ] ] ] } },
{ "type": "Feature", "properties": { "confidence": 0.971, "class": 1, "regularized": "rectangle" }, "geometry": { "type": "Polygon", "coordinates": [ [ [ 8132732.5, 3991065.25 ], [ 8132724.5, 3991061.75 ], [ 8132729.5, 3991049.75 ], [ 8132737.5, 3991053.25 ], [ 8132732.5, 3991065.25 ] ] ] } },
{ "type": "Feature", "properties": { "confidence": 0.965, "class": 1, "regularized": "rectangle" }, "geometry": { "type": "Polygon", "coordinates": [ [ [ 8133000.5, 3991548.5 ], [ 8132990.5, 3991542.0 ], [ 8132995.5, 3991534.0 ], [ 8133005.5, 3991540.5 ], [ 8133000.5, 3991548.5 ] ] ] } },
{ "type": "Feature", "properties": { "confidence": 0.938, "class": 1, "regularized": "original" }, "geometry": { "type": "Polygon", "coordinates": [ [ [ 8132675.076323260553181, 3991601.142371494788677 ], [ 8132675.076323260553181, 3991599.947996105067432 ], [ 8132675.374881281517446, 3991599.649402257520705 ], [ 8132675.374881281517446, 3991598.455026867799461 ], [ 8132675.673439302481711, 3991598.156433020252734 ], [ 8132675.673439302481711, 3991597.260651478078216 ], [ 8132675.971997324377298, 3991596.96205763053149 ], [ 8132675.971997324377298, 3991596.066276088356972 ], [ 8132676.270555345341563, 3991595.767682240810245 ], [ 8132676.270555345341563, 3991593.976119155995548 ], [ 8132676.569113366305828, 3991593.677525308448821 ], [ 8132677.464787430129945, 3991593.677525308448821 ], [ 8132677.763345452025533, 3991593.378931460902095 ], [ 8132678.061903472989798, 3991593.378931460902095 ], [ 8132678.360461493954062, 3991593.677525308448821 ], [ 8132679.853251600638032, 3991593.677525308448821 ], [ 8132680.151809622533619, 3991593.976119155995548 ], [ 8132680.748925664462149, 3991593.976119155995548 ], [ 8132681.346041707322001, 3991594.573306851089001 ], [ 8132681.943157750181854, 3991594.573306851089001 ], [ 8132682.540273792110384, 3991595.170494545716792 ], [ 8132683.137389834970236, 3991595.170494545716792 ], [ 8132683.734505877830088, 3991595.767682240810245 ], [ 8132684.331621919758618, 3991595.767682240810245 ], [ 8132684.92873796261847, 3991596.364869935438037 ], [ 8132685.227295983582735, 3991596.364869935438037 ], [ 8132685.824412026442587, 3991596.96205763053149 ], [ 8132686.122970047406852, 3991596.96205763053149 ], [ 8132686.720086090266705, 3991597.559245325159281 ], [ 8132687.018644111230969, 3991597.559245325159281 ], [ 8132687.317202133126557, 3991597.857839172706008 ], [ 8132687.615760154090822, 3991597.857839172706008 ], [ 8132689.108550260774791, 3991599.350808409973979 ], [ 8132689.407108281739056, 3991599.350808409973979 ], [ 8132689.705666303634644, 3991599.649402257520705 ], [ 8132689.705666303634644, 3991599.947996105067432 ], [ 8132690.004224324598908, 3991600.246589952614158 ], [ 8132690.004224324598908, 3991600.545183799695224 ], [ 8132689.705666303634644, 3991600.84377764724195 ], [ 8132689.705666303634644, 3991601.142371494788677 ], [ 8132675.076323260553181, 3991601.142371494788677 ] ] ] } },
{ "type": "Feature", "properties": { "confidence": 0.894, "class": 1, "regularized": "rectangle" }, "geometry": { "type": "Polygon", "coordinates": [ [ [ 8132545.0, 3991115.5 ], [ 8132535.0, 3991108.0 ], [ 8132540.0, 3991101.5 ], [ 8132550.0, 3991109.0 ], [ 8132545.0, 3991115.5 ] ] ] } },
{ "type": "Feature", "properties": { "confidence": 0.869, "class": 1, "regularized": "rectangle" }, "geometry": { "type": "Polygon", "coordinates": [ [ [ 8132926.0, 3991228.0 ], [ 8132914.0, 3991228.0 ], [ 8132914.0, 3991219.5 ], [ 8132926.0, 3991219.5 ], [ 8132926.0, 3991228.0 ] ] ] } },
{ "type": "Feature", "properties": { "confidence": 0.855, "class": 1, "regularized": "rectangle" }, "geometry": { "type": "Polygon", "coordinates": [ [ [ 8132603.0, 3991453.0 ], [ 8132596.0, 3991453.0 ], [ 8132596.0, 3991440.0 ], [ 8132603.0, 3991440.0 ], [ 8132603.0, 3991453.0 ] ] ] } },
{ "type": "Feature", "properties": { "confidence": 0.819, "class": 1, "regularized": "rectangle" }, "geometry": { "type": "Polygon", "coordinates": [ [ [ 8132393.0, 3991343.5 ], [ 8132383.0, 3991343.5 ], [ 8132383.0, 3991334.5 ], [ 8132393.0, 3991334.5 ], [ 8132393.0, 3991343.5 ] ] ] } },
{ "type": "Feature", "properties": { "confidence": 0.808, "class": 1, "regularized": "rectangle" }, "geometry": { "type": "Polygon", "coordinates": [ [ [ 8132741.0, 3991455.5 ], [ 8132727.0, 3991455.5 ], [ 8132727.0, 3991449.5 ], [ 8132741.0, 3991449.5 ], [ 8132741.0, 3991455.5 ] ] ] } },
{ "type": "Feature", "properties": { "confidence": 0.807, "class": 1, "regularized": "rectangle" }, "geometry": { "type": "Polygon", "coordinates": [ [ [ 8132986.5, 3991401.25 ], [ 8132978.5, 3991388.75 ], [ 8132983.5, 3991385.25 ], [ 8132991.5, 3991397.75 ], [ 8132986.5, 3991401.25 ] ] ] } },
{ "type": "Feature", "properties": { "confidence": 0.802, "class": 1, "regularized": "original" }, "geometry": { "type": "Polygon", "coordinates": [ [ [ 8132953.630957118235528, 3991006.642021222040057 ], [ 8132953.332399097271264, 3991006.343427374493331 ], [ 8132952.735283054411411, 3991006.343427374493331 ], [ 8132952.138167012482882, 3991005.746239679399878 ], [ 8132951.839608990587294, 3991005.746239679399878 ], [ 8132951.242492948658764, 3991005.149051984772086 ], [ 8132950.943934926763177, 3991005.149051984772086 ], [ 8132950.346818884834647, 3991004.551864289678633 ], [ 8132950.04826086293906, 3991004.551864289678633 ], [ 8132949.152586799114943, 3991003.656082747504115 ], [ 8132948.854028778150678, 3991003.656082747504115 ], [ 8132948.256912735290825, 3991003.058895052410662 ], [ 8132947.95835471432656, 3991003.058895052410662 ], [ 8132947.659796692430973, 3991002.760301204863936 ], [ 8132947.361238671466708, 3991002.760301204863936 ], [ 8132947.062680650502443, 3991002.461707357782871 ], [ 8132946.764122628606856, 3991002.461707357782871 ], [ 8132946.465564607642591, 3991002.163113510236144 ], [ 8132946.167006586678326, 3991002.163113510236144 ], [ 8132945.569890543818474, 3991001.565925815142691 ], [ 8132945.271332522854209, 3991001.565925815142691 ], [ 8132944.972774500958622, 3991001.267331967595965 ], [ 8132944.972774500958622, 3991000.670144272968173 ], [ 8132944.674216479994357, 3991000.371550425421447 ], [ 8132944.674216479994357, 3990999.177175035700202 ], [ 8132958.407885459251702, 3990999.177175035700202 ], [ 8132958.407885459251702, 3990999.475768883246928 ], [ 8132958.706443480215967, 3990999.774362730327994 ], [ 8132958.706443480215967, 3991000.07295657787472 ], [ 8132958.407885459251702, 3991000.371550425421447 ], [ 8132958.407885459251702, 3991000.670144272968173 ], [ 8132958.109327437356114, 3991000.968738120514899 ], [ 8132958.109327437356114, 3991001.267331967595965 ], [ 8132957.512211395427585, 3991001.864519662689418 ], [ 8132957.512211395427585, 3991002.163113510236144 ], [ 8132957.213653373531997, 3991002.461707357782871 ], [ 8132957.213653373531997, 3991002.760301204863936 ], [ 8132956.915095352567732, 3991003.058895052410662 ], [ 8132956.915095352567732, 3991003.357488899957389 ], [ 8132956.019421288743615, 3991004.253270442131907 ], [ 8132956.019421288743615, 3991004.551864289678633 ], [ 8132955.422305245883763, 3991005.149051984772086 ], [ 8132955.422305245883763, 3991005.447645831853151 ], [ 8132955.123747224919498, 3991005.746239679399878 ], [ 8132955.123747224919498, 3991006.343427374493331 ], [ 8132954.825189203955233, 3991006.343427374493331 ], [ 8132954.526631182059646, 3991006.642021222040057 ], [ 8132953.630957118235528, 3991006.642021222040057 ] ] ] } },
{ "type": "Feature", "properties": { "confidence": 0.798, "class": 1, "regularized": "rectangle" }, "geometry": { "type": "Polygon", "coordinates": [ [ [ 8132537.0, 3991048.25 ], [ 8132529.0, 3991044.75 ], [ 8132533.0, 3991035.75 ], [ 8132541.0, 3991039.25 ], [ 8132537.0, 3991048.25 ] ] ] } },
{ "type": "Feature", "properties": { "confidence": 0.79, "class": 1, "regularized": "original" }, "geometry": { "type": "Polygon", "coordinates": [ [ [ 8132484.894863702356815, 3991537.24328814027831 ], [ 8132484.596305680461228, 3991536.944694293197244 ], [ 8132484.297747659496963, 3991536.944694293197244 ], [ 8132483.999189638532698, 3991536.646100445650518 ], [ 8132483.700631616637111, 3991536.646100445650518 ], [ 8132482.804957552812994, 3991535.750318903010339 ], [ 8132482.804957552812994, 3991533.361568123567849 ], [ 8132483.103515574708581, 3991533.062974276021123 ], [ 8132483.103515574708581, 3991532.167192733846605 ], [ 8132483.402073595672846, 3991531.868598886299878 ], [ 8132483.402073595672846, 3991530.97281734412536 ], [ 8132483.700631616637111, 3991530.674223496578634 ], [ 8132483.700631616637111, 3991529.778441954404116 ], [ 8132483.999189638532698, 3991529.479848106857389 ], [ 8132483.999189638532698, 3991528.882660411763936 ], [ 8132484.297747659496963, 3991528.58406656421721 ], [ 8132484.297747659496963, 3991527.986878869589418 ], [ 8132484.596305680461228, 3991527.688285022042692 ], [ 8132484.596305680461228, 3991527.389691174495965 ], [ 8132485.491979744285345, 3991526.493909632321447 ], [ 8132485.491979744285345, 3991526.195315784774721 ], [ 8132485.790537766180933, 3991525.896721937227994 ], [ 8132485.790537766180933, 3991525.598128090146929 ], [ 8132486.387653808109462, 3991525.000940395053476 ], [ 8132486.387653808109462, 3991524.403752699960023 ], [ 8132486.68621183000505, 3991524.105158852878958 ], [ 8132486.68621183000505, 3991523.806565005332232 ], [ 8132486.984769850969315, 3991523.507971157785505 ], [ 8132486.984769850969315, 3991523.209377310238779 ], [ 8132487.581885893829167, 3991522.612189615610987 ], [ 8132487.581885893829167, 3991522.31359576806426 ], [ 8132488.477559957653284, 3991521.417814225424081 ], [ 8132489.373234021477401, 3991521.417814225424081 ], [ 8132489.671792042441666, 3991521.716408072970808 ], [ 8132489.671792042441666, 3991526.195315784774721 ], [ 8132489.373234021477401, 3991526.493909632321447 ], [ 8132489.373234021477401, 3991530.97281734412536 ], [ 8132489.074676000513136, 3991531.271411191672087 ], [ 8132489.074676000513136, 3991531.570005038753152 ], [ 8132488.776117978617549, 3991531.868598886299878 ], [ 8132488.776117978617549, 3991532.465786581393331 ], [ 8132488.179001936689019, 3991533.062974276021123 ], [ 8132488.179001936689019, 3991533.361568123567849 ], [ 8132487.581885893829167, 3991533.958755818661302 ], [ 8132487.581885893829167, 3991534.257349666208029 ], [ 8132486.984769850969315, 3991534.85453736083582 ], [ 8132486.984769850969315, 3991535.451725055929273 ], [ 8132486.387653808109462, 3991536.048912750557065 ], [ 8132486.387653808109462, 3991536.347506598103791 ], [ 8132485.491979744285345, 3991537.24328814027831 ], [ 8132484.894863702356815, 3991537.24328814027831 ] ] ] } },
{ "type": "Feature", "properties": { "confidence": 0.755, "class": 1, "regularized": "original" }, "geometry": { "type": "Polygon", "coordinates": [ [ [ 8132744.341784197837114, 3991078.005950762424618 ], [ 8132744.043226176872849, 3991077.707356914877892 ], [ 8132743.446110134012997, 3991077.707356914877892 ], [ 8132743.147552113048732, 3991077.408763067331165 ], [ 8132742.848994092084467, 3991077.408763067331165 ], [ 8132741.356203985400498, 3991075.915793830063194 ], [ 8132741.057645964436233, 3991075.915793830063194 ], [ 8132739.863413878716528, 3991074.721418440341949 ], [ 8132739.564855857752264, 3991074.721418440341949 ], [ 8132738.669181793928146, 3991073.825636898167431 ], [ 8132738.370623772963881, 3991073.825636898167431 ], [ 8132738.072065751068294, 3991073.527043050620705 ], [ 8132737.773507730104029, 3991073.527043050620705 ], [ 8132737.474949709139764, 3991073.228449203073978 ], [ 8132737.176391687244177, 3991073.228449203073978 ], [ 8132735.683601580560207, 3991071.735479965806007 ], [ 8132735.683601580560207, 3991071.436886118724942 ], [ 8132735.385043559595942, 3991071.138292271178216 ], [ 8132735.385043559595942, 3991069.048135338816792 ], [ 8132735.683601580560207, 3991068.749541491270065 ], [ 8132735.683601580560207, 3991068.152353796642274 ], [ 8132735.982159602455795, 3991067.853759949095547 ], [ 8132736.28071762342006, 3991067.853759949095547 ], [ 8132736.579275644384325, 3991067.555166101548821 ], [ 8132738.072065751068294, 3991067.555166101548821 ], [ 8132738.669181793928146, 3991068.152353796642274 ], [ 8132740.460529921576381, 3991068.152353796642274 ], [ 8132740.460529921576381, 3991068.450947644189 ], [ 8132741.057645964436233, 3991069.048135338816792 ], [ 8132741.95332002826035, 3991069.048135338816792 ], [ 8132742.251878049224615, 3991069.346729186363518 ], [ 8132742.55043607018888, 3991069.346729186363518 ], [ 8132742.55043607018888, 3991069.645323033910245 ], [ 8132742.848994092084467, 3991069.943916881456971 ], [ 8132743.147552113048732, 3991069.943916881456971 ], [ 8132743.446110134012997, 3991070.242510728538036 ], [ 8132743.446110134012997, 3991070.839698423631489 ], [ 8132743.744668155908585, 3991071.138292271178216 ], [ 8132743.744668155908585, 3991071.436886118724942 ], [ 8132745.237458261661232, 3991072.929855355527252 ], [ 8132745.237458261661232, 3991073.228449203073978 ], [ 8132745.536016283556819, 3991073.527043050620705 ], [ 8132745.536016283556819, 3991074.422824592795223 ], [ 8132745.834574304521084, 3991074.721418440341949 ], [ 8132745.834574304521084, 3991075.318606135435402 ], [ 8132746.133132325485349, 3991075.617199982982129 ], [ 8132746.133132325485349, 3991076.512981525156647 ], [ 8132745.834574304521084, 3991076.811575372703373 ], [ 8132745.834574304521084, 3991077.408763067331165 ], [ 8132745.237458261661232, 3991078.005950762424618 ], [ 8132744.341784197837114, 3991078.005950762424618 ] ] ] } },
{ "type": "Feature", "properties": { "confidence": 0.719, "class": 1, "regularized": "rectangle" }, "geometry": { "type": "Polygon", "coordinates": [ [ [ 8132990.0, 3991173.25 ], [ 8132982.0, 3991165.75 ], [ 8132987.0, 3991160.25 ], [ 8132995.0, 3991167.75 ], [ 8132990.0, 3991173.25 ] ] ] } },
{ "type": "Feature", "properties": { "confidence": 0.718, "class": 1, "regularized": "rectangle" }, "geometry": { "type": "Polygon", "coordinates": [ [ [ 8132367.0, 3991150.0 ], [ 8132361.0, 3991150.0 ], [ 8132361.0, 3991138.5 ], [ 8132367.0, 3991138.5 ], [ 8132367.0, 3991150.0 ] ] ] } },
{ "type": "Feature", "properties": { "confidence": 0.708, "class": 1, "regularized": "rectangle" }, "geometry": { "type": "Polygon", "coordinates": [ [ [ 8132518.5, 3991332.5 ], [ 8132509.5, 3991325.0 ], [ 8132513.5, 3991320.0 ], [ 8132522.5, 3991327.5 ], [ 8132518.5, 3991332.5 ] ] ] } },
{ "type": "Feature", "properties": { "confidence": 0.7, "class": 1, "regularized": "rectangle" }, "geometry": { "type": "Polygon", "coordinates": [ [ [ 8132735.0, 3991429.25 ], [ 8132727.0, 3991421.25 ], [ 8132731.0, 3991416.75 ], [ 8132739.0, 3991424.75 ], [ 8132735.0, 3991429.25 ] ] ] } },
{ "type": "Feature", "properties": { "confidence": 0.686, "class": 1, "regularized": "rectangle" }, "geometry": { "type": "Polygon", "coordinates": [ [ [ 8132672.0, 3991343.5 ], [ 8132662.0, 3991337.0 ], [ 8132666.0, 3991331.5 ], [ 8132676.0, 3991338.0 ], [ 8132672.0, 3991343.5 ] ] ] } },
{ "type": "Feature", "properties": { "confidence": 0.683, "class": 1, "regularized": "rectangle" }, "geometry": { "type": "Polygon", "coordinates": [ [ [ 8132690.0, 3991462.25 ], [ 8132682.0, 3991456.25 ], [ 8132686.0, 3991450.25 ], [ 8132694.0, 3991456.25 ], [ 8132690.0, 3991462.25 ] ] ] } },
{ "type": "Feature", "properties": { "confidence": 0.683, "class": 1, "regularized": "rectangle" }, "geometry": { "type": "Polygon", "coordinates": [ [ [ 8132355.5, 3991267.5 ], [ 8132344.5, 3991265.0 ], [ 8132345.5, 3991259.0 ], [ 8132356.5, 3991261.5 ], [ 8132355.5, 3991267.5 ] ] ] } },
{ "type": "Feature", "properties": { "confidence": 0.674, "class": 1, "regularized": "original" }, "geometry": { "type": "Polygon", "coordinates": [ [ [ 8132827.938030158169568, 3991052.625473729334772 ], [ 8132827.63947213627398, 3991052.326879881788045 ], [ 8132827.340914115309715, 3991052.326879881788045 ], [ 8132827.04235609434545, 3991052.028286034241319 ], [ 8132826.743798072449863, 3991052.028286034241319 ], [ 8132826.743798072449863, 3991048.445159865077585 ], [ 8132827.04235609434545, 3991048.146566017530859 ], [ 8132827.04235609434545, 3991044.563439847901464 ], [ 8132827.63947213627398, 3991043.966252153273672 ], [ 8132827.63947213627398, 3991043.667658305726945 ], [ 8132827.938030158169568, 3991043.369064458180219 ], [ 8132827.938030158169568, 3991043.070470610633492 ], [ 8132828.236588179133832, 3991042.771876763086766 ], [ 8132828.236588179133832, 3991042.473282916005701 ], [ 8132828.535146200098097, 3991042.174689068458974 ], [ 8132828.535146200098097, 3991041.876095220912248 ], [ 8132829.13226224295795, 3991041.278907526284456 ], [ 8132829.13226224295795, 3991040.98031367873773 ], [ 8132829.430820263922215, 3991040.681719831191003 ], [ 8132830.027936306782067, 3991040.681719831191003 ], [ 8132830.326494327746332, 3991040.98031367873773 ], [ 8132830.625052349641919, 3991040.98031367873773 ], [ 8132830.923610370606184, 3991041.278907526284456 ], [ 8132831.222168391570449, 3991041.278907526284456 ], [ 8132831.520726413466036, 3991041.577501373365521 ], [ 8132831.819284434430301, 3991041.577501373365521 ], [ 8132832.117842455394566, 3991041.876095220912248 ], [ 8132833.312074541114271, 3991041.876095220912248 ], [ 8132833.610632562078536, 3991042.174689068458974 ], [ 8132833.610632562078536, 3991045.160627542994916 ], [ 8132833.312074541114271, 3991045.459221390541643 ], [ 8132833.312074541114271, 3991046.355002932716161 ], [ 8132832.416400477290154, 3991047.250784474890679 ], [ 8132832.416400477290154, 3991048.146566017530859 ], [ 8132832.117842455394566, 3991048.445159865077585 ], [ 8132832.117842455394566, 3991048.74375371215865 ], [ 8132830.027936306782067, 3991050.833910644520074 ], [ 8132830.027936306782067, 3991051.132504492066801 ], [ 8132829.729378285817802, 3991051.431098339147866 ], [ 8132829.729378285817802, 3991051.729692186694592 ], [ 8132829.13226224295795, 3991052.326879881788045 ], [ 8132828.236588179133832, 3991052.326879881788045 ], [ 8132827.938030158169568, 3991052.625473729334772 ] ] ] } },
{ "type": "Feature", "properties": { "confidence": 0.671, "class": 1, "regularized": "rectangle" }, "geometry": { "type": "Polygon", "coordinates": [ [ [ 8132406.0, 3991453.25 ], [ 8132390.0, 3991453.25 ], [ 8132390.0, 3991448.75 ], [ 8132406.0, 3991448.75 ], [ 8132406.0, 3991453.25 ] ] ] } },
{ "type": "Feature", "properties": { "confidence": 0.67, "class": 1, "regularized": "rectangle" }, "geometry": { "type": "Polygon", "coordinates": [ [ [ 8132570.0, 3991072.0 ], [ 8132564.0, 3991067.0 ], [ 8132570.0, 3991059.5 ], [ 8132576.0, 3991064.5 ], [ 8132570.0, 3991072.0 ] ] ] } },
{ "type": "Feature", "properties": { "confidence": 0.669, "class": 1, "regularized": "rectangle" }, "geometry": { "type": "Polygon", "coordinates": [ [ [ 8132892.0, 3991058.25 ], [ 8132887.0, 3991054.25 ], [ 8132894.0, 3991046.25 ], [ 8132899.0, 3991050.25 ], [ 8132892.0, 3991058.25 ] ] ] } },
{ "type": "Feature", "properties": { "confidence": 0.666, "class": 1, "regularized": "original" }, "geometry": { "type": "Polygon", "coordinates": [ [ [ 8132493.254488297738135, 3991082.186264626681805 ], [ 8132492.95593027677387, 3991081.887670779135078 ], [ 8132492.657372255809605, 3991081.887670779135078 ], [ 8132492.358814233914018, 3991081.589076931588352 ], [ 8132492.060256212949753, 3991081.589076931588352 ], [ 8132491.761698191985488, 3991081.290483084507287 ], [ 8132491.4631401700899, 3991081.290483084507287 ], [ 8132490.866024128161371, 3991080.693295389413834 ], [ 8132490.567466106265783, 3991080.693295389413834 ], [ 8132489.970350064337254, 3991080.096107694320381 ], [ 8132489.671792042441666, 3991080.096107694320381 ], [ 8132488.776117978617549, 3991079.200326152145863 ], [ 8132488.477559957653284, 3991079.200326152145863 ], [ 8132487.880443914793432, 3991078.603138457518071 ], [ 8132487.581885893829167, 3991078.603138457518071 ], [ 8132487.283327871933579, 3991078.304544609971344 ], [ 8132487.283327871933579, 3991077.707356914877892 ], [ 8132487.581885893829167, 3991077.408763067331165 ], [ 8132487.880443914793432, 3991077.408763067331165 ], [ 8132488.477559957653284, 3991076.811575372703373 ], [ 8132488.477559957653284, 3991076.214387677609921 ], [ 8132488.179001936689019, 3991075.915793830063194 ], [ 8132488.179001936689019, 3991075.318606135435402 ], [ 8132488.477559957653284, 3991075.020012287888676 ], [ 8132488.477559957653284, 3991074.721418440341949 ], [ 8132488.776117978617549, 3991074.422824592795223 ], [ 8132490.268908085301518, 3991074.422824592795223 ], [ 8132490.567466106265783, 3991074.124230745714158 ], [ 8132491.761698191985488, 3991074.124230745714158 ], [ 8132492.358814233914018, 3991074.721418440341949 ], [ 8132492.657372255809605, 3991074.721418440341949 ], [ 8132493.254488297738135, 3991075.318606135435402 ], [ 8132493.851604340597987, 3991075.318606135435402 ], [ 8132494.150162361562252, 3991075.617199982982129 ], [ 8132498.329974659718573, 3991075.617199982982129 ], [ 8132498.329974659718573, 3991075.915793830063194 ], [ 8132498.628532681614161, 3991076.214387677609921 ], [ 8132498.329974659718573, 3991076.512981525156647 ], [ 8132498.329974659718573, 3991076.811575372703373 ], [ 8132497.434300595894456, 3991077.707356914877892 ], [ 8132497.434300595894456, 3991078.005950762424618 ], [ 8132496.837184553034604, 3991078.603138457518071 ], [ 8132496.837184553034604, 3991078.901732304599136 ], [ 8132496.538626532070339, 3991079.200326152145863 ], [ 8132496.538626532070339, 3991079.498919999692589 ], [ 8132496.240068511106074, 3991079.797513847239316 ], [ 8132496.240068511106074, 3991080.096107694320381 ], [ 8132494.747278404422104, 3991081.589076931588352 ], [ 8132494.747278404422104, 3991081.887670779135078 ], [ 8132494.448720383457839, 3991082.186264626681805 ], [ 8132493.254488297738135, 3991082.186264626681805 ] ] ] } },
{ "type": "Feature", "properties": { "confidence": 0.653, "class": 1, "regularized": "rectangle" }, "geometry": { "type": "Polygon", "coordinates": [ [ [ 8132881.0, 3991059.75 ], [ 8132875.0, 3991059.75 ], [ 8132875.0, 3991047.25 ], [ 8132881.0, 3991047.25 ], [ 8132881.0, 3991059.75 ] ] ] } },
{ "type": "Feature", "properties": { "confidence": 0.624, "class": 1, "regularized": "rectangle" }, "geometry": { "type": "Polygon", "coordinates": [ [ [ 8132934.5, 3991025.5 ], [ 8132929.5, 3991021.5 ], [ 8132936.5, 3991012.5 ], [ 8132941.5, 3991016.5 ], [ 8132934.5, 3991025.5 ] ] ] } },
{ "type": "Feature", "properties": { "confidence": 0.622, "class": 1, "regularized": "rectangle" }, "geometry": { "type": "Polygon", "coordinates": [ [ [ 8132878.5, 3991267.25 ], [ 8132869.5, 3991262.75 ], [ 8132872.5, 3991257.25 ], [ 8132881.5, 3991261.75 ], [ 8132878.5, 3991267.25 ] ] ] } },
{ "type": "Feature", "properties": { "confidence": 0.619, "class": 1, "regularized": "rectangle" }, "geometry": { "type": "Polygon", "coordinates": [ [ [ 8132755.0, 3991243.75 ], [ 8132748.0, 3991238.75 ], [ 8132752.0, 3991232.75 ], [ 8132759.0, 3991237.75 ], [ 8132755.0, 3991243.75 ] ] ] } },
{ "type": "Feature", "properties": { "confidence": 0.618, "class": 1, "regularized": "rectangle" }, "geometry": { "type": "Polygon", "coordinates": [ [ [ 8132340.5, 3991582.5 ], [ 8132338.5, 3991570.0 ], [ 8132343.5, 3991569.5 ], [ 8132345.5, 3991582.0 ], [ 8132340.5, 3991582.5 ] ] ] } },
{ "type": "Feature", "properties": { "confidence": 0.614, "class": 1, "regularized": "rectangle" }, "geometry": { "type": "Polygon", "coordinates": [ [ [ 8132792.0, 3991414.25 ], [ 8132782.0, 3991411.75 ], [ 8132784.0, 3991405.75 ], [ 8132794.0, 3991408.25 ], [ 8132792.0, 3991414.25 ] ] ] } },
{ "type": "Feature", "properties": { "confidence": 0.611, "class": 1, "regularized": "rectangle" }, "geometry": { "type": "Polygon", "coordinates": [ [ [ 8132523.5, 3991080.5 ], [ 8132514.5, 3991074.5 ], [ 8132517.5, 3991069.5 ], [ 8132526.5, 3991075.5 ], [ 8132523.5, 3991080.5 ] ] ] } },
{ "type": "Feature", "properties": { "confidence": 0.611, "class": 1, "regularized": "original" }, "geometry": { "type": "Polygon", "coordinates": [ [ [ 8132796.887995944358408, 3991563.519546716008335 ], [ 8132796.589437923394144, 3991563.220952868461609 ], [ 8132796.589437923394144, 3991562.623765173833817 ], [ 8132796.887995944358408, 3991562.325171326287091 ], [ 8132796.887995944358408, 3991556.353294377215207 ], [ 8132796.589437923394144, 3991556.05470052966848 ], [ 8132796.589437923394144, 3991555.756106682587415 ], [ 8132796.290879901498556, 3991555.457512835040689 ], [ 8132796.290879901498556, 3991551.575792817864567 ], [ 8132796.887995944358408, 3991551.575792817864567 ], [ 8132797.186553965322673, 3991551.874386665411294 ], [ 8132798.082228029146791, 3991551.874386665411294 ], [ 8132798.380786051042378, 3991552.17298051295802 ], [ 8132799.276460114866495, 3991552.17298051295802 ], [ 8132799.57501813583076, 3991552.471574360504746 ], [ 8132800.769250220619142, 3991552.471574360504746 ], [ 8132801.067808242514729, 3991552.770168208051473 ], [ 8132801.366366263478994, 3991552.770168208051473 ], [ 8132801.664924284443259, 3991553.068762055132538 ], [ 8132802.560598348267376, 3991553.068762055132538 ], [ 8132802.859156370162964, 3991553.367355902679265 ], [ 8132802.859156370162964, 3991555.158918987493962 ], [ 8132802.560598348267376, 3991555.457512835040689 ], [ 8132802.560598348267376, 3991556.05470052966848 ], [ 8132802.262040327303112, 3991556.353294377215207 ], [ 8132802.262040327303112, 3991556.651888224761933 ], [ 8132801.963482306338847, 3991556.95048207230866 ], [ 8132801.963482306338847, 3991557.249075919855386 ], [ 8132801.366366263478994, 3991557.846263614483178 ], [ 8132801.366366263478994, 3991558.144857462029904 ], [ 8132801.067808242514729, 3991558.443451309576631 ], [ 8132801.067808242514729, 3991558.742045156657696 ], [ 8132800.769250220619142, 3991559.040639004204422 ], [ 8132800.769250220619142, 3991559.339232851751149 ], [ 8132800.470692199654877, 3991559.637826699297875 ], [ 8132800.470692199654877, 3991559.936420546844602 ], [ 8132799.873576156795025, 3991560.533608241472393 ], [ 8132799.873576156795025, 3991560.83220208901912 ], [ 8132798.977902092970908, 3991561.727983631193638 ], [ 8132798.977902092970908, 3991562.026577478740364 ], [ 8132798.679344072006643, 3991562.325171326287091 ], [ 8132798.679344072006643, 3991562.623765173833817 ], [ 8132798.082228029146791, 3991563.220952868461609 ], [ 8132798.082228029146791, 3991563.519546716008335 ], [ 8132796.887995944358408, 3991563.519546716008335 ] ] ] } },
{ "type": "Feature", "properties": { "confidence": 0.609, "class": 1, "regularized": "rectangle" }, "geometry": { "type": "Polygon", "coordinates": [ [ [ 8132850.0, 3991060.0 ], [ 8132843.0, 3991055.5 ], [ 8132847.0, 3991049.0 ], [ 8132854.0, 3991053.5 ], [ 8132850.0, 3991060.0 ] ] ] } },
{ "type": "Feature", "properties": { "confidence": 0.609, "class": 1, "regularized": "rectangle" }, "geometry": { "type": "Polygon", "coordinates": [ [ [ 8132837.0, 3991234.0 ], [ 8132831.0, 3991231.5 ], [ 8132835.0, 3991222.5 ], [ 8132841.0, 3991225.0 ], [ 8132837.0, 3991234.0 ] ] ] } },
{ "type": "Feature", "properties": { "confidence": 0.609, "class": 1, "regularized": "rectangle" }, "geometry": { "type": "Polygon", "coordinates": [ [ [ 8132813.0, 3991014.5 ], [ 8132804.0, 3991014.5 ], [ 8132804.0, 3991007.5 ], [ 8132813.0, 3991007.5 ], [ 8132813.0, 3991014.5 ] ] ] } },
{ "type": "Feature", "properties": { "confidence": 0.606, "class": 1, "regularized": "rectangle" }, "geometry": { "type": "Polygon", "coordinates": [ [ [ 8132429.0, 3991585.0 ], [ 8132422.0, 3991585.0 ], [ 8132422.0, 3991576.0 ], [ 8132429.0, 3991576.0 ], [ 8132429.0, 3991585.0 ] ] ] } },
{ "type": "Feature", "properties": { "confidence": 0.6, "class": 1, "regularized": "original" }, "geometry": { "type": "Polygon", "coordinates": [ [ [ 8132937.210265947505832, 3991198.040677437093109 ], [ 8132936.911707926541567, 3991197.742083590012044 ], [ 8132936.314591883681715, 3991197.742083590012044 ], [ 8132936.01603386271745, 3991197.443489742465317 ], [ 8132935.717475841753185, 3991197.443489742465317 ], [ 8132935.120359798893332, 3991196.846302047371864 ], [ 8132934.52324375603348, 3991196.846302047371864 ], [ 8132934.224685735069215, 3991196.547708199825138 ], [ 8132933.92612771410495, 3991196.547708199825138 ], [ 8132933.627569692209363, 3991196.249114352744073 ], [ 8132933.329011671245098, 3991196.249114352744073 ], [ 8132933.030453650280833, 3991195.950520505197346 ], [ 8132932.731895628385246, 3991195.950520505197346 ], [ 8132931.836221564561129, 3991195.054738963022828 ], [ 8132931.537663543596864, 3991195.054738963022828 ], [ 8132930.940547500737011, 3991194.457551267929375 ], [ 8132930.641989479772747, 3991194.457551267929375 ], [ 8132930.044873436912894, 3991193.860363572835922 ], [ 8132929.746315415948629, 3991193.860363572835922 ], [ 8132928.850641352124512, 3991192.964582030661404 ], [ 8132928.850641352124512, 3991192.367394335567951 ], [ 8132930.044873436912894, 3991191.173018945846707 ], [ 8132931.239105522632599, 3991191.173018945846707 ], [ 8132931.537663543596864, 3991191.471612793393433 ], [ 8132932.134779586456716, 3991191.471612793393433 ], [ 8132932.433337607420981, 3991191.77020664094016 ], [ 8132932.731895628385246, 3991191.77020664094016 ], [ 8132933.030453650280833, 3991192.068800488486886 ], [ 8132935.418917819857597, 3991192.068800488486886 ], [ 8132935.717475841753185, 3991192.367394335567951 ], [ 8132936.314591883681715, 3991192.367394335567951 ], [ 8132936.613149905577302, 3991192.068800488486886 ], [ 8132939.598730118013918, 3991192.068800488486886 ], [ 8132940.494404181838036, 3991192.964582030661404 ], [ 8132940.494404181838036, 3991194.158957420382649 ], [ 8132940.195846160873771, 3991194.457551267929375 ], [ 8132940.195846160873771, 3991195.353332810103893 ], [ 8132939.897288139909506, 3991195.65192665765062 ], [ 8132939.897288139909506, 3991196.547708199825138 ], [ 8132939.598730118013918, 3991196.846302047371864 ], [ 8132939.598730118013918, 3991197.144895894918591 ], [ 8132939.300172097049654, 3991197.144895894918591 ], [ 8132938.703056054189801, 3991197.742083590012044 ], [ 8132938.404498033225536, 3991197.742083590012044 ], [ 8132938.105940011329949, 3991198.040677437093109 ], [ 8132937.210265947505832, 3991198.040677437093109 ] ] ] } },
{ "type": "Feature", "properties": { "confidence": 0.593, "class": 1, "regularized": "original" }, "geometry": { "type": "Polygon", "coordinates": [ [ [ 8132597.152679705061018, 3991340.469942670781165 ], [ 8132596.854121684096754, 3991340.1713488237001 ], [ 8132596.555563662201166, 3991340.1713488237001 ], [ 8132596.257005641236901, 3991339.872754976153374 ], [ 8132595.958447620272636, 3991339.872754976153374 ], [ 8132595.958447620272636, 3991339.574161128606647 ], [ 8132595.659889598377049, 3991339.275567281059921 ], [ 8132595.361331577412784, 3991339.275567281059921 ], [ 8132594.465657513588667, 3991338.379785738885403 ], [ 8132593.868541470728815, 3991338.379785738885403 ], [ 8132592.674309385940433, 3991337.185410349164158 ], [ 8132592.674309385940433, 3991336.886816501617432 ], [ 8132592.375751364044845, 3991336.588222654070705 ], [ 8132592.07719334308058, 3991336.588222654070705 ], [ 8132591.778635322116315, 3991336.289628806523979 ], [ 8132591.480077300220728, 3991336.289628806523979 ], [ 8132591.181519279256463, 3991335.991034958977252 ], [ 8132590.882961258292198, 3991335.991034958977252 ], [ 8132589.688729172572494, 3991334.796659569256008 ], [ 8132589.688729172572494, 3991333.90087802708149 ], [ 8132601.929608045145869, 3991333.90087802708149 ], [ 8132601.929608045145869, 3991334.199471874628216 ], [ 8132601.631050024181604, 3991334.498065722174942 ], [ 8132601.631050024181604, 3991335.095253416802734 ], [ 8132601.33249200321734, 3991335.393847264349461 ], [ 8132601.33249200321734, 3991335.692441111896187 ], [ 8132601.033933981321752, 3991335.991034958977252 ], [ 8132601.033933981321752, 3991336.289628806523979 ], [ 8132600.735375960357487, 3991336.588222654070705 ], [ 8132600.735375960357487, 3991336.886816501617432 ], [ 8132600.436817939393222, 3991336.886816501617432 ], [ 8132600.138259917497635, 3991337.185410349164158 ], [ 8132600.138259917497635, 3991337.484004196245223 ], [ 8132599.83970189653337, 3991337.78259804379195 ], [ 8132599.83970189653337, 3991338.081191891338676 ], [ 8132598.645469811744988, 3991339.275567281059921 ], [ 8132598.645469811744988, 3991339.574161128606647 ], [ 8132597.749795747920871, 3991340.469942670781165 ], [ 8132597.152679705061018, 3991340.469942670781165 ] ] ] } },
{ "type": "Feature", "properties": { "confidence": 0.593, "class": 1, "regularized": "rectangle" }, "geometry": { "type": "Polygon", "coordinates": [ [ [ 8132794.5, 3991040.25 ], [ 8132789.5, 3991036.75 ], [ 8132795.5, 3991028.25 ], [ 8132800.5, 3991031.75 ], [ 8132794.5, 3991040.25 ] ] ] } },
{ "type": "Feature", "properties": { "confidence": 0.588, "class": 1, "regularized": "rectangle" }, "geometry": { "type": "Polygon", "coordinates": [ [ [ 8132681.5, 3991329.5 ], [ 8132675.5, 3991323.5 ], [ 8132681.5, 3991318.0 ], [ 8132687.5, 3991324.0 ], [ 8132681.5, 3991329.5 ] ] ] } },
{ "type": "Feature", "properties": { "confidence": 0.585, "class": 1, "regularized": "original" }, "geometry": { "type": "Polygon", "coordinates": [ [ [ 8132796.887995944358408, 3991006.642021222040057 ], [ 8132796.589437923394144, 3991006.343427374493331 ], [ 8132796.290879901498556, 3991006.343427374493331 ], [ 8132795.693763859570026, 3991005.746239679399878 ], [ 8132795.395205837674439, 3991005.746239679399878 ], [ 8132795.096647816710174, 3991005.447645831853151 ], [ 8132794.798089794814587, 3991005.447645831853151 ], [ 8132794.499531773850322, 3991005.149051984772086 ], [ 8132793.902415730990469, 3991005.149051984772086 ], [ 8132793.603857710026205, 3991004.85045813722536 ], [ 8132792.708183646202087, 3991004.85045813722536 ], [ 8132792.111067603342235, 3991004.253270442131907 ], [ 8132792.111067603342235, 3991003.95467659458518 ], [ 8132790.021161454729736, 3991001.864519662689418 ], [ 8132790.021161454729736, 3991001.565925815142691 ], [ 8132789.722603433765471, 3991001.267331967595965 ], [ 8132790.021161454729736, 3991000.968738120514899 ], [ 8132790.021161454729736, 3990999.177175035700202 ], [ 8132796.589437923394144, 3990999.177175035700202 ], [ 8132796.589437923394144, 3990999.475768883246928 ], [ 8132797.186553965322673, 3991000.07295657787472 ], [ 8132797.186553965322673, 3991000.371550425421447 ], [ 8132797.783670008182526, 3991000.968738120514899 ], [ 8132798.082228029146791, 3991000.968738120514899 ], [ 8132798.082228029146791, 3991001.267331967595965 ], [ 8132798.679344072006643, 3991001.864519662689418 ], [ 8132798.679344072006643, 3991002.461707357782871 ], [ 8132798.977902092970908, 3991002.760301204863936 ], [ 8132798.977902092970908, 3991003.357488899957389 ], [ 8132798.679344072006643, 3991003.656082747504115 ], [ 8132798.679344072006643, 3991005.149051984772086 ], [ 8132798.977902092970908, 3991005.447645831853151 ], [ 8132798.977902092970908, 3991006.343427374493331 ], [ 8132798.679344072006643, 3991006.343427374493331 ], [ 8132798.380786051042378, 3991006.642021222040057 ], [ 8132796.887995944358408, 3991006.642021222040057 ] ] ] } },
{ "type": "Feature", "properties": { "confidence": 0.582, "class": 1, "regularized": "original" }, "geometry": { "type": "Polygon", "coordinates": [ [ [ 8132816.592825349420309, 3991456.025761634111404 ], [ 8132816.294267327524722, 3991455.727167786564678 ], [ 8132815.995709306560457, 3991455.727167786564678 ], [ 8132815.995709306560457, 3991455.428573939017951 ], [ 8132815.697151285596192, 3991455.129980091936886 ], [ 8132815.697151285596192, 3991454.83138624439016 ], [ 8132815.398593263700604, 3991454.532792396843433 ], [ 8132815.10003524273634, 3991454.532792396843433 ], [ 8132813.905803157016635, 3991453.338417007122189 ], [ 8132813.60724513605237, 3991453.338417007122189 ], [ 8132813.308687115088105, 3991453.039823159575462 ], [ 8132813.010129093192518, 3991453.039823159575462 ], [ 8132812.413013051263988, 3991452.442635464482009 ], [ 8132811.815897008404136, 3991452.442635464482009 ], [ 8132811.517338987439871, 3991452.144041617400944 ], [ 8132811.218780965544283, 3991452.144041617400944 ], [ 8132810.920222944580019, 3991451.845447769854218 ], [ 8132810.621664923615754, 3991451.845447769854218 ], [ 8132810.024548880755901, 3991451.248260074760765 ], [ 8132809.725990859791636, 3991451.248260074760765 ], [ 8132808.830316795967519, 3991450.352478532586247 ], [ 8132808.830316795967519, 3991448.859509295318276 ], [ 8132818.682731498032808, 3991448.859509295318276 ], [ 8132818.981289518997073, 3991449.158103142865002 ], [ 8132818.981289518997073, 3991451.546853922307491 ], [ 8132818.682731498032808, 3991451.845447769854218 ], [ 8132818.682731498032808, 3991455.727167786564678 ], [ 8132818.384173477068543, 3991456.025761634111404 ], [ 8132816.592825349420309, 3991456.025761634111404 ] ] ] } },
{ "type": "Feature", "properties": { "confidence": 0.573, "class": 1, "regularized": "rectangle" }, "geometry": { "type": "Polygon", "coordinates": [ [ [ 8132982.0, 3991456.5 ], [ 8132975.0, 3991456.5 ], [ 8132975.0, 3991448.0 ], [ 8132982.0, 3991448.0 ], [ 8132982.0, 3991456.5 ] ] ] } },
{ "type": "Feature", "properties": { "confidence": 0.568, "class": 1, "regularized": "rectangle" }, "geometry": { "type": "Polygon", "coordinates": [ [ [ 8132974.5, 3991495.5 ], [ 8132972.5, 3991486.0 ], [ 8132978.5, 3991484.5 ], [ 8132980.5, 3991494.0 ], [ 8132974.5, 3991495.5 ] ] ] } },
{ "type": "Feature", "properties": { "confidence": 0.567, "class": 1, "regularized": "original" }, "geometry": { "type": "Polygon", "coordinates": [ [ [ 8132739.564855857752264, 3991346.740413467399776 ], [ 8132739.266297836787999, 3991346.44181961985305 ], [ 8132738.669181793928146, 3991346.44181961985305 ], [ 8132738.370623772963881, 3991346.143225772306323 ], [ 8132736.877833666279912, 3991346.143225772306323 ], [ 8132736.28071762342006, 3991345.546038077678531 ], [ 8132736.28071762342006, 3991345.247444230131805 ], [ 8132735.982159602455795, 3991344.948850382585078 ], [ 8132735.982159602455795, 3991342.261505755595863 ], [ 8132735.385043559595942, 3991341.664318060968071 ], [ 8132735.385043559595942, 3991341.067130365874618 ], [ 8132735.086485538631678, 3991340.768536518327892 ], [ 8132735.086485538631678, 3991340.1713488237001 ], [ 8132735.385043559595942, 3991339.872754976153374 ], [ 8132735.385043559595942, 3991339.275567281059921 ], [ 8132735.982159602455795, 3991338.678379586432129 ], [ 8132735.982159602455795, 3991338.379785738885403 ], [ 8132736.28071762342006, 3991338.379785738885403 ], [ 8132736.877833666279912, 3991337.78259804379195 ], [ 8132737.474949709139764, 3991337.78259804379195 ], [ 8132738.669181793928146, 3991336.588222654070705 ], [ 8132738.967739814892411, 3991336.588222654070705 ], [ 8132739.266297836787999, 3991336.886816501617432 ], [ 8132739.564855857752264, 3991336.886816501617432 ], [ 8132740.759087942540646, 3991338.081191891338676 ], [ 8132741.057645964436233, 3991338.081191891338676 ], [ 8132741.057645964436233, 3991338.379785738885403 ], [ 8132741.356203985400498, 3991338.678379586432129 ], [ 8132741.95332002826035, 3991338.678379586432129 ], [ 8132742.251878049224615, 3991338.976973433513194 ], [ 8132742.251878049224615, 3991339.872754976153374 ], [ 8132741.654762006364763, 3991340.469942670781165 ], [ 8132741.654762006364763, 3991340.768536518327892 ], [ 8132741.356203985400498, 3991340.768536518327892 ], [ 8132741.057645964436233, 3991341.067130365874618 ], [ 8132741.057645964436233, 3991341.365724213421345 ], [ 8132740.460529921576381, 3991341.962911908049136 ], [ 8132740.460529921576381, 3991342.858693450689316 ], [ 8132740.759087942540646, 3991343.157287297770381 ], [ 8132740.759087942540646, 3991345.546038077678531 ], [ 8132740.460529921576381, 3991345.844631925225258 ], [ 8132740.460529921576381, 3991346.143225772306323 ], [ 8132740.161971900612116, 3991346.44181961985305 ], [ 8132740.161971900612116, 3991346.740413467399776 ], [ 8132739.564855857752264, 3991346.740413467399776 ] ] ] } },
{ "type": "Feature", "properties": { "confidence": 0.564, "class": 1, "regularized": "rectangle" }, "geometry": { "type": "Polygon", "coordinates": [ [ [ 8132606.5, 3991573.0 ], [ 8132599.5, 3991571.5 ], [ 8132601.5, 3991563.5 ], [ 8132608.5, 3991565.0 ], [ 8132606.5, 3991573.0 ] ] ] } },
{ "type": "Feature", "properties": { "confidence": 0.562, "class": 1, "regularized": "original" }, "geometry": { "type": "Polygon", "coordinates": [ [ [ 8132410.852474424056709, 3991601.142371494788677 ], [ 8132410.852474424056709, 3991600.84377764724195 ], [ 8132410.255358381196856, 3991600.246589952614158 ], [ 8132409.956800359301269, 3991600.246589952614158 ], [ 8132409.658242338337004, 3991599.947996105067432 ], [ 8132409.359684317372739, 3991599.947996105067432 ], [ 8132408.762568274512887, 3991599.350808409973979 ], [ 8132408.464010253548622, 3991599.350808409973979 ], [ 8132408.165452231653035, 3991599.052214562427253 ], [ 8132407.86689421068877, 3991599.052214562427253 ], [ 8132407.568336189724505, 3991598.753620715346187 ], [ 8132407.269778167828918, 3991598.753620715346187 ], [ 8132406.971220146864653, 3991598.455026867799461 ], [ 8132406.672662125900388, 3991598.455026867799461 ], [ 8132406.075546083040535, 3991597.857839172706008 ], [ 8132406.075546083040535, 3991597.559245325159281 ], [ 8132406.3741041040048, 3991597.260651478078216 ], [ 8132406.3741041040048, 3991596.96205763053149 ], [ 8132406.971220146864653, 3991596.364869935438037 ], [ 8132406.971220146864653, 3991596.066276088356972 ], [ 8132407.568336189724505, 3991595.469088393263519 ], [ 8132407.86689421068877, 3991595.469088393263519 ], [ 8132408.165452231653035, 3991595.170494545716792 ], [ 8132410.255358381196856, 3991595.170494545716792 ], [ 8132410.852474424056709, 3991595.767682240810245 ], [ 8132411.449590465985239, 3991595.767682240810245 ], [ 8132411.748148487880826, 3991596.066276088356972 ], [ 8132412.046706508845091, 3991596.066276088356972 ], [ 8132412.345264529809356, 3991596.364869935438037 ], [ 8132412.942380572669208, 3991596.364869935438037 ], [ 8132413.53949661552906, 3991596.96205763053149 ], [ 8132414.13661265745759, 3991596.96205763053149 ], [ 8132414.733728700317442, 3991597.559245325159281 ], [ 8132415.330844743177295, 3991597.559245325159281 ], [ 8132415.927960785105824, 3991598.156433020252734 ], [ 8132416.226518807001412, 3991598.156433020252734 ], [ 8132417.122192870825529, 3991599.052214562427253 ], [ 8132417.420750891789794, 3991599.052214562427253 ], [ 8132417.719308912754059, 3991599.350808409973979 ], [ 8132418.017866934649646, 3991599.350808409973979 ], [ 8132418.614982976578176, 3991599.947996105067432 ], [ 8132418.614982976578176, 3991600.246589952614158 ], [ 8132418.913540998473763, 3991600.545183799695224 ], [ 8132418.913540998473763, 3991601.142371494788677 ], [ 8132410.852474424056709, 3991601.142371494788677 ] ] ] } },
{ "type": "Feature", "properties": { "confidence": 0.558, "class": 1, "regularized": "rectangle" }, "geometry": { "type": "Polygon", "coordinates": [ [ [ 8132729.0, 3991105.0 ], [ 8132720.0, 3991099.5 ], [ 8132723.0, 3991094.5 ], [ 8132732.0, 3991100.0 ], [ 8132729.0, 3991105.0 ] ] ] } },
{ "type": "Feature", "properties": { "confidence": 0.547, "class": 1, "regularized": "rectangle" }, "geometry": { "type": "Polygon", "coordinates": [ [ [ 8132328.0, 3991240.75 ], [ 8132320.0, 3991240.75 ], [ 8132320.0, 3991232.75 ], [ 8132328.0, 3991232.75 ], [ 8132328.0, 3991240.75 ] ] ] } },
{ "type": "Feature", "properties": { "confidence": 0.543, "class": 1, "regularized": "rectangle" }, "geometry": { "type": "Polygon", "coordinates": [ [ [ 8132749.0, 3991064.5 ], [ 8132743.0, 3991064.5 ], [ 8132743.0, 3991056.5 ], [ 8132749.0, 3991056.5 ], [ 8132749.0, 3991064.5 ] ] ] } },
{ "type": "Feature", "properties": { "confidence": 0.536, "class": 1, "regularized": "rectangle" }, "geometry": { "type": "Polygon", "coordinates": [ [ [ 8132514.5, 3991492.5 ], [ 8132508.5, 3991489.0 ], [ 8132512.5, 3991482.5 ], [ 8132518.5, 3991486.0 ], [ 8132514.5, 3991492.5 ] ] ] } },
{ "type": "Feature", "properties": { "confidence": 0.533, "class": 1, "regularized": "rectangle" }, "geometry": { "type": "Polygon", "coordinates": [ [ [ 8132443.5, 3991279.75 ], [ 8132437.5, 3991279.25 ], [ 8132438.5, 3991269.75 ], [ 8132444.5, 3991270.25 ], [ 8132443.5, 3991279.75 ] ] ] } },
{ "type": "Feature", "properties": { "confidence": 0.532, "class": 1, "regularized": "rectangle" }, "geometry": { "type": "Polygon", "coordinates": [ [ [ 8132595.5, 3991360.5 ], [ 8132589.5, 3991356.0 ], [ 8132594.5, 3991349.5 ], [ 8132600.5, 3991354.0 ], [ 8132595.5, 3991360.5 ] ] ] } },
{ "type": "Feature", "properties": { "confidence": 0.531, "class": 1, "regularized": "rectangle" }, "geometry": { "type": "Polygon", "coordinates": [ [ [ 8132817.0, 3991510.0 ], [ 8132809.0, 3991505.0 ], [ 8132812.0, 3991500.0 ], [ 8132820.0, 3991505.0 ], [ 8132817.0, 3991510.0 ] ] ] } },
{ "type": "Feature", "properties": { "confidence": 0.516, "class": 1, "regularized": "rectangle" }, "geometry": { "type": "Polygon", "coordinates": [ [ [ 8132752.5, 3991074.5 ], [ 8132747.5, 3991072.0 ], [ 8132752.5, 3991063.0 ], [ 8132757.5, 3991065.5 ], [ 8132752.5, 3991074.5 ] ] ] } },
{ "type": "Feature", "properties": { "confidence": 0.515, "class": 1, "regularized": "original" }, "geometry": { "type": "Polygon", "coordinates": [ [ [ 8132777.78028258215636, 3991147.876911065541208 ], [ 8132777.481724561192095, 3991147.578317218460143 ], [ 8132777.183166539296508, 3991147.578317218460143 ], [ 8132776.884608518332243, 3991147.279723370913416 ], [ 8132776.586050497367978, 3991147.279723370913416 ], [ 8132775.690376432612538, 3991146.383941828273237 ], [ 8132775.391818411648273, 3991146.383941828273237 ], [ 8132774.794702368788421, 3991145.786754133645445 ], [ 8132774.496144347824156, 3991145.786754133645445 ], [ 8132773.301912263035774, 3991144.592378743924201 ], [ 8132773.003354241140187, 3991144.592378743924201 ], [ 8132772.406238199211657, 3991143.995191048830748 ], [ 8132772.10768017731607, 3991143.995191048830748 ], [ 8132772.10768017731607, 3991143.696597201284021 ], [ 8132771.809122156351805, 3991143.398003353737295 ], [ 8132771.809122156351805, 3991142.800815659109503 ], [ 8132771.212006113491952, 3991142.20362796401605 ], [ 8132771.212006113491952, 3991141.905034116469324 ], [ 8132770.913448092527688, 3991141.606440269388258 ], [ 8132770.913448092527688, 3991140.412064879667014 ], [ 8132771.212006113491952, 3991140.113471032120287 ], [ 8132771.51056413538754, 3991140.113471032120287 ], [ 8132771.809122156351805, 3991139.814877184573561 ], [ 8132773.003354241140187, 3991139.814877184573561 ], [ 8132773.301912263035774, 3991140.113471032120287 ], [ 8132773.600470284000039, 3991140.113471032120287 ], [ 8132774.496144347824156, 3991141.009252574294806 ], [ 8132774.794702368788421, 3991141.009252574294806 ], [ 8132775.391818411648273, 3991141.606440269388258 ], [ 8132775.690376432612538, 3991141.606440269388258 ], [ 8132775.988934454508126, 3991141.905034116469324 ], [ 8132776.586050497367978, 3991141.905034116469324 ], [ 8132776.884608518332243, 3991142.20362796401605 ], [ 8132777.78028258215636, 3991142.20362796401605 ], [ 8132778.377398625016212, 3991142.800815659109503 ], [ 8132778.675956645980477, 3991142.800815659109503 ], [ 8132779.27307268884033, 3991143.398003353737295 ], [ 8132779.870188730768859, 3991143.398003353737295 ], [ 8132779.870188730768859, 3991143.696597201284021 ], [ 8132780.168746752664447, 3991143.995191048830748 ], [ 8132780.168746752664447, 3991144.293784896377474 ], [ 8132780.467304773628712, 3991144.592378743924201 ], [ 8132780.467304773628712, 3991146.682535675819963 ], [ 8132779.571630709804595, 3991147.578317218460143 ], [ 8132779.27307268884033, 3991147.578317218460143 ], [ 8132778.974514666944742, 3991147.876911065541208 ], [ 8132777.78028258215636, 3991147.876911065541208 ] ] ] } },
{ "type": "Feature", "properties": { "confidence": 0.509, "class": 1, "regularized": "rectangle" }, "geometry": { "type": "Polygon", "coordinates": [ [ [ 8132773.0, 3991353.75 ], [ 8132767.0, 3991352.75 ], [ 8132768.0, 3991344.25 ], [ 8132774.0, 3991345.25 ], [ 8132773.0, 3991353.75 ] ] ] } },
{ "type": "Feature", "properties": { "confidence": 0.503, "class": 1, "regularized": "rectangle" }, "geometry": { "type": "Polygon", "coordinates": [ [ [ 8132390.5, 3991599.5 ], [ 8132383.5, 3991594.0 ], [ 8132387.5, 3991589.0 ], [ 8132394.5, 3991594.5 ], [ 8132390.5, 3991599.5 ] ] ] } },
{ "type": "Feature", "properties": { "confidence": 0.503, "class": 1, "regularized": "rectangle" }, "geometry": { "type": "Polygon", "coordinates": [ [ [ 8132897.0, 3991268.5 ], [ 8132889.0, 3991263.0 ], [ 8132892.0, 3991258.5 ], [ 8132900.0, 3991264.0 ], [ 8132897.0, 3991268.5 ] ] ] } },
{ "type": "Feature", "properties": { "confidence": 0.5, "class": 1, "regularized": "rectangle" }, "geometry": { "type": "Polygon", "coordinates": [ [ [ 8132873.5, 3991091.0 ], [ 8132865.5, 3991090.5 ], [ 8132866.5, 3991083.5 ], [ 8132874.5, 3991084.0 ], [ 8132873.5, 3991091.0 ] ] ] } },
{ "type": "Feature", "properties": { "confidence": 0.5, "class": 1, "regularized": "original" }, "geometry": { "type": "Polygon", "coordinates": [ [ [ 8132473.549658893607557, 3991592.18455607118085 ], [ 8132473.251100871711969, 3991591.885962223634124 ], [ 8132472.65398482978344, 3991591.885962223634124 ], [ 8132472.355426807887852, 3991591.587368376553059 ], [ 8132472.355426807887852, 3991591.288774529006332 ], [ 8132471.16119472309947, 3991590.094399139285088 ], [ 8132470.265520659275353, 3991590.094399139285088 ], [ 8132469.966962638311088, 3991589.795805291738361 ], [ 8132469.668404616415501, 3991589.795805291738361 ], [ 8132469.369846595451236, 3991589.497211444191635 ], [ 8132469.071288574486971, 3991589.497211444191635 ], [ 8132468.772730552591383, 3991589.198617596644908 ], [ 8132468.474172531627119, 3991589.198617596644908 ], [ 8132468.474172531627119, 3991588.900023749563843 ], [ 8132467.578498467803001, 3991588.004242206923664 ], [ 8132467.578498467803001, 3991587.108460664749146 ], [ 8132467.877056488767266, 3991586.809866817202419 ], [ 8132467.877056488767266, 3991586.511272969655693 ], [ 8132468.175614510662854, 3991586.511272969655693 ], [ 8132469.071288574486971, 3991585.615491427481174 ], [ 8132469.668404616415501, 3991585.615491427481174 ], [ 8132469.966962638311088, 3991585.316897579934448 ], [ 8132470.265520659275353, 3991585.316897579934448 ], [ 8132470.564078680239618, 3991585.018303732387722 ], [ 8132470.862636702135205, 3991585.316897579934448 ], [ 8132471.459752744063735, 3991585.316897579934448 ], [ 8132471.758310765959322, 3991585.615491427481174 ], [ 8132472.952542850747705, 3991585.615491427481174 ], [ 8132473.251100871711969, 3991585.914085275027901 ], [ 8132473.549658893607557, 3991585.914085275027901 ], [ 8132473.549658893607557, 3991586.511272969655693 ], [ 8132473.848216914571822, 3991586.809866817202419 ], [ 8132476.833797127008438, 3991586.809866817202419 ], [ 8132476.833797127008438, 3991588.900023749563843 ], [ 8132476.535239106044173, 3991589.198617596644908 ], [ 8132476.535239106044173, 3991589.497211444191635 ], [ 8132475.938123063184321, 3991590.094399139285088 ], [ 8132475.938123063184321, 3991590.392992986366153 ], [ 8132475.341007021255791, 3991590.990180681459606 ], [ 8132475.341007021255791, 3991591.587368376553059 ], [ 8132474.743890978395939, 3991592.18455607118085 ], [ 8132473.549658893607557, 3991592.18455607118085 ] ] ] } },
{ "type": "Feature", "properties": { "confidence": 0.497, "class": 1, "regularized": "original" }, "geometry": { "type": "Polygon", "coordinates": [ [ [ 8132880.484241903759539, 3991270.598982367664576 ], [ 8132880.185683882795274, 3991270.300388520117849 ], [ 8132880.185683882795274, 3991269.106013130396605 ], [ 8132879.887125860899687, 3991268.807419282849878 ], [ 8132879.887125860899687, 3991267.91163774067536 ], [ 8132880.185683882795274, 3991267.613043893128633 ], [ 8132880.185683882795274, 3991266.418668503407389 ], [ 8132880.484241903759539, 3991266.120074655860662 ], [ 8132880.484241903759539, 3991265.52288696076721 ], [ 8132880.782799924723804, 3991265.224293113686144 ], [ 8132880.782799924723804, 3991264.925699266139418 ], [ 8132881.678473988547921, 3991264.0299177239649 ], [ 8132881.977032010443509, 3991264.0299177239649 ], [ 8132882.275590031407773, 3991263.731323876418173 ], [ 8132883.171264095231891, 3991263.731323876418173 ], [ 8132883.768380138091743, 3991263.13413618132472 ], [ 8132884.365496180951595, 3991263.13413618132472 ], [ 8132884.962612222880125, 3991263.731323876418173 ], [ 8132885.261170244775712, 3991263.731323876418173 ], [ 8132885.261170244775712, 3991264.0299177239649 ], [ 8132885.858286286704242, 3991264.627105418592691 ], [ 8132886.15684430859983, 3991264.627105418592691 ], [ 8132886.15684430859983, 3991264.925699266139418 ], [ 8132886.455402329564095, 3991265.224293113686144 ], [ 8132886.753960350528359, 3991265.224293113686144 ], [ 8132887.052518372423947, 3991265.52288696076721 ], [ 8132887.351076393388212, 3991265.52288696076721 ], [ 8132888.246750457212329, 3991266.418668503407389 ], [ 8132888.246750457212329, 3991266.717262350954115 ], [ 8132887.649634414352477, 3991267.314450045581907 ], [ 8132887.351076393388212, 3991267.314450045581907 ], [ 8132885.858286286704242, 3991268.807419282849878 ], [ 8132885.858286286704242, 3991269.106013130396605 ], [ 8132885.559728265739977, 3991269.106013130396605 ], [ 8132884.962612222880125, 3991269.703200825490057 ], [ 8132884.66405420191586, 3991269.703200825490057 ], [ 8132884.066938159056008, 3991270.300388520117849 ], [ 8132883.469822117127478, 3991270.300388520117849 ], [ 8132883.171264095231891, 3991270.598982367664576 ], [ 8132880.484241903759539, 3991270.598982367664576 ] ] ] } },
{ "type": "Feature", "properties": { "confidence": 0.494, "class": 1, "regularized": "rectangle" }, "geometry": { "type": "Polygon", "coordinates": [ [ [ 8132316.0, 3991119.5 ], [ 8132311.0, 3991116.5 ], [ 8132315.0, 3991108.5 ], [ 8132320.0, 3991111.5 ], [ 8132316.0, 3991119.5 ] ] ] } },
{ "type": "Feature", "properties": { "confidence": 0.491, "class": 1, "regularized": "rectangle" }, "geometry": { "type": "Polygon", "coordinates": [ [ [ 8132768.5, 3991499.5 ], [ 8132763.5, 3991497.5 ], [ 8132767.5, 3991488.0 ], [ 8132772.5, 3991490.0 ], [ 8132768.5, 3991499.5 ] ] ] } },
{ "type": "Feature", "properties": { "confidence": 0.488, "class": 1, "regularized": "rectangle" }, "geometry": { "type": "Polygon", "coordinates": [ [ [ 8132612.0, 3991037.25 ], [ 8132605.0, 3991032.25 ], [ 8132609.0, 3991027.25 ], [ 8132616.0, 3991032.25 ], [ 8132612.0, 3991037.25 ] ] ] } },
{ "type": "Feature", "properties": { "confidence": 0.487, "class": 1, "regularized": "original" }, "geometry": { "type": "Polygon", "coordinates": [ [ [ 8132852.718345924280584, 3991090.248298507649451 ], [ 8132852.419787903316319, 3991089.949704660568386 ], [ 8132852.121229881420732, 3991089.949704660568386 ], [ 8132851.524113839492202, 3991089.352516965474933 ], [ 8132851.524113839492202, 3991088.75532927038148 ], [ 8132851.822671860456467, 3991088.456735423300415 ], [ 8132851.822671860456467, 3991087.262360033579171 ], [ 8132851.524113839492202, 3991086.963766186032444 ], [ 8132851.524113839492202, 3991086.665172338485718 ], [ 8132851.225555817596614, 3991086.366578490938991 ], [ 8132851.225555817596614, 3991086.067984643392265 ], [ 8132850.926997796632349, 3991085.7693907963112 ], [ 8132850.926997796632349, 3991083.380640016403049 ], [ 8132851.822671860456467, 3991082.484858474228531 ], [ 8132852.718345924280584, 3991082.484858474228531 ], [ 8132853.614019988104701, 3991083.380640016403049 ], [ 8132853.912578010000288, 3991083.380640016403049 ], [ 8132854.211136030964553, 3991083.679233863949776 ], [ 8132854.808252073824406, 3991083.679233863949776 ], [ 8132855.106810094788671, 3991083.977827711496502 ], [ 8132855.405368115752935, 3991083.977827711496502 ], [ 8132855.703926137648523, 3991084.276421559043229 ], [ 8132856.301042179577053, 3991084.276421559043229 ], [ 8132857.19671624340117, 3991085.172203101217747 ], [ 8132857.495274265296757, 3991085.172203101217747 ], [ 8132858.092390307225287, 3991085.7693907963112 ], [ 8132858.092390307225287, 3991086.067984643392265 ], [ 8132858.390948329120874, 3991086.366578490938991 ], [ 8132858.390948329120874, 3991087.262360033579171 ], [ 8132858.092390307225287, 3991087.560953880660236 ], [ 8132858.092390307225287, 3991087.859547728206962 ], [ 8132857.793832286261022, 3991088.158141575753689 ], [ 8132857.793832286261022, 3991088.456735423300415 ], [ 8132857.495274265296757, 3991088.456735423300415 ], [ 8132856.301042179577053, 3991089.65111081302166 ], [ 8132855.405368115752935, 3991089.65111081302166 ], [ 8132855.106810094788671, 3991089.949704660568386 ], [ 8132854.509694051928818, 3991089.949704660568386 ], [ 8132854.211136030964553, 3991090.248298507649451 ], [ 8132852.718345924280584, 3991090.248298507649451 ] ] ] } },
{ "type": "Feature", "properties": { "confidence": 0.487, "class": 1, "regularized": "rectangle" }, "geometry": { "type": "Polygon", "coordinates": [ [ [ 8132550.5, 3991251.5 ], [ 8132544.5, 3991251.5 ], [ 8132544.5, 3991242.5 ], [ 8132550.5, 3991242.5 ], [ 8132550.5, 3991251.5 ] ] ] } },
{ "type": "Feature", "properties": { "confidence": 0.481, "class": 1, "regularized": "rectangle" }, "geometry": { "type": "Polygon", "coordinates": [ [ [ 8132429.5, 3991439.5 ], [ 8132422.5, 3991437.0 ], [ 8132424.5, 3991430.5 ], [ 8132431.5, 3991433.0 ], [ 8132429.5, 3991439.5 ] ] ] } },
{ "type": "Feature", "properties": { "confidence": 0.48, "class": 1, "regularized": "original" }, "geometry": { "type": "Polygon", "coordinates": [ [ [ 8132977.51559882145375, 3991274.182108536828309 ], [ 8132977.217040799558163, 3991273.883514689747244 ], [ 8132976.918482778593898, 3991273.883514689747244 ], [ 8132976.321366735734046, 3991273.286326994653791 ], [ 8132976.022808714769781, 3991273.286326994653791 ], [ 8132975.724250693805516, 3991272.987733147107065 ], [ 8132975.425692671909928, 3991272.987733147107065 ], [ 8132974.828576629981399, 3991272.390545452479273 ], [ 8132974.530018608085811, 3991272.390545452479273 ], [ 8132974.530018608085811, 3991272.091951604932547 ], [ 8132974.231460587121546, 3991271.79335775738582 ], [ 8132974.231460587121546, 3991270.897576215211302 ], [ 8132974.530018608085811, 3991270.598982367664576 ], [ 8132974.530018608085811, 3991270.300388520117849 ], [ 8132974.828576629981399, 3991270.001794672571123 ], [ 8132974.828576629981399, 3991269.703200825490057 ], [ 8132975.127134650945663, 3991269.404606977943331 ], [ 8132975.127134650945663, 3991269.106013130396605 ], [ 8132975.724250693805516, 3991268.508825435303152 ], [ 8132975.724250693805516, 3991268.210231588222086 ], [ 8132978.411272885277867, 3991265.52288696076721 ], [ 8132978.411272885277867, 3991265.224293113686144 ], [ 8132978.709830906242132, 3991264.925699266139418 ], [ 8132980.501179033890367, 3991264.925699266139418 ], [ 8132980.799737055785954, 3991265.224293113686144 ], [ 8132980.799737055785954, 3991268.210231588222086 ], [ 8132980.501179033890367, 3991268.508825435303152 ], [ 8132980.501179033890367, 3991269.106013130396605 ], [ 8132980.202621012926102, 3991269.404606977943331 ], [ 8132980.202621012926102, 3991269.703200825490057 ], [ 8132979.904062991961837, 3991270.001794672571123 ], [ 8132979.904062991961837, 3991270.598982367664576 ], [ 8132979.605504970066249, 3991270.897576215211302 ], [ 8132979.605504970066249, 3991273.286326994653791 ], [ 8132979.306946949101985, 3991273.584920842200518 ], [ 8132979.306946949101985, 3991274.182108536828309 ], [ 8132977.51559882145375, 3991274.182108536828309 ] ] ] } },
{ "type": "Feature", "properties": { "confidence": 0.476, "class": 1, "regularized": "rectangle" }, "geometry": { "type": "Polygon", "coordinates": [ [ [ 8132825.5, 3991039.25 ], [ 8132819.5, 3991035.75 ], [ 8132823.5, 3991029.75 ], [ 8132829.5, 3991033.25 ], [ 8132825.5, 3991039.25 ] ] ] } },
{ "type": "Feature", "properties": { "confidence": 0.475, "class": 1, "regularized": "rectangle" }, "geometry": { "type": "Polygon", "coordinates": [ [ [ 8132381.5, 3991235.25 ], [ 8132374.5, 3991231.75 ], [ 8132377.5, 3991226.25 ], [ 8132384.5, 3991229.75 ], [ 8132381.5, 3991235.25 ] ] ] } },
{ "type": "Feature", "properties": { "confidence": 0.471, "class": 1, "regularized": "rectangle" }, "geometry": { "type": "Polygon", "coordinates": [ [ [ 8132909.5, 3991329.5 ], [ 8132904.5, 3991327.0 ], [ 8132908.5, 3991319.5 ], [ 8132913.5, 3991322.0 ], [ 8132909.5, 3991329.5 ] ] ] } },
{ "type": "Feature", "properties": { "confidence": 0.467, "class": 1, "regularized": "original" }, "geometry": { "type": "Polygon", "coordinates": [ [ [ 8132799.57501813583076, 3991151.758631082717329 ], [ 8132799.276460114866495, 3991151.460037235170603 ], [ 8132797.783670008182526, 3991151.460037235170603 ], [ 8132797.485111987218261, 3991151.161443387623876 ], [ 8132797.186553965322673, 3991151.161443387623876 ], [ 8132795.992321880534291, 3991149.967067997902632 ], [ 8132795.693763859570026, 3991149.967067997902632 ], [ 8132795.395205837674439, 3991149.668474150355905 ], [ 8132795.096647816710174, 3991149.668474150355905 ], [ 8132794.798089794814587, 3991149.369880302809179 ], [ 8132794.499531773850322, 3991149.369880302809179 ], [ 8132794.200973752886057, 3991149.071286455728114 ], [ 8132793.902415730990469, 3991149.071286455728114 ], [ 8132793.603857710026205, 3991148.772692608181387 ], [ 8132793.603857710026205, 3991147.578317218460143 ], [ 8132793.902415730990469, 3991147.279723370913416 ], [ 8132793.902415730990469, 3991146.98112952336669 ], [ 8132794.200973752886057, 3991146.98112952336669 ], [ 8132795.395205837674439, 3991145.786754133645445 ], [ 8132795.693763859570026, 3991145.786754133645445 ], [ 8132795.992321880534291, 3991145.488160286098719 ], [ 8132796.290879901498556, 3991145.488160286098719 ], [ 8132796.589437923394144, 3991145.786754133645445 ], [ 8132797.186553965322673, 3991145.786754133645445 ], [ 8132798.380786051042378, 3991146.98112952336669 ], [ 8132798.977902092970908, 3991146.98112952336669 ], [ 8132799.276460114866495, 3991147.279723370913416 ], [ 8132800.769250220619142, 3991147.279723370913416 ], [ 8132801.067808242514729, 3991146.98112952336669 ], [ 8132801.366366263478994, 3991146.98112952336669 ], [ 8132801.664924284443259, 3991147.279723370913416 ], [ 8132801.963482306338847, 3991147.279723370913416 ], [ 8132802.262040327303112, 3991147.578317218460143 ], [ 8132802.560598348267376, 3991147.578317218460143 ], [ 8132802.859156370162964, 3991147.876911065541208 ], [ 8132803.157714391127229, 3991147.876911065541208 ], [ 8132803.456272412091494, 3991148.175504913087934 ], [ 8132803.456272412091494, 3991149.071286455728114 ], [ 8132803.157714391127229, 3991149.369880302809179 ], [ 8132803.157714391127229, 3991149.967067997902632 ], [ 8132802.859156370162964, 3991150.265661845449358 ], [ 8132802.859156370162964, 3991150.564255692530423 ], [ 8132801.963482306338847, 3991150.564255692530423 ], [ 8132801.664924284443259, 3991150.86284954007715 ], [ 8132801.664924284443259, 3991151.161443387623876 ], [ 8132801.366366263478994, 3991151.460037235170603 ], [ 8132800.470692199654877, 3991151.460037235170603 ], [ 8132800.172134178690612, 3991151.758631082717329 ], [ 8132799.57501813583076, 3991151.758631082717329 ] ] ] } },
{ "type": "Feature", "properties": { "confidence": 0.463, "class": 1, "regularized": "rectangle" }, "geometry": { "type": "Polygon", "coordinates": [ [ [ 8132848.0, 3991574.0 ], [ 8132843.0, 3991569.5 ], [ 8132848.0, 3991564.0 ], [ 8132853.0, 3991568.5 ], [ 8132848.0, 3991574.0 ] ] ] } },
{ "type": "Feature", "properties": { "confidence": 0.463, "class": 1, "regularized": "rectangle" }, "geometry": { "type": "Polygon", "coordinates": [ [ [ 8132834.0, 3991456.0 ], [ 8132828.0, 3991456.0 ], [ 8132828.0, 3991448.5 ], [ 8132834.0, 3991448.5 ], [ 8132834.0, 3991456.0 ] ] ] } },
{ "type": "Feature", "properties": { "confidence": 0.463, "class": 1, "regularized": "rectangle" }, "geometry": { "type": "Polygon", "coordinates": [ [ [ 8132832.5, 3991069.5 ], [ 8132824.5, 3991067.0 ], [ 8132826.5, 3991061.0 ], [ 8132834.5, 3991063.5 ], [ 8132832.5, 3991069.5 ] ] ] } },
{ "type": "Feature", "properties": { "confidence": 0.463, "class": 1, "regularized": "original" }, "geometry": { "type": "Polygon", "coordinates": [ [ [ 8132501.315554873086512, 3991224.914123707916588 ], [ 8132500.71843883022666, 3991224.316936012823135 ], [ 8132500.419880809262395, 3991224.316936012823135 ], [ 8132499.822764766402543, 3991223.719748318195343 ], [ 8132499.524206745438278, 3991223.719748318195343 ], [ 8132499.22564872354269, 3991223.421154470648617 ], [ 8132498.927090702578425, 3991223.421154470648617 ], [ 8132498.329974659718573, 3991222.823966775555164 ], [ 8132498.031416638754308, 3991222.823966775555164 ], [ 8132496.538626532070339, 3991221.330997538287193 ], [ 8132496.240068511106074, 3991221.330997538287193 ], [ 8132495.344394447281957, 3991220.435215996112674 ], [ 8132495.045836425386369, 3991220.435215996112674 ], [ 8132494.448720383457839, 3991219.838028301019222 ], [ 8132494.150162361562252, 3991219.838028301019222 ], [ 8132494.150162361562252, 3991219.24084060639143 ], [ 8132505.793925192207098, 3991219.24084060639143 ], [ 8132505.495367170311511, 3991219.539434453472495 ], [ 8132505.495367170311511, 3991219.838028301019222 ], [ 8132504.898251128382981, 3991220.435215996112674 ], [ 8132504.898251128382981, 3991220.733809843659401 ], [ 8132504.599693106487393, 3991221.032403690740466 ], [ 8132504.599693106487393, 3991221.330997538287193 ], [ 8132503.405461021699011, 3991222.525372928008437 ], [ 8132503.405461021699011, 3991222.823966775555164 ], [ 8132503.106903000734746, 3991223.12256062310189 ], [ 8132503.106903000734746, 3991223.421154470648617 ], [ 8132502.808344978839159, 3991223.719748318195343 ], [ 8132502.808344978839159, 3991224.316936012823135 ], [ 8132502.509786957874894, 3991224.615529860369861 ], [ 8132502.509786957874894, 3991224.914123707916588 ], [ 8132501.315554873086512, 3991224.914123707916588 ] ] ] } },
{ "type": "Feature", "properties": { "confidence": 0.461, "class": 1, "regularized": "rectangle" }, "geometry": { "type": "Polygon", "coordinates": [ [ [ 8132390.5, 3991141.75 ], [ 8132385.5, 3991138.75 ], [ 8132389.5, 3991132.75 ], [ 8132394.5, 3991135.75 ], [ 8132390.5, 3991141.75 ] ] ] } },
{ "type": "Feature", "properties": { "confidence": 0.46, "class": 1, "regularized": "original" }, "geometry": { "type": "Polygon", "coordinates": [ [ [ 8132978.411272885277867, 3991158.029101878870279 ], [ 8132978.112714864313602, 3991157.730508031323552 ], [ 8132976.918482778593898, 3991157.730508031323552 ], [ 8132976.619924757629633, 3991157.431914184242487 ], [ 8132976.321366735734046, 3991157.431914184242487 ], [ 8132975.724250693805516, 3991156.834726489149034 ], [ 8132975.127134650945663, 3991156.834726489149034 ], [ 8132974.530018608085811, 3991156.237538794521242 ], [ 8132974.530018608085811, 3991153.848788014613092 ], [ 8132974.828576629981399, 3991153.550194167066365 ], [ 8132974.828576629981399, 3991153.2516003199853 ], [ 8132975.127134650945663, 3991152.953006472438574 ], [ 8132975.127134650945663, 3991152.654412624891847 ], [ 8132975.425692671909928, 3991152.355818777345121 ], [ 8132976.022808714769781, 3991152.355818777345121 ], [ 8132976.321366735734046, 3991152.057224929798394 ], [ 8132976.619924757629633, 3991152.057224929798394 ], [ 8132976.918482778593898, 3991151.758631082717329 ], [ 8132977.217040799558163, 3991151.758631082717329 ], [ 8132977.51559882145375, 3991151.460037235170603 ], [ 8132977.51559882145375, 3991149.967067997902632 ], [ 8132978.112714864313602, 3991149.967067997902632 ], [ 8132979.00838892813772, 3991150.86284954007715 ], [ 8132979.00838892813772, 3991151.161443387623876 ], [ 8132979.605504970066249, 3991151.758631082717329 ], [ 8132979.605504970066249, 3991152.057224929798394 ], [ 8132979.904062991961837, 3991152.355818777345121 ], [ 8132979.904062991961837, 3991152.654412624891847 ], [ 8132981.098295076750219, 3991153.848788014613092 ], [ 8132981.396853097714484, 3991153.848788014613092 ], [ 8132981.396853097714484, 3991154.445975709706545 ], [ 8132981.695411119610071, 3991154.744569557253271 ], [ 8132981.695411119610071, 3991155.938944946974516 ], [ 8132981.396853097714484, 3991156.237538794521242 ], [ 8132981.396853097714484, 3991156.834726489149034 ], [ 8132980.799737055785954, 3991157.431914184242487 ], [ 8132980.501179033890367, 3991157.431914184242487 ], [ 8132980.202621012926102, 3991157.730508031323552 ], [ 8132979.306946949101985, 3991157.730508031323552 ], [ 8132979.00838892813772, 3991158.029101878870279 ], [ 8132978.411272885277867, 3991158.029101878870279 ] ] ] } },
{ "type": "Feature", "properties": { "confidence": 0.459, "class": 1, "regularized": "rectangle" }, "geometry": { "type": "Polygon", "coordinates": [ [ [ 8132767.5, 3991092.5 ], [ 8132758.5, 3991087.0 ], [ 8132760.5, 3991083.0 ], [ 8132769.5, 3991088.5 ], [ 8132767.5, 3991092.5 ] ] ] } },
{ "type": "Feature", "properties": { "confidence": 0.458, "class": 1, "regularized": "original" }, "geometry": { "type": "Polygon", "coordinates": [ [ [ 8132567.296877576969564, 3991546.201103563886136 ], [ 8132567.296877576969564, 3991542.020789699628949 ], [ 8132567.595435597933829, 3991541.722195852082223 ], [ 8132567.595435597933829, 3991540.527820462360978 ], [ 8132567.893993618898094, 3991540.229226614814252 ], [ 8132567.893993618898094, 3991539.63203892018646 ], [ 8132568.192551640793681, 3991539.333445072639734 ], [ 8132568.192551640793681, 3991536.944694293197244 ], [ 8132568.491109661757946, 3991536.646100445650518 ], [ 8132568.491109661757946, 3991536.347506598103791 ], [ 8132568.789667682722211, 3991536.048912750557065 ], [ 8132568.789667682722211, 3991535.451725055929273 ], [ 8132569.386783725582063, 3991534.85453736083582 ], [ 8132569.386783725582063, 3991534.555943513289094 ], [ 8132569.983899768441916, 3991533.958755818661302 ], [ 8132569.983899768441916, 3991533.660161971114576 ], [ 8132571.178131853230298, 3991533.660161971114576 ], [ 8132572.073805917054415, 3991534.555943513289094 ], [ 8132572.073805917054415, 3991534.85453736083582 ], [ 8132572.670921959914267, 3991535.451725055929273 ], [ 8132572.670921959914267, 3991536.048912750557065 ], [ 8132572.969479980878532, 3991536.347506598103791 ], [ 8132572.969479980878532, 3991537.840475835371763 ], [ 8132572.670921959914267, 3991538.139069682918489 ], [ 8132572.670921959914267, 3991538.437663530465215 ], [ 8132571.476689874194562, 3991539.63203892018646 ], [ 8132571.476689874194562, 3991540.229226614814252 ], [ 8132570.581015810370445, 3991541.125008157454431 ], [ 8132570.581015810370445, 3991541.423602005001158 ], [ 8132569.983899768441916, 3991542.020789699628949 ], [ 8132569.983899768441916, 3991542.319383547175676 ], [ 8132569.685341746546328, 3991542.617977394722402 ], [ 8132569.685341746546328, 3991542.916571242269129 ], [ 8132569.386783725582063, 3991543.215165089350194 ], [ 8132569.386783725582063, 3991543.51375893689692 ], [ 8132569.088225704617798, 3991543.812352784443647 ], [ 8132569.088225704617798, 3991544.110946631990373 ], [ 8132568.491109661757946, 3991544.708134326618165 ], [ 8132568.491109661757946, 3991545.006728174164891 ], [ 8132567.893993618898094, 3991545.603915869258344 ], [ 8132567.893993618898094, 3991545.902509716339409 ], [ 8132567.595435597933829, 3991545.902509716339409 ], [ 8132567.296877576969564, 3991546.201103563886136 ] ] ] } },
{ "type": "Feature", "properties": { "confidence": 0.456, "class": 1, "regularized": "rectangle" }, "geometry": { "type": "Polygon", "coordinates": [ [ [ 8132363.5, 3991132.5 ], [ 8132355.5, 3991127.5 ], [ 8132358.5, 3991123.0 ], [ 8132366.5, 3991128.0 ], [ 8132363.5, 3991132.5 ] ] ] } },
{ "type": "Feature", "properties": { "confidence": 0.454, "class": 1, "regularized": "rectangle" }, "geometry": { "type": "Polygon", "coordinates": [ [ [ 8132962.0, 3991572.0 ], [ 8132957.0, 3991568.5 ], [ 8132961.0, 3991561.5 ], [ 8132966.0, 3991565.0 ], [ 8132962.0, 3991572.0 ] ] ] } },
{ "type": "Feature", "properties": { "confidence": 0.447, "class": 1, "regularized": "rectangle" }, "geometry": { "type": "Polygon", "coordinates": [ [ [ 8132927.0, 3991314.0 ], [ 8132923.0, 3991309.0 ], [ 8132929.0, 3991303.5 ], [ 8132933.0, 3991308.5 ], [ 8132927.0, 3991314.0 ] ] ] } },
{ "type": "Feature", "properties": { "confidence": 0.444, "class": 1, "regularized": "rectangle" }, "geometry": { "type": "Polygon", "coordinates": [ [ [ 8132615.0, 3991575.75 ], [ 8132610.0, 3991573.25 ], [ 8132613.0, 3991566.25 ], [ 8132618.0, 3991568.75 ], [ 8132615.0, 3991575.75 ] ] ] } },
{ "type": "Feature", "properties": { "confidence": 0.442, "class": 1, "regularized": "rectangle" }, "geometry": { "type": "Polygon", "coordinates": [ [ [ 8132992.0, 3991214.5 ], [ 8132987.0, 3991211.5 ], [ 8132991.0, 3991204.0 ], [ 8132996.0, 3991207.0 ], [ 8132992.0, 3991214.5 ] ] ] } },
{ "type": "Feature", "properties": { "confidence": 0.441, "class": 1, "regularized": "rectangle" }, "geometry": { "type": "Polygon", "coordinates": [ [ [ 8132322.5, 3991257.0 ], [ 8132312.5, 3991257.0 ], [ 8132312.5, 3991252.0 ], [ 8132322.5, 3991252.0 ], [ 8132322.5, 3991257.0 ] ] ] } },
{ "type": "Feature", "properties": { "confidence": 0.441, "class": 1, "regularized": "original" }, "geometry": { "type": "Polygon", "coordinates": [ [ [ 8132441.305392595008016, 3991568.894235969986767 ], [ 8132441.006834573112428, 3991568.595642122905701 ], [ 8132440.708276552148163, 3991568.595642122905701 ], [ 8132440.409718531183898, 3991568.297048275358975 ], [ 8132439.812602488324046, 3991568.297048275358975 ], [ 8132439.514044467359781, 3991567.998454427812248 ], [ 8132439.215486445464194, 3991567.998454427812248 ], [ 8132438.618370402604342, 3991567.401266732718796 ], [ 8132438.319812381640077, 3991567.401266732718796 ], [ 8132438.021254360675812, 3991567.10267288563773 ], [ 8132437.722696338780224, 3991567.10267288563773 ], [ 8132437.125580296851695, 3991566.505485190544277 ], [ 8132436.827022274956107, 3991566.505485190544277 ], [ 8132436.229906233027577, 3991565.908297495916486 ], [ 8132435.93134821113199, 3991565.908297495916486 ], [ 8132434.737116126343608, 3991564.71392210572958 ], [ 8132434.737116126343608, 3991563.818140563555062 ], [ 8132435.035674147307873, 3991563.519546716008335 ], [ 8132435.035674147307873, 3991563.220952868461609 ], [ 8132435.33423216920346, 3991562.922359021380544 ], [ 8132435.632790190167725, 3991562.922359021380544 ], [ 8132435.93134821113199, 3991562.623765173833817 ], [ 8132436.827022274956107, 3991562.623765173833817 ], [ 8132437.125580296851695, 3991562.922359021380544 ], [ 8132438.916928424499929, 3991562.922359021380544 ], [ 8132439.215486445464194, 3991563.220952868461609 ], [ 8132439.514044467359781, 3991563.220952868461609 ], [ 8132439.812602488324046, 3991563.519546716008335 ], [ 8132440.409718531183898, 3991563.519546716008335 ], [ 8132440.708276552148163, 3991563.818140563555062 ], [ 8132441.006834573112428, 3991563.818140563555062 ], [ 8132441.305392595008016, 3991564.116734411101788 ], [ 8132441.603950615972281, 3991564.116734411101788 ], [ 8132442.201066658832133, 3991564.71392210572958 ], [ 8132442.499624679796398, 3991564.71392210572958 ], [ 8132443.69385676458478, 3991565.908297495916486 ], [ 8132443.69385676458478, 3991566.505485190544277 ], [ 8132443.992414786480367, 3991566.804079038091004 ], [ 8132443.992414786480367, 3991568.297048275358975 ], [ 8132443.395298743620515, 3991568.894235969986767 ], [ 8132441.305392595008016, 3991568.894235969986767 ] ] ] } },
{ "type": "Feature", "properties": { "confidence": 0.44, "class": 1, "regularized": "original" }, "geometry": { "type": "Polygon", "coordinates": [ [ [ 8132875.408755541779101, 3991164.598166523035616 ], [ 8132875.110197520814836, 3991164.299572675488889 ], [ 8132874.811639499850571, 3991164.299572675488889 ], [ 8132874.513081477954984, 3991164.000978827942163 ], [ 8132874.214523456990719, 3991164.000978827942163 ], [ 8132873.915965436026454, 3991163.702384980395436 ], [ 8132873.617407414130867, 3991163.702384980395436 ], [ 8132873.020291372202337, 3991163.105197285767645 ], [ 8132872.721733350306749, 3991163.105197285767645 ], [ 8132872.423175329342484, 3991162.806603438220918 ], [ 8132872.12461730837822, 3991162.806603438220918 ], [ 8132871.826059286482632, 3991162.508009590674192 ], [ 8132871.527501265518367, 3991162.508009590674192 ], [ 8132871.22894324362278, 3991162.209415743127465 ], [ 8132871.22894324362278, 3991161.015040353406221 ], [ 8132871.527501265518367, 3991160.716446505859494 ], [ 8132871.527501265518367, 3991160.417852658778429 ], [ 8132872.12461730837822, 3991159.820664963684976 ], [ 8132872.12461730837822, 3991159.52207111613825 ], [ 8132872.423175329342484, 3991159.52207111613825 ], [ 8132872.721733350306749, 3991159.223477268591523 ], [ 8132876.005871584638953, 3991159.223477268591523 ], [ 8132876.90154564846307, 3991158.327695726417005 ], [ 8132877.200103669427335, 3991158.327695726417005 ], [ 8132877.498661691322923, 3991158.029101878870279 ], [ 8132878.692893776111305, 3991158.029101878870279 ], [ 8132879.290009818971157, 3991158.626289573963732 ], [ 8132879.290009818971157, 3991160.417852658778429 ], [ 8132878.99145179707557, 3991160.716446505859494 ], [ 8132878.99145179707557, 3991161.015040353406221 ], [ 8132878.692893776111305, 3991161.313634200952947 ], [ 8132878.692893776111305, 3991161.9108218960464 ], [ 8132878.095777733251452, 3991162.508009590674192 ], [ 8132878.095777733251452, 3991163.105197285767645 ], [ 8132877.797219712287188, 3991163.403791133314371 ], [ 8132877.797219712287188, 3991164.000978827942163 ], [ 8132877.200103669427335, 3991164.598166523035616 ], [ 8132875.408755541779101, 3991164.598166523035616 ] ] ] } },
{ "type": "Feature", "properties": { "confidence": 0.439, "class": 1, "regularized": "rectangle" }, "geometry": { "type": "Polygon", "coordinates": [ [ [ 8132754.5, 3991494.5 ], [ 8132749.5, 3991491.0 ], [ 8132753.5, 3991485.0 ], [ 8132758.5, 3991488.5 ], [ 8132754.5, 3991494.5 ] ] ] } },
{ "type": "Feature", "properties": { "confidence": 0.436, "class": 1, "regularized": "original" }, "geometry": { "type": "Polygon", "coordinates": [ [ [ 8132441.603950615972281, 3991105.177990880329162 ], [ 8132441.305392595008016, 3991104.879397032782435 ], [ 8132441.006834573112428, 3991104.879397032782435 ], [ 8132441.006834573112428, 3991104.580803185235709 ], [ 8132440.708276552148163, 3991104.282209338154644 ], [ 8132440.708276552148163, 3991103.386427795514464 ], [ 8132440.409718531183898, 3991103.087833948433399 ], [ 8132440.409718531183898, 3991102.789240100886673 ], [ 8132440.111160509288311, 3991102.490646253339946 ], [ 8132439.812602488324046, 3991102.490646253339946 ], [ 8132439.215486445464194, 3991101.893458558246493 ], [ 8132439.215486445464194, 3991101.594864711165428 ], [ 8132438.618370402604342, 3991100.997677016071975 ], [ 8132438.618370402604342, 3991100.400489320978522 ], [ 8132438.916928424499929, 3991100.101895473897457 ], [ 8132438.916928424499929, 3991099.803301626350731 ], [ 8132439.215486445464194, 3991099.803301626350731 ], [ 8132439.514044467359781, 3991099.504707778804004 ], [ 8132439.812602488324046, 3991099.504707778804004 ], [ 8132440.111160509288311, 3991099.206113931257278 ], [ 8132440.111160509288311, 3991098.907520083710551 ], [ 8132441.006834573112428, 3991098.907520083710551 ], [ 8132441.603950615972281, 3991098.31033238908276 ], [ 8132442.798182700760663, 3991098.31033238908276 ], [ 8132443.09674072265625, 3991098.608926236629486 ], [ 8132443.395298743620515, 3991098.608926236629486 ], [ 8132443.69385676458478, 3991098.907520083710551 ], [ 8132444.290972807444632, 3991098.907520083710551 ], [ 8132444.589530828408897, 3991099.206113931257278 ], [ 8132444.888088850304484, 3991099.206113931257278 ], [ 8132445.186646871268749, 3991099.504707778804004 ], [ 8132445.485204892233014, 3991099.504707778804004 ], [ 8132446.082320935092866, 3991100.101895473897457 ], [ 8132446.082320935092866, 3991100.400489320978522 ], [ 8132446.380878956057131, 3991100.699083168525249 ], [ 8132446.380878956057131, 3991101.594864711165428 ], [ 8132446.082320935092866, 3991101.893458558246493 ], [ 8132446.082320935092866, 3991102.490646253339946 ], [ 8132444.888088850304484, 3991103.685021643061191 ], [ 8132444.888088850304484, 3991103.983615490607917 ], [ 8132444.290972807444632, 3991104.580803185235709 ], [ 8132443.69385676458478, 3991104.580803185235709 ], [ 8132443.395298743620515, 3991104.879397032782435 ], [ 8132442.499624679796398, 3991104.879397032782435 ], [ 8132442.201066658832133, 3991105.177990880329162 ], [ 8132441.603950615972281, 3991105.177990880329162 ] ] ] } },
{ "type": "Feature", "properties": { "confidence": 0.431, "class": 1, "regularized": "original" }, "geometry": { "type": "Polygon", "coordinates": [ [ [ 8132894.516468903981149, 3991068.152353796642274 ], [ 8132894.217910883016884, 3991067.853759949095547 ], [ 8132893.919352862052619, 3991067.853759949095547 ], [ 8132893.023678798228502, 3991066.957978406921029 ], [ 8132892.42656275536865, 3991066.957978406921029 ], [ 8132892.42656275536865, 3991066.659384559374303 ], [ 8132891.829446712508798, 3991066.06219686428085 ], [ 8132891.829446712508798, 3991064.867821474559605 ], [ 8132892.128004734404385, 3991064.569227627012879 ], [ 8132892.128004734404385, 3991063.972039932385087 ], [ 8132892.42656275536865, 3991063.673446084838361 ], [ 8132892.42656275536865, 3991061.284695305395871 ], [ 8132892.725120776332915, 3991060.986101457849145 ], [ 8132892.725120776332915, 3991059.7917260681279 ], [ 8132893.023678798228502, 3991059.7917260681279 ], [ 8132893.322236819192767, 3991059.493132220581174 ], [ 8132893.919352862052619, 3991059.493132220581174 ], [ 8132894.516468903981149, 3991060.090319915208966 ], [ 8132894.815026925876737, 3991060.090319915208966 ], [ 8132895.113584946841002, 3991060.388913762755692 ], [ 8132895.412142967805266, 3991060.388913762755692 ], [ 8132895.710700989700854, 3991060.687507610302418 ], [ 8132896.009259010665119, 3991060.687507610302418 ], [ 8132896.009259010665119, 3991061.284695305395871 ], [ 8132896.307817031629384, 3991061.583289152476937 ], [ 8132896.606375053524971, 3991061.583289152476937 ], [ 8132897.502049117349088, 3991062.479070695117116 ], [ 8132897.502049117349088, 3991065.166415322106332 ], [ 8132897.203491095453501, 3991065.465009169653058 ], [ 8132897.203491095453501, 3991065.763603016734123 ], [ 8132896.904933074489236, 3991066.06219686428085 ], [ 8132896.904933074489236, 3991066.360790711827576 ], [ 8132896.009259010665119, 3991067.256572254002094 ], [ 8132896.009259010665119, 3991067.555166101548821 ], [ 8132895.412142967805266, 3991068.152353796642274 ], [ 8132894.516468903981149, 3991068.152353796642274 ] ] ] } },
{ "type": "Feature", "properties": { "confidence": 0.429, "class": 1, "regularized": "rectangle" }, "geometry": { "type": "Polygon", "coordinates": [ [ [ 8132496.0, 3991558.75 ], [ 8132488.0, 3991558.75 ], [ 8132488.0, 3991552.75 ], [ 8132496.0, 3991552.75 ], [ 8132496.0, 3991558.75 ] ] ] } },
{ "type": "Feature", "properties": { "confidence": 0.426, "class": 1, "regularized": "rectangle" }, "geometry": { "type": "Polygon", "coordinates": [ [ [ 8132716.5, 3991201.5 ], [ 8132712.5, 3991199.0 ], [ 8132716.5, 3991191.0 ], [ 8132720.5, 3991193.5 ], [ 8132716.5, 3991201.5 ] ] ] } },
{ "type": "Feature", "properties": { "confidence": 0.425, "class": 1, "regularized": "original" }, "geometry": { "type": "Polygon", "coordinates": [ [ [ 8132718.068678325042129, 3991228.497249877080321 ], [ 8132717.173004261218011, 3991227.601468334905803 ], [ 8132716.874446240253747, 3991227.601468334905803 ], [ 8132716.874446240253747, 3991227.302874487359077 ], [ 8132716.575888218358159, 3991227.00428063981235 ], [ 8132716.277330197393894, 3991227.00428063981235 ], [ 8132715.978772176429629, 3991226.705686792265624 ], [ 8132715.680214154534042, 3991226.705686792265624 ], [ 8132715.381656133569777, 3991226.407092945184559 ], [ 8132715.083098112605512, 3991226.407092945184559 ], [ 8132714.48598206974566, 3991225.809905250091106 ], [ 8132714.187424048781395, 3991225.809905250091106 ], [ 8132713.590308005921543, 3991225.212717555463314 ], [ 8132713.291749984957278, 3991225.212717555463314 ], [ 8132711.798959878273308, 3991223.719748318195343 ], [ 8132711.500401857309043, 3991223.719748318195343 ], [ 8132711.500401857309043, 3991222.525372928008437 ], [ 8132711.798959878273308, 3991222.226779080927372 ], [ 8132711.798959878273308, 3991221.928185233380646 ], [ 8132712.097517899237573, 3991221.928185233380646 ], [ 8132712.396075921133161, 3991221.629591385833919 ], [ 8132712.99319196306169, 3991221.629591385833919 ], [ 8132713.590308005921543, 3991221.032403690740466 ], [ 8132713.590308005921543, 3991220.733809843659401 ], [ 8132713.888866026885808, 3991220.435215996112674 ], [ 8132713.888866026885808, 3991220.136622148565948 ], [ 8132714.48598206974566, 3991219.539434453472495 ], [ 8132714.784540090709925, 3991219.539434453472495 ], [ 8132715.083098112605512, 3991219.838028301019222 ], [ 8132715.381656133569777, 3991219.838028301019222 ], [ 8132715.680214154534042, 3991220.136622148565948 ], [ 8132715.680214154534042, 3991221.330997538287193 ], [ 8132715.978772176429629, 3991221.629591385833919 ], [ 8132715.978772176429629, 3991222.226779080927372 ], [ 8132716.874446240253747, 3991223.12256062310189 ], [ 8132717.173004261218011, 3991223.12256062310189 ], [ 8132717.770120304077864, 3991223.719748318195343 ], [ 8132718.068678325042129, 3991223.719748318195343 ], [ 8132718.367236346937716, 3991224.018342165276408 ], [ 8132718.665794367901981, 3991224.018342165276408 ], [ 8132718.665794367901981, 3991224.316936012823135 ], [ 8132718.964352388866246, 3991224.615529860369861 ], [ 8132718.964352388866246, 3991224.914123707916588 ], [ 8132719.262910410761833, 3991225.212717555463314 ], [ 8132719.262910410761833, 3991228.497249877080321 ], [ 8132718.068678325042129, 3991228.497249877080321 ] ] ] } },
{ "type": "Feature", "properties": { "confidence": 0.423, "class": 1, "regularized": "rectangle" }, "geometry": { "type": "Polygon", "coordinates": [ [ [ 8132758.5, 3991379.5 ], [ 8132751.5, 3991377.5 ], [ 8132753.5, 3991372.0 ], [ 8132760.5, 3991374.0 ], [ 8132758.5, 3991379.5 ] ] ] } },
{ "type": "Feature", "properties": { "confidence": 0.419, "class": 1, "regularized": "rectangle" }, "geometry": { "type": "Polygon", "coordinates": [ [ [ 8132386.0, 3991139.5 ], [ 8132381.0, 3991138.5 ], [ 8132382.0, 3991129.5 ], [ 8132387.0, 3991130.5 ], [ 8132386.0, 3991139.5 ] ] ] } },
{ "type": "Feature", "properties": { "confidence": 0.418, "class": 1, "regularized": "rectangle" }, "geometry": { "type": "Polygon", "coordinates": [ [ [ 8132585.0, 3991277.0 ], [ 8132577.0, 3991277.0 ], [ 8132577.0, 3991271.0 ], [ 8132585.0, 3991271.0 ], [ 8132585.0, 3991277.0 ] ] ] } },
{ "type": "Feature", "properties": { "confidence": 0.417, "class": 1, "regularized": "original" }, "geometry": { "type": "Polygon", "coordinates": [ [ [ 8132828.535146200098097, 3991151.758631082717329 ], [ 8132828.535146200098097, 3991150.86284954007715 ], [ 8132828.833704221993685, 3991150.564255692530423 ], [ 8132828.833704221993685, 3991149.967067997902632 ], [ 8132829.13226224295795, 3991149.668474150355905 ], [ 8132829.13226224295795, 3991149.369880302809179 ], [ 8132829.430820263922215, 3991149.071286455728114 ], [ 8132829.430820263922215, 3991148.175504913087934 ], [ 8132829.729378285817802, 3991147.876911065541208 ], [ 8132829.729378285817802, 3991147.279723370913416 ], [ 8132830.027936306782067, 3991146.98112952336669 ], [ 8132830.027936306782067, 3991146.682535675819963 ], [ 8132830.326494327746332, 3991146.383941828273237 ], [ 8132830.326494327746332, 3991146.085347981192172 ], [ 8132830.625052349641919, 3991145.786754133645445 ], [ 8132830.625052349641919, 3991145.488160286098719 ], [ 8132831.520726413466036, 3991144.592378743924201 ], [ 8132831.520726413466036, 3991144.293784896377474 ], [ 8132831.819284434430301, 3991143.995191048830748 ], [ 8132833.013516519218683, 3991143.995191048830748 ], [ 8132833.312074541114271, 3991144.293784896377474 ], [ 8132833.610632562078536, 3991144.293784896377474 ], [ 8132833.610632562078536, 3991144.592378743924201 ], [ 8132833.909190583974123, 3991144.890972591005266 ], [ 8132834.207748604938388, 3991144.890972591005266 ], [ 8132834.80486464779824, 3991145.488160286098719 ], [ 8132835.103422668762505, 3991145.488160286098719 ], [ 8132835.103422668762505, 3991147.279723370913416 ], [ 8132834.80486464779824, 3991147.578317218460143 ], [ 8132834.80486464779824, 3991148.175504913087934 ], [ 8132833.909190583974123, 3991149.071286455728114 ], [ 8132833.909190583974123, 3991149.369880302809179 ], [ 8132833.610632562078536, 3991149.668474150355905 ], [ 8132833.610632562078536, 3991150.265661845449358 ], [ 8132833.013516519218683, 3991150.86284954007715 ], [ 8132833.013516519218683, 3991151.161443387623876 ], [ 8132832.714958498254418, 3991151.460037235170603 ], [ 8132832.714958498254418, 3991151.758631082717329 ], [ 8132828.535146200098097, 3991151.758631082717329 ] ] ] } },
{ "type": "Feature", "properties": { "confidence": 0.416, "class": 1, "regularized": "original" }, "geometry": { "type": "Polygon", "coordinates": [ [ [ 8132833.610632562078536, 3991013.211085865739733 ], [ 8132833.312074541114271, 3991012.912492018193007 ], [ 8132832.714958498254418, 3991012.912492018193007 ], [ 8132832.416400477290154, 3991012.61389817064628 ], [ 8132831.819284434430301, 3991012.61389817064628 ], [ 8132831.222168391570449, 3991012.016710476018488 ], [ 8132830.923610370606184, 3991012.016710476018488 ], [ 8132830.625052349641919, 3991011.718116628471762 ], [ 8132830.326494327746332, 3991011.718116628471762 ], [ 8132829.430820263922215, 3991010.822335086297244 ], [ 8132829.13226224295795, 3991010.822335086297244 ], [ 8132827.938030158169568, 3991009.627959696575999 ], [ 8132828.236588179133832, 3991009.329365849029273 ], [ 8132828.236588179133832, 3991009.030772001482546 ], [ 8132828.535146200098097, 3991008.73217815393582 ], [ 8132828.535146200098097, 3991008.134990459308028 ], [ 8132829.430820263922215, 3991007.239208916667849 ], [ 8132829.430820263922215, 3991006.940615069121122 ], [ 8132830.326494327746332, 3991006.044833526946604 ], [ 8132830.326494327746332, 3991005.746239679399878 ], [ 8132830.923610370606184, 3991005.149051984772086 ], [ 8132830.923610370606184, 3991004.85045813722536 ], [ 8132831.222168391570449, 3991004.551864289678633 ], [ 8132831.520726413466036, 3991004.551864289678633 ], [ 8132831.819284434430301, 3991004.85045813722536 ], [ 8132832.416400477290154, 3991004.85045813722536 ], [ 8132832.714958498254418, 3991005.149051984772086 ], [ 8132833.013516519218683, 3991005.149051984772086 ], [ 8132833.013516519218683, 3991005.447645831853151 ], [ 8132833.312074541114271, 3991005.746239679399878 ], [ 8132833.909190583974123, 3991005.746239679399878 ], [ 8132833.909190583974123, 3991013.211085865739733 ], [ 8132833.610632562078536, 3991013.211085865739733 ] ] ] } },
{ "type": "Feature", "properties": { "confidence": 0.415, "class": 1, "regularized": "rectangle" }, "geometry": { "type": "Polygon", "coordinates": [ [ [ 8132783.0, 3991443.25 ], [ 8132777.0, 3991437.25 ], [ 8132780.0, 3991433.75 ], [ 8132786.0, 3991439.75 ], [ 8132783.0, 3991443.25 ] ] ] } },
{ "type": "Feature", "properties": { "confidence": 0.414, "class": 1, "regularized": "rectangle" }, "geometry": { "type": "Polygon", "coordinates": [ [ [ 8132278.5, 3991192.25 ], [ 8132269.5, 3991187.25 ], [ 8132271.5, 3991183.75 ], [ 8132280.5, 3991188.75 ], [ 8132278.5, 3991192.25 ] ] ] } },
{ "type": "Feature", "properties": { "confidence": 0.406, "class": 1, "regularized": "original" }, "geometry": { "type": "Polygon", "coordinates": [ [ [ 8132534.156937213614583, 3991601.142371494788677 ], [ 8132534.156937213614583, 3991600.84377764724195 ], [ 8132533.858379192650318, 3991600.545183799695224 ], [ 8132533.559821171686053, 3991600.545183799695224 ], [ 8132532.664147107861936, 3991599.649402257520705 ], [ 8132532.664147107861936, 3991599.350808409973979 ], [ 8132532.067031065002084, 3991598.753620715346187 ], [ 8132532.067031065002084, 3991597.559245325159281 ], [ 8132532.365589085966349, 3991597.260651478078216 ], [ 8132532.365589085966349, 3991596.066276088356972 ], [ 8132532.664147107861936, 3991595.767682240810245 ], [ 8132533.559821171686053, 3991595.767682240810245 ], [ 8132533.858379192650318, 3991596.066276088356972 ], [ 8132534.45549523551017, 3991596.066276088356972 ], [ 8132535.0526112774387, 3991596.663463782984763 ], [ 8132536.246843363158405, 3991596.663463782984763 ], [ 8132536.54540138412267, 3991596.96205763053149 ], [ 8132537.142517426982522, 3991596.96205763053149 ], [ 8132537.739633469842374, 3991597.559245325159281 ], [ 8132538.038191490806639, 3991597.559245325159281 ], [ 8132538.336749511770904, 3991597.857839172706008 ], [ 8132538.336749511770904, 3991598.156433020252734 ], [ 8132538.635307533666492, 3991598.455026867799461 ], [ 8132538.933865554630756, 3991598.455026867799461 ], [ 8132539.232423575595021, 3991598.753620715346187 ], [ 8132539.530981597490609, 3991598.753620715346187 ], [ 8132540.128097639419138, 3991599.350808409973979 ], [ 8132540.725213682278991, 3991599.350808409973979 ], [ 8132541.023771703243256, 3991599.649402257520705 ], [ 8132541.322329725138843, 3991599.649402257520705 ], [ 8132541.620887746103108, 3991599.947996105067432 ], [ 8132541.620887746103108, 3991600.545183799695224 ], [ 8132541.322329725138843, 3991600.84377764724195 ], [ 8132541.322329725138843, 3991601.142371494788677 ], [ 8132534.156937213614583, 3991601.142371494788677 ] ] ] } },
{ "type": "Feature", "properties": { "confidence": 0.404, "class": 1, "regularized": "original" }, "geometry": { "type": "Polygon", "coordinates": [ [ [ 8132509.675179468467832, 3991561.727983631193638 ], [ 8132509.376621447503567, 3991561.429389784112573 ], [ 8132509.078063426539302, 3991561.429389784112573 ], [ 8132508.779505404643714, 3991561.130795936565846 ], [ 8132508.48094738367945, 3991561.130795936565846 ], [ 8132507.883831340819597, 3991560.533608241472393 ], [ 8132507.585273319855332, 3991560.533608241472393 ], [ 8132507.286715298891068, 3991560.235014393925667 ], [ 8132506.98815727699548, 3991560.235014393925667 ], [ 8132506.391041234135628, 3991559.637826699297875 ], [ 8132506.092483213171363, 3991559.637826699297875 ], [ 8132505.495367170311511, 3991559.040639004204422 ], [ 8132505.196809149347246, 3991559.040639004204422 ], [ 8132504.301135085523129, 3991558.144857462029904 ], [ 8132504.002577064558864, 3991558.144857462029904 ], [ 8132503.704019042663276, 3991557.846263614483178 ], [ 8132503.704019042663276, 3991556.05470052966848 ], [ 8132504.002577064558864, 3991556.05470052966848 ], [ 8132504.898251128382981, 3991555.158918987493962 ], [ 8132504.898251128382981, 3991554.860325139947236 ], [ 8132505.495367170311511, 3991554.263137445319444 ], [ 8132506.092483213171363, 3991554.263137445319444 ], [ 8132506.391041234135628, 3991554.561731292400509 ], [ 8132506.98815727699548, 3991554.561731292400509 ], [ 8132507.286715298891068, 3991554.860325139947236 ], [ 8132507.585273319855332, 3991554.860325139947236 ], [ 8132507.883831340819597, 3991555.158918987493962 ], [ 8132508.182389362715185, 3991555.158918987493962 ], [ 8132508.182389362715185, 3991555.457512835040689 ], [ 8132508.48094738367945, 3991555.756106682587415 ], [ 8132508.779505404643714, 3991555.756106682587415 ], [ 8132509.078063426539302, 3991556.05470052966848 ], [ 8132509.376621447503567, 3991556.05470052966848 ], [ 8132510.570853532291949, 3991557.249075919855386 ], [ 8132510.570853532291949, 3991558.443451309576631 ], [ 8132510.869411554187536, 3991558.742045156657696 ], [ 8132510.869411554187536, 3991560.235014393925667 ], [ 8132510.570853532291949, 3991560.533608241472393 ], [ 8132510.570853532291949, 3991561.130795936565846 ], [ 8132510.272295511327684, 3991561.429389784112573 ], [ 8132510.272295511327684, 3991561.727983631193638 ], [ 8132509.675179468467832, 3991561.727983631193638 ] ] ] } },
{ "type": "Feature", "properties": { "confidence": 0.402, "class": 1, "regularized": "original" }, "geometry": { "type": "Polygon", "coordinates": [ [ [ 8132882.872706074267626, 3991486.18374022655189 ], [ 8132882.574148053303361, 3991485.885146379005164 ], [ 8132882.574148053303361, 3991483.496395599562675 ], [ 8132882.872706074267626, 3991483.197801752015948 ], [ 8132882.872706074267626, 3991480.809050972573459 ], [ 8132883.171264095231891, 3991480.510457125026733 ], [ 8132884.365496180951595, 3991480.510457125026733 ], [ 8132884.66405420191586, 3991480.809050972573459 ], [ 8132885.261170244775712, 3991480.809050972573459 ], [ 8132885.559728265739977, 3991481.107644820120186 ], [ 8132886.15684430859983, 3991481.107644820120186 ], [ 8132886.455402329564095, 3991481.406238667201251 ], [ 8132886.753960350528359, 3991481.406238667201251 ], [ 8132887.052518372423947, 3991481.704832514747977 ], [ 8132887.351076393388212, 3991481.704832514747977 ], [ 8132887.948192436248064, 3991482.30202020984143 ], [ 8132888.246750457212329, 3991482.30202020984143 ], [ 8132888.545308478176594, 3991482.600614056922495 ], [ 8132889.142424521036446, 3991482.600614056922495 ], [ 8132890.038098584860563, 3991483.496395599562675 ], [ 8132889.739540563896298, 3991483.794989447109401 ], [ 8132889.739540563896298, 3991484.392177141737193 ], [ 8132889.440982542000711, 3991484.690770989283919 ], [ 8132889.440982542000711, 3991485.287958684377372 ], [ 8132889.142424521036446, 3991485.586552531458437 ], [ 8132889.142424521036446, 3991486.18374022655189 ], [ 8132882.872706074267626, 3991486.18374022655189 ] ] ] } },
{ "type": "Feature", "properties": { "confidence": 0.4, "class": 1, "regularized": "rectangle" }, "geometry": { "type": "Polygon", "coordinates": [ [ [ 8132918.5, 3991339.5 ], [ 8132913.5, 3991338.0 ], [ 8132916.5, 3991330.5 ], [ 8132921.5, 3991332.0 ], [ 8132918.5, 3991339.5 ] ] ] } },
{ "type": "Feature", "properties": { "confidence": 0.399, "class": 1, "regularized": "rectangle" }, "geometry": { "type": "Polygon", "coordinates": [ [ [ 8132556.5, 3991042.75 ], [ 8132551.5, 3991040.25 ], [ 8132555.5, 3991033.25 ], [ 8132560.5, 3991035.75 ], [ 8132556.5, 3991042.75 ] ] ] } },
{ "type": "Feature", "properties": { "confidence": 0.395, "class": 1, "regularized": "rectangle" }, "geometry": { "type": "Polygon", "coordinates": [ [ [ 8132462.5, 3991151.5 ], [ 8132455.5, 3991151.5 ], [ 8132455.5, 3991145.5 ], [ 8132462.5, 3991145.5 ], [ 8132462.5, 3991151.5 ] ] ] } },
{ "type": "Feature", "properties": { "confidence": 0.386, "class": 1, "regularized": "rectangle" }, "geometry": { "type": "Polygon", "coordinates": [ [ [ 8132462.0, 3991010.5 ], [ 8132459.0, 3991007.5 ], [ 8132466.0, 3991000.5 ], [ 8132469.0, 3991003.5 ], [ 8132462.0, 3991010.5 ] ] ] } },
{ "type": "Feature", "properties": { "confidence": 0.384, "class": 1, "regularized": "rectangle" }, "geometry": { "type": "Polygon", "coordinates": [ [ [ 8132825.5, 3991241.0 ], [ 8132819.5, 3991238.0 ], [ 8132822.5, 3991232.5 ], [ 8132828.5, 3991235.5 ], [ 8132825.5, 3991241.0 ] ] ] } },
{ "type": "Feature", "properties": { "confidence": 0.382, "class": 1, "regularized": "rectangle" }, "geometry": { "type": "Polygon", "coordinates": [ [ [ 8132519.0, 3991483.75 ], [ 8132513.0, 3991480.25 ], [ 8132516.0, 3991475.75 ], [ 8132522.0, 3991479.25 ], [ 8132519.0, 3991483.75 ] ] ] } },
{ "type": "Feature", "properties": { "confidence": 0.381, "class": 1, "regularized": "original" }, "geometry": { "type": "Polygon", "coordinates": [ [ [ 8132445.783762914128602, 3991255.967883842531592 ], [ 8132445.485204892233014, 3991255.669289994984865 ], [ 8132444.888088850304484, 3991255.669289994984865 ], [ 8132444.589530828408897, 3991255.3706961479038 ], [ 8132444.290972807444632, 3991255.3706961479038 ], [ 8132443.395298743620515, 3991254.474914605263621 ], [ 8132443.395298743620515, 3991252.086163825821131 ], [ 8132443.09674072265625, 3991251.787569978274405 ], [ 8132443.395298743620515, 3991251.488976130727679 ], [ 8132443.69385676458478, 3991251.488976130727679 ], [ 8132443.992414786480367, 3991251.190382283180952 ], [ 8132444.589530828408897, 3991251.190382283180952 ], [ 8132444.888088850304484, 3991250.891788436099887 ], [ 8132445.783762914128602, 3991250.891788436099887 ], [ 8132446.380878956057131, 3991250.294600741006434 ], [ 8132446.679436977952719, 3991250.294600741006434 ], [ 8132447.276553019881248, 3991249.697413046378642 ], [ 8132448.470785105600953, 3991249.697413046378642 ], [ 8132448.769343126565218, 3991249.996006893459707 ], [ 8132449.067901148460805, 3991249.996006893459707 ], [ 8132449.665017190389335, 3991250.59319458855316 ], [ 8132449.665017190389335, 3991251.190382283180952 ], [ 8132449.963575212284923, 3991251.488976130727679 ], [ 8132449.963575212284923, 3991252.683351520448923 ], [ 8132449.665017190389335, 3991252.98194536799565 ], [ 8132449.665017190389335, 3991253.280539215542376 ], [ 8132449.36645916942507, 3991253.579133063089103 ], [ 8132449.36645916942507, 3991253.877726910635829 ], [ 8132449.067901148460805, 3991254.176320757716894 ], [ 8132449.067901148460805, 3991254.474914605263621 ], [ 8132448.470785105600953, 3991255.072102300357074 ], [ 8132448.470785105600953, 3991255.3706961479038 ], [ 8132448.172227083705366, 3991255.3706961479038 ], [ 8132447.873669062741101, 3991255.669289994984865 ], [ 8132447.276553019881248, 3991255.669289994984865 ], [ 8132446.977994998916984, 3991255.967883842531592 ], [ 8132445.783762914128602, 3991255.967883842531592 ] ] ] } },
{ "type": "Feature", "properties": { "confidence": 0.381, "class": 1, "regularized": "original" }, "geometry": { "type": "Polygon", "coordinates": [ [ [ 8132718.964352388866246, 3991107.865335507318377 ], [ 8132718.367236346937716, 3991107.268147812690586 ], [ 8132717.770120304077864, 3991107.268147812690586 ], [ 8132717.471562282182276, 3991106.969553965143859 ], [ 8132717.173004261218011, 3991106.969553965143859 ], [ 8132716.874446240253747, 3991106.670960117597133 ], [ 8132716.575888218358159, 3991106.670960117597133 ], [ 8132716.277330197393894, 3991106.372366270050406 ], [ 8132715.978772176429629, 3991106.372366270050406 ], [ 8132715.978772176429629, 3991106.07377242250368 ], [ 8132715.680214154534042, 3991105.775178575422615 ], [ 8132714.48598206974566, 3991105.775178575422615 ], [ 8132714.187424048781395, 3991106.07377242250368 ], [ 8132712.99319196306169, 3991106.07377242250368 ], [ 8132712.694633942097425, 3991105.775178575422615 ], [ 8132712.396075921133161, 3991105.775178575422615 ], [ 8132712.097517899237573, 3991105.476584727875888 ], [ 8132711.798959878273308, 3991105.476584727875888 ], [ 8132711.798959878273308, 3991105.177990880329162 ], [ 8132711.500401857309043, 3991104.879397032782435 ], [ 8132711.500401857309043, 3991103.087833948433399 ], [ 8132712.097517899237573, 3991102.490646253339946 ], [ 8132712.097517899237573, 3991102.19205240579322 ], [ 8132712.99319196306169, 3991101.296270863618702 ], [ 8132713.291749984957278, 3991101.296270863618702 ], [ 8132713.590308005921543, 3991100.997677016071975 ], [ 8132713.888866026885808, 3991100.997677016071975 ], [ 8132714.187424048781395, 3991101.296270863618702 ], [ 8132714.784540090709925, 3991101.296270863618702 ], [ 8132715.083098112605512, 3991101.594864711165428 ], [ 8132715.978772176429629, 3991101.594864711165428 ], [ 8132716.277330197393894, 3991101.296270863618702 ], [ 8132716.874446240253747, 3991101.296270863618702 ], [ 8132717.173004261218011, 3991101.594864711165428 ], [ 8132717.471562282182276, 3991101.594864711165428 ], [ 8132717.770120304077864, 3991101.893458558246493 ], [ 8132717.770120304077864, 3991102.490646253339946 ], [ 8132717.471562282182276, 3991102.789240100886673 ], [ 8132717.471562282182276, 3991103.685021643061191 ], [ 8132717.173004261218011, 3991103.983615490607917 ], [ 8132717.173004261218011, 3991104.580803185235709 ], [ 8132717.471562282182276, 3991104.879397032782435 ], [ 8132718.964352388866246, 3991104.879397032782435 ], [ 8132718.964352388866246, 3991107.865335507318377 ] ] ] } },
{ "type": "Feature", "properties": { "confidence": 0.38, "class": 1, "regularized": "original" }, "geometry": { "type": "Polygon", "coordinates": [ [ [ 8132997.81754426844418, 3991582.629552952945232 ], [ 8132997.518986247479916, 3991582.330959105398506 ], [ 8132997.220428226515651, 3991582.330959105398506 ], [ 8132996.921870204620063, 3991582.032365257851779 ], [ 8132996.623312183655798, 3991582.032365257851779 ], [ 8132996.324754161760211, 3991581.733771410770714 ], [ 8132996.026196140795946, 3991581.733771410770714 ], [ 8132995.727638119831681, 3991581.435177563223988 ], [ 8132995.130522076971829, 3991581.435177563223988 ], [ 8132995.130522076971829, 3991581.136583715677261 ], [ 8132994.831964056007564, 3991580.837989868130535 ], [ 8132994.533406034111977, 3991580.837989868130535 ], [ 8132994.533406034111977, 3991580.539396020583808 ], [ 8132994.234848013147712, 3991580.240802173502743 ], [ 8132994.234848013147712, 3991579.942208325956017 ], [ 8132993.339173949323595, 3991579.046426783315837 ], [ 8132993.339173949323595, 3991578.747832936234772 ], [ 8132993.04061592835933, 3991578.449239088688046 ], [ 8132993.04061592835933, 3991578.150645241141319 ], [ 8132992.742057906463742, 3991577.852051393594593 ], [ 8132992.742057906463742, 3991576.956269851420075 ], [ 8132993.04061592835933, 3991576.657676003873348 ], [ 8132993.04061592835933, 3991576.359082156326622 ], [ 8132993.936289992183447, 3991576.359082156326622 ], [ 8132994.234848013147712, 3991576.060488308779895 ], [ 8132995.727638119831681, 3991577.553457546047866 ], [ 8132997.518986247479916, 3991577.553457546047866 ], [ 8132997.81754426844418, 3991577.254863698966801 ], [ 8132998.414660311304033, 3991577.254863698966801 ], [ 8132998.713218332268298, 3991576.956269851420075 ], [ 8132999.011776354163885, 3991577.254863698966801 ], [ 8132999.31033437512815, 3991577.254863698966801 ], [ 8132999.608892396092415, 3991577.553457546047866 ], [ 8132999.907450417988002, 3991577.553457546047866 ], [ 8133000.206008438952267, 3991577.852051393594593 ], [ 8133000.206008438952267, 3991579.64361447840929 ], [ 8132999.907450417988002, 3991579.942208325956017 ], [ 8132999.907450417988002, 3991580.240802173502743 ], [ 8132999.608892396092415, 3991580.539396020583808 ], [ 8132999.608892396092415, 3991582.032365257851779 ], [ 8132999.31033437512815, 3991582.330959105398506 ], [ 8132999.31033437512815, 3991582.629552952945232 ], [ 8132997.81754426844418, 3991582.629552952945232 ] ] ] } },
{ "type": "Feature", "properties": { "confidence": 0.379, "class": 1, "regularized": "rectangle" }, "geometry": { "type": "Polygon", "coordinates": [ [ [ 8132833.0, 3991224.0 ], [ 8132829.0, 3991221.5 ], [ 8132833.0, 3991214.5 ], [ 8132837.0, 3991217.0 ], [ 8132833.0, 3991224.0 ] ] ] } },
{ "type": "Feature", "properties": { "confidence": 0.378, "class": 1, "regularized": "rectangle" }, "geometry": { "type": "Polygon", "coordinates": [ [ [ 8132743.0, 3991383.25 ], [ 8132738.0, 3991377.25 ], [ 8132742.0, 3991373.75 ], [ 8132747.0, 3991379.75 ], [ 8132743.0, 3991383.25 ] ] ] } },
{ "type": "Feature", "properties": { "confidence": 0.376, "class": 1, "regularized": "rectangle" }, "geometry": { "type": "Polygon", "coordinates": [ [ [ 8132392.5, 3991300.25 ], [ 8132386.5, 3991300.25 ], [ 8132386.5, 3991293.25 ], [ 8132392.5, 3991293.25 ], [ 8132392.5, 3991300.25 ] ] ] } },
{ "type": "Feature", "properties": { "confidence": 0.376, "class": 1, "regularized": "rectangle" }, "geometry": { "type": "Polygon", "coordinates": [ [ [ 8132556.0, 3991071.75 ], [ 8132551.0, 3991065.75 ], [ 8132555.0, 3991062.25 ], [ 8132560.0, 3991068.25 ], [ 8132556.0, 3991071.75 ] ] ] } },
{ "type": "Feature", "properties": { "confidence": 0.376, "class": 1, "regularized": "rectangle" }, "geometry": { "type": "Polygon", "coordinates": [ [ [ 8132610.0, 3991548.5 ], [ 8132604.0, 3991548.5 ], [ 8132604.0, 3991541.5 ], [ 8132610.0, 3991541.5 ], [ 8132610.0, 3991548.5 ] ] ] } },
{ "type": "Feature", "properties": { "confidence": 0.375, "class": 1, "regularized": "rectangle" }, "geometry": { "type": "Polygon", "coordinates": [ [ [ 8132778.5, 3991141.0 ], [ 8132772.5, 3991136.5 ], [ 8132775.5, 3991132.0 ], [ 8132781.5, 3991136.5 ], [ 8132778.5, 3991141.0 ] ] ] } },
{ "type": "Feature", "properties": { "confidence": 0.375, "class": 1, "regularized": "rectangle" }, "geometry": { "type": "Polygon", "coordinates": [ [ [ 8132278.0, 3991207.75 ], [ 8132272.0, 3991204.75 ], [ 8132275.0, 3991199.75 ], [ 8132281.0, 3991202.75 ], [ 8132278.0, 3991207.75 ] ] ] } },
{ "type": "Feature", "properties": { "confidence": 0.372, "class": 1, "regularized": "rectangle" }, "geometry": { "type": "Polygon", "coordinates": [ [ [ 8132919.5, 3991447.5 ], [ 8132914.5, 3991444.5 ], [ 8132917.5, 3991439.0 ], [ 8132922.5, 3991442.0 ], [ 8132919.5, 3991447.5 ] ] ] } },
{ "type": "Feature", "properties": { "confidence": 0.371, "class": 1, "regularized": "rectangle" }, "geometry": { "type": "Polygon", "coordinates": [ [ [ 8132536.0, 3991088.0 ], [ 8132531.0, 3991085.0 ], [ 8132535.0, 3991079.0 ], [ 8132540.0, 3991082.0 ], [ 8132536.0, 3991088.0 ] ] ] } },
{ "type": "Feature", "properties": { "confidence": 0.368, "class": 1, "regularized": "rectangle" }, "geometry": { "type": "Polygon", "coordinates": [ [ [ 8132572.0, 3991468.0 ], [ 8132567.0, 3991468.0 ], [ 8132567.0, 3991460.0 ], [ 8132572.0, 3991460.0 ], [ 8132572.0, 3991468.0 ] ] ] } },
{ "type": "Feature", "properties": { "confidence": 0.366, "class": 1, "regularized": "rectangle" }, "geometry": { "type": "Polygon", "coordinates": [ [ [ 8132249.0, 3991512.75 ], [ 8132241.0, 3991507.25 ], [ 8132243.0, 3991503.75 ], [ 8132251.0, 3991509.25 ], [ 8132249.0, 3991512.75 ] ] ] } },
{ "type": "Feature", "properties": { "confidence": 0.365, "class": 1, "regularized": "original" }, "geometry": { "type": "Polygon", "coordinates": [ [ [ 8132544.009351916611195, 3991564.415328258648515 ], [ 8132543.710793894715607, 3991564.116734411101788 ], [ 8132543.412235873751342, 3991564.116734411101788 ], [ 8132543.113677852787077, 3991563.818140563555062 ], [ 8132542.81511983089149, 3991563.818140563555062 ], [ 8132542.21800378896296, 3991563.220952868461609 ], [ 8132542.21800378896296, 3991562.623765173833817 ], [ 8132541.919445767067373, 3991562.325171326287091 ], [ 8132541.919445767067373, 3991559.637826699297875 ], [ 8132542.21800378896296, 3991559.339232851751149 ], [ 8132542.81511983089149, 3991559.339232851751149 ], [ 8132543.113677852787077, 3991559.040639004204422 ], [ 8132543.412235873751342, 3991559.040639004204422 ], [ 8132543.710793894715607, 3991559.339232851751149 ], [ 8132544.307909937575459, 3991559.339232851751149 ], [ 8132544.307909937575459, 3991559.637826699297875 ], [ 8132544.606467958539724, 3991559.936420546844602 ], [ 8132544.905025980435312, 3991559.936420546844602 ], [ 8132545.502142023295164, 3991560.533608241472393 ], [ 8132545.800700044259429, 3991560.533608241472393 ], [ 8132546.099258065223694, 3991560.83220208901912 ], [ 8132546.696374108083546, 3991560.83220208901912 ], [ 8132546.994932129047811, 3991561.130795936565846 ], [ 8132547.592048171907663, 3991561.130795936565846 ], [ 8132548.786280256696045, 3991562.325171326287091 ], [ 8132549.681954320520163, 3991562.325171326287091 ], [ 8132550.279070363380015, 3991562.922359021380544 ], [ 8132550.279070363380015, 3991563.818140563555062 ], [ 8132549.681954320520163, 3991564.415328258648515 ], [ 8132544.009351916611195, 3991564.415328258648515 ] ] ] } },
{ "type": "Feature", "properties": { "confidence": 0.364, "class": 1, "regularized": "rectangle" }, "geometry": { "type": "Polygon", "coordinates": [ [ [ 8132380.0, 3991096.25 ], [ 8132375.0, 3991092.75 ], [ 8132379.0, 3991087.25 ], [ 8132384.0, 3991090.75 ], [ 8132380.0, 3991096.25 ] ] ] } },
{ "type": "Feature", "properties": { "confidence": 0.362, "class": 1, "regularized": "rectangle" }, "geometry": { "type": "Polygon", "coordinates": [ [ [ 8132828.0, 3991059.5 ], [ 8132821.0, 3991058.5 ], [ 8132822.0, 3991053.0 ], [ 8132829.0, 3991054.0 ], [ 8132828.0, 3991059.5 ] ] ] } },
{ "type": "Feature", "properties": { "confidence": 0.362, "class": 1, "regularized": "rectangle" }, "geometry": { "type": "Polygon", "coordinates": [ [ [ 8133001.0, 3991241.5 ], [ 8132997.0, 3991241.5 ], [ 8132997.0, 3991231.5 ], [ 8133001.0, 3991231.5 ], [ 8133001.0, 3991241.5 ] ] ] } },
{ "type": "Feature", "properties": { "confidence": 0.361, "class": 1, "regularized": "original" }, "geometry": { "type": "Polygon", "coordinates": [ [ [ 8132693.288362558931112, 3991453.338417007122189 ], [ 8132692.989804537035525, 3991453.039823159575462 ], [ 8132691.795572452247143, 3991453.039823159575462 ], [ 8132691.497014431282878, 3991452.741229312028736 ], [ 8132691.19845640938729, 3991452.741229312028736 ], [ 8132690.302782345563173, 3991451.845447769854218 ], [ 8132690.004224324598908, 3991451.845447769854218 ], [ 8132689.108550260774791, 3991450.949666227214038 ], [ 8132688.809992238879204, 3991450.949666227214038 ], [ 8132688.212876196950674, 3991450.352478532586247 ], [ 8132688.212876196950674, 3991449.456696990411729 ], [ 8132687.914318175055087, 3991449.158103142865002 ], [ 8132687.914318175055087, 3991448.859509295318276 ], [ 8132697.468174856156111, 3991448.859509295318276 ], [ 8132697.169616835191846, 3991449.158103142865002 ], [ 8132697.169616835191846, 3991449.456696990411729 ], [ 8132696.871058814227581, 3991449.755290837492794 ], [ 8132696.871058814227581, 3991450.352478532586247 ], [ 8132695.975384750403464, 3991451.248260074760765 ], [ 8132695.676826728507876, 3991451.248260074760765 ], [ 8132695.378268707543612, 3991451.546853922307491 ], [ 8132695.378268707543612, 3991452.144041617400944 ], [ 8132694.781152664683759, 3991452.741229312028736 ], [ 8132694.781152664683759, 3991453.039823159575462 ], [ 8132694.184036622755229, 3991453.039823159575462 ], [ 8132693.885478600859642, 3991453.338417007122189 ], [ 8132693.288362558931112, 3991453.338417007122189 ] ] ] } },
{ "type": "Feature", "properties": { "confidence": 0.361, "class": 1, "regularized": "rectangle" }, "geometry": { "type": "Polygon", "coordinates": [ [ [ 8132846.0, 3991104.0 ], [ 8132840.0, 3991101.5 ], [ 8132842.0, 3991095.5 ], [ 8132848.0, 3991098.0 ], [ 8132846.0, 3991104.0 ] ] ] } },
{ "type": "Feature", "properties": { "confidence": 0.359, "class": 1, "regularized": "rectangle" }, "geometry": { "type": "Polygon", "coordinates": [ [ [ 8132291.5, 3991451.5 ], [ 8132283.5, 3991447.5 ], [ 8132285.5, 3991443.5 ], [ 8132293.5, 3991447.5 ], [ 8132291.5, 3991451.5 ] ] ] } },
{ "type": "Feature", "properties": { "confidence": 0.359, "class": 1, "regularized": "rectangle" }, "geometry": { "type": "Polygon", "coordinates": [ [ [ 8132373.5, 3991565.75 ], [ 8132368.5, 3991564.25 ], [ 8132370.5, 3991557.25 ], [ 8132375.5, 3991558.75 ], [ 8132373.5, 3991565.75 ] ] ] } },
{ "type": "Feature", "properties": { "confidence": 0.359, "class": 1, "regularized": "rectangle" }, "geometry": { "type": "Polygon", "coordinates": [ [ [ 8132589.5, 3991067.75 ], [ 8132584.5, 3991065.25 ], [ 8132587.5, 3991059.25 ], [ 8132592.5, 3991061.75 ], [ 8132589.5, 3991067.75 ] ] ] } },
{ "type": "Feature", "properties": { "confidence": 0.357, "class": 1, "regularized": "original" }, "geometry": { "type": "Polygon", "coordinates": [ [ [ 8132384.280810529366136, 3991111.149867829401046 ], [ 8132383.086578444577754, 3991109.955492439679801 ], [ 8132383.086578444577754, 3991108.163929354865104 ], [ 8132382.788020422682166, 3991107.865335507318377 ], [ 8132382.788020422682166, 3991106.670960117597133 ], [ 8132382.489462401717901, 3991106.372366270050406 ], [ 8132382.489462401717901, 3991104.879397032782435 ], [ 8132389.356296891346574, 3991104.879397032782435 ], [ 8132389.356296891346574, 3991106.372366270050406 ], [ 8132389.057738869450986, 3991106.670960117597133 ], [ 8132389.057738869450986, 3991106.969553965143859 ], [ 8132388.759180848486722, 3991106.969553965143859 ], [ 8132388.460622827522457, 3991107.268147812690586 ], [ 8132388.162064805626869, 3991107.268147812690586 ], [ 8132387.564948763698339, 3991107.865335507318377 ], [ 8132387.564948763698339, 3991108.163929354865104 ], [ 8132386.967832720838487, 3991108.761117049958557 ], [ 8132386.967832720838487, 3991109.059710897039622 ], [ 8132386.07215865701437, 3991109.955492439679801 ], [ 8132385.773600636050105, 3991109.955492439679801 ], [ 8132384.877926572225988, 3991110.85127398185432 ], [ 8132384.5793685503304, 3991110.85127398185432 ], [ 8132384.280810529366136, 3991111.149867829401046 ] ] ] } },
{ "type": "Feature", "properties": { "confidence": 0.356, "class": 1, "regularized": "rectangle" }, "geometry": { "type": "Polygon", "coordinates": [ [ [ 8132402.0, 3991008.25 ], [ 8132398.0, 3991007.25 ], [ 8132400.0, 3990998.75 ], [ 8132404.0, 3990999.75 ], [ 8132402.0, 3991008.25 ] ] ] } },
{ "type": "Feature", "properties": { "confidence": 0.354, "class": 1, "regularized": "original" }, "geometry": { "type": "Polygon", "coordinates": [ [ [ 8132272.620110568590462, 3991054.118442966602743 ], [ 8132272.321552547626197, 3991053.819849119056016 ], [ 8132272.022994526661932, 3991053.819849119056016 ], [ 8132271.724436504766345, 3991053.52125527150929 ], [ 8132271.42587848380208, 3991053.52125527150929 ], [ 8132271.127320462837815, 3991053.222661423962563 ], [ 8132270.828762440942228, 3991053.222661423962563 ], [ 8132270.530204419977963, 3991052.924067576415837 ], [ 8132270.231646399013698, 3991052.924067576415837 ], [ 8132269.933088377118111, 3991052.625473729334772 ], [ 8132269.634530356153846, 3991052.625473729334772 ], [ 8132269.335972335189581, 3991052.326879881788045 ], [ 8132269.037414313293993, 3991052.326879881788045 ], [ 8132267.843182228505611, 3991051.132504492066801 ], [ 8132267.544624207541347, 3991051.132504492066801 ], [ 8132266.051834100857377, 3991049.63953525479883 ], [ 8132265.75327607896179, 3991049.63953525479883 ], [ 8132265.454718057997525, 3991049.340941407252103 ], [ 8132265.454718057997525, 3991047.847972169984132 ], [ 8132265.75327607896179, 3991047.549378322437406 ], [ 8132265.75327607896179, 3991046.355002932716161 ], [ 8132266.350392121821642, 3991045.757815237622708 ], [ 8132267.544624207541347, 3991045.757815237622708 ], [ 8132267.544624207541347, 3991046.056409085169435 ], [ 8132268.141740249469876, 3991046.653596780262887 ], [ 8132268.141740249469876, 3991046.952190627809614 ], [ 8132268.738856292329729, 3991047.549378322437406 ], [ 8132269.037414313293993, 3991047.549378322437406 ], [ 8132269.037414313293993, 3991049.042347559705377 ], [ 8132269.634530356153846, 3991049.63953525479883 ], [ 8132269.933088377118111, 3991049.63953525479883 ], [ 8132270.231646399013698, 3991049.938129101879895 ], [ 8132270.530204419977963, 3991049.938129101879895 ], [ 8132270.828762440942228, 3991050.236722949426621 ], [ 8132271.42587848380208, 3991050.236722949426621 ], [ 8132273.217226611450315, 3991052.028286034241319 ], [ 8132273.217226611450315, 3991052.326879881788045 ], [ 8132273.515784632414579, 3991052.625473729334772 ], [ 8132273.515784632414579, 3991053.222661423962563 ], [ 8132273.814342654310167, 3991053.52125527150929 ], [ 8132273.515784632414579, 3991053.819849119056016 ], [ 8132273.515784632414579, 3991054.118442966602743 ], [ 8132272.620110568590462, 3991054.118442966602743 ] ] ] } },
{ "type": "Feature", "properties": { "confidence": 0.349, "class": 1, "regularized": "original" }, "geometry": { "type": "Polygon", "coordinates": [ [ [ 8132222.760921014472842, 3991201.026615911629051 ], [ 8132222.760921014472842, 3991189.381455861032009 ], [ 8132223.059479035437107, 3991189.381455861032009 ], [ 8132224.552269142121077, 3991190.87442509829998 ], [ 8132224.850827163085341, 3991190.87442509829998 ], [ 8132226.045059248805046, 3991192.068800488486886 ], [ 8132226.045059248805046, 3991192.367394335567951 ], [ 8132226.343617269769311, 3991192.665988183114678 ], [ 8132226.045059248805046, 3991192.964582030661404 ], [ 8132226.045059248805046, 3991193.860363572835922 ], [ 8132225.746501226909459, 3991194.158957420382649 ], [ 8132225.746501226909459, 3991195.65192665765062 ], [ 8132225.447943205945194, 3991195.950520505197346 ], [ 8132225.447943205945194, 3991198.339271284639835 ], [ 8132223.955153099261224, 3991199.832240521907806 ], [ 8132223.955153099261224, 3991200.429428217001259 ], [ 8132223.656595078296959, 3991200.429428217001259 ], [ 8132223.059479035437107, 3991201.026615911629051 ], [ 8132222.760921014472842, 3991201.026615911629051 ] ] ] } },
{ "type": "Feature", "properties": { "confidence": 0.348, "class": 1, "regularized": "rectangle" }, "geometry": { "type": "Polygon", "coordinates": [ [ [ 8132310.0, 3991482.25 ], [ 8132305.0, 3991479.75 ], [ 8132308.0, 3991474.25 ], [ 8132313.0, 3991476.75 ], [ 8132310.0, 3991482.25 ] ] ] } },
{ "type": "Feature", "properties": { "confidence": 0.348, "class": 1, "regularized": "rectangle" }, "geometry": { "type": "Polygon", "coordinates": [ [ [ 8132283.5, 3991520.75 ], [ 8132277.5, 3991516.75 ], [ 8132280.5, 3991512.75 ], [ 8132286.5, 3991516.75 ], [ 8132283.5, 3991520.75 ] ] ] } },
{ "type": "Feature", "properties": { "confidence": 0.347, "class": 1, "regularized": "rectangle" }, "geometry": { "type": "Polygon", "coordinates": [ [ [ 8132698.0, 3991211.75 ], [ 8132694.0, 3991207.75 ], [ 8132699.0, 3991203.25 ], [ 8132703.0, 3991207.25 ], [ 8132698.0, 3991211.75 ] ] ] } },
{ "type": "Feature", "properties": { "confidence": 0.346, "class": 1, "regularized": "original" }, "geometry": { "type": "Polygon", "coordinates": [ [ [ 8132599.541143875569105, 3991003.058895052410662 ], [ 8132599.242585853673518, 3991002.760301204863936 ], [ 8132599.242585853673518, 3991002.163113510236144 ], [ 8132598.346911789849401, 3991001.267331967595965 ], [ 8132598.346911789849401, 3991000.968738120514899 ], [ 8132598.048353768885136, 3991000.670144272968173 ], [ 8132598.048353768885136, 3991000.371550425421447 ], [ 8132597.749795747920871, 3991000.07295657787472 ], [ 8132597.749795747920871, 3990999.177175035700202 ], [ 8132607.303652429021895, 3990999.177175035700202 ], [ 8132607.303652429021895, 3990999.475768883246928 ], [ 8132607.005094407126307, 3990999.774362730327994 ], [ 8132607.005094407126307, 3991000.371550425421447 ], [ 8132606.706536386162043, 3991000.670144272968173 ], [ 8132606.706536386162043, 3991000.968738120514899 ], [ 8132606.407978365197778, 3991000.968738120514899 ], [ 8132606.10942034330219, 3991001.267331967595965 ], [ 8132605.512304301373661, 3991001.267331967595965 ], [ 8132605.213746279478073, 3991001.565925815142691 ], [ 8132604.915188258513808, 3991001.565925815142691 ], [ 8132604.616630237549543, 3991001.864519662689418 ], [ 8132604.616630237549543, 3991002.760301204863936 ], [ 8132604.318072215653956, 3991002.760301204863936 ], [ 8132603.720956173725426, 3991002.163113510236144 ], [ 8132603.123840130865574, 3991002.163113510236144 ], [ 8132602.825282109901309, 3991002.461707357782871 ], [ 8132602.526724088005722, 3991002.461707357782871 ], [ 8132602.228166067041457, 3991002.760301204863936 ], [ 8132601.929608045145869, 3991002.760301204863936 ], [ 8132601.631050024181604, 3991003.058895052410662 ], [ 8132599.541143875569105, 3991003.058895052410662 ] ] ] } },
{ "type": "Feature", "properties": { "confidence": 0.345, "class": 1, "regularized": "original" }, "geometry": { "type": "Polygon", "coordinates": [ [ [ 8132723.442722707986832, 3991135.335969472769648 ], [ 8132723.144164687022567, 3991135.037375625222921 ], [ 8132722.547048644162714, 3991135.037375625222921 ], [ 8132721.949932602234185, 3991134.44018793059513 ], [ 8132721.651374580338597, 3991134.44018793059513 ], [ 8132721.352816559374332, 3991134.141594083048403 ], [ 8132721.352816559374332, 3991133.843000235501677 ], [ 8132721.054258538410068, 3991133.54440638795495 ], [ 8132721.054258538410068, 3991132.947218693327159 ], [ 8132721.352816559374332, 3991132.648624845780432 ], [ 8132721.352816559374332, 3991132.051437150686979 ], [ 8132721.651374580338597, 3991131.752843303605914 ], [ 8132721.651374580338597, 3991131.155655608512461 ], [ 8132721.949932602234185, 3991130.857061760965735 ], [ 8132721.949932602234185, 3991130.259874066337943 ], [ 8132722.24849062319845, 3991129.961280218791217 ], [ 8132722.24849062319845, 3991128.468310981523246 ], [ 8132722.547048644162714, 3991128.169717133976519 ], [ 8132723.144164687022567, 3991128.169717133976519 ], [ 8132723.442722707986832, 3991128.468310981523246 ], [ 8132724.039838750846684, 3991128.468310981523246 ], [ 8132724.636954793706536, 3991129.065498676151037 ], [ 8132724.935512814670801, 3991129.065498676151037 ], [ 8132725.234070835635066, 3991129.364092523697764 ], [ 8132725.532628857530653, 3991129.364092523697764 ], [ 8132726.428302921354771, 3991130.259874066337943 ], [ 8132726.726860942319036, 3991130.259874066337943 ], [ 8132727.323976985178888, 3991130.857061760965735 ], [ 8132727.323976985178888, 3991131.454249456059188 ], [ 8132725.532628857530653, 3991133.245812540873885 ], [ 8132725.532628857530653, 3991133.54440638795495 ], [ 8132725.234070835635066, 3991133.843000235501677 ], [ 8132725.234070835635066, 3991134.141594083048403 ], [ 8132724.935512814670801, 3991134.44018793059513 ], [ 8132724.935512814670801, 3991134.738781777676195 ], [ 8132724.338396771810949, 3991135.335969472769648 ], [ 8132723.442722707986832, 3991135.335969472769648 ] ] ] } },
{ "type": "Feature", "properties": { "confidence": 0.341, "class": 1, "regularized": "rectangle" }, "geometry": { "type": "Polygon", "coordinates": [ [ [ 8132646.0, 3991362.25 ], [ 8132641.0, 3991362.25 ], [ 8132641.0, 3991354.75 ], [ 8132646.0, 3991354.75 ], [ 8132646.0, 3991362.25 ] ] ] } },
{ "type": "Feature", "properties": { "confidence": 0.34, "class": 1, "regularized": "original" }, "geometry": { "type": "Polygon", "coordinates": [ [ [ 8132308.447073123417795, 3991371.523702805861831 ], [ 8132308.148515101522207, 3991371.225108958315104 ], [ 8132308.148515101522207, 3991370.03073356859386 ], [ 8132307.551399059593678, 3991369.433545873500407 ], [ 8132307.25284103769809, 3991369.433545873500407 ], [ 8132306.954283016733825, 3991369.13495202595368 ], [ 8132306.65572499576956, 3991369.13495202595368 ], [ 8132306.357166973873973, 3991368.836358178872615 ], [ 8132306.357166973873973, 3991368.537764331325889 ], [ 8132306.058608952909708, 3991368.239170483779162 ], [ 8132306.058608952909708, 3991367.641982788685709 ], [ 8132305.760050931945443, 3991367.343388941604644 ], [ 8132305.760050931945443, 3991366.447607398964465 ], [ 8132305.461492910049856, 3991366.149013551417738 ], [ 8132305.461492910049856, 3991364.058856619521976 ], [ 8132307.25284103769809, 3991364.058856619521976 ], [ 8132307.551399059593678, 3991363.760262771975249 ], [ 8132308.447073123417795, 3991363.760262771975249 ], [ 8132309.044189165346324, 3991364.357450467068702 ], [ 8132309.044189165346324, 3991364.656044314615428 ], [ 8132309.342747187241912, 3991364.954638161696494 ], [ 8132309.342747187241912, 3991365.25323200924322 ], [ 8132310.536979272030294, 3991366.447607398964465 ], [ 8132310.536979272030294, 3991368.239170483779162 ], [ 8132310.238421251066029, 3991368.537764331325889 ], [ 8132310.238421251066029, 3991370.926515110768378 ], [ 8132309.939863229170442, 3991371.225108958315104 ], [ 8132309.939863229170442, 3991371.523702805861831 ], [ 8132308.447073123417795, 3991371.523702805861831 ] ] ] } },
{ "type": "Feature", "properties": { "confidence": 0.339, "class": 1, "regularized": "rectangle" }, "geometry": { "type": "Polygon", "coordinates": [ [ [ 8132791.0, 3991236.75 ], [ 8132786.0, 3991234.25 ], [ 8132789.0, 3991228.25 ], [ 8132794.0, 3991230.75 ], [ 8132791.0, 3991236.75 ] ] ] } },
{ "type": "Feature", "properties": { "confidence": 0.335, "class": 1, "regularized": "original" }, "geometry": { "type": "Polygon", "coordinates": [ [ [ 8132696.871058814227581, 3991199.53364667436108 ], [ 8132696.572500792331994, 3991199.235052827280015 ], [ 8132696.273942771367729, 3991199.235052827280015 ], [ 8132695.975384750403464, 3991198.936458979733288 ], [ 8132695.975384750403464, 3991195.65192665765062 ], [ 8132695.676826728507876, 3991195.353332810103893 ], [ 8132695.676826728507876, 3991194.158957420382649 ], [ 8132695.975384750403464, 3991193.860363572835922 ], [ 8132695.975384750403464, 3991193.561769725754857 ], [ 8132696.273942771367729, 3991193.263175878208131 ], [ 8132696.273942771367729, 3991192.367394335567951 ], [ 8132698.363848919980228, 3991192.367394335567951 ], [ 8132698.363848919980228, 3991192.665988183114678 ], [ 8132699.856639026664197, 3991194.158957420382649 ], [ 8132700.752313090488315, 3991194.158957420382649 ], [ 8132701.349429133348167, 3991194.756145115476102 ], [ 8132701.349429133348167, 3991195.353332810103893 ], [ 8132701.050871112383902, 3991195.65192665765062 ], [ 8132701.050871112383902, 3991195.950520505197346 ], [ 8132700.155197048559785, 3991196.846302047371864 ], [ 8132700.155197048559785, 3991197.144895894918591 ], [ 8132699.558081005699933, 3991197.742083590012044 ], [ 8132699.558081005699933, 3991198.040677437093109 ], [ 8132699.259522984735668, 3991198.339271284639835 ], [ 8132698.96096496284008, 3991198.339271284639835 ], [ 8132698.662406941875815, 3991198.637865132186562 ], [ 8132698.363848919980228, 3991198.637865132186562 ], [ 8132697.468174856156111, 3991199.53364667436108 ], [ 8132696.871058814227581, 3991199.53364667436108 ] ] ] } },
{ "type": "Feature", "properties": { "confidence": 0.329, "class": 1, "regularized": "rectangle" }, "geometry": { "type": "Polygon", "coordinates": [ [ [ 8132787.0, 3991032.75 ], [ 8132782.0, 3991028.75 ], [ 8132786.0, 3991024.75 ], [ 8132791.0, 3991028.75 ], [ 8132787.0, 3991032.75 ] ] ] } },
{ "type": "Feature", "properties": { "confidence": 0.328, "class": 1, "regularized": "original" }, "geometry": { "type": "Polygon", "coordinates": [ [ [ 8132570.28245778940618, 3991594.871900698170066 ], [ 8132569.983899768441916, 3991594.573306851089001 ], [ 8132569.685341746546328, 3991594.573306851089001 ], [ 8132569.088225704617798, 3991593.976119155995548 ], [ 8132568.789667682722211, 3991593.976119155995548 ], [ 8132568.192551640793681, 3991593.378931460902095 ], [ 8132567.893993618898094, 3991593.378931460902095 ], [ 8132567.893993618898094, 3991592.781743766274303 ], [ 8132567.595435597933829, 3991592.483149918727577 ], [ 8132567.595435597933829, 3991591.288774529006332 ], [ 8132567.296877576969564, 3991590.990180681459606 ], [ 8132567.296877576969564, 3991590.691586833912879 ], [ 8132566.998319555073977, 3991590.392992986366153 ], [ 8132566.998319555073977, 3991587.407054512295872 ], [ 8132567.595435597933829, 3991587.407054512295872 ], [ 8132567.893993618898094, 3991587.705648359376937 ], [ 8132568.192551640793681, 3991587.705648359376937 ], [ 8132568.491109661757946, 3991588.004242206923664 ], [ 8132568.789667682722211, 3991588.004242206923664 ], [ 8132569.088225704617798, 3991588.30283605447039 ], [ 8132569.685341746546328, 3991588.30283605447039 ], [ 8132569.685341746546328, 3991588.601429902017117 ], [ 8132569.983899768441916, 3991588.900023749563843 ], [ 8132570.28245778940618, 3991588.900023749563843 ], [ 8132570.879573832266033, 3991589.497211444191635 ], [ 8132571.178131853230298, 3991589.497211444191635 ], [ 8132571.178131853230298, 3991589.795805291738361 ], [ 8132571.77524789609015, 3991590.392992986366153 ], [ 8132572.073805917054415, 3991590.392992986366153 ], [ 8132572.37236393801868, 3991590.691586833912879 ], [ 8132572.670921959914267, 3991590.691586833912879 ], [ 8132572.670921959914267, 3991590.990180681459606 ], [ 8132572.37236393801868, 3991591.288774529006332 ], [ 8132572.37236393801868, 3991591.885962223634124 ], [ 8132572.073805917054415, 3991592.18455607118085 ], [ 8132572.073805917054415, 3991592.483149918727577 ], [ 8132571.77524789609015, 3991592.781743766274303 ], [ 8132571.77524789609015, 3991593.378931460902095 ], [ 8132571.476689874194562, 3991593.677525308448821 ], [ 8132571.476689874194562, 3991594.871900698170066 ], [ 8132570.28245778940618, 3991594.871900698170066 ] ] ] } },
{ "type": "Feature", "properties": { "confidence": 0.328, "class": 1, "regularized": "rectangle" }, "geometry": { "type": "Polygon", "coordinates": [ [ [ 8132275.5, 3991512.25 ], [ 8132269.5, 3991508.25 ], [ 8132272.5, 3991504.25 ], [ 8132278.5, 3991508.25 ], [ 8132275.5, 3991512.25 ] ] ] } },
{ "type": "Feature", "properties": { "confidence": 0.326, "class": 1, "regularized": "rectangle" }, "geometry": { "type": "Polygon", "coordinates": [ [ [ 8132995.5, 3991151.75 ], [ 8132990.5, 3991148.25 ], [ 8132993.5, 3991143.75 ], [ 8132998.5, 3991147.25 ], [ 8132995.5, 3991151.75 ] ] ] } },
{ "type": "Feature", "properties": { "confidence": 0.324, "class": 1, "regularized": "rectangle" }, "geometry": { "type": "Polygon", "coordinates": [ [ [ 8132813.5, 3991046.25 ], [ 8132808.5, 3991042.75 ], [ 8132811.5, 3991038.25 ], [ 8132816.5, 3991041.75 ], [ 8132813.5, 3991046.25 ] ] ] } },
{ "type": "Feature", "properties": { "confidence": 0.322, "class": 1, "regularized": "original" }, "geometry": { "type": "Polygon", "coordinates": [ [ [ 8132312.029769378714263, 3991496.634524887427688 ], [ 8132311.731211356818676, 3991496.335931039880961 ], [ 8132311.134095314890146, 3991496.335931039880961 ], [ 8132310.835537292994559, 3991496.037337192334235 ], [ 8132310.536979272030294, 3991496.037337192334235 ], [ 8132309.939863229170442, 3991495.440149497706443 ], [ 8132309.641305208206177, 3991495.440149497706443 ], [ 8132309.342747187241912, 3991495.141555650159717 ], [ 8132309.342747187241912, 3991494.84296180261299 ], [ 8132309.044189165346324, 3991494.544367955066264 ], [ 8132309.044189165346324, 3991493.947180260438472 ], [ 8132309.342747187241912, 3991493.648586412891746 ], [ 8132309.342747187241912, 3991492.752804870251566 ], [ 8132309.641305208206177, 3991492.454211023170501 ], [ 8132309.641305208206177, 3991492.155617175623775 ], [ 8132310.238421251066029, 3991491.558429480530322 ], [ 8132310.238421251066029, 3991491.259835632983595 ], [ 8132310.835537292994559, 3991490.662647938355803 ], [ 8132310.835537292994559, 3991490.364054090809077 ], [ 8132311.134095314890146, 3991490.364054090809077 ], [ 8132312.029769378714263, 3991489.468272548634559 ], [ 8132312.328327399678528, 3991489.468272548634559 ], [ 8132312.328327399678528, 3991490.065460243262351 ], [ 8132312.626885420642793, 3991490.364054090809077 ], [ 8132312.925443442538381, 3991490.364054090809077 ], [ 8132314.41823354922235, 3991491.857023328077048 ], [ 8132314.716791570186615, 3991491.857023328077048 ], [ 8132314.716791570186615, 3991493.349992565345019 ], [ 8132314.119675527326763, 3991493.947180260438472 ], [ 8132314.119675527326763, 3991494.245774107519537 ], [ 8132313.52255948446691, 3991494.84296180261299 ], [ 8132313.52255948446691, 3991495.141555650159717 ], [ 8132313.224001463502645, 3991495.440149497706443 ], [ 8132313.224001463502645, 3991496.634524887427688 ], [ 8132312.029769378714263, 3991496.634524887427688 ] ] ] } },
{ "type": "Feature", "properties": { "confidence": 0.317, "class": 1, "regularized": "original" }, "geometry": { "type": "Polygon", "coordinates": [ [ [ 8132545.203584001399577, 3991322.554311824031174 ], [ 8132544.905025980435312, 3991322.255717976484448 ], [ 8132544.606467958539724, 3991322.255717976484448 ], [ 8132544.307909937575459, 3991321.957124128937721 ], [ 8132544.009351916611195, 3991321.957124128937721 ], [ 8132543.113677852787077, 3991321.061342586763203 ], [ 8132543.113677852787077, 3991320.762748739216477 ], [ 8132542.81511983089149, 3991320.46415489166975 ], [ 8132542.81511983089149, 3991319.269779501948506 ], [ 8132542.516561809927225, 3991318.971185654401779 ], [ 8132542.516561809927225, 3991318.373997959773988 ], [ 8132541.919445767067373, 3991317.776810264680535 ], [ 8132541.919445767067373, 3991316.881028722506016 ], [ 8132542.21800378896296, 3991316.58243487495929 ], [ 8132542.21800378896296, 3991316.283841027412564 ], [ 8132542.81511983089149, 3991315.686653332784772 ], [ 8132543.113677852787077, 3991315.686653332784772 ], [ 8132543.412235873751342, 3991315.985247179865837 ], [ 8132544.009351916611195, 3991315.985247179865837 ], [ 8132544.606467958539724, 3991316.58243487495929 ], [ 8132544.905025980435312, 3991316.58243487495929 ], [ 8132546.099258065223694, 3991317.776810264680535 ], [ 8132546.397816087119281, 3991317.776810264680535 ], [ 8132546.696374108083546, 3991318.075404112227261 ], [ 8132547.293490150943398, 3991318.075404112227261 ], [ 8132547.592048171907663, 3991318.373997959773988 ], [ 8132547.890606192871928, 3991318.373997959773988 ], [ 8132547.890606192871928, 3991318.672591807320714 ], [ 8132548.189164214767516, 3991318.971185654401779 ], [ 8132547.890606192871928, 3991319.269779501948506 ], [ 8132547.890606192871928, 3991319.568373349495232 ], [ 8132547.592048171907663, 3991319.866967197041959 ], [ 8132547.592048171907663, 3991320.165561044123024 ], [ 8132547.293490150943398, 3991320.46415489166975 ], [ 8132547.293490150943398, 3991320.762748739216477 ], [ 8132546.994932129047811, 3991321.061342586763203 ], [ 8132546.994932129047811, 3991321.35993643430993 ], [ 8132546.696374108083546, 3991321.658530281390995 ], [ 8132546.696374108083546, 3991321.957124128937721 ], [ 8132546.099258065223694, 3991322.554311824031174 ], [ 8132545.203584001399577, 3991322.554311824031174 ] ] ] } },
{ "type": "Feature", "properties": { "confidence": 0.313, "class": 1, "regularized": "rectangle" }, "geometry": { "type": "Polygon", "coordinates": [ [ [ 8132954.0, 3991046.75 ], [ 8132945.0, 3991042.25 ], [ 8132946.0, 3991039.25 ], [ 8132955.0, 3991043.75 ], [ 8132954.0, 3991046.75 ] ] ] } },
{ "type": "Feature", "properties": { "confidence": 0.312, "class": 1, "regularized": "original" }, "geometry": { "type": "Polygon", "coordinates": [ [ [ 8132733.892253452911973, 3991480.510457125026733 ], [ 8132733.593695431947708, 3991480.211863277480006 ], [ 8132732.996579389087856, 3991480.211863277480006 ], [ 8132732.698021368123591, 3991479.91326942993328 ], [ 8132732.698021368123591, 3991479.614675582852215 ], [ 8132732.399463347159326, 3991479.316081735305488 ], [ 8132732.399463347159326, 3991476.927330955397338 ], [ 8132732.698021368123591, 3991476.628737108316272 ], [ 8132732.698021368123591, 3991476.03154941322282 ], [ 8132732.996579389087856, 3991475.732955565676093 ], [ 8132732.996579389087856, 3991475.135767871048301 ], [ 8132733.295137410983443, 3991474.837174023501575 ], [ 8132733.295137410983443, 3991474.239986328408122 ], [ 8132733.892253452911973, 3991473.64279863378033 ], [ 8132733.892253452911973, 3991473.344204786233604 ], [ 8132734.19081147480756, 3991473.045610938686877 ], [ 8132735.086485538631678, 3991473.045610938686877 ], [ 8132735.683601580560207, 3991473.64279863378033 ], [ 8132735.982159602455795, 3991473.64279863378033 ], [ 8132736.877833666279912, 3991474.538580175954849 ], [ 8132737.176391687244177, 3991474.538580175954849 ], [ 8132737.773507730104029, 3991475.135767871048301 ], [ 8132737.474949709139764, 3991475.434361718129367 ], [ 8132737.474949709139764, 3991476.03154941322282 ], [ 8132737.176391687244177, 3991476.330143260769546 ], [ 8132737.176391687244177, 3991476.628737108316272 ], [ 8132736.28071762342006, 3991477.524518650490791 ], [ 8132736.28071762342006, 3991477.823112498037517 ], [ 8132735.982159602455795, 3991478.121706345584244 ], [ 8132735.982159602455795, 3991478.420300192665309 ], [ 8132735.086485538631678, 3991479.316081735305488 ], [ 8132735.086485538631678, 3991479.614675582852215 ], [ 8132734.78792751673609, 3991479.91326942993328 ], [ 8132734.78792751673609, 3991480.211863277480006 ], [ 8132734.489369495771825, 3991480.510457125026733 ], [ 8132733.892253452911973, 3991480.510457125026733 ] ] ] } },
{ "type": "Feature", "properties": { "confidence": 0.312, "class": 1, "regularized": "original" }, "geometry": { "type": "Polygon", "coordinates": [ [ [ 8132354.425008401274681, 3991291.799145536497235 ], [ 8132354.126450379379094, 3991291.500551688950509 ], [ 8132353.827892358414829, 3991291.500551688950509 ], [ 8132353.230776315554976, 3991290.903363994322717 ], [ 8132352.633660273626447, 3991290.903363994322717 ], [ 8132352.335102251730859, 3991290.604770146775991 ], [ 8132352.036544230766594, 3991290.604770146775991 ], [ 8132351.737986208871007, 3991290.306176299229264 ], [ 8132351.439428187906742, 3991290.306176299229264 ], [ 8132351.140870166942477, 3991290.007582451682538 ], [ 8132350.543754124082625, 3991290.007582451682538 ], [ 8132349.946638081222773, 3991289.410394757054746 ], [ 8132349.946638081222773, 3991289.11180090950802 ], [ 8132349.349522039294243, 3991288.514613214414567 ], [ 8132349.349522039294243, 3991287.021643977612257 ], [ 8132350.24519610311836, 3991286.125862434972078 ], [ 8132350.543754124082625, 3991286.125862434972078 ], [ 8132350.84231214504689, 3991285.827268587425351 ], [ 8132351.140870166942477, 3991285.827268587425351 ], [ 8132351.439428187906742, 3991285.528674740344286 ], [ 8132351.737986208871007, 3991285.827268587425351 ], [ 8132352.036544230766594, 3991285.827268587425351 ], [ 8132352.335102251730859, 3991286.125862434972078 ], [ 8132352.633660273626447, 3991286.125862434972078 ], [ 8132352.932218294590712, 3991286.424456282518804 ], [ 8132353.827892358414829, 3991286.424456282518804 ], [ 8132354.425008401274681, 3991287.021643977612257 ], [ 8132354.425008401274681, 3991287.618831672240049 ], [ 8132354.723566422238946, 3991287.917425519786775 ], [ 8132354.723566422238946, 3991288.813207061961293 ], [ 8132355.917798507027328, 3991290.007582451682538 ], [ 8132355.917798507027328, 3991291.500551688950509 ], [ 8132355.619240486063063, 3991291.500551688950509 ], [ 8132355.320682465098798, 3991291.799145536497235 ], [ 8132354.425008401274681, 3991291.799145536497235 ] ] ] } },
{ "type": "Feature", "properties": { "confidence": 0.311, "class": 1, "regularized": "rectangle" }, "geometry": { "type": "Polygon", "coordinates": [ [ [ 8132267.5, 3991339.5 ], [ 8132260.5, 3991339.5 ], [ 8132260.5, 3991334.5 ], [ 8132267.5, 3991334.5 ], [ 8132267.5, 3991339.5 ] ] ] } },
{ "type": "Feature", "properties": { "confidence": 0.309, "class": 1, "regularized": "original" }, "geometry": { "type": "Polygon", "coordinates": [ [ [ 8132533.261263149790466, 3991107.566741659771651 ], [ 8132532.962705128826201, 3991107.268147812690586 ], [ 8132532.664147107861936, 3991107.268147812690586 ], [ 8132532.067031065002084, 3991106.670960117597133 ], [ 8132531.768473044037819, 3991106.670960117597133 ], [ 8132531.469915022142231, 3991106.372366270050406 ], [ 8132531.171357001177967, 3991106.372366270050406 ], [ 8132530.872798980213702, 3991106.07377242250368 ], [ 8132530.574240958318114, 3991106.07377242250368 ], [ 8132528.78289283066988, 3991104.282209338154644 ], [ 8132528.484334809705615, 3991104.282209338154644 ], [ 8132527.887218766845763, 3991103.685021643061191 ], [ 8132527.887218766845763, 3991103.386427795514464 ], [ 8132527.290102724917233, 3991102.789240100886673 ], [ 8132527.290102724917233, 3991102.19205240579322 ], [ 8132527.588660745881498, 3991101.893458558246493 ], [ 8132527.588660745881498, 3991101.594864711165428 ], [ 8132527.887218766845763, 3991101.296270863618702 ], [ 8132528.484334809705615, 3991101.296270863618702 ], [ 8132528.78289283066988, 3991100.997677016071975 ], [ 8132529.977124916389585, 3991100.997677016071975 ], [ 8132530.574240958318114, 3991101.594864711165428 ], [ 8132531.171357001177967, 3991101.594864711165428 ], [ 8132531.171357001177967, 3991101.893458558246493 ], [ 8132531.469915022142231, 3991102.19205240579322 ], [ 8132531.768473044037819, 3991102.19205240579322 ], [ 8132532.067031065002084, 3991102.490646253339946 ], [ 8132532.365589085966349, 3991102.490646253339946 ], [ 8132532.962705128826201, 3991103.087833948433399 ], [ 8132532.962705128826201, 3991103.386427795514464 ], [ 8132533.559821171686053, 3991103.983615490607917 ], [ 8132533.559821171686053, 3991104.282209338154644 ], [ 8132533.858379192650318, 3991104.580803185235709 ], [ 8132533.858379192650318, 3991106.07377242250368 ], [ 8132534.156937213614583, 3991106.372366270050406 ], [ 8132534.156937213614583, 3991107.268147812690586 ], [ 8132533.858379192650318, 3991107.566741659771651 ], [ 8132533.261263149790466, 3991107.566741659771651 ] ] ] } },
{ "type": "Feature", "properties": { "confidence": 0.308, "class": 1, "regularized": "original" }, "geometry": { "type": "Polygon", "coordinates": [ [ [ 8132396.521689401939511, 3991024.557652068790048 ], [ 8132396.223131380975246, 3991024.259058221243322 ], [ 8132395.924573359079659, 3991024.259058221243322 ], [ 8132395.626015338115394, 3991023.960464374162257 ], [ 8132395.327457317151129, 3991023.960464374162257 ], [ 8132395.028899295255542, 3991023.66187052661553 ], [ 8132394.730341274291277, 3991023.66187052661553 ], [ 8132394.133225231431425, 3991023.064682831522077 ], [ 8132394.133225231431425, 3991022.766088983975351 ], [ 8132393.83466721046716, 3991022.467495136894286 ], [ 8132394.133225231431425, 3991022.168901289347559 ], [ 8132394.133225231431425, 3991021.571713594254106 ], [ 8132395.626015338115394, 3991020.078744356986135 ], [ 8132395.626015338115394, 3991019.780150509439409 ], [ 8132396.521689401939511, 3991018.884368967264891 ], [ 8132396.820247422903776, 3991018.884368967264891 ], [ 8132397.118805444799364, 3991018.585775119718164 ], [ 8132397.417363465763628, 3991018.585775119718164 ], [ 8132397.715921486727893, 3991018.287181272171438 ], [ 8132397.715921486727893, 3991017.988587425090373 ], [ 8132398.014479508623481, 3991017.988587425090373 ], [ 8132398.611595550552011, 3991017.39139972999692 ], [ 8132400.10438565723598, 3991017.39139972999692 ], [ 8132400.10438565723598, 3991017.988587425090373 ], [ 8132400.402943678200245, 3991018.287181272171438 ], [ 8132400.402943678200245, 3991018.884368967264891 ], [ 8132400.10438565723598, 3991019.182962814811617 ], [ 8132400.10438565723598, 3991019.780150509439409 ], [ 8132399.208711593411863, 3991020.675932052079588 ], [ 8132399.208711593411863, 3991020.974525899626315 ], [ 8132398.611595550552011, 3991021.571713594254106 ], [ 8132398.611595550552011, 3991021.870307441800833 ], [ 8132398.014479508623481, 3991022.467495136894286 ], [ 8132398.014479508623481, 3991022.766088983975351 ], [ 8132397.715921486727893, 3991023.064682831522077 ], [ 8132397.715921486727893, 3991023.363276679068804 ], [ 8132397.417363465763628, 3991023.66187052661553 ], [ 8132397.417363465763628, 3991024.259058221243322 ], [ 8132397.118805444799364, 3991024.557652068790048 ], [ 8132396.521689401939511, 3991024.557652068790048 ] ] ] } },
{ "type": "Feature", "properties": { "confidence": 0.305, "class": 1, "regularized": "rectangle" }, "geometry": { "type": "Polygon", "coordinates": [ [ [ 8132791.0, 3991268.0 ], [ 8132787.0, 3991268.0 ], [ 8132787.0, 3991260.5 ], [ 8132791.0, 3991260.5 ], [ 8132791.0, 3991268.0 ] ] ] } },
{ "type": "Feature", "properties": { "confidence": 0.304, "class": 1, "regularized": "original" }, "geometry": { "type": "Polygon", "coordinates": [ [ [ 8132718.665794367901981, 3991281.945548570714891 ], [ 8132718.367236346937716, 3991281.646954723168164 ], [ 8132718.068678325042129, 3991281.646954723168164 ], [ 8132717.173004261218011, 3991280.751173180993646 ], [ 8132717.173004261218011, 3991280.45257933344692 ], [ 8132715.680214154534042, 3991278.959610096178949 ], [ 8132715.680214154534042, 3991275.077890079468489 ], [ 8132716.277330197393894, 3991274.480702384375036 ], [ 8132716.277330197393894, 3991274.182108536828309 ], [ 8132716.874446240253747, 3991273.584920842200518 ], [ 8132717.173004261218011, 3991273.584920842200518 ], [ 8132717.471562282182276, 3991273.286326994653791 ], [ 8132718.665794367901981, 3991273.286326994653791 ], [ 8132718.964352388866246, 3991273.584920842200518 ], [ 8132718.964352388866246, 3991277.168047011364251 ], [ 8132719.262910410761833, 3991277.466640858910978 ], [ 8132719.262910410761833, 3991281.348360875621438 ], [ 8132718.964352388866246, 3991281.646954723168164 ], [ 8132718.964352388866246, 3991281.945548570714891 ], [ 8132718.665794367901981, 3991281.945548570714891 ] ] ] } },
{ "type": "Feature", "properties": { "confidence": 0.302, "class": 1, "regularized": "original" }, "geometry": { "type": "Polygon", "coordinates": [ [ [ 8132594.167099492624402, 3991031.723904407583177 ], [ 8132593.868541470728815, 3991031.425310560036451 ], [ 8132593.56998344976455, 3991031.425310560036451 ], [ 8132593.271425428800285, 3991031.126716712955385 ], [ 8132592.972867406904697, 3991031.126716712955385 ], [ 8132592.674309385940433, 3991030.828122865408659 ], [ 8132592.674309385940433, 3991029.93234132276848 ], [ 8132592.972867406904697, 3991029.633747475687414 ], [ 8132592.972867406904697, 3991028.439372085500509 ], [ 8132593.271425428800285, 3991028.140778238419443 ], [ 8132593.271425428800285, 3991027.842184390872717 ], [ 8132593.56998344976455, 3991027.54359054332599 ], [ 8132593.56998344976455, 3991026.946402848232538 ], [ 8132593.868541470728815, 3991026.647809001151472 ], [ 8132594.167099492624402, 3991026.647809001151472 ], [ 8132594.465657513588667, 3991026.349215153604746 ], [ 8132594.764215534552932, 3991026.349215153604746 ], [ 8132595.062773556448519, 3991026.050621306058019 ], [ 8132595.062773556448519, 3991025.752027458511293 ], [ 8132596.555563662201166, 3991024.259058221243322 ], [ 8132596.555563662201166, 3991023.960464374162257 ], [ 8132597.749795747920871, 3991023.960464374162257 ], [ 8132597.749795747920871, 3991026.647809001151472 ], [ 8132597.451237726025283, 3991026.946402848232538 ], [ 8132597.451237726025283, 3991027.54359054332599 ], [ 8132597.152679705061018, 3991027.842184390872717 ], [ 8132597.152679705061018, 3991028.439372085500509 ], [ 8132596.854121684096754, 3991028.737965933047235 ], [ 8132596.854121684096754, 3991029.036559780593961 ], [ 8132596.555563662201166, 3991029.335153628140688 ], [ 8132596.555563662201166, 3991029.93234132276848 ], [ 8132596.257005641236901, 3991030.230935170315206 ], [ 8132596.257005641236901, 3991030.828122865408659 ], [ 8132595.361331577412784, 3991031.723904407583177 ], [ 8132594.167099492624402, 3991031.723904407583177 ] ] ] } },
{ "type": "Feature", "properties": { "confidence": 0.3, "class": 1, "regularized": "rectangle" }, "geometry": { "type": "Polygon", "coordinates": [ [ [ 8133002.0, 3991220.0 ], [ 8132996.0, 3991216.5 ], [ 8132998.0, 3991212.5 ], [ 8133004.0, 3991216.0 ], [ 8133002.0, 3991220.0 ] ] ] } },
{ "type": "Feature", "properties": { "confidence": 0.299, "class": 1, "regularized": "original" }, "geometry": { "type": "Polygon", "coordinates": [ [ [ 8132849.43420768994838, 3991479.017487887758762 ], [ 8132849.43420768994838, 3991474.538580175954849 ], [ 8132849.732765711843967, 3991474.239986328408122 ], [ 8132849.732765711843967, 3991471.25404785387218 ], [ 8132850.031323732808232, 3991470.955454006791115 ], [ 8132850.031323732808232, 3991470.656860159244388 ], [ 8132850.329881753772497, 3991470.358266311697662 ], [ 8132850.329881753772497, 3991469.462484769523144 ], [ 8132850.628439775668085, 3991469.761078616604209 ], [ 8132851.822671860456467, 3991469.761078616604209 ], [ 8132852.121229881420732, 3991470.059672464150935 ], [ 8132852.718345924280584, 3991470.059672464150935 ], [ 8132853.016903946176171, 3991470.358266311697662 ], [ 8132853.315461967140436, 3991470.358266311697662 ], [ 8132853.614019988104701, 3991470.656860159244388 ], [ 8132853.614019988104701, 3991470.955454006791115 ], [ 8132853.912578010000288, 3991471.25404785387218 ], [ 8132853.614019988104701, 3991471.552641701418906 ], [ 8132853.614019988104701, 3991472.149829396512359 ], [ 8132853.315461967140436, 3991472.448423244059086 ], [ 8132853.315461967140436, 3991472.747017091140151 ], [ 8132853.016903946176171, 3991473.045610938686877 ], [ 8132853.016903946176171, 3991473.344204786233604 ], [ 8132852.718345924280584, 3991473.64279863378033 ], [ 8132852.718345924280584, 3991473.941392480861396 ], [ 8132852.419787903316319, 3991474.239986328408122 ], [ 8132852.419787903316319, 3991474.837174023501575 ], [ 8132851.822671860456467, 3991475.434361718129367 ], [ 8132851.822671860456467, 3991475.732955565676093 ], [ 8132851.225555817596614, 3991476.330143260769546 ], [ 8132851.225555817596614, 3991476.628737108316272 ], [ 8132850.926997796632349, 3991476.927330955397338 ], [ 8132850.926997796632349, 3991477.524518650490791 ], [ 8132850.031323732808232, 3991478.420300192665309 ], [ 8132850.031323732808232, 3991478.718894040212035 ], [ 8132849.732765711843967, 3991479.017487887758762 ], [ 8132849.43420768994838, 3991479.017487887758762 ] ] ] } },
{ "type": "Feature", "properties": { "confidence": 0.297, "class": 1, "regularized": "rectangle" }, "geometry": { "type": "Polygon", "coordinates": [ [ [ 8132894.5, 3991104.75 ], [ 8132889.5, 3991100.25 ], [ 8132892.5, 3991096.75 ], [ 8132897.5, 3991101.25 ], [ 8132894.5, 3991104.75 ] ] ] } },
{ "type": "Feature", "properties": { "confidence": 0.297, "class": 1, "regularized": "original" }, "geometry": { "type": "Polygon", "coordinates": [ [ [ 8132666.119582621380687, 3991188.784268166404217 ], [ 8132665.821024600416422, 3991188.485674318857491 ], [ 8132665.522466579452157, 3991188.485674318857491 ], [ 8132665.22390855755657, 3991188.187080471310765 ], [ 8132664.925350536592305, 3991188.187080471310765 ], [ 8132664.328234493732452, 3991187.589892776682973 ], [ 8132664.029676472768188, 3991187.589892776682973 ], [ 8132663.731118451803923, 3991187.291298929136246 ], [ 8132663.432560429908335, 3991187.291298929136246 ], [ 8132662.835444387979805, 3991186.694111234042794 ], [ 8132662.536886366084218, 3991186.694111234042794 ], [ 8132661.939770324155688, 3991186.096923539415002 ], [ 8132661.641212302260101, 3991186.096923539415002 ], [ 8132661.044096260331571, 3991185.499735844321549 ], [ 8132661.044096260331571, 3991184.902548149693757 ], [ 8132661.342654281295836, 3991184.603954302147031 ], [ 8132661.342654281295836, 3991183.708172759506851 ], [ 8132661.641212302260101, 3991183.409578912425786 ], [ 8132661.939770324155688, 3991183.409578912425786 ], [ 8132662.238328345119953, 3991183.11098506487906 ], [ 8132663.731118451803923, 3991183.11098506487906 ], [ 8132664.029676472768188, 3991182.812391217332333 ], [ 8132665.22390855755657, 3991182.812391217332333 ], [ 8132665.22390855755657, 3991183.11098506487906 ], [ 8132665.522466579452157, 3991183.409578912425786 ], [ 8132665.522466579452157, 3991184.006766607053578 ], [ 8132665.821024600416422, 3991184.305360454600304 ], [ 8132665.821024600416422, 3991185.201141996774822 ], [ 8132666.716698664240539, 3991186.096923539415002 ], [ 8132667.015256685204804, 3991186.096923539415002 ], [ 8132667.313814707100391, 3991186.395517386961728 ], [ 8132667.612372728064656, 3991186.395517386961728 ], [ 8132667.910930749028921, 3991186.694111234042794 ], [ 8132667.910930749028921, 3991186.99270508158952 ], [ 8132668.209488770924509, 3991187.291298929136246 ], [ 8132667.313814707100391, 3991188.187080471310765 ], [ 8132667.313814707100391, 3991188.485674318857491 ], [ 8132667.015256685204804, 3991188.485674318857491 ], [ 8132666.716698664240539, 3991188.784268166404217 ], [ 8132666.119582621380687, 3991188.784268166404217 ] ] ] } },
{ "type": "Feature", "properties": { "confidence": 0.297, "class": 1, "regularized": "original" }, "geometry": { "type": "Polygon", "coordinates": [ [ [ 8132924.969387074932456, 3991339.275567281059921 ], [ 8132924.670829053968191, 3991338.976973433513194 ], [ 8132924.372271033003926, 3991338.976973433513194 ], [ 8132922.282364883460104, 3991336.886816501617432 ], [ 8132921.98380686249584, 3991336.886816501617432 ], [ 8132921.685248841531575, 3991336.588222654070705 ], [ 8132921.685248841531575, 3991335.692441111896187 ], [ 8132921.386690819635987, 3991335.393847264349461 ], [ 8132921.386690819635987, 3991335.095253416802734 ], [ 8132921.685248841531575, 3991334.796659569256008 ], [ 8132921.685248841531575, 3991334.199471874628216 ], [ 8132928.850641352124512, 3991334.199471874628216 ], [ 8132928.552083330228925, 3991334.498065722174942 ], [ 8132928.552083330228925, 3991335.095253416802734 ], [ 8132927.059293224476278, 3991336.588222654070705 ], [ 8132927.059293224476278, 3991336.886816501617432 ], [ 8132926.462177181616426, 3991337.484004196245223 ], [ 8132926.462177181616426, 3991337.78259804379195 ], [ 8132926.163619160652161, 3991338.081191891338676 ], [ 8132926.163619160652161, 3991338.379785738885403 ], [ 8132925.865061138756573, 3991338.678379586432129 ], [ 8132925.865061138756573, 3991338.976973433513194 ], [ 8132925.566503117792308, 3991339.275567281059921 ], [ 8132924.969387074932456, 3991339.275567281059921 ] ] ] } },
{ "type": "Feature", "properties": { "confidence": 0.296, "class": 1, "regularized": "rectangle" }, "geometry": { "type": "Polygon", "coordinates": [ [ [ 8132374.0, 3991319.5 ], [ 8132367.0, 3991315.0 ], [ 8132369.0, 3991311.5 ], [ 8132376.0, 3991316.0 ], [ 8132374.0, 3991319.5 ] ] ] } },
{ "type": "Feature", "properties": { "confidence": 0.296, "class": 1, "regularized": "rectangle" }, "geometry": { "type": "Polygon", "coordinates": [ [ [ 8132849.0, 3991154.25 ], [ 8132844.0, 3991149.25 ], [ 8132847.0, 3991145.75 ], [ 8132852.0, 3991150.75 ], [ 8132849.0, 3991154.25 ] ] ] } },
{ "type": "Feature", "properties": { "confidence": 0.294, "class": 1, "regularized": "rectangle" }, "geometry": { "type": "Polygon", "coordinates": [ [ [ 8132457.5, 3991567.0 ], [ 8132452.5, 3991567.0 ], [ 8132452.5, 3991561.0 ], [ 8132457.5, 3991561.0 ], [ 8132457.5, 3991567.0 ] ] ] } },
{ "type": "Feature", "properties": { "confidence": 0.293, "class": 1, "regularized": "original" }, "geometry": { "type": "Polygon", "coordinates": [ [ [ 8132607.303652429021895, 3991256.863665385171771 ], [ 8132607.303652429021895, 3991256.565071537625045 ], [ 8132607.60221044998616, 3991256.266477690078318 ], [ 8132607.60221044998616, 3991254.773508452810347 ], [ 8132608.199326492846012, 3991254.176320757716894 ], [ 8132608.199326492846012, 3991253.877726910635829 ], [ 8132608.796442534774542, 3991253.280539215542376 ], [ 8132608.796442534774542, 3991252.98194536799565 ], [ 8132609.095000556670129, 3991252.683351520448923 ], [ 8132609.095000556670129, 3991251.787569978274405 ], [ 8132609.990674620494246, 3991250.891788436099887 ], [ 8132609.990674620494246, 3991250.59319458855316 ], [ 8132610.587790662422776, 3991249.996006893459707 ], [ 8132611.782022748142481, 3991249.996006893459707 ], [ 8132612.080580769106746, 3991250.294600741006434 ], [ 8132612.379138790071011, 3991250.294600741006434 ], [ 8132612.677696811966598, 3991250.59319458855316 ], [ 8132612.976254832930863, 3991250.59319458855316 ], [ 8132612.976254832930863, 3991251.787569978274405 ], [ 8132612.677696811966598, 3991252.086163825821131 ], [ 8132612.677696811966598, 3991252.384757673367858 ], [ 8132612.080580769106746, 3991252.98194536799565 ], [ 8132612.080580769106746, 3991253.280539215542376 ], [ 8132611.782022748142481, 3991253.579133063089103 ], [ 8132611.782022748142481, 3991254.176320757716894 ], [ 8132611.483464726246893, 3991254.474914605263621 ], [ 8132611.483464726246893, 3991255.3706961479038 ], [ 8132611.184906705282629, 3991255.669289994984865 ], [ 8132611.184906705282629, 3991255.967883842531592 ], [ 8132610.886348684318364, 3991256.266477690078318 ], [ 8132610.886348684318364, 3991256.863665385171771 ], [ 8132607.303652429021895, 3991256.863665385171771 ] ] ] } },
{ "type": "Feature", "properties": { "confidence": 0.291, "class": 1, "regularized": "rectangle" }, "geometry": { "type": "Polygon", "coordinates": [ [ [ 8132321.5, 3991151.5 ], [ 8132314.5, 3991151.5 ], [ 8132314.5, 3991147.0 ], [ 8132321.5, 3991147.0 ], [ 8132321.5, 3991151.5 ] ] ] } },
{ "type": "Feature", "properties": { "confidence": 0.284, "class": 1, "regularized": "rectangle" }, "geometry": { "type": "Polygon", "coordinates": [ [ [ 8132402.0, 3991338.5 ], [ 8132395.0, 3991338.5 ], [ 8132395.0, 3991334.5 ], [ 8132402.0, 3991334.5 ], [ 8132402.0, 3991338.5 ] ] ] } },
{ "type": "Feature", "properties": { "confidence": 0.275, "class": 1, "regularized": "rectangle" }, "geometry": { "type": "Polygon", "coordinates": [ [ [ 8132749.0, 3991128.75 ], [ 8132744.0, 3991126.25 ], [ 8132746.0, 3991122.25 ], [ 8132751.0, 3991124.75 ], [ 8132749.0, 3991128.75 ] ] ] } },
{ "type": "Feature", "properties": { "confidence": 0.275, "class": 1, "regularized": "rectangle" }, "geometry": { "type": "Polygon", "coordinates": [ [ [ 8132604.0, 3991111.0 ], [ 8132600.0, 3991111.0 ], [ 8132600.0, 3991105.0 ], [ 8132604.0, 3991105.0 ], [ 8132604.0, 3991111.0 ] ] ] } },
{ "type": "Feature", "properties": { "confidence": 0.274, "class": 1, "regularized": "rectangle" }, "geometry": { "type": "Polygon", "coordinates": [ [ [ 8132569.5, 3991151.75 ], [ 8132566.5, 3991151.75 ], [ 8132566.5, 3991142.75 ], [ 8132569.5, 3991142.75 ], [ 8132569.5, 3991151.75 ] ] ] } },
{ "type": "Feature", "properties": { "confidence": 0.273, "class": 1, "regularized": "original" }, "geometry": { "type": "Polygon", "coordinates": [ [ [ 8132796.290879901498556, 3991510.967029565013945 ], [ 8132796.290879901498556, 3991505.592340310569853 ], [ 8132796.589437923394144, 3991505.293746463488787 ], [ 8132796.589437923394144, 3991504.995152615942061 ], [ 8132797.186553965322673, 3991504.397964920848608 ], [ 8132797.186553965322673, 3991504.099371073767543 ], [ 8132797.485111987218261, 3991503.800777226220816 ], [ 8132797.485111987218261, 3991503.50218337867409 ], [ 8132798.977902092970908, 3991503.50218337867409 ], [ 8132799.276460114866495, 3991503.800777226220816 ], [ 8132800.172134178690612, 3991503.800777226220816 ], [ 8132800.769250220619142, 3991504.397964920848608 ], [ 8132800.769250220619142, 3991504.696558768395334 ], [ 8132800.470692199654877, 3991504.995152615942061 ], [ 8132800.470692199654877, 3991505.592340310569853 ], [ 8132799.873576156795025, 3991506.189528005663306 ], [ 8132799.873576156795025, 3991506.488121853210032 ], [ 8132799.57501813583076, 3991506.786715700756758 ], [ 8132799.57501813583076, 3991507.38390339538455 ], [ 8132799.276460114866495, 3991507.682497242931277 ], [ 8132799.276460114866495, 3991508.279684938024729 ], [ 8132798.977902092970908, 3991508.578278785105795 ], [ 8132798.977902092970908, 3991508.876872632652521 ], [ 8132798.082228029146791, 3991509.772654175292701 ], [ 8132798.082228029146791, 3991510.071248022373766 ], [ 8132797.186553965322673, 3991510.967029565013945 ], [ 8132796.290879901498556, 3991510.967029565013945 ] ] ] } },
{ "type": "Feature", "properties": { "confidence": 0.272, "class": 1, "regularized": "rectangle" }, "geometry": { "type": "Polygon", "coordinates": [ [ [ 8132415.0, 3991595.75 ], [ 8132412.0, 3991591.25 ], [ 8132416.0, 3991588.25 ], [ 8132419.0, 3991592.75 ], [ 8132415.0, 3991595.75 ] ] ] } },
{ "type": "Feature", "properties": { "confidence": 0.269, "class": 1, "regularized": "rectangle" }, "geometry": { "type": "Polygon", "coordinates": [ [ [ 8132834.0, 3991134.75 ], [ 8132830.0, 3991134.75 ], [ 8132830.0, 3991127.75 ], [ 8132834.0, 3991127.75 ], [ 8132834.0, 3991134.75 ] ] ] } },
{ "type": "Feature", "properties": { "confidence": 0.265, "class": 1, "regularized": "original" }, "geometry": { "type": "Polygon", "coordinates": [ [ [ 8132725.532628857530653, 3991463.789201667997986 ], [ 8132725.234070835635066, 3991463.49060782045126 ], [ 8132724.935512814670801, 3991463.49060782045126 ], [ 8132724.338396771810949, 3991462.893420125357807 ], [ 8132724.039838750846684, 3991462.893420125357807 ], [ 8132723.442722707986832, 3991462.296232430730015 ], [ 8132723.144164687022567, 3991462.296232430730015 ], [ 8132721.054258538410068, 3991460.206075498368591 ], [ 8132721.054258538410068, 3991459.907481650821865 ], [ 8132720.457142495550215, 3991459.310293956194073 ], [ 8132720.457142495550215, 3991458.115918566472828 ], [ 8132721.651374580338597, 3991458.115918566472828 ], [ 8132721.949932602234185, 3991458.414512413553894 ], [ 8132722.845606666058302, 3991458.414512413553894 ], [ 8132723.144164687022567, 3991458.71310626110062 ], [ 8132723.442722707986832, 3991458.71310626110062 ], [ 8132723.741280729882419, 3991459.011700108647346 ], [ 8132724.338396771810949, 3991459.011700108647346 ], [ 8132724.636954793706536, 3991459.310293956194073 ], [ 8132724.935512814670801, 3991459.310293956194073 ], [ 8132725.234070835635066, 3991459.608887803275138 ], [ 8132725.532628857530653, 3991459.608887803275138 ], [ 8132725.831186878494918, 3991459.907481650821865 ], [ 8132726.129744899459183, 3991459.907481650821865 ], [ 8132726.129744899459183, 3991460.206075498368591 ], [ 8132726.428302921354771, 3991460.504669345915318 ], [ 8132726.726860942319036, 3991460.504669345915318 ], [ 8132727.0254189632833, 3991460.803263193462044 ], [ 8132727.0254189632833, 3991462.296232430730015 ], [ 8132726.726860942319036, 3991462.59482627781108 ], [ 8132726.726860942319036, 3991463.192013972904533 ], [ 8132726.428302921354771, 3991463.49060782045126 ], [ 8132726.428302921354771, 3991463.789201667997986 ], [ 8132725.532628857530653, 3991463.789201667997986 ] ] ] } },
{ "type": "Feature", "properties": { "confidence": 0.265, "class": 1, "regularized": "rectangle" }, "geometry": { "type": "Polygon", "coordinates": [ [ [ 8132398.0, 3991135.0 ], [ 8132392.0, 3991132.0 ], [ 8132394.0, 3991128.0 ], [ 8132400.0, 3991131.0 ], [ 8132398.0, 3991135.0 ] ] ] } },
{ "type": "Feature", "properties": { "confidence": 0.258, "class": 1, "regularized": "rectangle" }, "geometry": { "type": "Polygon", "coordinates": [ [ [ 8132461.5, 3991017.5 ], [ 8132456.5, 3991014.5 ], [ 8132458.5, 3991010.5 ], [ 8132463.5, 3991013.5 ], [ 8132461.5, 3991017.5 ] ] ] } },
{ "type": "Feature", "properties": { "confidence": 0.254, "class": 1, "regularized": "original" }, "geometry": { "type": "Polygon", "coordinates": [ [ [ 8132601.033933981321752, 3991343.157287297770381 ], [ 8132601.033933981321752, 3991340.768536518327892 ], [ 8132601.33249200321734, 3991340.469942670781165 ], [ 8132601.33249200321734, 3991339.872754976153374 ], [ 8132601.631050024181604, 3991339.574161128606647 ], [ 8132601.631050024181604, 3991339.275567281059921 ], [ 8132601.929608045145869, 3991338.976973433513194 ], [ 8132601.929608045145869, 3991337.185410349164158 ], [ 8132602.526724088005722, 3991336.588222654070705 ], [ 8132602.825282109901309, 3991336.588222654070705 ], [ 8132603.123840130865574, 3991336.886816501617432 ], [ 8132603.720956173725426, 3991336.886816501617432 ], [ 8132604.019514194689691, 3991336.588222654070705 ], [ 8132604.019514194689691, 3991333.90087802708149 ], [ 8132604.318072215653956, 3991333.90087802708149 ], [ 8132604.318072215653956, 3991343.157287297770381 ], [ 8132601.033933981321752, 3991343.157287297770381 ] ] ] } },
{ "type": "Feature", "properties": { "confidence": 0.253, "class": 1, "regularized": "rectangle" }, "geometry": { "type": "Polygon", "coordinates": [ [ [ 8132417.0, 3991137.5 ], [ 8132411.0, 3991137.5 ], [ 8132411.0, 3991133.5 ], [ 8132417.0, 3991133.5 ], [ 8132417.0, 3991137.5 ] ] ] } },
{ "type": "Feature", "properties": { "confidence": 0.251, "class": 1, "regularized": "rectangle" }, "geometry": { "type": "Polygon", "coordinates": [ [ [ 8132239.0, 3991206.75 ], [ 8132235.0, 3991205.25 ], [ 8132237.0, 3991199.25 ], [ 8132241.0, 3991200.75 ], [ 8132239.0, 3991206.75 ] ] ] } },
{ "type": "Feature", "properties": { "confidence": 0.249, "class": 1, "regularized": "rectangle" }, "geometry": { "type": "Polygon", "coordinates": [ [ [ 8132226.0, 3991599.0 ], [ 8132223.0, 3991599.0 ], [ 8132223.0, 3991590.5 ], [ 8132226.0, 3991590.5 ], [ 8132226.0, 3991599.0 ] ] ] } },
{ "type": "Feature", "properties": { "confidence": 0.248, "class": 1, "regularized": "rectangle" }, "geometry": { "type": "Polygon", "coordinates": [ [ [ 8132439.0, 3991147.0 ], [ 8132433.0, 3991147.0 ], [ 8132433.0, 3991143.0 ], [ 8132439.0, 3991143.0 ], [ 8132439.0, 3991147.0 ] ] ] } },
{ "type": "Feature", "properties": { "confidence": 0.247, "class": 1, "regularized": "rectangle" }, "geometry": { "type": "Polygon", "coordinates": [ [ [ 8132452.0, 3991063.0 ], [ 8132447.0, 3991060.0 ], [ 8132449.0, 3991056.0 ], [ 8132454.0, 3991059.0 ], [ 8132452.0, 3991063.0 ] ] ] } },
{ "type": "Feature", "properties": { "confidence": 0.243, "class": 1, "regularized": "original" }, "geometry": { "type": "Polygon", "coordinates": [ [ [ 8132622.231553493067622, 3991451.845447769854218 ], [ 8132621.63443745020777, 3991451.248260074760765 ], [ 8132621.037321407347918, 3991451.248260074760765 ], [ 8132620.738763386383653, 3991450.949666227214038 ], [ 8132619.544531301595271, 3991450.949666227214038 ], [ 8132619.245973279699683, 3991450.651072380132973 ], [ 8132618.947415258735418, 3991450.651072380132973 ], [ 8132618.648857237771153, 3991450.352478532586247 ], [ 8132618.350299215875566, 3991450.352478532586247 ], [ 8132617.753183173947036, 3991449.755290837492794 ], [ 8132617.454625152051449, 3991449.755290837492794 ], [ 8132616.857509110122919, 3991449.158103142865002 ], [ 8132616.260393067263067, 3991449.158103142865002 ], [ 8132616.260393067263067, 3991448.859509295318276 ], [ 8132615.961835046298802, 3991448.560915447771549 ], [ 8132625.515691727399826, 3991448.560915447771549 ], [ 8132625.217133705504239, 3991448.859509295318276 ], [ 8132625.217133705504239, 3991449.158103142865002 ], [ 8132624.918575684539974, 3991449.456696990411729 ], [ 8132624.918575684539974, 3991449.755290837492794 ], [ 8132623.425785577856004, 3991451.248260074760765 ], [ 8132623.425785577856004, 3991451.546853922307491 ], [ 8132623.127227556891739, 3991451.546853922307491 ], [ 8132622.828669535927474, 3991451.845447769854218 ], [ 8132622.231553493067622, 3991451.845447769854218 ] ] ] } },
{ "type": "Feature", "properties": { "confidence": 0.24, "class": 1, "regularized": "rectangle" }, "geometry": { "type": "Polygon", "coordinates": [ [ [ 8132281.5, 3991446.25 ], [ 8132276.5, 3991442.25 ], [ 8132278.5, 3991439.75 ], [ 8132283.5, 3991443.75 ], [ 8132281.5, 3991446.25 ] ] ] } },
{ "type": "Feature", "properties": { "confidence": 0.236, "class": 1, "regularized": "rectangle" }, "geometry": { "type": "Polygon", "coordinates": [ [ [ 8133000.5, 3991078.25 ], [ 8132996.5, 3991073.25 ], [ 8132999.5, 3991070.75 ], [ 8133003.5, 3991075.75 ], [ 8133000.5, 3991078.25 ] ] ] } },
{ "type": "Feature", "properties": { "confidence": 0.236, "class": 1, "regularized": "original" }, "geometry": { "type": "Polygon", "coordinates": [ [ [ 8132954.228073161095381, 3991601.142371494788677 ], [ 8132954.228073161095381, 3991600.545183799695224 ], [ 8132953.929515140131116, 3991600.246589952614158 ], [ 8132953.630957118235528, 3991600.246589952614158 ], [ 8132953.630957118235528, 3991599.947996105067432 ], [ 8132952.735283054411411, 3991599.052214562427253 ], [ 8132952.735283054411411, 3991598.455026867799461 ], [ 8132953.033841076306999, 3991598.455026867799461 ], [ 8132953.332399097271264, 3991598.156433020252734 ], [ 8132953.630957118235528, 3991598.156433020252734 ], [ 8132953.929515140131116, 3991597.857839172706008 ], [ 8132954.526631182059646, 3991597.857839172706008 ], [ 8132954.825189203955233, 3991597.559245325159281 ], [ 8132956.31797930970788, 3991597.559245325159281 ], [ 8132956.616537331603467, 3991597.260651478078216 ], [ 8132956.915095352567732, 3991597.559245325159281 ], [ 8132957.213653373531997, 3991597.559245325159281 ], [ 8132957.512211395427585, 3991597.857839172706008 ], [ 8132957.81076941639185, 3991597.857839172706008 ], [ 8132957.81076941639185, 3991598.156433020252734 ], [ 8132958.407885459251702, 3991598.753620715346187 ], [ 8132958.407885459251702, 3991599.052214562427253 ], [ 8132959.005001502111554, 3991599.649402257520705 ], [ 8132959.005001502111554, 3991599.947996105067432 ], [ 8132959.303559523075819, 3991600.246589952614158 ], [ 8132959.602117544040084, 3991600.246589952614158 ], [ 8132959.602117544040084, 3991601.142371494788677 ], [ 8132954.228073161095381, 3991601.142371494788677 ] ] ] } },
{ "type": "Feature", "properties": { "confidence": 0.231, "class": 1, "regularized": "rectangle" }, "geometry": { "type": "Polygon", "coordinates": [ [ [ 8132582.0, 3991001.25 ], [ 8132572.0, 3991001.25 ], [ 8132572.0, 3990999.25 ], [ 8132582.0, 3990999.25 ], [ 8132582.0, 3991001.25 ] ] ] } },
{ "type": "Feature", "properties": { "confidence": 0.229, "class": 1, "regularized": "rectangle" }, "geometry": { "type": "Polygon", "coordinates": [ [ [ 8132685.0, 3991486.25 ], [ 8132681.0, 3991486.25 ], [ 8132681.0, 3991480.25 ], [ 8132685.0, 3991480.25 ], [ 8132685.0, 3991486.25 ] ] ] } },
{ "type": "Feature", "properties": { "confidence": 0.228, "class": 1, "regularized": "rectangle" }, "geometry": { "type": "Polygon", "coordinates": [ [ [ 8132229.0, 3991486.25 ], [ 8132223.0, 3991486.25 ], [ 8132223.0, 3991482.25 ], [ 8132229.0, 3991482.25 ], [ 8132229.0, 3991486.25 ] ] ] } },
{ "type": "Feature", "properties": { "confidence": 0.224, "class": 1, "regularized": "rectangle" }, "geometry": { "type": "Polygon", "coordinates": [ [ [ 8132719.5, 3991158.75 ], [ 8132714.5, 3991158.75 ], [ 8132714.5, 3991154.25 ], [ 8132719.5, 3991154.25 ], [ 8132719.5, 3991158.75 ] ] ] } },
{ "type": "Feature", "properties": { "confidence": 0.223, "class": 1, "regularized": "rectangle" }, "geometry": { "type": "Polygon", "coordinates": [ [ [ 8132625.5, 3991544.75 ], [ 8132620.5, 3991542.25 ], [ 8132622.5, 3991538.75 ], [ 8132627.5, 3991541.25 ], [ 8132625.5, 3991544.75 ] ] ] } },
{ "type": "Feature", "properties": { "confidence": 0.219, "class": 1, "regularized": "rectangle" }, "geometry": { "type": "Polygon", "coordinates": [ [ [ 8132775.0, 3991108.5 ], [ 8132769.0, 3991108.5 ], [ 8132769.0, 3991105.0 ], [ 8132775.0, 3991105.0 ], [ 8132775.0, 3991108.5 ] ] ] } },
{ "type": "Feature", "properties": { "confidence": 0.218, "class": 1, "regularized": "original" }, "geometry": { "type": "Polygon", "coordinates": [ [ [ 8132338.899991294369102, 3991454.83138624439016 ], [ 8132338.601433272473514, 3991454.532792396843433 ], [ 8132338.601433272473514, 3991453.338417007122189 ], [ 8132338.899991294369102, 3991453.039823159575462 ], [ 8132338.899991294369102, 3991452.144041617400944 ], [ 8132339.198549315333366, 3991451.845447769854218 ], [ 8132339.198549315333366, 3991451.546853922307491 ], [ 8132339.497107336297631, 3991451.248260074760765 ], [ 8132339.497107336297631, 3991450.651072380132973 ], [ 8132339.198549315333366, 3991450.352478532586247 ], [ 8132338.601433272473514, 3991450.352478532586247 ], [ 8132338.302875251509249, 3991450.651072380132973 ], [ 8132338.004317230544984, 3991450.651072380132973 ], [ 8132337.705759208649397, 3991450.949666227214038 ], [ 8132337.407201187685132, 3991450.949666227214038 ], [ 8132337.407201187685132, 3991448.560915447771549 ], [ 8132338.899991294369102, 3991448.560915447771549 ], [ 8132339.198549315333366, 3991448.859509295318276 ], [ 8132341.885571506805718, 3991448.859509295318276 ], [ 8132341.885571506805718, 3991449.158103142865002 ], [ 8132341.587013485841453, 3991449.456696990411729 ], [ 8132341.587013485841453, 3991450.949666227214038 ], [ 8132341.288455463945866, 3991451.248260074760765 ], [ 8132341.288455463945866, 3991452.442635464482009 ], [ 8132340.989897442981601, 3991452.741229312028736 ], [ 8132340.989897442981601, 3991453.338417007122189 ], [ 8132340.691339422017336, 3991453.637010854668915 ], [ 8132340.691339422017336, 3991453.93560470174998 ], [ 8132340.094223379157484, 3991454.532792396843433 ], [ 8132339.795665358193219, 3991454.532792396843433 ], [ 8132339.497107336297631, 3991454.83138624439016 ], [ 8132338.899991294369102, 3991454.83138624439016 ] ] ] } },
{ "type": "Feature", "properties": { "confidence": 0.204, "class": 1, "regularized": "rectangle" }, "geometry": { "type": "Polygon", "coordinates": [ [ [ 8132267.0, 3991348.5 ], [ 8132263.0, 3991348.5 ], [ 8132263.0, 3991343.5 ], [ 8132267.0, 3991343.5 ], [ 8132267.0, 3991348.5 ] ] ] } },
{ "type": "Feature", "properties": { "confidence": 0.201, "class": 1, "regularized": "rectangle" }, "geometry": { "type": "Polygon", "coordinates": [ [ [ 8132977.5, 3991004.0 ], [ 8132973.5, 3991004.0 ], [ 8132973.5, 3990999.0 ], [ 8132977.5, 3990999.0 ], [ 8132977.5, 3991004.0 ] ] ] } },
{ "type": "Feature", "properties": { "confidence": 0.201, "class": 1, "regularized": "rectangle" }, "geometry": { "type": "Polygon", "coordinates": [ [ [ 8132709.0, 3991472.25 ], [ 8132705.0, 3991470.25 ], [ 8132707.0, 3991466.25 ], [ 8132711.0, 3991468.25 ], [ 8132709.0, 3991472.25 ] ] ] } },
{ "type": "Feature", "properties": { "confidence": 0.198, "class": 1, "regularized": "original" }, "geometry": { "type": "Polygon", "coordinates": [ [ [ 8132634.173874344676733, 3991338.379785738885403 ], [ 8132633.278200280852616, 3991337.484004196245223 ], [ 8132632.979642258957028, 3991337.484004196245223 ], [ 8132632.382526217028499, 3991336.886816501617432 ], [ 8132631.785410174168646, 3991336.886816501617432 ], [ 8132631.486852152273059, 3991336.588222654070705 ], [ 8132630.889736110344529, 3991336.588222654070705 ], [ 8132630.889736110344529, 3991336.289628806523979 ], [ 8132630.591178088448942, 3991335.991034958977252 ], [ 8132630.591178088448942, 3991335.692441111896187 ], [ 8132630.292620067484677, 3991335.393847264349461 ], [ 8132630.292620067484677, 3991334.199471874628216 ], [ 8132635.06954840850085, 3991334.199471874628216 ], [ 8132635.06954840850085, 3991334.796659569256008 ], [ 8132635.66666445042938, 3991335.393847264349461 ], [ 8132635.965222472324967, 3991335.393847264349461 ], [ 8132635.965222472324967, 3991335.991034958977252 ], [ 8132634.770990386605263, 3991337.185410349164158 ], [ 8132634.770990386605263, 3991338.081191891338676 ], [ 8132634.472432365640998, 3991338.379785738885403 ], [ 8132634.173874344676733, 3991338.379785738885403 ] ] ] } },
{ "type": "Feature", "properties": { "confidence": 0.196, "class": 1, "regularized": "rectangle" }, "geometry": { "type": "Polygon", "coordinates": [ [ [ 8132981.5, 3991108.0 ], [ 8132976.5, 3991108.0 ], [ 8132976.5, 3991105.0 ], [ 8132981.5, 3991105.0 ], [ 8132981.5, 3991108.0 ] ] ] } },
{ "type": "Feature", "properties": { "confidence": 0.195, "class": 1, "regularized": "original" }, "geometry": { "type": "Polygon", "coordinates": [ [ [ 8132600.735375960357487, 3991142.20362796401605 ], [ 8132600.138259917497635, 3991141.606440269388258 ], [ 8132600.138259917497635, 3991141.009252574294806 ], [ 8132599.83970189653337, 3991140.710658726748079 ], [ 8132601.033933981321752, 3991139.516283337026834 ], [ 8132601.033933981321752, 3991139.217689489480108 ], [ 8132602.526724088005722, 3991137.724720252212137 ], [ 8132603.123840130865574, 3991137.724720252212137 ], [ 8132603.720956173725426, 3991137.127532557584345 ], [ 8132603.720956173725426, 3991136.828938710037619 ], [ 8132604.019514194689691, 3991136.530344862490892 ], [ 8132604.318072215653956, 3991136.530344862490892 ], [ 8132604.318072215653956, 3991137.127532557584345 ], [ 8132604.616630237549543, 3991137.426126405131072 ], [ 8132604.616630237549543, 3991140.412064879667014 ], [ 8132604.318072215653956, 3991140.710658726748079 ], [ 8132604.318072215653956, 3991142.20362796401605 ], [ 8132603.123840130865574, 3991142.20362796401605 ], [ 8132603.422398151829839, 3991141.905034116469324 ], [ 8132603.422398151829839, 3991140.412064879667014 ], [ 8132603.123840130865574, 3991140.113471032120287 ], [ 8132602.526724088005722, 3991140.113471032120287 ], [ 8132602.228166067041457, 3991140.412064879667014 ], [ 8132602.228166067041457, 3991140.710658726748079 ], [ 8132601.929608045145869, 3991141.009252574294806 ], [ 8132601.929608045145869, 3991141.606440269388258 ], [ 8132601.631050024181604, 3991141.905034116469324 ], [ 8132601.631050024181604, 3991142.20362796401605 ], [ 8132600.735375960357487, 3991142.20362796401605 ] ] ] } },
{ "type": "Feature", "properties": { "confidence": 0.19, "class": 1, "regularized": "rectangle" }, "geometry": { "type": "Polygon", "coordinates": [ [ [ 8132490.0, 3991258.25 ], [ 8132484.0, 3991255.25 ], [ 8132485.0, 3991252.25 ], [ 8132491.0, 3991255.25 ], [ 8132490.0, 3991258.25 ] ] ] } },
{ "type": "Feature", "properties": { "confidence": 0.187, "class": 1, "regularized": "rectangle" }, "geometry": { "type": "Polygon", "coordinates": [ [ [ 8132969.0, 3991580.75 ], [ 8132966.0, 3991579.25 ], [ 8132969.0, 3991574.25 ], [ 8132972.0, 3991575.75 ], [ 8132969.0, 3991580.75 ] ] ] } },
{ "type": "Feature", "properties": { "confidence": 0.182, "class": 1, "regularized": "original" }, "geometry": { "type": "Polygon", "coordinates": [ [ [ 8132715.978772176429629, 3991142.20362796401605 ], [ 8132715.978772176429629, 3991140.710658726748079 ], [ 8132716.575888218358159, 3991140.113471032120287 ], [ 8132716.575888218358159, 3991139.814877184573561 ], [ 8132716.874446240253747, 3991139.516283337026834 ], [ 8132716.874446240253747, 3991138.919095642399043 ], [ 8132717.173004261218011, 3991138.620501794852316 ], [ 8132717.173004261218011, 3991138.023314099758863 ], [ 8132717.471562282182276, 3991137.724720252212137 ], [ 8132717.471562282182276, 3991137.127532557584345 ], [ 8132717.770120304077864, 3991136.828938710037619 ], [ 8132718.068678325042129, 3991136.828938710037619 ], [ 8132718.367236346937716, 3991136.530344862490892 ], [ 8132718.964352388866246, 3991136.530344862490892 ], [ 8132718.964352388866246, 3991136.828938710037619 ], [ 8132719.262910410761833, 3991137.127532557584345 ], [ 8132719.262910410761833, 3991141.905034116469324 ], [ 8132718.964352388866246, 3991142.20362796401605 ], [ 8132715.978772176429629, 3991142.20362796401605 ] ] ] } },
{ "type": "Feature", "properties": { "confidence": 0.171, "class": 1, "regularized": "rectangle" }, "geometry": { "type": "Polygon", "coordinates": [ [ [ 8132374.5, 3991223.0 ], [ 8132369.5, 3991223.0 ], [ 8132369.5, 3991220.0 ], [ 8132374.5, 3991220.0 ], [ 8132374.5, 3991223.0 ] ] ] } },
{ "type": "Feature", "properties": { "confidence": 0.17, "class": 1, "regularized": "rectangle" }, "geometry": { "type": "Polygon", "coordinates": [ [ [ 8132786.0, 3991107.5 ], [ 8132779.0, 3991107.5 ], [ 8132779.0, 3991105.0 ], [ 8132786.0, 3991105.0 ], [ 8132786.0, 3991107.5 ] ] ] } },
{ "type": "Feature", "properties": { "confidence": 0.168, "class": 1, "regularized": "rectangle" }, "geometry": { "type": "Polygon", "coordinates": [ [ [ 8132604.0, 3991440.0 ], [ 8132602.0, 3991440.0 ], [ 8132602.0, 3991433.0 ], [ 8132604.0, 3991433.0 ], [ 8132604.0, 3991440.0 ] ] ] } },
{ "type": "Feature", "properties": { "confidence": 0.165, "class": 1, "regularized": "original" }, "geometry": { "type": "Polygon", "coordinates": [ [ [ 8132630.889736110344529, 3991002.461707357782871 ], [ 8132629.39694600366056, 3991000.968738120514899 ], [ 8132629.098387982696295, 3991000.968738120514899 ], [ 8132628.799829960800707, 3991000.670144272968173 ], [ 8132628.501271939836442, 3991000.670144272968173 ], [ 8132627.605597876012325, 3990999.774362730327994 ], [ 8132627.30703985504806, 3990999.774362730327994 ], [ 8132627.008481833152473, 3990999.475768883246928 ], [ 8132626.709923812188208, 3990999.475768883246928 ], [ 8132626.709923812188208, 3990999.177175035700202 ], [ 8132633.576758301816881, 3990999.177175035700202 ], [ 8132633.576758301816881, 3990999.475768883246928 ], [ 8132632.979642258957028, 3991000.07295657787472 ], [ 8132632.979642258957028, 3991000.371550425421447 ], [ 8132632.382526217028499, 3991000.968738120514899 ], [ 8132632.382526217028499, 3991001.267331967595965 ], [ 8132632.083968195132911, 3991001.565925815142691 ], [ 8132632.083968195132911, 3991001.864519662689418 ], [ 8132631.785410174168646, 3991002.163113510236144 ], [ 8132631.785410174168646, 3991002.461707357782871 ], [ 8132630.889736110344529, 3991002.461707357782871 ] ] ] } },
{ "type": "Feature", "properties": { "confidence": 0.16, "class": 1, "regularized": "rectangle" }, "geometry": { "type": "Polygon", "coordinates": [ [ [ 8132886.5, 3991143.5 ], [ 8132881.5, 3991142.0 ], [ 8132882.5, 3991139.0 ], [ 8132887.5, 3991140.5 ], [ 8132886.5, 3991143.5 ] ] ] } },
{ "type": "Feature", "properties": { "confidence": 0.153, "class": 1, "regularized": "rectangle" }, "geometry": { "type": "Polygon", "coordinates": [ [ [ 8132287.0, 3991601.0 ], [ 8132283.0, 3991601.0 ], [ 8132283.0, 3991597.0 ], [ 8132287.0, 3991597.0 ], [ 8132287.0, 3991601.0 ] ] ] } },
{ "type": "Feature", "properties": { "confidence": 0.113, "class": 1, "regularized": "original" }, "geometry": { "type": "Polygon", "coordinates": [ [ [ 8132849.135649668984115, 3991517.237500361166894 ], [ 8132849.135649668984115, 3991511.564217259641737 ], [ 8132850.031323732808232, 3991511.564217259641737 ], [ 8132850.329881753772497, 3991511.862811107188463 ], [ 8132850.329881753772497, 3991512.16140495473519 ], [ 8132850.628439775668085, 3991512.459998802281916 ], [ 8132850.628439775668085, 3991514.251561886630952 ], [ 8132850.926997796632349, 3991514.550155734177679 ], [ 8132850.926997796632349, 3991515.744531123898923 ], [ 8132850.628439775668085, 3991516.04312497144565 ], [ 8132850.628439775668085, 3991516.341718818992376 ], [ 8132850.329881753772497, 3991516.640312666539103 ], [ 8132850.031323732808232, 3991516.640312666539103 ], [ 8132849.43420768994838, 3991517.237500361166894 ], [ 8132849.135649668984115, 3991517.237500361166894 ] ] ] } },
{ "type": "Feature", "properties": { "confidence": 0.111, "class": 1, "regularized": "original" }, "geometry": { "type": "Polygon", "coordinates": [ [ [ 8132850.329881753772497, 3991107.566741659771651 ], [ 8132850.329881753772497, 3991107.268147812690586 ], [ 8132849.43420768994838, 3991106.372366270050406 ], [ 8132849.43420768994838, 3991105.775178575422615 ], [ 8132849.135649668984115, 3991105.476584727875888 ], [ 8132849.135649668984115, 3991104.879397032782435 ], [ 8132849.43420768994838, 3991104.580803185235709 ], [ 8132852.718345924280584, 3991104.580803185235709 ], [ 8132852.718345924280584, 3991106.07377242250368 ], [ 8132852.419787903316319, 3991106.372366270050406 ], [ 8132852.419787903316319, 3991106.670960117597133 ], [ 8132852.121229881420732, 3991106.670960117597133 ], [ 8132851.822671860456467, 3991106.969553965143859 ], [ 8132851.822671860456467, 3991107.268147812690586 ], [ 8132850.926997796632349, 3991107.268147812690586 ], [ 8132850.628439775668085, 3991107.566741659771651 ], [ 8132850.329881753772497, 3991107.566741659771651 ] ] ] } },
{ "type": "Feature", "properties": { "confidence": 0.111, "class": 1, "regularized": "original" }, "geometry": { "type": "Polygon", "coordinates": [ [ [ 8132372.03993165679276, 3991078.901732304599136 ], [ 8132372.03993165679276, 3991078.603138457518071 ], [ 8132371.741373634897172, 3991078.304544609971344 ], [ 8132371.741373634897172, 3991077.1101692202501 ], [ 8132372.03993165679276, 3991076.811575372703373 ], [ 8132372.03993165679276, 3991076.512981525156647 ], [ 8132372.338489677757025, 3991076.512981525156647 ], [ 8132372.637047699652612, 3991076.214387677609921 ], [ 8132372.935605720616877, 3991076.214387677609921 ], [ 8132373.234163741581142, 3991075.915793830063194 ], [ 8132373.532721763476729, 3991075.915793830063194 ], [ 8132373.831279784440994, 3991076.214387677609921 ], [ 8132374.726953848265111, 3991076.214387677609921 ], [ 8132375.025511869229376, 3991076.512981525156647 ], [ 8132375.025511869229376, 3991078.304544609971344 ], [ 8132374.428395827300847, 3991078.901732304599136 ], [ 8132372.03993165679276, 3991078.901732304599136 ] ] ] } },
{ "type": "Feature", "properties": { "confidence": 0.104, "class": 1, "regularized": "original" }, "geometry": { "type": "Polygon", "coordinates": [ [ [ 8132516.243455937132239, 3991108.761117049958557 ], [ 8132515.944897915236652, 3991108.46252320241183 ], [ 8132515.944897915236652, 3991107.268147812690586 ], [ 8132515.646339894272387, 3991106.969553965143859 ], [ 8132515.646339894272387, 3991106.07377242250368 ], [ 8132515.347781873308122, 3991105.775178575422615 ], [ 8132515.347781873308122, 3991105.476584727875888 ], [ 8132515.049223851412535, 3991105.177990880329162 ], [ 8132518.034804064780474, 3991105.177990880329162 ], [ 8132518.034804064780474, 3991105.476584727875888 ], [ 8132518.333362085744739, 3991105.775178575422615 ], [ 8132518.333362085744739, 3991106.372366270050406 ], [ 8132518.034804064780474, 3991106.670960117597133 ], [ 8132518.034804064780474, 3991106.969553965143859 ], [ 8132517.736246043816209, 3991107.268147812690586 ], [ 8132517.736246043816209, 3991107.566741659771651 ], [ 8132517.437688021920621, 3991107.865335507318377 ], [ 8132517.437688021920621, 3991108.163929354865104 ], [ 8132516.840571979992092, 3991108.761117049958557 ], [ 8132516.243455937132239, 3991108.761117049958557 ] ] ] } }
]
}
