{
"type": "FeatureCollection",
"name": "overture_buildings",
"crs": { "type": "name", "properties": { "name": "urn:ogc:def:crs:OGC:1.3:CRS84" } },
"features": [
{ "type": "Feature", "properties": { "id": "f0aa33f1-16fd-4991-94e2-aaf2fe50552b", "names": null, "sources": "[{'property': '', 'dataset': 'OpenStreetMap', 'license': 'ODbL-1.0', 'record_id': 'w1385283138@1', 'update_time': '2025-05-10T08:13:32.000Z', 'confidence': None, 'between': None}]", "level": null, "height": null, "min_height": null, "is_underground": false, "num_floors": null, "num_floors_underground": null, "min_floor": null, "subtype": null, "class": null, "facade_color": null, "facade_material": null, "roof_material": null, "roof_shape": null, "roof_direction": null, "roof_orientation": null, "roof_color": null, "roof_height": null, "has_parts": false, "version": 1, "bbox": { "xmin": 73.05718994140625, "xmax": 73.0574951171875, "ymin": 33.72249984741211, "ymax": 33.72277069091797 } }, "geometry": { "type": "Polygon", "coordinates": [ [ [ 73.0573505, 33.7227689 ], [ 73.0571911, 33.7226821 ], [ 73.0573332, 33.7225014 ], [ 73.0574927, 33.7225882 ], [ 73.0573505, 33.7227689 ] ] ] } },
{ "type": "Feature", "properties": { "id": "6acf56e9-e560-404b-937f-2c86510dee6e", "names": null, "sources": "[{'property': '', 'dataset': 'OpenStreetMap', 'license': 'ODbL-1.0', 'record_id': 'w1385283139@1', 'update_time': '2025-05-10T08:13:32.000Z', 'confidence': None, 'between': None}]", "level": null, "height": null, "min_height": null, "is_underground": false, "num_floors": null, "num_floors_underground": null, "min_floor": null, "subtype": null, "class": null, "facade_color": null, "facade_material": null, "roof_material": null, "roof_shape": null, "roof_direction": null, "roof_orientation": null, "roof_color": null, "roof_height": null, "has_parts": false, "version": 1, "bbox": { "xmin": 73.05696868896484, "xmax": 73.05736541748047, "ymin": 33.722293853759766, "ymax": 33.722652435302734 } }, "geometry": { "type": "Polygon", "coordinates": [ [ [ 73.0573601, 33.7223943 ], [ 73.0571294, 33.7226509 ], [ 73.0569712, 33.7225525 ], [ 73.0572019, 33.722296 ], [ 73.0573601, 33.7223943 ] ] ] } },
{ "type": "Feature", "properties": { "id": "ac142c51-28b6-4e81-8d2e-0c1fd444c3a5", "names": null, "sources": "[{'property': '', 'dataset': 'OpenStreetMap', 'license': 'ODbL-1.0', 'record_id': 'w23515812@2', 'update_time': '2008-03-29T17:33:13.000Z', 'confidence': None, 'between': None}]", "level": null, "height": null, "min_height": null, "is_underground": false, "num_floors": null, "num_floors_underground": null, "min_floor": null, "subtype": null, "class": null, "facade_color": null, "facade_material": null, "roof_material": null, "roof_shape": null, "roof_direction": null, "roof_orientation": null, "roof_color": null, "roof_height": null, "has_parts": false, "version": 1, "bbox": { "xmin": 73.05677032470703, "xmax": 73.05801391601562, "ymin": 33.72111129760742, "ymax": 33.721885681152344 } }, "geometry": { "type": "Polygon", "coordinates": [ [ [ 73.0578655, 33.7218835 ], [ 73.0567755, 33.721291 ], [ 73.0569214, 33.7211125 ], [ 73.0580114, 33.7216979 ], [ 73.0578655, 33.7218835 ] ] ] } },
{ "type": "Feature", "properties": { "id": "355f0dcd-11b4-4546-b6d7-7493c087254a", "names": null, "sources": "[{'property': '', 'dataset': 'OpenStreetMap', 'license': 'ODbL-1.0', 'record_id': 'w442023999@4', 'update_time': '2025-12-07T09:40:24.000Z', 'confidence': None, 'between': None}]", "level": null, "height": null, "min_height": null, "is_underground": false, "num_floors": null, "num_floors_underground": null, "min_floor": null, "subtype": "religious", "class": "mosque", "facade_color": null, "facade_material": null, "roof_material": null, "roof_shape": null, "roof_direction": null, "roof_orientation": null, "roof_color": null, "roof_height": null, "has_parts": false, "version": 1, "bbox": { "xmin": 73.05707550048828, "xmax": 73.05736541748047, "ymin": 33.72092819213867, "ymax": 33.72119140625 } }, "geometry": { "type": "Polygon", "coordinates": [ [ [ 73.057271, 33.7211913 ], [ 73.0570831, 33.7210862 ], [ 73.0571909, 33.7209299 ], [ 73.057365, 33.7210952 ], [ 73.0573465, 33.721099 ], [ 73.057325, 33.7211157 ], [ 73.0572942, 33.7211477 ], [ 73.057271, 33.7211913 ] ] ] } },
{ "type": "Feature", "properties": { "id": "20f6bf19-4131-44e1-a95a-71602ad7c1d4", "names": null, "sources": "[{'property': '', 'dataset': 'OpenStreetMap', 'license': 'ODbL-1.0', 'record_id': 'w23515761@2', 'update_time': '2023-12-20T22:54:07.000Z', 'confidence': None, 'between': None}]", "level": null, "height": null, "min_height": null, "is_underground": false, "num_floors": null, "num_floors_underground": null, "min_floor": null, "subtype": null, "class": null, "facade_color": null, "facade_material": null, "roof_material": null, "roof_shape": null, "roof_direction": null, "roof_orientation": null, "roof_color": null, "roof_height": null, "has_parts": false, "version": 1, "bbox": { "xmin": 73.05696868896484, "xmax": 73.05799102783203, "ymin": 33.720375061035156, "ymax": 33.72101593017578 } }, "geometry": { "type": "Polygon", "coordinates": [ [ [ 73.0569712, 33.7205418 ], [ 73.0570914, 33.7203776 ], [ 73.057984, 33.7208416 ], [ 73.0578467, 33.721013 ], [ 73.0569712, 33.7205418 ] ] ] } },
{ "type": "Feature", "properties": { "id": "08c8881c-350c-4bd6-bde4-a0b92e4983f2", "names": "{'primary': 'Goal Market', 'common': None, 'rules': None}", "sources": "[{'property': '', 'dataset': 'OpenStreetMap', 'license': 'ODbL-1.0', 'record_id': 'w442025457@4', 'update_time': '2022-06-15T06:37:01.000Z', 'confidence': None, 'between': None}]", "level": null, "height": null, "min_height": null, "is_underground": false, "num_floors": null, "num_floors_underground": null, "min_floor": null, "subtype": "commercial", "class": "commercial", "facade_color": null, "facade_material": null, "roof_material": null, "roof_shape": null, "roof_direction": null, "roof_orientation": null, "roof_color": null, "roof_height": null, "has_parts": false, "version": 1, "bbox": { "xmin": 73.0576400756836, "xmax": 73.05792236328125, "ymin": 33.72115707397461, "ymax": 33.72138595581055 } }, "geometry": { "type": "Polygon", "coordinates": [ [ [ 73.0579124, 33.7213003 ], [ 73.0578949, 33.7213336 ], [ 73.0578656, 33.7213606 ], [ 73.0578275, 33.7213785 ], [ 73.0577823, 33.7213854 ], [ 73.0577369, 33.7213794 ], [ 73.0576965, 33.7213612 ], [ 73.0576657, 33.7213328 ], [ 73.057648, 33.7212975 ], [ 73.0576455, 33.7212594 ], [ 73.0576583, 33.7212227 ], [ 73.0576851, 33.7211917 ], [ 73.0577228, 33.7211698 ], [ 73.0577649, 33.7211599 ], [ 73.0578086, 33.7211615 ], [ 73.0578494, 33.7211746 ], [ 73.0578831, 33.7211978 ], [ 73.0579062, 33.7212287 ], [ 73.0579163, 33.7212641 ], [ 73.0579124, 33.7213003 ] ] ] } },
{ "type": "Feature", "properties": { "id": "217863a6-50a1-4f52-b8da-b8461c4e4a25", "names": null, "sources": "[{'property': '', 'dataset': 'Google Open Buildings', 'license': None, 'record_id': '8J5MP3C5+C6M9', 'update_time': '2023-05-01T00:00:00.000Z', 'confidence': 0.8101, 'between': None}]", "level": null, "height": null, "min_height": null, "is_underground": false, "num_floors": null, "num_floors_underground": null, "min_floor": null, "subtype": null, "class": null, "facade_color": null, "facade_material": null, "roof_material": null, "roof_shape": null, "roof_direction": null, "roof_orientation": null, "roof_color": null, "roof_height": null, "has_parts": false, "version": 1, "bbox": { "xmin": 73.05799102783203, "xmax": 73.0581283569336, "ymin": 33.721038818359375, "ymax": 33.721134185791016 } }, "geometry": { "type": "Polygon", "coordinates": [ [ [ 73.0580321, 33.7210391 ], [ 73.0581161, 33.7210809 ], [ 73.0580822, 33.7211284 ], [ 73.0579982, 33.7210867 ], [ 73.0580321, 33.7210391 ] ] ] } },
{ "type": "Feature", "properties": { "id": "6ac64f8b-6798-4362-ba2d-2231ce6c13cf", "names": null, "sources": "[{'property': '', 'dataset': 'Google Open Buildings', 'license': None, 'record_id': '8J5MP3C5+66FG', 'update_time': '2023-05-01T00:00:00.000Z', 'confidence': 0.8678, 'between': None}]", "level": null, "height": null, "min_height": null, "is_underground": false, "num_floors": null, "num_floors_underground": null, "min_floor": null, "subtype": null, "class": null, "facade_color": null, "facade_material": null, "roof_material": null, "roof_shape": null, "roof_direction": null, "roof_orientation": null, "roof_color": null, "roof_height": null, "has_parts": false, "version": 1, "bbox": { "xmin": 73.05799865722656, "xmax": 73.05811309814453, "ymin": 33.72052001953125, "ymax": 33.720603942871094 } }, "geometry": { "type": "Polygon", "coordinates": [ [ [ 73.0580323, 33.7205231 ], [ 73.0581007, 33.7205551 ], [ 73.0580682, 33.7206036 ], [ 73.0579998, 33.7205716 ], [ 73.0580323, 33.7205231 ] ] ] } },
{ "type": "Feature", "properties": { "id": "93bb2a03-8536-4f5b-beef-cce1de579eb2", "names": null, "sources": "[{'property': '', 'dataset': 'Google Open Buildings', 'license': None, 'record_id': '8J5MP395+Q6XG', 'update_time': '2023-05-01T00:00:00.000Z', 'confidence': 0.6927, 'between': None}]", "level": null, "height": null, "min_height": null, "is_underground": false, "num_floors": null, "num_floors_underground": null, "min_floor": null, "subtype": null, "class": null, "facade_color": null, "facade_material": null, "roof_material": null, "roof_shape": null, "roof_direction": null, "roof_orientation": null, "roof_color": null, "roof_height": null, "has_parts": false, "version": 1, "bbox": { "xmin": 73.05809020996094, "xmax": 73.05815124511719, "ymin": 33.719459533691406, "ymax": 33.719512939453125 } }, "geometry": { "type": "Polygon", "coordinates": [ [ [ 73.0581396, 33.7194705 ], [ 73.0581249, 33.7195124 ], [ 73.058091, 33.7195041 ], [ 73.0581057, 33.7194622 ], [ 73.0581396, 33.7194705 ] ] ] } },
{ "type": "Feature", "properties": { "id": "063d6db3-2ff5-4ec5-86b1-5ff448a1572f", "names": null, "sources": "[{'property': '', 'dataset': 'OpenStreetMap', 'license': 'ODbL-1.0', 'record_id': 'w1385282457@1', 'update_time': '2025-05-10T08:13:32.000Z', 'confidence': None, 'between': None}]", "level": null, "height": null, "min_height": null, "is_underground": false, "num_floors": null, "num_floors_underground": null, "min_floor": null, "subtype": null, "class": null, "facade_color": null, "facade_material": null, "roof_material": null, "roof_shape": null, "roof_direction": null, "roof_orientation": null, "roof_color": null, "roof_height": null, "has_parts": false, "version": 1, "bbox": { "xmin": 73.05782318115234, "xmax": 73.05810546875, "ymin": 33.71935272216797, "ymax": 33.719608306884766 } }, "geometry": { "type": "Polygon", "coordinates": [ [ [ 73.057966, 33.7196077 ], [ 73.0578241, 33.7195343 ], [ 73.0579597, 33.719353 ], [ 73.0581017, 33.7194264 ], [ 73.057966, 33.7196077 ] ] ] } },
{ "type": "Feature", "properties": { "id": "847802b0-1b34-4da1-8b67-8cbb9142206e", "names": null, "sources": "[{'property': '', 'dataset': 'OpenStreetMap', 'license': 'ODbL-1.0', 'record_id': 'w1385282461@1', 'update_time': '2025-05-10T08:13:32.000Z', 'confidence': None, 'between': None}]", "level": null, "height": null, "min_height": null, "is_underground": false, "num_floors": null, "num_floors_underground": null, "min_floor": null, "subtype": null, "class": null, "facade_color": null, "facade_material": null, "roof_material": null, "roof_shape": null, "roof_direction": null, "roof_orientation": null, "roof_color": null, "roof_height": null, "has_parts": false, "version": 1, "bbox": { "xmin": 73.05783081054688, "xmax": 73.05816650390625, "ymin": 33.719696044921875, "ymax": 33.7199821472168 } }, "geometry": { "type": "Polygon", "coordinates": [ [ [ 73.058012, 33.7199791 ], [ 73.0578375, 33.7198823 ], [ 73.0579856, 33.7196975 ], [ 73.0581602, 33.7197943 ], [ 73.058012, 33.7199791 ] ] ] } },
{ "type": "Feature", "properties": { "id": "06a39ec2-1a05-4a4a-bcb8-92c47579b008", "names": null, "sources": "[{'property': '', 'dataset': 'Google Open Buildings', 'license': None, 'record_id': '8J5MP3C5+259H', 'update_time': '2023-05-01T00:00:00.000Z', 'confidence': 0.7811, 'between': None}]", "level": null, "height": null, "min_height": null, "is_underground": false, "num_floors": null, "num_floors_underground": null, "min_floor": null, "subtype": null, "class": null, "facade_color": null, "facade_material": null, "roof_material": null, "roof_shape": null, "roof_direction": null, "roof_orientation": null, "roof_color": null, "roof_height": null, "has_parts": false, "version": 1, "bbox": { "xmin": 73.05796813964844, "xmax": 73.05802917480469, "ymin": 33.72001266479492, "ymax": 33.72006607055664 } }, "geometry": { "type": "Polygon", "coordinates": [ [ [ 73.05799, 33.7200136 ], [ 73.0580255, 33.720026 ], [ 73.0580057, 33.7200655 ], [ 73.0579702, 33.7200531 ], [ 73.05799, 33.7200136 ] ] ] } },
{ "type": "Feature", "properties": { "id": "fd94c753-2c25-471f-bab2-40939498d92d", "names": null, "sources": "[{'property': '', 'dataset': 'OpenStreetMap', 'license': 'ODbL-1.0', 'record_id': 'w1385282462@1', 'update_time': '2025-05-10T08:13:32.000Z', 'confidence': None, 'between': None}]", "level": null, "height": null, "min_height": null, "is_underground": false, "num_floors": null, "num_floors_underground": null, "min_floor": null, "subtype": null, "class": null, "facade_color": null, "facade_material": null, "roof_material": null, "roof_shape": null, "roof_direction": null, "roof_orientation": null, "roof_color": null, "roof_height": null, "has_parts": false, "version": 1, "bbox": { "xmin": 73.0576400756836, "xmax": 73.05792999267578, "ymin": 33.71959686279297, "ymax": 33.719852447509766 } }, "geometry": { "type": "Polygon", "coordinates": [ [ [ 73.0577931, 33.7198508 ], [ 73.057647, 33.7197752 ], [ 73.0577804, 33.7195969 ], [ 73.0579264, 33.7196725 ], [ 73.0577931, 33.7198508 ] ] ] } },
{ "type": "Feature", "properties": { "id": "a4a8669a-5063-4d95-9bf1-641fcc1d3b8c", "names": null, "sources": "[{'property': '', 'dataset': 'OpenStreetMap', 'license': 'ODbL-1.0', 'record_id': 'w1385282456@1', 'update_time': '2025-05-10T08:13:32.000Z', 'confidence': None, 'between': None}]", "level": null, "height": null, "min_height": null, "is_underground": false, "num_floors": null, "num_floors_underground": null, "min_floor": null, "subtype": null, "class": null, "facade_color": null, "facade_material": null, "roof_material": null, "roof_shape": null, "roof_direction": null, "roof_orientation": null, "roof_color": null, "roof_height": null, "has_parts": false, "version": 1, "bbox": { "xmin": 73.05757904052734, "xmax": 73.05789947509766, "ymin": 33.71924591064453, "ymax": 33.719512939453125 } }, "geometry": { "type": "Polygon", "coordinates": [ [ [ 73.0577715, 33.7195124 ], [ 73.0575854, 33.7194161 ], [ 73.0577112, 33.7192478 ], [ 73.0578973, 33.7193441 ], [ 73.0577715, 33.7195124 ] ] ] } },
{ "type": "Feature", "properties": { "id": "918dab8c-be34-4e71-9261-79c464246ebe", "names": null, "sources": "[{'property': '', 'dataset': 'Google Open Buildings', 'license': None, 'record_id': '8J5MP395+H3PH', 'update_time': '2023-05-01T00:00:00.000Z', 'confidence': 0.6532, 'between': None}]", "level": null, "height": null, "min_height": null, "is_underground": false, "num_floors": null, "num_floors_underground": null, "min_floor": null, "subtype": null, "class": null, "facade_color": null, "facade_material": null, "roof_material": null, "roof_shape": null, "roof_direction": null, "roof_orientation": null, "roof_color": null, "roof_height": null, "has_parts": false, "version": 1, "bbox": { "xmin": 73.05766296386719, "xmax": 73.05776977539062, "ymin": 33.71892166137695, "ymax": 33.718994140625 } }, "geometry": { "type": "Polygon", "coordinates": [ [ [ 73.0576893, 33.7189275 ], [ 73.0577668, 33.718967 ], [ 73.0577472, 33.7189939 ], [ 73.0576697, 33.7189545 ], [ 73.0576893, 33.7189275 ] ] ] } },
{ "type": "Feature", "properties": { "id": "6b9274d3-f298-4f07-870b-0989c3024d31", "names": null, "sources": "[{'property': '', 'dataset': 'OpenStreetMap', 'license': 'ODbL-1.0', 'record_id': 'w1385282771@1', 'update_time': '2025-05-10T08:13:32.000Z', 'confidence': None, 'between': None}]", "level": null, "height": null, "min_height": null, "is_underground": false, "num_floors": null, "num_floors_underground": null, "min_floor": null, "subtype": null, "class": null, "facade_color": null, "facade_material": null, "roof_material": null, "roof_shape": null, "roof_direction": null, "roof_orientation": null, "roof_color": null, "roof_height": null, "has_parts": false, "version": 1, "bbox": { "xmin": 73.05762481689453, "xmax": 73.057861328125, "ymin": 33.71868896484375, "ymax": 33.71891403198242 } }, "geometry": { "type": "Polygon", "coordinates": [ [ [ 73.0577365, 33.7189125 ], [ 73.0576309, 33.7188586 ], [ 73.0577542, 33.7186913 ], [ 73.0578599, 33.7187452 ], [ 73.0577365, 33.7189125 ] ] ] } },
{ "type": "Feature", "properties": { "id": "e4eb2298-5544-4b33-9d76-e6265cf63701", "names": null, "sources": "[{'property': '', 'dataset': 'OpenStreetMap', 'license': 'ODbL-1.0', 'record_id': 'w1385282770@1', 'update_time': '2025-05-10T08:13:32.000Z', 'confidence': None, 'between': None}]", "level": null, "height": null, "min_height": null, "is_underground": false, "num_floors": null, "num_floors_underground": null, "min_floor": null, "subtype": null, "class": null, "facade_color": null, "facade_material": null, "roof_material": null, "roof_shape": null, "roof_direction": null, "roof_orientation": null, "roof_color": null, "roof_height": null, "has_parts": false, "version": 1, "bbox": { "xmin": 73.05780029296875, "xmax": 73.05803680419922, "ymin": 33.71877670288086, "ymax": 33.71900177001953 } }, "geometry": { "type": "Polygon", "coordinates": [ [ [ 73.0579108, 33.7189995 ], [ 73.0578052, 33.7189456 ], [ 73.0579286, 33.7187783 ], [ 73.0580342, 33.7188322 ], [ 73.0579108, 33.7189995 ] ] ] } },
{ "type": "Feature", "properties": { "id": "96973be1-fffb-4ca6-85f4-084764c38b8d", "names": null, "sources": "[{'property': '', 'dataset': 'Google Open Buildings', 'license': None, 'record_id': '8J5MP395+P5FX', 'update_time': '2023-05-01T00:00:00.000Z', 'confidence': 0.6971, 'between': None}]", "level": null, "height": null, "min_height": null, "is_underground": false, "num_floors": null, "num_floors_underground": null, "min_floor": null, "subtype": null, "class": null, "facade_color": null, "facade_material": null, "roof_material": null, "roof_shape": null, "roof_direction": null, "roof_orientation": null, "roof_color": null, "roof_height": null, "has_parts": false, "version": 1, "bbox": { "xmin": 73.05789947509766, "xmax": 73.0579605102539, "ymin": 33.719295501708984, "ymax": 33.7193489074707 } }, "geometry": { "type": "Polygon", "coordinates": [ [ [ 73.0579198, 33.7192978 ], [ 73.0579603, 33.7193072 ], [ 73.0579473, 33.7193462 ], [ 73.0579069, 33.7193369 ], [ 73.0579198, 33.7192978 ] ] ] } },
{ "type": "Feature", "properties": { "id": "cc788256-1399-4b3a-821f-33afcea98a0e", "names": null, "sources": "[{'property': '', 'dataset': 'OpenStreetMap', 'license': 'ODbL-1.0', 'record_id': 'w1385282769@1', 'update_time': '2025-05-10T08:13:32.000Z', 'confidence': None, 'between': None}]", "level": null, "height": null, "min_height": null, "is_underground": false, "num_floors": null, "num_floors_underground": null, "min_floor": null, "subtype": null, "class": null, "facade_color": null, "facade_material": null, "roof_material": null, "roof_shape": null, "roof_direction": null, "roof_orientation": null, "roof_color": null, "roof_height": null, "has_parts": false, "version": 1, "bbox": { "xmin": 73.0579605102539, "xmax": 73.05819702148438, "ymin": 33.7188606262207, "ymax": 33.719085693359375 } }, "geometry": { "type": "Polygon", "coordinates": [ [ [ 73.0580664, 33.7190821 ], [ 73.0579608, 33.7190282 ], [ 73.0580841, 33.7188608 ], [ 73.0581898, 33.7189147 ], [ 73.0580664, 33.7190821 ] ] ] } },
{ "type": "Feature", "properties": { "id": "ccfebb6b-3904-4b0c-ba99-067bb1c6fd35", "names": null, "sources": "[{'property': '', 'dataset': 'OpenStreetMap', 'license': 'ODbL-1.0', 'record_id': 'w1385282779@1', 'update_time': '2025-05-10T08:13:32.000Z', 'confidence': None, 'between': None}]", "level": null, "height": null, "min_height": null, "is_underground": false, "num_floors": null, "num_floors_underground": null, "min_floor": null, "subtype": null, "class": null, "facade_color": null, "facade_material": null, "roof_material": null, "roof_shape": null, "roof_direction": null, "roof_orientation": null, "roof_color": null, "roof_height": null, "has_parts": false, "version": 1, "bbox": { "xmin": 73.05795288085938, "xmax": 73.05818939208984, "ymin": 33.71855163574219, "ymax": 33.71877670288086 } }, "geometry": { "type": "Polygon", "coordinates": [ [ [ 73.0580637, 33.7187742 ], [ 73.0579581, 33.7187203 ], [ 73.0580815, 33.718553 ], [ 73.0581871, 33.7186069 ], [ 73.0580637, 33.7187742 ] ] ] } },
{ "type": "Feature", "properties": { "id": "b71d2e0f-c969-489c-b1c9-47714d3fce0a", "names": null, "sources": "[{'property': '', 'dataset': 'OpenStreetMap', 'license': 'ODbL-1.0', 'record_id': 'w1385282780@1', 'update_time': '2025-05-10T08:13:32.000Z', 'confidence': None, 'between': None}]", "level": null, "height": null, "min_height": null, "is_underground": false, "num_floors": null, "num_floors_underground": null, "min_floor": null, "subtype": null, "class": null, "facade_color": null, "facade_material": null, "roof_material": null, "roof_shape": null, "roof_direction": null, "roof_orientation": null, "roof_color": null, "roof_height": null, "has_parts": false, "version": 1, "bbox": { "xmin": 73.05777740478516, "xmax": 73.05801391601562, "ymin": 33.71846008300781, "ymax": 33.71868896484375 } }, "geometry": { "type": "Polygon", "coordinates": [ [ [ 73.0578894, 33.7186872 ], [ 73.0577837, 33.7186333 ], [ 73.0579071, 33.718466 ], [ 73.0580128, 33.7185198 ], [ 73.0578894, 33.7186872 ] ] ] } },
{ "type": "Feature", "properties": { "id": "f43d12da-c791-4e1f-859d-1060a408ac11", "names": null, "sources": "[{'property': '', 'dataset': 'OpenStreetMap', 'license': 'ODbL-1.0', 'record_id': 'w1385282521@1', 'update_time': '2025-05-10T08:13:32.000Z', 'confidence': None, 'between': None}]", "level": null, "height": null, "min_height": null, "is_underground": false, "num_floors": null, "num_floors_underground": null, "min_floor": null, "subtype": null, "class": null, "facade_color": null, "facade_material": null, "roof_material": null, "roof_shape": null, "roof_direction": null, "roof_orientation": null, "roof_color": null, "roof_height": null, "has_parts": false, "version": 1, "bbox": { "xmin": 73.0578384399414, "xmax": 73.05816650390625, "ymin": 33.7180061340332, "ymax": 33.718284606933594 } }, "geometry": { "type": "Polygon", "coordinates": [ [ [ 73.0580364, 33.7182835 ], [ 73.0578415, 33.7181901 ], [ 73.0579524, 33.718012 ], [ 73.0581258, 33.718092 ], [ 73.0581661, 33.7181143 ], [ 73.0580364, 33.7182835 ] ] ] } },
{ "type": "Feature", "properties": { "id": "dde83c91-2bc6-4eb5-8978-11a6e2b6d704", "names": null, "sources": "[{'property': '', 'dataset': 'OpenStreetMap', 'license': 'ODbL-1.0', 'record_id': 'w1385282517@1', 'update_time': '2025-05-10T08:13:32.000Z', 'confidence': None, 'between': None}]", "level": null, "height": null, "min_height": null, "is_underground": false, "num_floors": null, "num_floors_underground": null, "min_floor": null, "subtype": null, "class": null, "facade_color": null, "facade_material": null, "roof_material": null, "roof_shape": null, "roof_direction": null, "roof_orientation": null, "roof_color": null, "roof_height": null, "has_parts": false, "version": 1, "bbox": { "xmin": 73.0579833984375, "xmax": 73.05831146240234, "ymin": 33.717811584472656, "ymax": 33.71808624267578 } }, "geometry": { "type": "Polygon", "coordinates": [ [ [ 73.0581812, 33.7180838 ], [ 73.0579863, 33.7179905 ], [ 73.0580972, 33.7178123 ], [ 73.0582707, 33.7178923 ], [ 73.0583109, 33.7179146 ], [ 73.0581812, 33.7180838 ] ] ] } },
{ "type": "Feature", "properties": { "id": "1d186bfb-3536-445b-80ca-787f408d9f09", "names": null, "sources": "[{'property': '', 'dataset': 'OpenStreetMap', 'license': 'ODbL-1.0', 'record_id': 'w1385282781@1', 'update_time': '2025-05-10T08:13:32.000Z', 'confidence': None, 'between': None}]", "level": null, "height": null, "min_height": null, "is_underground": false, "num_floors": null, "num_floors_underground": null, "min_floor": null, "subtype": null, "class": null, "facade_color": null, "facade_material": null, "roof_material": null, "roof_shape": null, "roof_direction": null, "roof_orientation": null, "roof_color": null, "roof_height": null, "has_parts": false, "version": 1, "bbox": { "xmin": 73.05760192871094, "xmax": 73.05784606933594, "ymin": 33.7183723449707, "ymax": 33.718597412109375 } }, "geometry": { "type": "Polygon", "coordinates": [ [ [ 73.0577196, 33.7185948 ], [ 73.0576139, 33.7185409 ], [ 73.0577373, 33.7183735 ], [ 73.057843, 33.7184274 ], [ 73.0577196, 33.7185948 ] ] ] } },
{ "type": "Feature", "properties": { "id": "fd4fef52-8e24-436d-97fd-65b13838ef2e", "names": null, "sources": "[{'property': '', 'dataset': 'OpenStreetMap', 'license': 'ODbL-1.0', 'record_id': 'w1385282772@1', 'update_time': '2025-05-10T08:13:32.000Z', 'confidence': None, 'between': None}]", "level": null, "height": null, "min_height": null, "is_underground": false, "num_floors": null, "num_floors_underground": null, "min_floor": null, "subtype": null, "class": null, "facade_color": null, "facade_material": null, "roof_material": null, "roof_shape": null, "roof_direction": null, "roof_orientation": null, "roof_color": null, "roof_height": null, "has_parts": false, "version": 1, "bbox": { "xmin": 73.05744934082031, "xmax": 73.05769348144531, "ymin": 33.718597412109375, "ymax": 33.71882247924805 } }, "geometry": { "type": "Polygon", "coordinates": [ [ [ 73.0575667, 33.7188201 ], [ 73.057461, 33.7187662 ], [ 73.0575844, 33.7185989 ], [ 73.0576901, 33.7186528 ], [ 73.0575667, 33.7188201 ] ] ] } },
{ "type": "Feature", "properties": { "id": "3eab25e9-d8e3-4698-8304-890f5831fe3d", "names": null, "sources": "[{'property': '', 'dataset': 'OpenStreetMap', 'license': 'ODbL-1.0', 'record_id': 'w1385282773@1', 'update_time': '2025-05-10T08:13:32.000Z', 'confidence': None, 'between': None}]", "level": null, "height": null, "min_height": null, "is_underground": false, "num_floors": null, "num_floors_underground": null, "min_floor": null, "subtype": null, "class": null, "facade_color": null, "facade_material": null, "roof_material": null, "roof_shape": null, "roof_direction": null, "roof_orientation": null, "roof_color": null, "roof_height": null, "has_parts": false, "version": 1, "bbox": { "xmin": 73.05743408203125, "xmax": 73.05767059326172, "ymin": 33.71829605102539, "ymax": 33.71852111816406 } }, "geometry": { "type": "Polygon", "coordinates": [ [ [ 73.0575416, 33.7185183 ], [ 73.057436, 33.7184644 ], [ 73.0575594, 33.718297 ], [ 73.057665, 33.7183509 ], [ 73.0575416, 33.7185183 ] ] ] } },
{ "type": "Feature", "properties": { "id": "75f35e9a-df48-4673-a563-75266d9ce95b", "names": null, "sources": "[{'property': '', 'dataset': 'OpenStreetMap', 'license': 'ODbL-1.0', 'record_id': 'w1385747965@1', 'update_time': '2025-05-12T09:48:49.000Z', 'confidence': None, 'between': None}]", "level": null, "height": null, "min_height": null, "is_underground": false, "num_floors": null, "num_floors_underground": null, "min_floor": null, "subtype": null, "class": null, "facade_color": null, "facade_material": null, "roof_material": null, "roof_shape": null, "roof_direction": null, "roof_orientation": null, "roof_color": null, "roof_height": null, "has_parts": false, "version": 1, "bbox": { "xmin": 73.05719757080078, "xmax": 73.05748748779297, "ymin": 33.7185173034668, "ymax": 33.71877670288086 } }, "geometry": { "type": "Polygon", "coordinates": [ [ [ 73.0573257, 33.7187751 ], [ 73.057204, 33.7187143 ], [ 73.0573454, 33.7185186 ], [ 73.0574128, 33.7185523 ], [ 73.0574265, 33.7185333 ], [ 73.0574808, 33.7185604 ], [ 73.0573257, 33.7187751 ] ] ] } },
{ "type": "Feature", "properties": { "id": "64c79e56-6092-4162-8135-53ebf262e042", "names": null, "sources": "[{'property': '', 'dataset': 'Google Open Buildings', 'license': None, 'record_id': '8J5MP394+9XVQ', 'update_time': '2023-05-01T00:00:00.000Z', 'confidence': 0.6759, 'between': None}]", "level": null, "height": null, "min_height": null, "is_underground": false, "num_floors": null, "num_floors_underground": null, "min_floor": null, "subtype": null, "class": null, "facade_color": null, "facade_material": null, "roof_material": null, "roof_shape": null, "roof_direction": null, "roof_orientation": null, "roof_color": null, "roof_height": null, "has_parts": false, "version": 1, "bbox": { "xmin": 73.0573959350586, "xmax": 73.0574722290039, "ymin": 33.71847152709961, "ymax": 33.7185173034668 } }, "geometry": { "type": "Polygon", "coordinates": [ [ [ 73.0574136, 33.7184716 ], [ 73.057465, 33.7184899 ], [ 73.057453, 33.7185136 ], [ 73.0574016, 33.7184953 ], [ 73.0574136, 33.7184716 ] ] ] } },
{ "type": "Feature", "properties": { "id": "e1ca1d44-dc4e-4645-bb9a-79e340a3b851", "names": null, "sources": "[{'property': '', 'dataset': 'OpenStreetMap', 'license': 'ODbL-1.0', 'record_id': 'w1385282465@1', 'update_time': '2025-05-10T08:13:32.000Z', 'confidence': None, 'between': None}]", "level": null, "height": null, "min_height": null, "is_underground": false, "num_floors": null, "num_floors_underground": null, "min_floor": null, "subtype": null, "class": null, "facade_color": null, "facade_material": null, "roof_material": null, "roof_shape": null, "roof_direction": null, "roof_orientation": null, "roof_color": null, "roof_height": null, "has_parts": false, "version": 1, "bbox": { "xmin": 73.05690002441406, "xmax": 73.05728149414062, "ymin": 33.71920394897461, "ymax": 33.71950912475586 } }, "geometry": { "type": "Polygon", "coordinates": [ [ [ 73.0571453, 33.7195055 ], [ 73.0569121, 33.7193848 ], [ 73.0570471, 33.7192044 ], [ 73.0572803, 33.7193251 ], [ 73.0571453, 33.7195055 ] ] ] } },
{ "type": "Feature", "properties": { "id": "68c89f1b-aba3-45ac-8e16-1120200babbd", "names": null, "sources": "[{'property': '', 'dataset': 'OpenStreetMap', 'license': 'ODbL-1.0', 'record_id': 'w1385282454@1', 'update_time': '2025-05-10T08:13:32.000Z', 'confidence': None, 'between': None}]", "level": null, "height": null, "min_height": null, "is_underground": false, "num_floors": null, "num_floors_underground": null, "min_floor": null, "subtype": null, "class": null, "facade_color": null, "facade_material": null, "roof_material": null, "roof_shape": null, "roof_direction": null, "roof_orientation": null, "roof_color": null, "roof_height": null, "has_parts": false, "version": 1, "bbox": { "xmin": 73.05712127685547, "xmax": 73.05743408203125, "ymin": 33.71901321411133, "ymax": 33.71928024291992 } }, "geometry": { "type": "Polygon", "coordinates": [ [ [ 73.0572887, 33.7192798 ], [ 73.057124, 33.7191885 ], [ 73.0572639, 33.719014 ], [ 73.0574285, 33.7191053 ], [ 73.0572887, 33.7192798 ] ] ] } },
{ "type": "Feature", "properties": { "id": "24241b00-6857-4faf-9c88-e54b28eafd80", "names": null, "sources": "[{'property': '', 'dataset': 'Google Open Buildings', 'license': None, 'record_id': '8J5MP394+HWJG', 'update_time': '2023-05-01T00:00:00.000Z', 'confidence': 0.6962, 'between': None}]", "level": null, "height": null, "min_height": null, "is_underground": false, "num_floors": null, "num_floors_underground": null, "min_floor": null, "subtype": null, "class": null, "facade_color": null, "facade_material": null, "roof_material": null, "roof_shape": null, "roof_direction": null, "roof_orientation": null, "roof_color": null, "roof_height": null, "has_parts": false, "version": 1, "bbox": { "xmin": 73.05722045898438, "xmax": 73.05731201171875, "ymin": 33.71892166137695, "ymax": 33.7190055847168 } }, "geometry": { "type": "Polygon", "coordinates": [ [ [ 73.0573084, 33.7189359 ], [ 73.0572849, 33.7190049 ], [ 73.0572326, 33.7189924 ], [ 73.0572561, 33.7189234 ], [ 73.0573084, 33.7189359 ] ] ] } },
{ "type": "Feature", "properties": { "id": "ec7ca9b7-2276-4dd2-81d9-a2947265a3bf", "names": null, "sources": "[{'property': '', 'dataset': 'Google Open Buildings', 'license': None, 'record_id': '8J5MP394+HW79', 'update_time': '2023-05-01T00:00:00.000Z', 'confidence': 0.7405, 'between': None}]", "level": null, "height": null, "min_height": null, "is_underground": false, "num_floors": null, "num_floors_underground": null, "min_floor": null, "subtype": null, "class": null, "facade_color": null, "facade_material": null, "roof_material": null, "roof_shape": null, "roof_direction": null, "roof_orientation": null, "roof_color": null, "roof_height": null, "has_parts": false, "version": 1, "bbox": { "xmin": 73.05728149414062, "xmax": 73.0573501586914, "ymin": 33.71887969970703, "ymax": 33.718936920166016 } }, "geometry": { "type": "Polygon", "coordinates": [ [ [ 73.0573054, 33.7188811 ], [ 73.0573381, 33.7188936 ], [ 73.0573148, 33.718936 ], [ 73.0572821, 33.7189236 ], [ 73.0573054, 33.7188811 ] ] ] } },
{ "type": "Feature", "properties": { "id": "10481ab0-96e6-4db5-9ada-c3d5505038c2", "names": null, "sources": "[{'property': '', 'dataset': 'Google Open Buildings', 'license': None, 'record_id': '8J5MP394+JXGJ', 'update_time': '2023-05-01T00:00:00.000Z', 'confidence': 0.7538, 'between': None}]", "level": null, "height": null, "min_height": null, "is_underground": false, "num_floors": null, "num_floors_underground": null, "min_floor": null, "subtype": null, "class": null, "facade_color": null, "facade_material": null, "roof_material": null, "roof_shape": null, "roof_direction": null, "roof_orientation": null, "roof_color": null, "roof_height": null, "has_parts": false, "version": 1, "bbox": { "xmin": 73.05740356445312, "xmax": 73.0574722290039, "ymin": 33.71903610229492, "ymax": 33.71910095214844 } }, "geometry": { "type": "Polygon", "coordinates": [ [ [ 73.0574351, 33.7190398 ], [ 73.0574698, 33.7190542 ], [ 73.0574438, 33.7190982 ], [ 73.0574091, 33.7190839 ], [ 73.0574351, 33.7190398 ] ] ] } },
{ "type": "Feature", "properties": { "id": "50f03cd4-761f-448a-bfd1-46ea3c3f32c1", "names": null, "sources": "[{'property': '', 'dataset': 'Google Open Buildings', 'license': None, 'record_id': '8J5MP394+GX66', 'update_time': '2023-05-01T00:00:00.000Z', 'confidence': 0.7231, 'between': None}]", "level": null, "height": null, "min_height": null, "is_underground": false, "num_floors": null, "num_floors_underground": null, "min_floor": null, "subtype": null, "class": null, "facade_color": null, "facade_material": null, "roof_material": null, "roof_shape": null, "roof_direction": null, "roof_orientation": null, "roof_color": null, "roof_height": null, "has_parts": false, "version": 1, "bbox": { "xmin": 73.0573501586914, "xmax": 73.05741119384766, "ymin": 33.7187614440918, "ymax": 33.71880340576172 } }, "geometry": { "type": "Polygon", "coordinates": [ [ [ 73.0573685, 33.7187641 ], [ 73.0574062, 33.7187755 ], [ 73.0573952, 33.7188009 ], [ 73.0573575, 33.7187896 ], [ 73.0573685, 33.7187641 ] ] ] } },
{ "type": "Feature", "properties": { "id": "ae83cf75-2911-4e52-a1f2-b1a0765d9f5c", "names": null, "sources": "[{'property': '', 'dataset': 'Google Open Buildings', 'license': None, 'record_id': '8J5MP394+GXH3', 'update_time': '2023-05-01T00:00:00.000Z', 'confidence': 0.7686, 'between': None}]", "level": null, "height": null, "min_height": null, "is_underground": false, "num_floors": null, "num_floors_underground": null, "min_floor": null, "subtype": null, "class": null, "facade_color": null, "facade_material": null, "roof_material": null, "roof_shape": null, "roof_direction": null, "roof_orientation": null, "roof_color": null, "roof_height": null, "has_parts": false, "version": 1, "bbox": { "xmin": 73.05742645263672, "xmax": 73.05754089355469, "ymin": 33.71876525878906, "ymax": 33.718841552734375 } }, "geometry": { "type": "Polygon", "coordinates": [ [ [ 73.0574533, 33.7187667 ], [ 73.0575293, 33.7188042 ], [ 73.0575053, 33.7188382 ], [ 73.0574294, 33.7188007 ], [ 73.0574533, 33.7187667 ] ] ] } },
{ "type": "Feature", "properties": { "id": "a57e9fab-d410-4f1e-ad59-f2285f7572c3", "names": null, "sources": "[{'property': '', 'dataset': 'Google Open Buildings', 'license': None, 'record_id': '8J5MP394+HXXV', 'update_time': '2023-05-01T00:00:00.000Z', 'confidence': 0.7522, 'between': None}]", "level": null, "height": null, "min_height": null, "is_underground": false, "num_floors": null, "num_floors_underground": null, "min_floor": null, "subtype": null, "class": null, "facade_color": null, "facade_material": null, "roof_material": null, "roof_shape": null, "roof_direction": null, "roof_orientation": null, "roof_color": null, "roof_height": null, "has_parts": false, "version": 1, "bbox": { "xmin": 73.05744171142578, "xmax": 73.05752563476562, "ymin": 33.71896743774414, "ymax": 33.719032287597656 } }, "geometry": { "type": "Polygon", "coordinates": [ [ [ 73.0574701, 33.7189681 ], [ 73.0575186, 33.7189847 ], [ 73.0574965, 33.7190297 ], [ 73.057448, 33.719013 ], [ 73.0574701, 33.7189681 ] ] ] } },
{ "type": "Feature", "properties": { "id": "b0a36a1b-f405-4838-8324-6c0b3505110e", "names": null, "sources": "[{'property': '', 'dataset': 'OpenStreetMap', 'license': 'ODbL-1.0', 'record_id': 'w1385282455@1', 'update_time': '2025-05-10T08:13:32.000Z', 'confidence': None, 'between': None}]", "level": null, "height": null, "min_height": null, "is_underground": false, "num_floors": null, "num_floors_underground": null, "min_floor": null, "subtype": null, "class": null, "facade_color": null, "facade_material": null, "roof_material": null, "roof_shape": null, "roof_direction": null, "roof_orientation": null, "roof_color": null, "roof_height": null, "has_parts": false, "version": 1, "bbox": { "xmin": 73.05741882324219, "xmax": 73.05770874023438, "ymin": 33.71906280517578, "ymax": 33.71928787231445 } }, "geometry": { "type": "Polygon", "coordinates": [ [ [ 73.0576068, 33.7192844 ], [ 73.0574217, 33.7191818 ], [ 73.0575162, 33.7190639 ], [ 73.0577013, 33.7191665 ], [ 73.0576068, 33.7192844 ] ] ] } },
{ "type": "Feature", "properties": { "id": "aa31a44d-606b-4fa2-adca-7fd28a19b45f", "names": null, "sources": "[{'property': '', 'dataset': 'OpenStreetMap', 'license': 'ODbL-1.0', 'record_id': 'w1385282464@1', 'update_time': '2025-05-10T08:13:32.000Z', 'confidence': None, 'between': None}]", "level": null, "height": null, "min_height": null, "is_underground": false, "num_floors": null, "num_floors_underground": null, "min_floor": null, "subtype": null, "class": null, "facade_color": null, "facade_material": null, "roof_material": null, "roof_shape": null, "roof_direction": null, "roof_orientation": null, "roof_color": null, "roof_height": null, "has_parts": false, "version": 1, "bbox": { "xmin": 73.05718994140625, "xmax": 73.05747985839844, "ymin": 33.71936798095703, "ymax": 33.71963119506836 } }, "geometry": { "type": "Polygon", "coordinates": [ [ [ 73.0573292, 33.7196253 ], [ 73.0571964, 33.7195566 ], [ 73.0573355, 33.7193707 ], [ 73.0574683, 33.7194394 ], [ 73.0573292, 33.7196253 ] ] ] } },
{ "type": "Feature", "properties": { "id": "e964f327-df12-4bf4-99ca-c500575c6d1c", "names": null, "sources": "[{'property': '', 'dataset': 'OpenStreetMap', 'license': 'ODbL-1.0', 'record_id': 'w1385282463@1', 'update_time': '2025-05-10T08:13:32.000Z', 'confidence': None, 'between': None}]", "level": null, "height": null, "min_height": null, "is_underground": false, "num_floors": null, "num_floors_underground": null, "min_floor": null, "subtype": null, "class": null, "facade_color": null, "facade_material": null, "roof_material": null, "roof_shape": null, "roof_direction": null, "roof_orientation": null, "roof_color": null, "roof_height": null, "has_parts": false, "version": 1, "bbox": { "xmin": 73.05740356445312, "xmax": 73.05769348144531, "ymin": 33.7194938659668, "ymax": 33.7197380065918 } }, "geometry": { "type": "Polygon", "coordinates": [ [ [ 73.0575678, 33.7197379 ], [ 73.057411, 33.7196548 ], [ 73.057533, 33.7194956 ], [ 73.0576898, 33.7195788 ], [ 73.0575678, 33.7197379 ] ] ] } },
{ "type": "Feature", "properties": { "id": "10031a3a-24c2-4c61-993b-f84d1f94fc82", "names": null, "sources": "[{'property': '', 'dataset': 'Google Open Buildings', 'license': None, 'record_id': '8J5MP395+W2GC', 'update_time': '2023-05-01T00:00:00.000Z', 'confidence': 0.7553, 'between': None}]", "level": null, "height": null, "min_height": null, "is_underground": false, "num_floors": null, "num_floors_underground": null, "min_floor": null, "subtype": null, "class": null, "facade_color": null, "facade_material": null, "roof_material": null, "roof_shape": null, "roof_direction": null, "roof_orientation": null, "roof_color": null, "roof_height": null, "has_parts": false, "version": 1, "bbox": { "xmin": 73.05753326416016, "xmax": 73.0575942993164, "ymin": 33.719783782958984, "ymax": 33.719844818115234 } }, "geometry": { "type": "Polygon", "coordinates": [ [ [ 73.0575578, 33.7197862 ], [ 73.057594, 33.7197981 ], [ 73.0575717, 33.7198432 ], [ 73.0575365, 33.7198311 ], [ 73.0575578, 33.7197862 ] ] ] } },
{ "type": "Feature", "properties": { "id": "0a1551d9-643d-4d71-83af-b63fcb7b908a", "names": null, "sources": "[{'property': '', 'dataset': 'Google Open Buildings', 'license': None, 'record_id': '8J5MP394+RR4W', 'update_time': '2023-05-01T00:00:00.000Z', 'confidence': 0.7742, 'between': None}]", "level": null, "height": null, "min_height": null, "is_underground": false, "num_floors": null, "num_floors_underground": null, "min_floor": null, "subtype": null, "class": null, "facade_color": null, "facade_material": null, "roof_material": null, "roof_shape": null, "roof_direction": null, "roof_orientation": null, "roof_color": null, "roof_height": null, "has_parts": false, "version": 1, "bbox": { "xmin": 73.05702209472656, "xmax": 73.05712890625, "ymin": 33.71949005126953, "ymax": 33.71955871582031 } }, "geometry": { "type": "Polygon", "coordinates": [ [ [ 73.0570551, 33.7194906 ], [ 73.057128, 33.7195208 ], [ 73.0571072, 33.7195558 ], [ 73.0570343, 33.7195255 ], [ 73.0570551, 33.7194906 ] ] ] } },
{ "type": "Feature", "properties": { "id": "f6228e03-b95e-4d3e-bcc3-34191fdc3dd0", "names": null, "sources": "[{'property': '', 'dataset': 'Google Open Buildings', 'license': None, 'record_id': '8J5MP394+XQMV', 'update_time': '2023-05-01T00:00:00.000Z', 'confidence': 0.8482, 'between': None}]", "level": null, "height": null, "min_height": null, "is_underground": false, "num_floors": null, "num_floors_underground": null, "min_floor": null, "subtype": null, "class": null, "facade_color": null, "facade_material": null, "roof_material": null, "roof_shape": null, "roof_direction": null, "roof_orientation": null, "roof_color": null, "roof_height": null, "has_parts": false, "version": 1, "bbox": { "xmin": 73.05683898925781, "xmax": 73.05699157714844, "ymin": 33.71991729736328, "ymax": 33.720027923583984 } }, "geometry": { "type": "Polygon", "coordinates": [ [ [ 73.0568915, 33.7199207 ], [ 73.0569895, 33.7199664 ], [ 73.0569493, 33.7200267 ], [ 73.0568512, 33.7199811 ], [ 73.0568915, 33.7199207 ] ] ] } },
{ "type": "Feature", "properties": { "id": "a9e9fb0a-a77c-4065-8c5f-95feb56d4b52", "names": null, "sources": "[{'property': '', 'dataset': 'Google Open Buildings', 'license': None, 'record_id': '8J5MP3C4+2PPR', 'update_time': '2023-05-01T00:00:00.000Z', 'confidence': 0.8336, 'between': None}]", "level": null, "height": null, "min_height": null, "is_underground": false, "num_floors": null, "num_floors_underground": null, "min_floor": null, "subtype": null, "class": null, "facade_color": null, "facade_material": null, "roof_material": null, "roof_shape": null, "roof_direction": null, "roof_orientation": null, "roof_color": null, "roof_height": null, "has_parts": false, "version": 1, "bbox": { "xmin": 73.05667877197266, "xmax": 73.05696105957031, "ymin": 33.719966888427734, "ymax": 33.72023391723633 } }, "geometry": { "type": "Polygon", "coordinates": [ [ [ 73.0568221, 33.7199675 ], [ 73.0569493, 33.7200267 ], [ 73.056813, 33.720231 ], [ 73.0566858, 33.7201718 ], [ 73.0568221, 33.7199675 ] ] ] } },
{ "type": "Feature", "properties": { "id": "996ca5db-7bfa-4fb2-b2c5-99d46beb9975", "names": null, "sources": "[{'property': '', 'dataset': 'Google Open Buildings', 'license': None, 'record_id': '8J5MP394+XM68', 'update_time': '2023-05-01T00:00:00.000Z', 'confidence': 0.6984, 'between': None}]", "level": null, "height": null, "min_height": null, "is_underground": false, "num_floors": null, "num_floors_underground": null, "min_floor": null, "subtype": null, "class": null, "facade_color": null, "facade_material": null, "roof_material": null, "roof_shape": null, "roof_direction": null, "roof_orientation": null, "roof_color": null, "roof_height": null, "has_parts": false, "version": 1, "bbox": { "xmin": 73.05655670166016, "xmax": 73.05672454833984, "ymin": 33.719844818115234, "ymax": 33.71998596191406 } }, "geometry": { "type": "Polygon", "coordinates": [ [ [ 73.0565874, 33.7198454 ], [ 73.0567194, 33.7199073 ], [ 73.056668, 33.7199838 ], [ 73.0566356, 33.7199686 ], [ 73.0566711, 33.7199159 ], [ 73.0566024, 33.7198837 ], [ 73.0565911, 33.7199006 ], [ 73.05656, 33.719886 ], [ 73.0565874, 33.7198454 ] ] ] } },
{ "type": "Feature", "properties": { "id": "f484eece-a86e-4530-a22f-4329a0db8fe1", "names": null, "sources": "[{'property': '', 'dataset': 'OpenStreetMap', 'license': 'ODbL-1.0', 'record_id': 'w1385282835@1', 'update_time': '2025-05-10T08:13:32.000Z', 'confidence': None, 'between': None}]", "level": null, "height": null, "min_height": null, "is_underground": false, "num_floors": null, "num_floors_underground": null, "min_floor": null, "subtype": null, "class": null, "facade_color": null, "facade_material": null, "roof_material": null, "roof_shape": null, "roof_direction": null, "roof_orientation": null, "roof_color": null, "roof_height": null, "has_parts": false, "version": 1, "bbox": { "xmin": 73.05668640136719, "xmax": 73.05699920654297, "ymin": 33.71791458129883, "ymax": 33.718204498291016 } }, "geometry": { "type": "Polygon", "coordinates": [ [ [ 73.0568539, 33.718202 ], [ 73.0566868, 33.7181198 ], [ 73.0568309, 33.7179172 ], [ 73.056998, 33.7179994 ], [ 73.0568539, 33.718202 ] ] ] } },
{ "type": "Feature", "properties": { "id": "b4bd05e0-e92b-4306-9302-bf3ada447435", "names": null, "sources": "[{'property': '', 'dataset': 'OpenStreetMap', 'license': 'ODbL-1.0', 'record_id': 'w1385282834@1', 'update_time': '2025-05-10T08:13:32.000Z', 'confidence': None, 'between': None}]", "level": null, "height": null, "min_height": null, "is_underground": false, "num_floors": null, "num_floors_underground": null, "min_floor": null, "subtype": null, "class": null, "facade_color": null, "facade_material": null, "roof_material": null, "roof_shape": null, "roof_direction": null, "roof_orientation": null, "roof_color": null, "roof_height": null, "has_parts": false, "version": 1, "bbox": { "xmin": 73.05650329589844, "xmax": 73.05683135986328, "ymin": 33.717811584472656, "ymax": 33.71809768676758 } }, "geometry": { "type": "Polygon", "coordinates": [ [ [ 73.0566822, 33.7180972 ], [ 73.0565152, 33.718015 ], [ 73.0566592, 33.7178123 ], [ 73.0568263, 33.7178945 ], [ 73.0566822, 33.7180972 ] ] ] } },
{ "type": "Feature", "properties": { "id": "231315af-010b-477f-81d9-10d6f9ec75b2", "names": null, "sources": "[{'property': '', 'dataset': 'OpenStreetMap', 'license': 'ODbL-1.0', 'record_id': 'w1385282833@1', 'update_time': '2025-05-10T08:13:32.000Z', 'confidence': None, 'between': None}]", "level": null, "height": null, "min_height": null, "is_underground": false, "num_floors": null, "num_floors_underground": null, "min_floor": null, "subtype": null, "class": null, "facade_color": null, "facade_material": null, "roof_material": null, "roof_shape": null, "roof_direction": null, "roof_orientation": null, "roof_color": null, "roof_height": null, "has_parts": false, "version": 1, "bbox": { "xmin": 73.05632781982422, "xmax": 73.05664825439453, "ymin": 33.71773147583008, "ymax": 33.718017578125 } }, "geometry": { "type": "Polygon", "coordinates": [ [ [ 73.0564971, 33.7180169 ], [ 73.0563301, 33.7179347 ], [ 73.0564742, 33.717732 ], [ 73.0566412, 33.7178142 ], [ 73.0564971, 33.7180169 ] ] ] } },
{ "type": "Feature", "properties": { "id": "d561d2ad-a2fc-4c70-b677-5e7c8512e5a4", "names": null, "sources": "[{'property': '', 'dataset': 'OpenStreetMap', 'license': 'ODbL-1.0', 'record_id': 'w1385282836@1', 'update_time': '2025-05-10T08:13:32.000Z', 'confidence': None, 'between': None}]", "level": null, "height": null, "min_height": null, "is_underground": false, "num_floors": null, "num_floors_underground": null, "min_floor": null, "subtype": null, "class": null, "facade_color": null, "facade_material": null, "roof_material": null, "roof_shape": null, "roof_direction": null, "roof_orientation": null, "roof_color": null, "roof_height": null, "has_parts": false, "version": 1, "bbox": { "xmin": 73.05634307861328, "xmax": 73.05665588378906, "ymin": 33.71802520751953, "ymax": 33.71831130981445 } }, "geometry": { "type": "Polygon", "coordinates": [ [ [ 73.0565105, 33.7183113 ], [ 73.0563435, 33.7182292 ], [ 73.0564876, 33.7180265 ], [ 73.0566546, 33.7181087 ], [ 73.0565105, 33.7183113 ] ] ] } },
{ "type": "Feature", "properties": { "id": "3ee796ce-a122-4ce1-8ac8-4a8e9e40c41a", "names": null, "sources": "[{'property': '', 'dataset': 'OpenStreetMap', 'license': 'ODbL-1.0', 'record_id': 'w1385747962@1', 'update_time': '2025-05-12T09:48:49.000Z', 'confidence': None, 'between': None}]", "level": null, "height": null, "min_height": null, "is_underground": false, "num_floors": null, "num_floors_underground": null, "min_floor": null, "subtype": null, "class": null, "facade_color": null, "facade_material": null, "roof_material": null, "roof_shape": null, "roof_direction": null, "roof_orientation": null, "roof_color": null, "roof_height": null, "has_parts": false, "version": 1, "bbox": { "xmin": 73.05652618408203, "xmax": 73.0567626953125, "ymin": 33.71818923950195, "ymax": 33.7183952331543 } }, "geometry": { "type": "Polygon", "coordinates": [ [ [ 73.0566488, 33.718395 ], [ 73.0565267, 33.7183265 ], [ 73.0566334, 33.718195 ], [ 73.0567555, 33.7182635 ], [ 73.0566488, 33.718395 ] ] ] } },
{ "type": "Feature", "properties": { "id": "60f472ca-ec7f-47b8-8c01-9d1919470d9c", "names": null, "sources": "[{'property': '', 'dataset': 'OpenStreetMap', 'license': 'ODbL-1.0', 'record_id': 'w1385282853@1', 'update_time': '2025-05-10T08:13:32.000Z', 'confidence': None, 'between': None}]", "level": null, "height": null, "min_height": null, "is_underground": false, "num_floors": null, "num_floors_underground": null, "min_floor": null, "subtype": null, "class": null, "facade_color": null, "facade_material": null, "roof_material": null, "roof_shape": null, "roof_direction": null, "roof_orientation": null, "roof_color": null, "roof_height": null, "has_parts": false, "version": 1, "bbox": { "xmin": 73.05615234375, "xmax": 73.05648040771484, "ymin": 33.718467712402344, "ymax": 33.718753814697266 } }, "geometry": { "type": "Polygon", "coordinates": [ [ [ 73.0563308, 33.7187531 ], [ 73.0561638, 33.7186709 ], [ 73.0563079, 33.7184683 ], [ 73.0564749, 33.7185504 ], [ 73.0563308, 33.7187531 ] ] ] } },
{ "type": "Feature", "properties": { "id": "a1ead7fe-dd55-451a-b645-8ec89eae8ec7", "names": null, "sources": "[{'property': '', 'dataset': 'Google Open Buildings', 'license': None, 'record_id': '8J5MP394+9G6X', 'update_time': '2023-05-01T00:00:00.000Z', 'confidence': 0.6855, 'between': None}]", "level": null, "height": null, "min_height": null, "is_underground": false, "num_floors": null, "num_floors_underground": null, "min_floor": null, "subtype": null, "class": null, "facade_color": null, "facade_material": null, "roof_material": null, "roof_shape": null, "roof_direction": null, "roof_orientation": null, "roof_color": null, "roof_height": null, "has_parts": false, "version": 1, "bbox": { "xmin": 73.05624389648438, "xmax": 73.05631256103516, "ymin": 33.7183952331543, "ymax": 33.71845245361328 } }, "geometry": { "type": "Polygon", "coordinates": [ [ [ 73.056269, 33.7183961 ], [ 73.0563069, 33.7184093 ], [ 73.0562855, 33.7184521 ], [ 73.0562476, 33.7184389 ], [ 73.056269, 33.7183961 ] ] ] } },
{ "type": "Feature", "properties": { "id": "183f667f-2b67-44e2-af81-11cdfca9e4a9", "names": null, "sources": "[{'property': '', 'dataset': 'OpenStreetMap', 'license': 'ODbL-1.0', 'record_id': 'w1385282837@1', 'update_time': '2025-05-10T08:13:32.000Z', 'confidence': None, 'between': None}]", "level": null, "height": null, "min_height": null, "is_underground": false, "num_floors": null, "num_floors_underground": null, "min_floor": null, "subtype": null, "class": null, "facade_color": null, "facade_material": null, "roof_material": null, "roof_shape": null, "roof_direction": null, "roof_orientation": null, "roof_color": null, "roof_height": null, "has_parts": false, "version": 1, "bbox": { "xmin": 73.05616760253906, "xmax": 73.05648803710938, "ymin": 33.717952728271484, "ymax": 33.718238830566406 } }, "geometry": { "type": "Polygon", "coordinates": [ [ [ 73.0563416, 33.7182377 ], [ 73.0561745, 33.7181555 ], [ 73.0563186, 33.7179529 ], [ 73.0564857, 33.7180351 ], [ 73.0563416, 33.7182377 ] ] ] } },
{ "type": "Feature", "properties": { "id": "64c79365-b884-45a2-bc67-399c3b6e9202", "names": null, "sources": "[{'property': '', 'dataset': 'OpenStreetMap', 'license': 'ODbL-1.0', 'record_id': 'w1385282838@1', 'update_time': '2025-05-10T08:13:32.000Z', 'confidence': None, 'between': None}]", "level": null, "height": null, "min_height": null, "is_underground": false, "num_floors": null, "num_floors_underground": null, "min_floor": null, "subtype": null, "class": null, "facade_color": null, "facade_material": null, "roof_material": null, "roof_shape": null, "roof_direction": null, "roof_orientation": null, "roof_color": null, "roof_height": null, "has_parts": false, "version": 1, "bbox": { "xmin": 73.05601501464844, "xmax": 73.05634307861328, "ymin": 33.71783447265625, "ymax": 33.71812057495117 } }, "geometry": { "type": "Polygon", "coordinates": [ [ [ 73.056194, 33.7181195 ], [ 73.056027, 33.7180373 ], [ 73.0561711, 33.7178347 ], [ 73.0563381, 33.7179168 ], [ 73.056194, 33.7181195 ] ] ] } },
{ "type": "Feature", "properties": { "id": "258acc60-9b9c-4961-981e-6f6e1597b8de", "names": null, "sources": "[{'property': '', 'dataset': 'OpenStreetMap', 'license': 'ODbL-1.0', 'record_id': 'w1385282839@1', 'update_time': '2025-05-10T08:13:32.000Z', 'confidence': None, 'between': None}]", "level": null, "height": null, "min_height": null, "is_underground": false, "num_floors": null, "num_floors_underground": null, "min_floor": null, "subtype": null, "class": null, "facade_color": null, "facade_material": null, "roof_material": null, "roof_shape": null, "roof_direction": null, "roof_orientation": null, "roof_color": null, "roof_height": null, "has_parts": false, "version": 1, "bbox": { "xmin": 73.05587005615234, "xmax": 73.05618286132812, "ymin": 33.71774673461914, "ymax": 33.71803283691406 } }, "geometry": { "type": "Polygon", "coordinates": [ [ [ 73.0560385, 33.7180325 ], [ 73.0558714, 33.7179503 ], [ 73.0560155, 33.7177476 ], [ 73.0561826, 33.7178298 ], [ 73.0560385, 33.7180325 ] ] ] } },
{ "type": "Feature", "properties": { "id": "fa92c08f-6be4-4eda-8505-d31bd2c4e926", "names": null, "sources": "[{'property': '', 'dataset': 'Google Open Buildings', 'license': None, 'record_id': '8J5MP394+7CVF', 'update_time': '2023-05-01T00:00:00.000Z', 'confidence': 0.7241, 'between': None}]", "level": null, "height": null, "min_height": null, "is_underground": false, "num_floors": null, "num_floors_underground": null, "min_floor": null, "subtype": null, "class": null, "facade_color": null, "facade_material": null, "roof_material": null, "roof_shape": null, "roof_direction": null, "roof_orientation": null, "roof_color": null, "roof_height": null, "has_parts": false, "version": 1, "bbox": { "xmin": 73.05599975585938, "xmax": 73.05609130859375, "ymin": 33.718196868896484, "ymax": 33.71828079223633 } }, "geometry": { "type": "Polygon", "coordinates": [ [ [ 73.0560348, 33.7181984 ], [ 73.0560884, 33.7182207 ], [ 73.0560539, 33.7182785 ], [ 73.0560003, 33.7182561 ], [ 73.0560348, 33.7181984 ] ] ] } },
{ "type": "Feature", "properties": { "id": "768c8cce-9e19-4a22-a13c-26bf6c74caf3", "names": null, "sources": "[{'property': '', 'dataset': 'OpenStreetMap', 'license': 'ODbL-1.0', 'record_id': 'w1385282852@1', 'update_time': '2025-05-10T08:13:32.000Z', 'confidence': None, 'between': None}]", "level": null, "height": null, "min_height": null, "is_underground": false, "num_floors": null, "num_floors_underground": null, "min_floor": null, "subtype": null, "class": null, "facade_color": null, "facade_material": null, "roof_material": null, "roof_shape": null, "roof_direction": null, "roof_orientation": null, "roof_color": null, "roof_height": null, "has_parts": false, "version": 1, "bbox": { "xmin": 73.05591583251953, "xmax": 73.05623626708984, "ymin": 33.71833038330078, "ymax": 33.71862030029297 } }, "geometry": { "type": "Polygon", "coordinates": [ [ [ 73.0560894, 33.718617 ], [ 73.0559224, 33.7185348 ], [ 73.0560665, 33.7183322 ], [ 73.0562335, 33.7184143 ], [ 73.0560894, 33.718617 ] ] ] } },
{ "type": "Feature", "properties": { "id": "84ecf1c1-d990-4a42-b716-1e9be32196a3", "names": null, "sources": "[{'property': '', 'dataset': 'Google Open Buildings', 'license': None, 'record_id': '8J5MP394+H934', 'update_time': '2023-05-01T00:00:00.000Z', 'confidence': 0.6959, 'between': None}]", "level": null, "height": null, "min_height": null, "is_underground": false, "num_floors": null, "num_floors_underground": null, "min_floor": null, "subtype": null, "class": null, "facade_color": null, "facade_material": null, "roof_material": null, "roof_shape": null, "roof_direction": null, "roof_orientation": null, "roof_color": null, "roof_height": null, "has_parts": false, "version": 1, "bbox": { "xmin": 73.05584716796875, "xmax": 73.05601501464844, "ymin": 33.71878433227539, "ymax": 33.71896743774414 } }, "geometry": { "type": "Polygon", "coordinates": [ [ [ 73.0560027, 33.7188035 ], [ 73.0558886, 33.7189649 ], [ 73.0558533, 33.7189475 ], [ 73.0559674, 33.718786 ], [ 73.0560027, 33.7188035 ] ] ] } },
{ "type": "Feature", "properties": { "id": "3cc1fcd0-2f98-47cc-a321-68bd371be119", "names": null, "sources": "[{'property': '', 'dataset': 'OpenStreetMap', 'license': 'ODbL-1.0', 'record_id': 'w1385282855@1', 'update_time': '2025-05-10T08:13:32.000Z', 'confidence': None, 'between': None}]", "level": null, "height": null, "min_height": null, "is_underground": false, "num_floors": null, "num_floors_underground": null, "min_floor": null, "subtype": null, "class": null, "facade_color": null, "facade_material": null, "roof_material": null, "roof_shape": null, "roof_direction": null, "roof_orientation": null, "roof_color": null, "roof_height": null, "has_parts": false, "version": 1, "bbox": { "xmin": 73.05596923828125, "xmax": 73.05628967285156, "ymin": 33.71873092651367, "ymax": 33.71902084350586 } }, "geometry": { "type": "Polygon", "coordinates": [ [ [ 73.0561431, 33.7190186 ], [ 73.055976, 33.7189364 ], [ 73.0561201, 33.7187337 ], [ 73.0562872, 33.7188159 ], [ 73.0561431, 33.7190186 ] ] ] } },
{ "type": "Feature", "properties": { "id": "d645df46-a94a-4d3e-a533-b74095c23f5f", "names": null, "sources": "[{'property': '', 'dataset': 'OpenStreetMap', 'license': 'ODbL-1.0', 'record_id': 'w1385282854@1', 'update_time': '2025-05-10T08:13:32.000Z', 'confidence': None, 'between': None}]", "level": null, "height": null, "min_height": null, "is_underground": false, "num_floors": null, "num_floors_underground": null, "min_floor": null, "subtype": null, "class": null, "facade_color": null, "facade_material": null, "roof_material": null, "roof_shape": null, "roof_direction": null, "roof_orientation": null, "roof_color": null, "roof_height": null, "has_parts": false, "version": 1, "bbox": { "xmin": 73.05620574951172, "xmax": 73.05652618408203, "ymin": 33.71885299682617, "ymax": 33.71914291381836 } }, "geometry": { "type": "Polygon", "coordinates": [ [ [ 73.0563791, 33.7191413 ], [ 73.0562121, 33.7190591 ], [ 73.0563561, 33.7188565 ], [ 73.0565232, 33.7189386 ], [ 73.0563791, 33.7191413 ] ] ] } },
{ "type": "Feature", "properties": { "id": "28bbe967-761b-470d-9595-48e9c1bff8e9", "names": null, "sources": "[{'property': '', 'dataset': 'Google Open Buildings', 'license': None, 'record_id': '8J5MP3C4+2GH4', 'update_time': '2023-05-01T00:00:00.000Z', 'confidence': 0.8988, 'between': None}]", "level": null, "height": null, "min_height": null, "is_underground": false, "num_floors": null, "num_floors_underground": null, "min_floor": null, "subtype": null, "class": null, "facade_color": null, "facade_material": null, "roof_material": null, "roof_shape": null, "roof_direction": null, "roof_orientation": null, "roof_color": null, "roof_height": null, "has_parts": false, "version": 1, "bbox": { "xmin": 73.0560531616211, "xmax": 73.0566635131836, "ymin": 33.7197265625, "ymax": 33.72032928466797 } }, "geometry": { "type": "Polygon", "coordinates": [ [ [ 73.0560594, 33.7201507 ], [ 73.0563373, 33.7197283 ], [ 73.0564712, 33.7197898 ], [ 73.0564104, 33.7198821 ], [ 73.0566584, 33.719996 ], [ 73.0564413, 33.7203261 ], [ 73.0560594, 33.7201507 ] ], [ [ 73.0563327, 33.7200003 ], [ 73.0564104, 33.7198821 ], [ 73.0563832, 33.7198696 ], [ 73.0563055, 33.7199878 ], [ 73.0563327, 33.7200003 ] ] ] } },
{ "type": "Feature", "properties": { "id": "8887cc52-92d8-4ba2-9757-d1ee5cf3b0d9", "names": null, "sources": "[{'property': '', 'dataset': 'Google Open Buildings', 'license': None, 'record_id': '8J5MP3C4+89Q6', 'update_time': '2023-05-01T00:00:00.000Z', 'confidence': 0.7981, 'between': None}]", "level": null, "height": null, "min_height": null, "is_underground": false, "num_floors": null, "num_floors_underground": null, "min_floor": null, "subtype": null, "class": null, "facade_color": null, "facade_material": null, "roof_material": null, "roof_shape": null, "roof_direction": null, "roof_orientation": null, "roof_color": null, "roof_height": null, "has_parts": false, "version": 1, "bbox": { "xmin": 73.05587768554688, "xmax": 73.05607604980469, "ymin": 33.72072982788086, "ymax": 33.72093200683594 } }, "geometry": { "type": "Polygon", "coordinates": [ [ [ 73.0559924, 33.7207308 ], [ 73.0560693, 33.7207662 ], [ 73.0559601, 33.720932 ], [ 73.0558832, 33.7208966 ], [ 73.0559924, 33.7207308 ] ] ] } },
{ "type": "Feature", "properties": { "id": "cdfb251b-8a90-4972-b98c-d9f158555438", "names": null, "sources": "[{'property': '', 'dataset': 'OpenStreetMap', 'license': 'ODbL-1.0', 'record_id': 'w23515772@3', 'update_time': '2024-09-21T10:19:07.000Z', 'confidence': None, 'between': None}]", "level": null, "height": null, "min_height": null, "is_underground": false, "num_floors": null, "num_floors_underground": null, "min_floor": null, "subtype": null, "class": null, "facade_color": null, "facade_material": null, "roof_material": null, "roof_shape": null, "roof_direction": null, "roof_orientation": null, "roof_color": null, "roof_height": null, "has_parts": false, "version": 1, "bbox": { "xmin": 73.05589294433594, "xmax": 73.05640411376953, "ymin": 33.72079849243164, "ymax": 33.721221923828125 } }, "geometry": { "type": "Polygon", "coordinates": [ [ [ 73.0562113, 33.7212208 ], [ 73.0559054, 33.721071 ], [ 73.056098, 33.7207989 ], [ 73.0564039, 33.7209488 ], [ 73.0562113, 33.7212208 ] ] ] } },
{ "type": "Feature", "properties": { "id": "f3c734a5-95e9-4e45-adfc-1ba17f967794", "names": null, "sources": "[{'property': '', 'dataset': 'OpenStreetMap', 'license': 'ODbL-1.0', 'record_id': 'w23515806@2', 'update_time': '2008-03-29T17:32:30.000Z', 'confidence': None, 'between': None}]", "level": null, "height": null, "min_height": null, "is_underground": false, "num_floors": null, "num_floors_underground": null, "min_floor": null, "subtype": null, "class": null, "facade_color": null, "facade_material": null, "roof_material": null, "roof_shape": null, "roof_direction": null, "roof_orientation": null, "roof_color": null, "roof_height": null, "has_parts": false, "version": 1, "bbox": { "xmin": 73.05608367919922, "xmax": 73.05644226074219, "ymin": 33.72039794921875, "ymax": 33.720787048339844 } }, "geometry": { "type": "Polygon", "coordinates": [ [ [ 73.0561832, 33.7207841 ], [ 73.0560888, 33.7207413 ], [ 73.0563549, 33.7203986 ], [ 73.0564407, 33.7204486 ], [ 73.0561832, 33.7207841 ] ] ] } },
{ "type": "Feature", "properties": { "id": "a8450036-4a5c-470c-970b-53bb03d637d8", "names": null, "sources": "[{'property': '', 'dataset': 'Google Open Buildings', 'license': None, 'record_id': '8J5MP3C4+3RCP', 'update_time': '2023-05-01T00:00:00.000Z', 'confidence': 0.9564, 'between': None}]", "level": null, "height": null, "min_height": null, "is_underground": false, "num_floors": null, "num_floors_underground": null, "min_floor": null, "subtype": null, "class": null, "facade_color": null, "facade_material": null, "roof_material": null, "roof_shape": null, "roof_direction": null, "roof_orientation": null, "roof_color": null, "roof_height": null, "has_parts": false, "version": 1, "bbox": { "xmin": 73.05681610107422, "xmax": 73.05721282958984, "ymin": 33.71998977661133, "ymax": 33.72039031982422 } }, "geometry": { "type": "Polygon", "coordinates": [ [ [ 73.0570276, 33.7199912 ], [ 73.0572117, 33.7200756 ], [ 73.0570052, 33.7203899 ], [ 73.0568211, 33.7203055 ], [ 73.0570276, 33.7199912 ] ] ] } },
{ "type": "Feature", "properties": { "id": "cc831020-e1e7-4888-87c8-6919533d94e9", "names": null, "sources": "[{'property': '', 'dataset': 'OpenStreetMap', 'license': 'ODbL-1.0', 'record_id': 'w23515771@1', 'update_time': '2008-03-29T17:31:15.000Z', 'confidence': None, 'between': None}]", "level": null, "height": null, "min_height": null, "is_underground": false, "num_floors": null, "num_floors_underground": null, "min_floor": null, "subtype": null, "class": null, "facade_color": null, "facade_material": null, "roof_material": null, "roof_shape": null, "roof_direction": null, "roof_orientation": null, "roof_color": null, "roof_height": null, "has_parts": false, "version": 1, "bbox": { "xmin": 73.05635833740234, "xmax": 73.05711364746094, "ymin": 33.720603942871094, "ymax": 33.72142791748047 } }, "geometry": { "type": "Polygon", "coordinates": [ [ [ 73.0565523, 33.7214266 ], [ 73.0563635, 33.7213124 ], [ 73.0569042, 33.7206056 ], [ 73.0571016, 33.7207198 ], [ 73.0565523, 33.7214266 ] ] ] } },
{ "type": "Feature", "properties": { "id": "b7ec6ec6-fbdd-46b9-8910-2064c7b45e52", "names": null, "sources": "[{'property': '', 'dataset': 'OpenStreetMap', 'license': 'ODbL-1.0', 'record_id': 'w1385283400@1', 'update_time': '2025-05-10T08:13:32.000Z', 'confidence': None, 'between': None}]", "level": null, "height": null, "min_height": null, "is_underground": false, "num_floors": null, "num_floors_underground": null, "min_floor": null, "subtype": null, "class": null, "facade_color": null, "facade_material": null, "roof_material": null, "roof_shape": null, "roof_direction": null, "roof_orientation": null, "roof_color": null, "roof_height": null, "has_parts": false, "version": 1, "bbox": { "xmin": 73.0563735961914, "xmax": 73.05667114257812, "ymin": 33.72205352783203, "ymax": 33.72231674194336 } }, "geometry": { "type": "Polygon", "coordinates": [ [ [ 73.0565419, 33.7223143 ], [ 73.0563811, 33.7222401 ], [ 73.0565045, 33.722055 ], [ 73.0566653, 33.7221291 ], [ 73.0565419, 33.7223143 ] ] ] } },
{ "type": "Feature", "properties": { "id": "783f13bd-7217-49e1-93b0-a86123d0cf5f", "names": null, "sources": "[{'property': '', 'dataset': 'OpenStreetMap', 'license': 'ODbL-1.0', 'record_id': 'w1385283404@1', 'update_time': '2025-05-10T08:13:32.000Z', 'confidence': None, 'between': None}]", "level": null, "height": null, "min_height": null, "is_underground": false, "num_floors": null, "num_floors_underground": null, "min_floor": null, "subtype": null, "class": null, "facade_color": null, "facade_material": null, "roof_material": null, "roof_shape": null, "roof_direction": null, "roof_orientation": null, "roof_color": null, "roof_height": null, "has_parts": false, "version": 1, "bbox": { "xmin": 73.05624389648438, "xmax": 73.05653381347656, "ymin": 33.722286224365234, "ymax": 33.72254943847656 } }, "geometry": { "type": "Polygon", "coordinates": [ [ [ 73.0564078, 33.7225463 ], [ 73.056247, 33.7224722 ], [ 73.0563703, 33.722287 ], [ 73.0565312, 33.7223612 ], [ 73.0564078, 33.7225463 ] ] ] } },
{ "type": "Feature", "properties": { "id": "0057a7ac-a9af-4f24-b854-d9b357728246", "names": null, "sources": "[{'property': '', 'dataset': 'OpenStreetMap', 'license': 'ODbL-1.0', 'record_id': 'w1385283401@1', 'update_time': '2025-05-10T08:13:32.000Z', 'confidence': None, 'between': None}]", "level": null, "height": null, "min_height": null, "is_underground": false, "num_floors": null, "num_floors_underground": null, "min_floor": null, "subtype": null, "class": null, "facade_color": null, "facade_material": null, "roof_material": null, "roof_shape": null, "roof_direction": null, "roof_orientation": null, "roof_color": null, "roof_height": null, "has_parts": false, "version": 1, "bbox": { "xmin": 73.05609893798828, "xmax": 73.05650329589844, "ymin": 33.72190475463867, "ymax": 33.722267150878906 } }, "geometry": { "type": "Polygon", "coordinates": [ [ [ 73.0563287, 33.7222663 ], [ 73.0561062, 33.722161 ], [ 73.0562805, 33.7219066 ], [ 73.0565004, 33.7220165 ], [ 73.0563287, 33.7222663 ] ] ] } },
{ "type": "Feature", "properties": { "id": "ae521f28-5026-4854-8daf-d9b8454f00e8", "names": null, "sources": "[{'property': '', 'dataset': 'OpenStreetMap', 'license': 'ODbL-1.0', 'record_id': 'w1385283402@1', 'update_time': '2025-05-10T08:13:32.000Z', 'confidence': None, 'between': None}]", "level": null, "height": null, "min_height": null, "is_underground": false, "num_floors": null, "num_floors_underground": null, "min_floor": null, "subtype": null, "class": null, "facade_color": null, "facade_material": null, "roof_material": null, "roof_shape": null, "roof_direction": null, "roof_orientation": null, "roof_color": null, "roof_height": null, "has_parts": false, "version": 1, "bbox": { "xmin": 73.0558853149414, "xmax": 73.0562973022461, "ymin": 33.7217903137207, "ymax": 33.72215270996094 } }, "geometry": { "type": "Polygon", "coordinates": [ [ [ 73.0561141, 33.7221526 ], [ 73.0558916, 33.7220472 ], [ 73.0560659, 33.7217929 ], [ 73.0562858, 33.7219027 ], [ 73.0561141, 33.7221526 ] ] ] } },
{ "type": "Feature", "properties": { "id": "aaa85db6-d573-4c88-9fc5-6e9ce793b3da", "names": null, "sources": "[{'property': '', 'dataset': 'OpenStreetMap', 'license': 'ODbL-1.0', 'record_id': 'w1385283406@1', 'update_time': '2025-05-10T08:13:32.000Z', 'confidence': None, 'between': None}]", "level": null, "height": null, "min_height": null, "is_underground": false, "num_floors": null, "num_floors_underground": null, "min_floor": null, "subtype": null, "class": null, "facade_color": null, "facade_material": null, "roof_material": null, "roof_shape": null, "roof_direction": null, "roof_orientation": null, "roof_color": null, "roof_height": null, "has_parts": false, "version": 1, "bbox": { "xmin": 73.05570983886719, "xmax": 73.05611419677734, "ymin": 33.722042083740234, "ymax": 33.722408294677734 } }, "geometry": { "type": "Polygon", "coordinates": [ [ [ 73.0559398, 33.7224024 ], [ 73.0557172, 33.722297 ], [ 73.0558916, 33.7220427 ], [ 73.0561114, 33.7221526 ], [ 73.0559398, 33.7224024 ] ] ] } },
{ "type": "Feature", "properties": { "id": "792730a7-6f51-4d8d-9710-2465204c316b", "names": null, "sources": "[{'property': '', 'dataset': 'OpenStreetMap', 'license': 'ODbL-1.0', 'record_id': 'w1385283405@1', 'update_time': '2025-05-10T08:13:32.000Z', 'confidence': None, 'between': None}]", "level": null, "height": null, "min_height": null, "is_underground": false, "num_floors": null, "num_floors_underground": null, "min_floor": null, "subtype": null, "class": null, "facade_color": null, "facade_material": null, "roof_material": null, "roof_shape": null, "roof_direction": null, "roof_orientation": null, "roof_color": null, "roof_height": null, "has_parts": false, "version": 1, "bbox": { "xmin": 73.0559310913086, "xmax": 73.05632781982422, "ymin": 33.72215270996094, "ymax": 33.72251892089844 } }, "geometry": { "type": "Polygon", "coordinates": [ [ [ 73.0561544, 33.7225162 ], [ 73.0559318, 33.7224108 ], [ 73.0561062, 33.7221565 ], [ 73.056326, 33.7222663 ], [ 73.0561544, 33.7225162 ] ] ] } },
{ "type": "Feature", "properties": { "id": "04235c99-4ba5-4316-9f57-5b9bcb94f07e", "names": null, "sources": "[{'property': '', 'dataset': 'Google Open Buildings', 'license': None, 'record_id': '8J5MP3C4+W7MH', 'update_time': '2023-05-01T00:00:00.000Z', 'confidence': 0.7856, 'between': None}]", "level": null, "height": null, "min_height": null, "is_underground": false, "num_floors": null, "num_floors_underground": null, "min_floor": null, "subtype": null, "class": null, "facade_color": null, "facade_material": null, "roof_material": null, "roof_shape": null, "roof_direction": null, "roof_orientation": null, "roof_color": null, "roof_height": null, "has_parts": false, "version": 1, "bbox": { "xmin": 73.05562591552734, "xmax": 73.05574798583984, "ymin": 33.722293853759766, "ymax": 33.72237777709961 } }, "geometry": { "type": "Polygon", "coordinates": [ [ [ 73.0556591, 33.7222975 ], [ 73.0557409, 33.722331 ], [ 73.0557148, 33.7223755 ], [ 73.055633, 33.722342 ], [ 73.0556591, 33.7222975 ] ] ] } },
{ "type": "Feature", "properties": { "id": "4c1c7742-bbda-49d4-aa32-3895d520ce06", "names": null, "sources": "[{'property': '', 'dataset': 'Google Open Buildings', 'license': None, 'record_id': '8J5MP3C4+X88Q', 'update_time': '2023-05-01T00:00:00.000Z', 'confidence': 0.8223, 'between': None}]", "level": null, "height": null, "min_height": null, "is_underground": false, "num_floors": null, "num_floors_underground": null, "min_floor": null, "subtype": null, "class": null, "facade_color": null, "facade_material": null, "roof_material": null, "roof_shape": null, "roof_direction": null, "roof_orientation": null, "roof_color": null, "roof_height": null, "has_parts": false, "version": 1, "bbox": { "xmin": 73.0557861328125, "xmax": 73.05590057373047, "ymin": 33.722381591796875, "ymax": 33.72245407104492 } }, "geometry": { "type": "Polygon", "coordinates": [ [ [ 73.0558111, 33.7223817 ], [ 73.0558888, 33.7224106 ], [ 73.0558661, 33.7224534 ], [ 73.0557883, 33.7224245 ], [ 73.0558111, 33.7223817 ] ] ] } },
{ "type": "Feature", "properties": { "id": "b3b8a916-9dbd-462e-8525-8b294cd07b56", "names": null, "sources": "[{'property': '', 'dataset': 'OpenStreetMap', 'license': 'ODbL-1.0', 'record_id': 'w1385283403@1', 'update_time': '2025-05-10T08:13:32.000Z', 'confidence': None, 'between': None}]", "level": null, "height": null, "min_height": null, "is_underground": false, "num_floors": null, "num_floors_underground": null, "min_floor": null, "subtype": null, "class": null, "facade_color": null, "facade_material": null, "roof_material": null, "roof_shape": null, "roof_direction": null, "roof_orientation": null, "roof_color": null, "roof_height": null, "has_parts": false, "version": 1, "bbox": { "xmin": 73.05572509765625, "xmax": 73.05602264404297, "ymin": 33.72172164916992, "ymax": 33.72198486328125 } }, "geometry": { "type": "Polygon", "coordinates": [ [ [ 73.0558982, 33.7219819 ], [ 73.0557373, 33.7219077 ], [ 73.0558607, 33.7217226 ], [ 73.0560216, 33.7217967 ], [ 73.0558982, 33.7219819 ] ] ] } },
{ "type": "Feature", "properties": { "id": "ff1f7b32-bdd7-428f-b2be-9a98ded77281", "names": null, "sources": "[{'property': '', 'dataset': 'Google Open Buildings', 'license': None, 'record_id': '8J5MP3C4+Q78V', 'update_time': '2023-05-01T00:00:00.000Z', 'confidence': 0.6565, 'between': None}]", "level": null, "height": null, "min_height": null, "is_underground": false, "num_floors": null, "num_floors_underground": null, "min_floor": null, "subtype": null, "class": null, "facade_color": null, "facade_material": null, "roof_material": null, "roof_shape": null, "roof_direction": null, "roof_orientation": null, "roof_color": null, "roof_height": null, "has_parts": false, "version": 1, "bbox": { "xmin": 73.0556640625, "xmax": 73.05574035644531, "ymin": 33.72188949584961, "ymax": 33.721946716308594 } }, "geometry": { "type": "Polygon", "coordinates": [ [ [ 73.0556813, 33.7218954 ], [ 73.0557385, 33.7219152 ], [ 73.0557231, 33.7219463 ], [ 73.055666, 33.7219265 ], [ 73.0556813, 33.7218954 ] ] ] } },
{ "type": "Feature", "properties": { "id": "2d5f612c-13c1-40c3-9e21-925b3ea4c06f", "names": null, "sources": "[{'property': '', 'dataset': 'OpenStreetMap', 'license': 'ODbL-1.0', 'record_id': 'w1385283407@1', 'update_time': '2025-05-10T08:13:32.000Z', 'confidence': None, 'between': None}]", "level": null, "height": null, "min_height": null, "is_underground": false, "num_floors": null, "num_floors_underground": null, "min_floor": null, "subtype": null, "class": null, "facade_color": null, "facade_material": null, "roof_material": null, "roof_shape": null, "roof_direction": null, "roof_orientation": null, "roof_color": null, "roof_height": null, "has_parts": false, "version": 1, "bbox": { "xmin": 73.05545043945312, "xmax": 73.05586242675781, "ymin": 33.7219352722168, "ymax": 33.72229766845703 } }, "geometry": { "type": "Polygon", "coordinates": [ [ [ 73.055685, 33.7222976 ], [ 73.0554624, 33.7221922 ], [ 73.0556368, 33.7219379 ], [ 73.0558566, 33.7220477 ], [ 73.055685, 33.7222976 ] ] ] } },
{ "type": "Feature", "properties": { "id": "c86ed7cd-1f30-49a0-8e28-096f0f1213c7", "names": null, "sources": "[{'property': '', 'dataset': 'OpenStreetMap', 'license': 'ODbL-1.0', 'record_id': 'w1385283408@1', 'update_time': '2025-05-10T08:13:32.000Z', 'confidence': None, 'between': None}]", "level": null, "height": null, "min_height": null, "is_underground": false, "num_floors": null, "num_floors_underground": null, "min_floor": null, "subtype": null, "class": null, "facade_color": null, "facade_material": null, "roof_material": null, "roof_shape": null, "roof_direction": null, "roof_orientation": null, "roof_color": null, "roof_height": null, "has_parts": false, "version": 1, "bbox": { "xmin": 73.05528259277344, "xmax": 73.05558013916016, "ymin": 33.721492767333984, "ymax": 33.72175598144531 } }, "geometry": { "type": "Polygon", "coordinates": [ [ [ 73.0554449, 33.7217543 ], [ 73.0552841, 33.7216802 ], [ 73.0554074, 33.721495 ], [ 73.0555683, 33.7215692 ], [ 73.0554449, 33.7217543 ] ] ] } },
{ "type": "Feature", "properties": { "id": "c0d2978c-1098-48c5-a5a5-6dc4bc314c3d", "names": null, "sources": "[{'property': '', 'dataset': 'OpenStreetMap', 'license': 'ODbL-1.0', 'record_id': 'w1385283365@1', 'update_time': '2025-05-10T08:13:32.000Z', 'confidence': None, 'between': None}]", "level": null, "height": null, "min_height": null, "is_underground": false, "num_floors": null, "num_floors_underground": null, "min_floor": null, "subtype": null, "class": null, "facade_color": null, "facade_material": null, "roof_material": null, "roof_shape": null, "roof_direction": null, "roof_orientation": null, "roof_color": null, "roof_height": null, "has_parts": false, "version": 1, "bbox": { "xmin": 73.05516052246094, "xmax": 73.05542755126953, "ymin": 33.72248077392578, "ymax": 33.72274398803711 } }, "geometry": { "type": "Polygon", "coordinates": [ [ [ 73.055295, 33.7227414 ], [ 73.0551606, 33.7226799 ], [ 73.0552921, 33.7224814 ], [ 73.0554264, 33.7225429 ], [ 73.055295, 33.7227414 ] ] ] } },
{ "type": "Feature", "properties": { "id": "f9223fdc-7933-43e9-9a0d-015cd9a0177f", "names": null, "sources": "[{'property': '', 'dataset': 'OpenStreetMap', 'license': 'ODbL-1.0', 'record_id': 'w1385283363@1', 'update_time': '2025-05-10T08:13:32.000Z', 'confidence': None, 'between': None}]", "level": null, "height": null, "min_height": null, "is_underground": false, "num_floors": null, "num_floors_underground": null, "min_floor": null, "subtype": null, "class": null, "facade_color": null, "facade_material": null, "roof_material": null, "roof_shape": null, "roof_direction": null, "roof_orientation": null, "roof_color": null, "roof_height": null, "has_parts": false, "version": 1, "bbox": { "xmin": 73.05489349365234, "xmax": 73.05522918701172, "ymin": 33.72237014770508, "ymax": 33.72266387939453 } }, "geometry": { "type": "Polygon", "coordinates": [ [ [ 73.055217, 33.7224613 ], [ 73.0550775, 33.7226621 ], [ 73.0548951, 33.7225744 ], [ 73.0550346, 33.7223736 ], [ 73.055217, 33.7224613 ] ] ] } },
{ "type": "Feature", "properties": { "id": "1861a8fa-f8ed-4827-b122-c3f3fd5b7156", "names": null, "sources": "[{'property': '', 'dataset': 'OpenStreetMap', 'license': 'ODbL-1.0', 'record_id': 'w1385283362@1', 'update_time': '2025-05-10T08:13:32.000Z', 'confidence': None, 'between': None}]", "level": null, "height": null, "min_height": null, "is_underground": false, "num_floors": null, "num_floors_underground": null, "min_floor": null, "subtype": null, "class": null, "facade_color": null, "facade_material": null, "roof_material": null, "roof_shape": null, "roof_direction": null, "roof_orientation": null, "roof_color": null, "roof_height": null, "has_parts": false, "version": 1, "bbox": { "xmin": 73.05467987060547, "xmax": 73.05503845214844, "ymin": 33.72220230102539, "ymax": 33.7225227355957 } }, "geometry": { "type": "Polygon", "coordinates": [ [ [ 73.0550373, 33.7223029 ], [ 73.0548549, 33.7225215 ], [ 73.0546855, 33.7224237 ], [ 73.0548678, 33.7222051 ], [ 73.0550373, 33.7223029 ] ] ] } },
{ "type": "Feature", "properties": { "id": "715c0c85-adff-499d-b259-5353cdd722b4", "names": null, "sources": "[{'property': '', 'dataset': 'Google Open Buildings', 'license': None, 'record_id': '8J5MP3C4+W258', 'update_time': '2023-05-01T00:00:00.000Z', 'confidence': 0.6732, 'between': None}]", "level": null, "height": null, "min_height": null, "is_underground": false, "num_floors": null, "num_floors_underground": null, "min_floor": null, "subtype": null, "class": null, "facade_color": null, "facade_material": null, "roof_material": null, "roof_shape": null, "roof_direction": null, "roof_orientation": null, "roof_color": null, "roof_height": null, "has_parts": false, "version": 1, "bbox": { "xmin": 73.05506896972656, "xmax": 73.05516052246094, "ymin": 33.722225189208984, "ymax": 33.7222900390625 } }, "geometry": { "type": "Polygon", "coordinates": [ [ [ 73.055095, 33.7222285 ], [ 73.0551531, 33.7222539 ], [ 73.0551306, 33.72229 ], [ 73.0550725, 33.7222646 ], [ 73.055095, 33.7222285 ] ] ] } },
{ "type": "Feature", "properties": { "id": "28ed6d69-29d7-4795-af48-af81082ed0c3", "names": null, "sources": "[{'property': '', 'dataset': 'OpenStreetMap', 'license': 'ODbL-1.0', 'record_id': 'w1385283409@1', 'update_time': '2025-05-10T08:13:32.000Z', 'confidence': None, 'between': None}]", "level": null, "height": null, "min_height": null, "is_underground": false, "num_floors": null, "num_floors_underground": null, "min_floor": null, "subtype": null, "class": null, "facade_color": null, "facade_material": null, "roof_material": null, "roof_shape": null, "roof_direction": null, "roof_orientation": null, "roof_color": null, "roof_height": null, "has_parts": false, "version": 1, "bbox": { "xmin": 73.05502319335938, "xmax": 73.05542755126953, "ymin": 33.7216911315918, "ymax": 33.72205352783203 } }, "geometry": { "type": "Polygon", "coordinates": [ [ [ 73.0552491, 33.7220533 ], [ 73.0550266, 33.7219479 ], [ 73.0552009, 33.7216936 ], [ 73.0554208, 33.7218034 ], [ 73.0552491, 33.7220533 ] ] ] } },
{ "type": "Feature", "properties": { "id": "458d27d6-ad2c-48d6-8967-e7cca175e9ce", "names": null, "sources": "[{'property': '', 'dataset': 'OpenStreetMap', 'license': 'ODbL-1.0', 'record_id': 'w1385283411@1', 'update_time': '2025-05-10T08:13:32.000Z', 'confidence': None, 'between': None}]", "level": null, "height": null, "min_height": null, "is_underground": false, "num_floors": null, "num_floors_underground": null, "min_floor": null, "subtype": null, "class": null, "facade_color": null, "facade_material": null, "roof_material": null, "roof_shape": null, "roof_direction": null, "roof_orientation": null, "roof_color": null, "roof_height": null, "has_parts": false, "version": 1, "bbox": { "xmin": 73.05464935302734, "xmax": 73.05494689941406, "ymin": 33.721073150634766, "ymax": 33.721336364746094 } }, "geometry": { "type": "Polygon", "coordinates": [ [ [ 73.0548226, 33.7213349 ], [ 73.0546618, 33.7212608 ], [ 73.0547852, 33.7210756 ], [ 73.054946, 33.7211498 ], [ 73.0548226, 33.7213349 ] ] ] } },
{ "type": "Feature", "properties": { "id": "6fe6f25f-9d8a-4ef4-9c66-4df365eaff20", "names": null, "sources": "[{'property': '', 'dataset': 'Google Open Buildings', 'license': None, 'record_id': '8J5MP3C3+5W3C', 'update_time': '2023-05-01T00:00:00.000Z', 'confidence': 0.7417, 'between': None}]", "level": null, "height": null, "min_height": null, "is_underground": false, "num_floors": null, "num_floors_underground": null, "min_floor": null, "subtype": null, "class": null, "facade_color": null, "facade_material": null, "roof_material": null, "roof_shape": null, "roof_direction": null, "roof_orientation": null, "roof_color": null, "roof_height": null, "has_parts": false, "version": 1, "bbox": { "xmin": 73.05474853515625, "xmax": 73.05482482910156, "ymin": 33.720359802246094, "ymax": 33.72041702270508 } }, "geometry": { "type": "Polygon", "coordinates": [ [ [ 73.0547673, 33.7203604 ], [ 73.0548184, 33.7203761 ], [ 73.0548017, 33.720414 ], [ 73.0547506, 33.7203983 ], [ 73.0547673, 33.7203604 ] ] ] } },
{ "type": "Feature", "properties": { "id": "28cc2d54-ac3c-4c09-92ce-f1b61adf2ca7", "names": "{'primary': 'Safa Gold Mall', 'common': None, 'rules': None}", "sources": "[{'property': '', 'dataset': 'OpenStreetMap', 'license': 'ODbL-1.0', 'record_id': 'w550467940@1', 'update_time': '2018-01-02T17:46:37.000Z', 'confidence': None, 'between': None}]", "level": null, "height": null, "min_height": null, "is_underground": false, "num_floors": null, "num_floors_underground": null, "min_floor": null, "subtype": null, "class": null, "facade_color": null, "facade_material": null, "roof_material": null, "roof_shape": null, "roof_direction": null, "roof_orientation": null, "roof_color": null, "roof_height": null, "has_parts": false, "version": 1, "bbox": { "xmin": 73.05509948730469, "xmax": 73.05587768554688, "ymin": 33.72020721435547, "ymax": 33.720855712890625 } }, "geometry": { "type": "Polygon", "coordinates": [ [ [ 73.0558749, 33.720441 ], [ 73.0555585, 33.7208532 ], [ 73.0555156, 33.7208509 ], [ 73.0554821, 33.7208431 ], [ 73.0554499, 33.7208297 ], [ 73.0554123, 33.7208108 ], [ 73.0553962, 33.7207952 ], [ 73.0553734, 33.7207639 ], [ 73.0553252, 33.7207539 ], [ 73.0552876, 33.7207438 ], [ 73.0552608, 33.7207327 ], [ 73.0552384, 33.7207206 ], [ 73.0552152, 33.7206992 ], [ 73.0552071, 33.7206819 ], [ 73.0552045, 33.7206658 ], [ 73.0552051, 33.720658 ], [ 73.0551802, 33.7206533 ], [ 73.0551577, 33.7206533 ], [ 73.0551408, 33.7206505 ], [ 73.0551277, 33.7206473 ], [ 73.0551163, 33.7206423 ], [ 73.0551123, 33.7206362 ], [ 73.0551113, 33.7206289 ], [ 73.0551123, 33.7206225 ], [ 73.0551146, 33.7206161 ], [ 73.0551183, 33.7206105 ], [ 73.055125, 33.7206066 ], [ 73.055132, 33.7206061 ], [ 73.0551401, 33.7206061 ], [ 73.0551485, 33.7206069 ], [ 73.0551584, 33.7205743 ], [ 73.0551671, 33.7205617 ], [ 73.0551807, 33.7205471 ], [ 73.0551974, 33.7205345 ], [ 73.0552118, 33.7205226 ], [ 73.055215, 33.720508 ], [ 73.0552214, 33.7204881 ], [ 73.0552309, 33.7204722 ], [ 73.0552373, 33.7204642 ], [ 73.0552501, 33.7204576 ], [ 73.0552628, 33.7204509 ], [ 73.0552663, 33.7204277 ], [ 73.0552697, 33.7204146 ], [ 73.0552787, 33.7204005 ], [ 73.0552945, 33.7203911 ], [ 73.0553126, 33.7203771 ], [ 73.0554404, 33.720209 ], [ 73.0558749, 33.720441 ] ] ] } },
{ "type": "Feature", "properties": { "id": "02d6e1a9-1263-45a1-b724-0c838c75383f", "names": null, "sources": "[{'property': '', 'dataset': 'Google Open Buildings', 'license': None, 'record_id': '8J5MP3C4+J65M', 'update_time': '2023-05-01T00:00:00.000Z', 'confidence': 0.6661, 'between': None}]", "level": null, "height": null, "min_height": null, "is_underground": false, "num_floors": null, "num_floors_underground": null, "min_floor": null, "subtype": null, "class": null, "facade_color": null, "facade_material": null, "roof_material": null, "roof_shape": null, "roof_direction": null, "roof_orientation": null, "roof_color": null, "roof_height": null, "has_parts": false, "version": 1, "bbox": { "xmin": 73.05555725097656, "xmax": 73.05564880371094, "ymin": 33.721466064453125, "ymax": 33.72156524658203 } }, "geometry": { "type": "Polygon", "coordinates": [ [ [ 73.0556483, 33.7214852 ], [ 73.0555933, 33.7215644 ], [ 73.0555597, 33.7215481 ], [ 73.0556147, 33.7214689 ], [ 73.0556483, 33.7214852 ] ] ] } },
{ "type": "Feature", "properties": { "id": "f4841e27-21f7-4f29-977f-ff90da621d05", "names": null, "sources": "[{'property': '', 'dataset': 'OpenStreetMap', 'license': 'ODbL-1.0', 'record_id': 'w23515776@2', 'update_time': '2024-06-17T00:56:25.000Z', 'confidence': None, 'between': None}]", "level": null, "height": null, "min_height": null, "is_underground": false, "num_floors": null, "num_floors_underground": null, "min_floor": null, "subtype": null, "class": null, "facade_color": null, "facade_material": null, "roof_material": null, "roof_shape": null, "roof_direction": null, "roof_orientation": null, "roof_color": null, "roof_height": null, "has_parts": false, "version": 1, "bbox": { "xmin": 73.05552673339844, "xmax": 73.0560531616211, "ymin": 33.71969985961914, "ymax": 33.72007369995117 } }, "geometry": { "type": "Polygon", "coordinates": [ [ [ 73.0559237, 33.7200708 ], [ 73.0555387, 33.7198673 ], [ 73.0556622, 33.7197056 ], [ 73.0560469, 33.7199095 ], [ 73.0559237, 33.7200708 ] ] ] } },
{ "type": "Feature", "properties": { "id": "3732897b-c26b-4f82-99eb-56d573f6adbc", "names": null, "sources": "[{'property': '', 'dataset': 'Google Open Buildings', 'license': None, 'record_id': '8J5MP394+R58R', 'update_time': '2023-05-01T00:00:00.000Z', 'confidence': 0.9131, 'between': None}]", "level": null, "height": null, "min_height": null, "is_underground": false, "num_floors": null, "num_floors_underground": null, "min_floor": null, "subtype": null, "class": null, "facade_color": null, "facade_material": null, "roof_material": null, "roof_shape": null, "roof_direction": null, "roof_orientation": null, "roof_color": null, "roof_height": null, "has_parts": false, "version": 1, "bbox": { "xmin": 73.05525970458984, "xmax": 73.05563354492188, "ymin": 33.71939468383789, "ymax": 33.71970748901367 } }, "geometry": { "type": "Polygon", "coordinates": [ [ [ 73.0554045, 33.7193951 ], [ 73.0556281, 33.7195122 ], [ 73.0554841, 33.7197042 ], [ 73.0552605, 33.7195872 ], [ 73.0554045, 33.7193951 ] ] ] } },
{ "type": "Feature", "properties": { "id": "a05dccd7-b118-4eee-93c4-74e5f9e6531b", "names": null, "sources": "[{'property': '', 'dataset': 'Google Open Buildings', 'license': None, 'record_id': '8J5MP394+G68Q', 'update_time': '2023-05-01T00:00:00.000Z', 'confidence': 0.6708, 'between': None}]", "level": null, "height": null, "min_height": null, "is_underground": false, "num_floors": null, "num_floors_underground": null, "min_floor": null, "subtype": null, "class": null, "facade_color": null, "facade_material": null, "roof_material": null, "roof_shape": null, "roof_direction": null, "roof_orientation": null, "roof_color": null, "roof_height": null, "has_parts": false, "version": 1, "bbox": { "xmin": 73.05555725097656, "xmax": 73.05561828613281, "ymin": 33.718772888183594, "ymax": 33.71881866455078 } }, "geometry": { "type": "Polygon", "coordinates": [ [ [ 73.0555784, 33.718774 ], [ 73.0556154, 33.718788 ], [ 73.0556004, 33.7188157 ], [ 73.0555634, 33.7188017 ], [ 73.0555784, 33.718774 ] ] ] } },
{ "type": "Feature", "properties": { "id": "e30ca138-4d10-4e59-9f83-3032e39d4117", "names": null, "sources": "[{'property': '', 'dataset': 'OpenStreetMap', 'license': 'ODbL-1.0', 'record_id': 'w1385282856@1', 'update_time': '2025-05-10T08:13:32.000Z', 'confidence': None, 'between': None}]", "level": null, "height": null, "min_height": null, "is_underground": false, "num_floors": null, "num_floors_underground": null, "min_floor": null, "subtype": null, "class": null, "facade_color": null, "facade_material": null, "roof_material": null, "roof_shape": null, "roof_direction": null, "roof_orientation": null, "roof_color": null, "roof_height": null, "has_parts": false, "version": 1, "bbox": { "xmin": 73.05572509765625, "xmax": 73.05603790283203, "ymin": 33.71857833862305, "ymax": 33.718868255615234 } }, "geometry": { "type": "Polygon", "coordinates": [ [ [ 73.0558936, 33.7188646 ], [ 73.0557266, 33.7187825 ], [ 73.0558707, 33.7185798 ], [ 73.0560377, 33.718662 ], [ 73.0558936, 33.7188646 ] ] ] } },
{ "type": "Feature", "properties": { "id": "d91afae8-5328-427d-822e-84132df2aa49", "names": null, "sources": "[{'property': '', 'dataset': 'OpenStreetMap', 'license': 'ODbL-1.0', 'record_id': 'w1385282857@1', 'update_time': '2025-05-10T08:13:32.000Z', 'confidence': None, 'between': None}]", "level": null, "height": null, "min_height": null, "is_underground": false, "num_floors": null, "num_floors_underground": null, "min_floor": null, "subtype": null, "class": null, "facade_color": null, "facade_material": null, "roof_material": null, "roof_shape": null, "roof_direction": null, "roof_orientation": null, "roof_color": null, "roof_height": null, "has_parts": false, "version": 1, "bbox": { "xmin": 73.05552673339844, "xmax": 73.05583953857422, "ymin": 33.71847152709961, "ymax": 33.71875762939453 } }, "geometry": { "type": "Polygon", "coordinates": [ [ [ 73.0556952, 33.7187575 ], [ 73.0555281, 33.7186754 ], [ 73.0556722, 33.7184727 ], [ 73.0558392, 33.7185549 ], [ 73.0556952, 33.7187575 ] ] ] } },
{ "type": "Feature", "properties": { "id": "5d8b3c89-c1e0-4cf2-9da7-b609e19ca611", "names": null, "sources": "[{'property': '', 'dataset': 'OpenStreetMap', 'license': 'ODbL-1.0', 'record_id': 'w1385282850@1', 'update_time': '2025-05-10T08:13:32.000Z', 'confidence': None, 'between': None}]", "level": null, "height": null, "min_height": null, "is_underground": false, "num_floors": null, "num_floors_underground": null, "min_floor": null, "subtype": null, "class": null, "facade_color": null, "facade_material": null, "roof_material": null, "roof_shape": null, "roof_direction": null, "roof_orientation": null, "roof_color": null, "roof_height": null, "has_parts": false, "version": 1, "bbox": { "xmin": 73.05545806884766, "xmax": 73.05577850341797, "ymin": 33.718116760253906, "ymax": 33.718406677246094 } }, "geometry": { "type": "Polygon", "coordinates": [ [ [ 73.0556281, 33.718405 ], [ 73.055461, 33.7183229 ], [ 73.0556051, 33.7181202 ], [ 73.0557722, 33.7182024 ], [ 73.0556281, 33.718405 ] ] ] } },
{ "type": "Feature", "properties": { "id": "20f9c351-ebeb-4219-a0f8-2496f3ff26eb", "names": null, "sources": "[{'property': '', 'dataset': 'Google Open Buildings', 'license': None, 'record_id': '8J5MP394+68WM', 'update_time': '2023-05-01T00:00:00.000Z', 'confidence': 0.7558, 'between': None}]", "level": null, "height": null, "min_height": null, "is_underground": false, "num_floors": null, "num_floors_underground": null, "min_floor": null, "subtype": null, "class": null, "facade_color": null, "facade_material": null, "roof_material": null, "roof_shape": null, "roof_direction": null, "roof_orientation": null, "roof_color": null, "roof_height": null, "has_parts": false, "version": 1, "bbox": { "xmin": 73.0557632446289, "xmax": 73.05587005615234, "ymin": 33.718074798583984, "ymax": 33.71815872192383 } }, "geometry": { "type": "Polygon", "coordinates": [ [ [ 73.0558045, 33.7180751 ], [ 73.0558679, 33.7180978 ], [ 73.0558382, 33.7181556 ], [ 73.0557748, 33.7181329 ], [ 73.0558045, 33.7180751 ] ] ] } },
{ "type": "Feature", "properties": { "id": "e2386c67-f417-41e7-b538-bc2bb2922f88", "names": null, "sources": "[{'property': '', 'dataset': 'OpenStreetMap', 'license': 'ODbL-1.0', 'record_id': 'w1385282851@1', 'update_time': '2025-05-10T08:13:32.000Z', 'confidence': None, 'between': None}]", "level": null, "height": null, "min_height": null, "is_underground": false, "num_floors": null, "num_floors_underground": null, "min_floor": null, "subtype": null, "class": null, "facade_color": null, "facade_material": null, "roof_material": null, "roof_shape": null, "roof_direction": null, "roof_orientation": null, "roof_color": null, "roof_height": null, "has_parts": false, "version": 1, "bbox": { "xmin": 73.05567932128906, "xmax": 73.05601501464844, "ymin": 33.71821975708008, "ymax": 33.718505859375 } }, "geometry": { "type": "Polygon", "coordinates": [ [ [ 73.0558588, 33.7185054 ], [ 73.0556917, 33.7184233 ], [ 73.0558358, 33.7182206 ], [ 73.0560029, 33.7183028 ], [ 73.0558588, 33.7185054 ] ] ] } },
{ "type": "Feature", "properties": { "id": "a1e5ce7d-885c-4c1a-9fa8-dfb6a0791f38", "names": null, "sources": "[{'property': '', 'dataset': 'Google Open Buildings', 'license': None, 'record_id': '8J5MP394+85JX', 'update_time': '2023-05-01T00:00:00.000Z', 'confidence': 0.7976, 'between': None}]", "level": null, "height": null, "min_height": null, "is_underground": false, "num_floors": null, "num_floors_underground": null, "min_floor": null, "subtype": null, "class": null, "facade_color": null, "facade_material": null, "roof_material": null, "roof_shape": null, "roof_direction": null, "roof_orientation": null, "roof_color": null, "roof_height": null, "has_parts": false, "version": 1, "bbox": { "xmin": 73.05536651611328, "xmax": 73.0554428100586, "ymin": 33.718318939208984, "ymax": 33.71837615966797 } }, "geometry": { "type": "Polygon", "coordinates": [ [ [ 73.0553873, 33.7183215 ], [ 73.0554402, 33.7183398 ], [ 73.0554229, 33.7183748 ], [ 73.05537, 33.7183565 ], [ 73.0553873, 33.7183215 ] ] ] } },
{ "type": "Feature", "properties": { "id": "2995b728-a176-4dd0-a130-2b11c3b9a2ac", "names": null, "sources": "[{'property': '', 'dataset': 'OpenStreetMap', 'license': 'ODbL-1.0', 'record_id': 'w1385282848@1', 'update_time': '2025-05-10T08:13:32.000Z', 'confidence': None, 'between': None}]", "level": null, "height": null, "min_height": null, "is_underground": false, "num_floors": null, "num_floors_underground": null, "min_floor": null, "subtype": null, "class": null, "facade_color": null, "facade_material": null, "roof_material": null, "roof_shape": null, "roof_direction": null, "roof_orientation": null, "roof_color": null, "roof_height": null, "has_parts": false, "version": 1, "bbox": { "xmin": 73.05525207519531, "xmax": 73.05558013916016, "ymin": 33.717979431152344, "ymax": 33.71826934814453 } }, "geometry": { "type": "Polygon", "coordinates": [ [ [ 73.0554243, 33.7182667 ], [ 73.0552572, 33.7181845 ], [ 73.0554013, 33.7179819 ], [ 73.0555683, 33.7180641 ], [ 73.0554243, 33.7182667 ] ] ] } },
{ "type": "Feature", "properties": { "id": "6ae41477-f93c-4cbc-8175-43694da14d45", "names": null, "sources": "[{'property': '', 'dataset': 'OpenStreetMap', 'license': 'ODbL-1.0', 'record_id': 'w1385747961@1', 'update_time': '2025-05-12T09:48:49.000Z', 'confidence': None, 'between': None}]", "level": null, "height": null, "min_height": null, "is_underground": false, "num_floors": null, "num_floors_underground": null, "min_floor": null, "subtype": null, "class": null, "facade_color": null, "facade_material": null, "roof_material": null, "roof_shape": null, "roof_direction": null, "roof_orientation": null, "roof_color": null, "roof_height": null, "has_parts": false, "version": 1, "bbox": { "xmin": 73.05533599853516, "xmax": 73.05560302734375, "ymin": 33.71839904785156, "ymax": 33.71865463256836 } }, "geometry": { "type": "Polygon", "coordinates": [ [ [ 73.0554454, 33.7186531 ], [ 73.0553388, 33.7185961 ], [ 73.0554895, 33.7184013 ], [ 73.0555961, 33.7184584 ], [ 73.0554454, 33.7186531 ] ] ] } },
{ "type": "Feature", "properties": { "id": "acbbb5a3-c8f9-4f11-82c6-de9b37975fd1", "names": null, "sources": "[{'property': '', 'dataset': 'OpenStreetMap', 'license': 'ODbL-1.0', 'record_id': 'w1385282858@1', 'update_time': '2025-05-10T08:13:32.000Z', 'confidence': None, 'between': None}]", "level": null, "height": null, "min_height": null, "is_underground": false, "num_floors": null, "num_floors_underground": null, "min_floor": null, "subtype": null, "class": null, "facade_color": null, "facade_material": null, "roof_material": null, "roof_shape": null, "roof_direction": null, "roof_orientation": null, "roof_color": null, "roof_height": null, "has_parts": false, "version": 1, "bbox": { "xmin": 73.0550308227539, "xmax": 73.05535888671875, "ymin": 33.7182502746582, "ymax": 33.71854019165039 } }, "geometry": { "type": "Polygon", "coordinates": [ [ [ 73.0552097, 33.7185367 ], [ 73.0550426, 33.7184545 ], [ 73.0551867, 33.7182519 ], [ 73.0553538, 33.718334 ], [ 73.0552097, 33.7185367 ] ] ] } },
{ "type": "Feature", "properties": { "id": "09704649-e2cd-4c95-9734-e90a432fb739", "names": null, "sources": "[{'property': '', 'dataset': 'OpenStreetMap', 'license': 'ODbL-1.0', 'record_id': 'w1385282849@1', 'update_time': '2025-05-10T08:13:32.000Z', 'confidence': None, 'between': None}]", "level": null, "height": null, "min_height": null, "is_underground": false, "num_floors": null, "num_floors_underground": null, "min_floor": null, "subtype": null, "class": null, "facade_color": null, "facade_material": null, "roof_material": null, "roof_shape": null, "roof_direction": null, "roof_orientation": null, "roof_color": null, "roof_height": null, "has_parts": false, "version": 1, "bbox": { "xmin": 73.05500030517578, "xmax": 73.0553207397461, "ymin": 33.717864990234375, "ymax": 33.7181510925293 } }, "geometry": { "type": "Polygon", "coordinates": [ [ [ 73.0551694, 33.7181507 ], [ 73.0550024, 33.7180685 ], [ 73.0551465, 33.7178659 ], [ 73.0553135, 33.7179481 ], [ 73.0551694, 33.7181507 ] ] ] } },
{ "type": "Feature", "properties": { "id": "a783b3b8-e4b4-4f0f-b87e-408913b16cad", "names": null, "sources": "[{'property': '', 'dataset': 'OpenStreetMap', 'license': 'ODbL-1.0', 'record_id': 'w1385282847@1', 'update_time': '2025-05-10T08:13:32.000Z', 'confidence': None, 'between': None}]", "level": null, "height": null, "min_height": null, "is_underground": false, "num_floors": null, "num_floors_underground": null, "min_floor": null, "subtype": null, "class": null, "facade_color": null, "facade_material": null, "roof_material": null, "roof_shape": null, "roof_direction": null, "roof_orientation": null, "roof_color": null, "roof_height": null, "has_parts": false, "version": 1, "bbox": { "xmin": 73.0548324584961, "xmax": 73.0551528930664, "ymin": 33.71775817871094, "ymax": 33.71804428100586 } }, "geometry": { "type": "Polygon", "coordinates": [ [ [ 73.0550031, 33.7180436 ], [ 73.0548361, 33.7179614 ], [ 73.0549802, 33.7177588 ], [ 73.0551472, 33.717841 ], [ 73.0550031, 33.7180436 ] ] ] } },
{ "type": "Feature", "properties": { "id": "772aa1c0-4e45-456c-bf88-5b171bc57c36", "names": null, "sources": "[{'property': '', 'dataset': 'OpenStreetMap', 'license': 'ODbL-1.0', 'record_id': 'w1385282859@1', 'update_time': '2025-05-10T08:13:32.000Z', 'confidence': None, 'between': None}]", "level": null, "height": null, "min_height": null, "is_underground": false, "num_floors": null, "num_floors_underground": null, "min_floor": null, "subtype": null, "class": null, "facade_color": null, "facade_material": null, "roof_material": null, "roof_shape": null, "roof_direction": null, "roof_orientation": null, "roof_color": null, "roof_height": null, "has_parts": false, "version": 1, "bbox": { "xmin": 73.05484008789062, "xmax": 73.05517578125, "ymin": 33.71813201904297, "ymax": 33.718421936035156 } }, "geometry": { "type": "Polygon", "coordinates": [ [ [ 73.0550192, 33.7184184 ], [ 73.0548522, 33.7183363 ], [ 73.0549963, 33.7181336 ], [ 73.0551633, 33.7182158 ], [ 73.0550192, 33.7184184 ] ] ] } },
{ "type": "Feature", "properties": { "id": "b69a743f-67c9-4739-82dd-782bb3771f9b", "names": null, "sources": "[{'property': '', 'dataset': 'OpenStreetMap', 'license': 'ODbL-1.0', 'record_id': 'w742376857@1', 'update_time': '2023-12-20T18:03:01.000Z', 'confidence': None, 'between': None}]", "level": null, "height": null, "min_height": null, "is_underground": false, "num_floors": null, "num_floors_underground": null, "min_floor": null, "subtype": null, "class": null, "facade_color": null, "facade_material": null, "roof_material": null, "roof_shape": null, "roof_direction": null, "roof_orientation": null, "roof_color": null, "roof_height": null, "has_parts": false, "version": 1, "bbox": { "xmin": 73.05461120605469, "xmax": 73.05519104003906, "ymin": 33.71906280517578, "ymax": 33.71949768066406 } }, "geometry": { "type": "Polygon", "coordinates": [ [ [ 73.0546137, 33.71934 ], [ 73.0546909, 33.7192484 ], [ 73.0548524, 33.7193247 ], [ 73.054947, 33.7191842 ], [ 73.0550563, 33.7190651 ], [ 73.0551325, 33.7190819 ], [ 73.0551903, 33.7191323 ], [ 73.0549075, 33.7194958 ], [ 73.0546137, 33.71934 ] ] ] } },
{ "type": "Feature", "properties": { "id": "a63cd3cd-c114-4ffc-9d23-c5bb2060f79f", "names": null, "sources": "[{'property': '', 'dataset': 'Google Open Buildings', 'license': None, 'record_id': '8J5MP394+Q3P4', 'update_time': '2023-05-01T00:00:00.000Z', 'confidence': 0.8719, 'between': None}]", "level": null, "height": null, "min_height": null, "is_underground": false, "num_floors": null, "num_floors_underground": null, "min_floor": null, "subtype": null, "class": null, "facade_color": null, "facade_material": null, "roof_material": null, "roof_shape": null, "roof_direction": null, "roof_orientation": null, "roof_color": null, "roof_height": null, "has_parts": false, "version": 1, "bbox": { "xmin": 73.05502319335938, "xmax": 73.05540466308594, "ymin": 33.71931838989258, "ymax": 33.71958923339844 } }, "geometry": { "type": "Polygon", "coordinates": [ [ [ 73.0551316, 33.7193187 ], [ 73.0553318, 33.7194207 ], [ 73.0553622, 33.719379 ], [ 73.0553993, 33.7193979 ], [ 73.0552624, 33.7195855 ], [ 73.0550252, 33.7194646 ], [ 73.0551316, 33.7193187 ] ] ] } },
{ "type": "Feature", "properties": { "id": "82bbbac7-7098-4212-8a28-280e08717676", "names": null, "sources": "[{'property': '', 'dataset': 'Google Open Buildings', 'license': None, 'record_id': '8J5MP394+P3F3', 'update_time': '2023-05-01T00:00:00.000Z', 'confidence': 0.7057, 'between': None}]", "level": null, "height": null, "min_height": null, "is_underground": false, "num_floors": null, "num_floors_underground": null, "min_floor": null, "subtype": null, "class": null, "facade_color": null, "facade_material": null, "roof_material": null, "roof_shape": null, "roof_direction": null, "roof_orientation": null, "roof_color": null, "roof_height": null, "has_parts": false, "version": 1, "bbox": { "xmin": 73.05512237548828, "xmax": 73.05520629882812, "ymin": 33.719268798828125, "ymax": 33.71933364868164 } }, "geometry": { "type": "Polygon", "coordinates": [ [ [ 73.0551604, 33.7192696 ], [ 73.0551997, 33.7192854 ], [ 73.0551735, 33.719331 ], [ 73.0551342, 33.7193153 ], [ 73.0551604, 33.7192696 ] ] ] } },
{ "type": "Feature", "properties": { "id": "1669293b-137e-4fc4-b4c2-0e31bbb4d9ea", "names": null, "sources": "[{'property': '', 'dataset': 'OpenStreetMap', 'license': 'ODbL-1.0', 'record_id': 'w23515774@2', 'update_time': '2018-01-02T17:46:38.000Z', 'confidence': None, 'between': None}]", "level": null, "height": null, "min_height": null, "is_underground": false, "num_floors": null, "num_floors_underground": null, "min_floor": null, "subtype": null, "class": null, "facade_color": null, "facade_material": null, "roof_material": null, "roof_shape": null, "roof_direction": null, "roof_orientation": null, "roof_color": null, "roof_height": null, "has_parts": false, "version": 1, "bbox": { "xmin": 73.05487823486328, "xmax": 73.0553970336914, "ymin": 33.71977996826172, "ymax": 33.72024917602539 } }, "geometry": { "type": "Polygon", "coordinates": [ [ [ 73.0551536, 33.7202454 ], [ 73.0548796, 33.7201012 ], [ 73.0551218, 33.7197827 ], [ 73.0553958, 33.7199269 ], [ 73.0551536, 33.7202454 ] ] ] } },
{ "type": "Feature", "properties": { "id": "9edb6245-3bcf-4523-a68b-13986563622f", "names": null, "sources": "[{'property': '', 'dataset': 'Google Open Buildings', 'license': None, 'record_id': '8J5MP393+VX7X', 'update_time': '2023-05-01T00:00:00.000Z', 'confidence': 0.7479, 'between': None}]", "level": null, "height": null, "min_height": null, "is_underground": false, "num_floors": null, "num_floors_underground": null, "min_floor": null, "subtype": null, "class": null, "facade_color": null, "facade_material": null, "roof_material": null, "roof_shape": null, "roof_direction": null, "roof_orientation": null, "roof_color": null, "roof_height": null, "has_parts": false, "version": 1, "bbox": { "xmin": 73.05485534667969, "xmax": 73.05500793457031, "ymin": 33.71961212158203, "ymax": 33.719730377197266 } }, "geometry": { "type": "Polygon", "coordinates": [ [ [ 73.0549054, 33.7196136 ], [ 73.0550029, 33.7196619 ], [ 73.0549548, 33.7197298 ], [ 73.0548572, 33.7196814 ], [ 73.0549054, 33.7196136 ] ] ] } },
{ "type": "Feature", "properties": { "id": "6aa77b31-0ce0-4e4b-9df5-7d6e4f9ac748", "names": null, "sources": "[{'property': '', 'dataset': 'Google Open Buildings', 'license': None, 'record_id': '8J5MP393+WX7H', 'update_time': '2023-05-01T00:00:00.000Z', 'confidence': 0.8718, 'between': None}]", "level": null, "height": null, "min_height": null, "is_underground": false, "num_floors": null, "num_floors_underground": null, "min_floor": null, "subtype": null, "class": null, "facade_color": null, "facade_material": null, "roof_material": null, "roof_shape": null, "roof_direction": null, "roof_orientation": null, "roof_color": null, "roof_height": null, "has_parts": false, "version": 1, "bbox": { "xmin": 73.05477142333984, "xmax": 73.05511474609375, "ymin": 33.719661712646484, "ymax": 33.71992111206055 } }, "geometry": { "type": "Polygon", "coordinates": [ [ [ 73.0550024, 33.7196628 ], [ 73.0551142, 33.7197177 ], [ 73.0550917, 33.7197498 ], [ 73.0550644, 33.7197364 ], [ 73.0549386, 33.7199153 ], [ 73.0547722, 33.7198336 ], [ 73.0548682, 33.719697 ], [ 73.0549501, 33.7197372 ], [ 73.0550024, 33.7196628 ] ] ] } },
{ "type": "Feature", "properties": { "id": "22ebf045-9d5b-4f1e-9086-84497b206b97", "names": null, "sources": "[{'property': '', 'dataset': 'Google Open Buildings', 'license': None, 'record_id': '8J5MP3C3+3R6J', 'update_time': '2023-05-01T00:00:00.000Z', 'confidence': 0.7211, 'between': None}]", "level": null, "height": null, "min_height": null, "is_underground": false, "num_floors": null, "num_floors_underground": null, "min_floor": null, "subtype": null, "class": null, "facade_color": null, "facade_material": null, "roof_material": null, "roof_shape": null, "roof_direction": null, "roof_orientation": null, "roof_color": null, "roof_height": null, "has_parts": false, "version": 1, "bbox": { "xmin": 73.0544204711914, "xmax": 73.05458068847656, "ymin": 33.720115661621094, "ymax": 33.72022247314453 } }, "geometry": { "type": "Polygon", "coordinates": [ [ [ 73.054465, 33.720117 ], [ 73.0545804, 33.7201734 ], [ 73.0545482, 33.7202194 ], [ 73.0544328, 33.7201629 ], [ 73.054465, 33.720117 ] ] ] } },
{ "type": "Feature", "properties": { "id": "35621bf3-905e-42f8-b1d7-04f032b1b951", "names": null, "sources": "[{'property': '', 'dataset': 'Google Open Buildings', 'license': None, 'record_id': '8J5MP393+XP5H', 'update_time': '2023-05-01T00:00:00.000Z', 'confidence': 0.6981, 'between': None}]", "level": null, "height": null, "min_height": null, "is_underground": false, "num_floors": null, "num_floors_underground": null, "min_floor": null, "subtype": null, "class": null, "facade_color": null, "facade_material": null, "roof_material": null, "roof_shape": null, "roof_direction": null, "roof_orientation": null, "roof_color": null, "roof_height": null, "has_parts": false, "version": 1, "bbox": { "xmin": 73.05431365966797, "xmax": 73.05442810058594, "ymin": 33.719852447509766, "ymax": 33.719932556152344 } }, "geometry": { "type": "Polygon", "coordinates": [ [ [ 73.0543356, 33.7198527 ], [ 73.054428, 33.7198958 ], [ 73.0544073, 33.7199268 ], [ 73.0543149, 33.7198837 ], [ 73.0543356, 33.7198527 ] ] ] } },
{ "type": "Feature", "properties": { "id": "f6087697-5d35-4b5a-bb76-9fee6e6ab827", "names": null, "sources": "[{'property': '', 'dataset': 'Google Open Buildings', 'license': None, 'record_id': '8J5MP393+WQCC', 'update_time': '2023-05-01T00:00:00.000Z', 'confidence': 0.8328, 'between': None}]", "level": null, "height": null, "min_height": null, "is_underground": false, "num_floors": null, "num_floors_underground": null, "min_floor": null, "subtype": null, "class": null, "facade_color": null, "facade_material": null, "roof_material": null, "roof_shape": null, "roof_direction": null, "roof_orientation": null, "roof_color": null, "roof_height": null, "has_parts": false, "version": 1, "bbox": { "xmin": 73.05426788330078, "xmax": 73.05448913574219, "ymin": 33.7197265625, "ymax": 33.71989822387695 } }, "geometry": { "type": "Polygon", "coordinates": [ [ [ 73.0543369, 33.719729 ], [ 73.0544841, 33.7198058 ], [ 73.0544176, 33.7198948 ], [ 73.054341, 33.7198549 ], [ 73.0543507, 33.719842 ], [ 73.0543106, 33.7198211 ], [ 73.0543001, 33.7198352 ], [ 73.0542695, 33.7198192 ], [ 73.0543369, 33.719729 ] ] ] } },
{ "type": "Feature", "properties": { "id": "44f2c622-7dc7-438c-b7eb-88b7c76e49ec", "names": null, "sources": "[{'property': '', 'dataset': 'Google Open Buildings', 'license': None, 'record_id': '8J5MP393+VQRG', 'update_time': '2023-05-01T00:00:00.000Z', 'confidence': 0.6629, 'between': None}]", "level": null, "height": null, "min_height": null, "is_underground": false, "num_floors": null, "num_floors_underground": null, "min_floor": null, "subtype": null, "class": null, "facade_color": null, "facade_material": null, "roof_material": null, "roof_shape": null, "roof_direction": null, "roof_orientation": null, "roof_color": null, "roof_height": null, "has_parts": false, "version": 1, "bbox": { "xmin": 73.05435180664062, "xmax": 73.05443572998047, "ymin": 33.71970748901367, "ymax": 33.719764709472656 } }, "geometry": { "type": "Polygon", "coordinates": [ [ [ 73.0543748, 33.7197112 ], [ 73.054432, 33.7197309 ], [ 73.0544157, 33.7197638 ], [ 73.0543586, 33.7197441 ], [ 73.0543748, 33.7197112 ] ] ] } },
{ "type": "Feature", "properties": { "id": "2fac5aa1-459c-48bf-a1ce-17c21506d894", "names": "{'primary': 'Mr. chips', 'common': [('en', 'Mr. chips')], 'rules': None}", "sources": "[{'property': '', 'dataset': 'OpenStreetMap', 'license': 'ODbL-1.0', 'record_id': 'w23519247@5', 'update_time': '2023-12-20T18:03:01.000Z', 'confidence': None, 'between': None}]", "level": null, "height": null, "min_height": null, "is_underground": false, "num_floors": null, "num_floors_underground": null, "min_floor": null, "subtype": null, "class": null, "facade_color": null, "facade_material": null, "roof_material": null, "roof_shape": null, "roof_direction": null, "roof_orientation": null, "roof_color": null, "roof_height": null, "has_parts": false, "version": 1, "bbox": { "xmin": 73.05432891845703, "xmax": 73.05474090576172, "ymin": 33.71881103515625, "ymax": 33.71932601928711 } }, "geometry": { "type": "Polygon", "coordinates": [ [ [ 73.0544004, 33.7190922 ], [ 73.0546085, 33.7188111 ], [ 73.0546576, 33.7188338 ], [ 73.0547389, 33.71887 ], [ 73.0545275, 33.7191391 ], [ 73.0545667, 33.7191578 ], [ 73.0546112, 33.7191832 ], [ 73.0546681, 33.7192087 ], [ 73.0546257, 33.7192716 ], [ 73.0545866, 33.7193243 ], [ 73.0544643, 33.7192605 ], [ 73.0543339, 33.7191944 ], [ 73.0544004, 33.7190922 ] ] ] } },
{ "type": "Feature", "properties": { "id": "53d5e1dd-eec4-45e2-9a9f-725c3a15f6fe", "names": null, "sources": "[{'property': '', 'dataset': 'Google Open Buildings', 'license': None, 'record_id': '8J5MP393+MV6C', 'update_time': '2023-05-01T00:00:00.000Z', 'confidence': 0.7139, 'between': None}]", "level": null, "height": null, "min_height": null, "is_underground": false, "num_floors": null, "num_floors_underground": null, "min_floor": null, "subtype": null, "class": null, "facade_color": null, "facade_material": null, "roof_material": null, "roof_shape": null, "roof_direction": null, "roof_orientation": null, "roof_color": null, "roof_height": null, "has_parts": false, "version": 1, "bbox": { "xmin": 73.0545883178711, "xmax": 73.05467987060547, "ymin": 33.71913146972656, "ymax": 33.71918869018555 } }, "geometry": { "type": "Polygon", "coordinates": [ [ [ 73.0546027, 33.7191352 ], [ 73.0546737, 33.7191552 ], [ 73.0546606, 33.7191877 ], [ 73.0545896, 33.7191677 ], [ 73.0546027, 33.7191352 ] ] ] } },
{ "type": "Feature", "properties": { "id": "77b0c813-7690-46b7-9d2a-4ff4089c3467", "names": null, "sources": "[{'property': '', 'dataset': 'OpenStreetMap', 'license': 'ODbL-1.0', 'record_id': 'w1385282860@1', 'update_time': '2025-05-10T08:13:32.000Z', 'confidence': None, 'between': None}]", "level": null, "height": null, "min_height": null, "is_underground": false, "num_floors": null, "num_floors_underground": null, "min_floor": null, "subtype": null, "class": null, "facade_color": null, "facade_material": null, "roof_material": null, "roof_shape": null, "roof_direction": null, "roof_orientation": null, "roof_color": null, "roof_height": null, "has_parts": false, "version": 1, "bbox": { "xmin": 73.05459594726562, "xmax": 73.0549087524414, "ymin": 33.7180061340332, "ymax": 33.718292236328125 } }, "geometry": { "type": "Polygon", "coordinates": [ [ [ 73.0547644, 33.7182913 ], [ 73.0545974, 33.7182091 ], [ 73.0547415, 33.7180064 ], [ 73.0549085, 33.7180886 ], [ 73.0547644, 33.7182913 ] ] ] } },
{ "type": "Feature", "properties": { "id": "e94d440e-f861-490a-8c28-11e7eda92ff1", "names": null, "sources": "[{'property': '', 'dataset': 'OpenStreetMap', 'license': 'ODbL-1.0', 'record_id': 'w1385282861@1', 'update_time': '2025-05-10T08:13:32.000Z', 'confidence': None, 'between': None}]", "level": null, "height": null, "min_height": null, "is_underground": false, "num_floors": null, "num_floors_underground": null, "min_floor": null, "subtype": null, "class": null, "facade_color": null, "facade_material": null, "roof_material": null, "roof_shape": null, "roof_direction": null, "roof_orientation": null, "roof_color": null, "roof_height": null, "has_parts": false, "version": 1, "bbox": { "xmin": 73.05438995361328, "xmax": 73.0547103881836, "ymin": 33.71788787841797, "ymax": 33.718177795410156 } }, "geometry": { "type": "Polygon", "coordinates": [ [ [ 73.0545633, 33.7181753 ], [ 73.0543962, 33.7180931 ], [ 73.0545403, 33.7178904 ], [ 73.0547073, 33.7179726 ], [ 73.0545633, 33.7181753 ] ] ] } },
{ "type": "Feature", "properties": { "id": "57014f4c-7d89-495c-8a81-2afd1aff3faf", "names": null, "sources": "[{'property': '', 'dataset': 'Google Open Buildings', 'license': None, 'record_id': '8J5MP393+CJWR', 'update_time': '2023-05-01T00:00:00.000Z', 'confidence': 0.8631, 'between': None}]", "level": null, "height": null, "min_height": null, "is_underground": false, "num_floors": null, "num_floors_underground": null, "min_floor": null, "subtype": null, "class": null, "facade_color": null, "facade_material": null, "roof_material": null, "roof_shape": null, "roof_direction": null, "roof_orientation": null, "roof_color": null, "roof_height": null, "has_parts": false, "version": 1, "bbox": { "xmin": 73.053955078125, "xmax": 73.05418395996094, "ymin": 33.71851348876953, "ymax": 33.71873092651367 } }, "geometry": { "type": "Polygon", "coordinates": [ [ [ 73.0541815, 33.7185741 ], [ 73.0540715, 33.7187275 ], [ 73.0539582, 33.7186708 ], [ 73.0540681, 33.7185173 ], [ 73.0541815, 33.7185741 ] ] ] } },
{ "type": "Feature", "properties": { "id": "466e465c-4ede-40d0-9886-d22dd140a82f", "names": null, "sources": "[{'property': '', 'dataset': 'Google Open Buildings', 'license': None, 'record_id': '8J5MP393+9F43', 'update_time': '2023-05-01T00:00:00.000Z', 'confidence': 0.8456, 'between': None}]", "level": null, "height": null, "min_height": null, "is_underground": false, "num_floors": null, "num_floors_underground": null, "min_floor": null, "subtype": null, "class": null, "facade_color": null, "facade_material": null, "roof_material": null, "roof_shape": null, "roof_direction": null, "roof_orientation": null, "roof_color": null, "roof_height": null, "has_parts": false, "version": 1, "bbox": { "xmin": 73.0536117553711, "xmax": 73.05377960205078, "ymin": 33.71831130981445, "ymax": 33.71844482421875 } }, "geometry": { "type": "Polygon", "coordinates": [ [ [ 73.0536592, 33.7183149 ], [ 73.0537777, 33.7183694 ], [ 73.0537318, 33.718439 ], [ 73.0536133, 33.7183845 ], [ 73.0536592, 33.7183149 ] ] ] } },
{ "type": "Feature", "properties": { "id": "4a5ce910-2346-4a77-9610-752747eff14e", "names": null, "sources": "[{'property': '', 'dataset': 'Google Open Buildings', 'license': None, 'record_id': '8J5MP393+MG99', 'update_time': '2023-05-01T00:00:00.000Z', 'confidence': 0.8902, 'between': None}]", "level": null, "height": null, "min_height": null, "is_underground": false, "num_floors": null, "num_floors_underground": null, "min_floor": null, "subtype": null, "class": null, "facade_color": null, "facade_material": null, "roof_material": null, "roof_shape": null, "roof_direction": null, "roof_orientation": null, "roof_color": null, "roof_height": null, "has_parts": false, "version": 1, "bbox": { "xmin": 73.05369567871094, "xmax": 73.0540542602539, "ymin": 33.718994140625, "ymax": 33.719322204589844 } }, "geometry": { "type": "Polygon", "coordinates": [ [ [ 73.0538611, 33.7189974 ], [ 73.0540471, 33.7190915 ], [ 73.053882, 33.7193195 ], [ 73.0536959, 33.7192253 ], [ 73.0538611, 33.7189974 ] ] ] } },
{ "type": "Feature", "properties": { "id": "dcd3f978-1a2d-4f7c-8ec3-d95550384d99", "names": null, "sources": "[{'property': '', 'dataset': 'Google Open Buildings', 'license': None, 'record_id': '8J5MP393+HJFC', 'update_time': '2023-05-01T00:00:00.000Z', 'confidence': 0.8976, 'between': None}]", "level": null, "height": null, "min_height": null, "is_underground": false, "num_floors": null, "num_floors_underground": null, "min_floor": null, "subtype": null, "class": null, "facade_color": null, "facade_material": null, "roof_material": null, "roof_shape": null, "roof_direction": null, "roof_orientation": null, "roof_color": null, "roof_height": null, "has_parts": false, "version": 1, "bbox": { "xmin": 73.05389404296875, "xmax": 73.05418395996094, "ymin": 33.71882247924805, "ymax": 33.71905517578125 } }, "geometry": { "type": "Polygon", "coordinates": [ [ [ 73.054003, 33.7188231 ], [ 73.0541723, 33.7189078 ], [ 73.0540693, 33.7190516 ], [ 73.0539, 33.7189669 ], [ 73.054003, 33.7188231 ] ] ] } },
{ "type": "Feature", "properties": { "id": "13cf99d4-846d-40c2-83a1-d37b8ff57e4c", "names": null, "sources": "[{'property': '', 'dataset': 'Google Open Buildings', 'license': None, 'record_id': '8J5MP393+JM33', 'update_time': '2023-05-01T00:00:00.000Z', 'confidence': 0.8842, 'between': None}]", "level": null, "height": null, "min_height": null, "is_underground": false, "num_floors": null, "num_floors_underground": null, "min_floor": null, "subtype": null, "class": null, "facade_color": null, "facade_material": null, "roof_material": null, "roof_shape": null, "roof_direction": null, "roof_orientation": null, "roof_color": null, "roof_height": null, "has_parts": false, "version": 1, "bbox": { "xmin": 73.05406188964844, "xmax": 73.05427551269531, "ymin": 33.71890640258789, "ymax": 33.71910095214844 } }, "geometry": { "type": "Polygon", "coordinates": [ [ [ 73.0542699, 33.7189571 ], [ 73.0541671, 33.7191006 ], [ 73.0540693, 33.7190516 ], [ 73.0541721, 33.7189081 ], [ 73.0542699, 33.7189571 ] ] ] } },
{ "type": "Feature", "properties": { "id": "e7bc1d82-dab5-440f-8242-49c0b722f5b2", "names": null, "sources": "[{'property': '', 'dataset': 'Google Open Buildings', 'license': None, 'record_id': '8J5MP393+VM4C', 'update_time': '2023-05-01T00:00:00.000Z', 'confidence': 0.7838, 'between': None}]", "level": null, "height": null, "min_height": null, "is_underground": false, "num_floors": null, "num_floors_underground": null, "min_floor": null, "subtype": null, "class": null, "facade_color": null, "facade_material": null, "roof_material": null, "roof_shape": null, "roof_direction": null, "roof_orientation": null, "roof_color": null, "roof_height": null, "has_parts": false, "version": 1, "bbox": { "xmin": 73.0541000366211, "xmax": 73.05428314208984, "ymin": 33.71958541870117, "ymax": 33.719688415527344 } }, "geometry": { "type": "Polygon", "coordinates": [ [ [ 73.0541258, 33.7195866 ], [ 73.0542812, 33.7196421 ], [ 73.0542591, 33.7196854 ], [ 73.0541036, 33.7196298 ], [ 73.0541258, 33.7195866 ] ] ] } },
{ "type": "Feature", "properties": { "id": "e1594aaf-7585-4622-a2c6-55cdbd2b0a59", "names": null, "sources": "[{'property': '', 'dataset': 'OpenStreetMap', 'license': 'ODbL-1.0', 'record_id': 'w550464143@2', 'update_time': '2025-12-07T07:20:06.000Z', 'confidence': None, 'between': None}]", "level": null, "height": null, "min_height": null, "is_underground": false, "num_floors": null, "num_floors_underground": null, "min_floor": null, "subtype": "religious", "class": null, "facade_color": null, "facade_material": null, "roof_material": null, "roof_shape": null, "roof_direction": null, "roof_orientation": null, "roof_color": null, "roof_height": null, "has_parts": false, "version": 1, "bbox": { "xmin": 73.05374908447266, "xmax": 73.0543441772461, "ymin": 33.71963882446289, "ymax": 33.720211029052734 } }, "geometry": { "type": "Polygon", "coordinates": [ [ [ 73.054339, 33.7199276 ], [ 73.0542559, 33.7200508 ], [ 73.0542418, 33.7200703 ], [ 73.0542257, 33.7200926 ], [ 73.0542123, 33.7201104 ], [ 73.0542043, 33.7201261 ], [ 73.0541962, 33.7201372 ], [ 73.0541882, 33.7201456 ], [ 73.0541835, 33.7201584 ], [ 73.0541775, 33.7201718 ], [ 73.0541667, 33.7201852 ], [ 73.0541506, 33.7201969 ], [ 73.0541399, 33.7202036 ], [ 73.0541298, 33.7202075 ], [ 73.0541228, 33.7202075 ], [ 73.0540869, 33.7201894 ], [ 73.0540768, 33.7201859 ], [ 73.054066, 33.7201981 ], [ 73.0540003, 33.720163 ], [ 73.0540139, 33.7201474 ], [ 73.0540055, 33.7201471 ], [ 73.0540102, 33.7201092 ], [ 73.0540263, 33.7201097 ], [ 73.054029, 33.7200908 ], [ 73.0540038, 33.7200819 ], [ 73.0539854, 33.7200763 ], [ 73.0539614, 33.7200714 ], [ 73.0539571, 33.7200909 ], [ 73.0539541, 33.7201025 ], [ 73.0539492, 33.7201175 ], [ 73.0539448, 33.7201231 ], [ 73.0539404, 33.7201246 ], [ 73.0539371, 33.7201246 ], [ 73.0539305, 33.7201214 ], [ 73.0538627, 33.7200905 ], [ 73.0538583, 33.7200909 ], [ 73.0538528, 33.7200899 ], [ 73.053762, 33.7200413 ], [ 73.0537549, 33.7200333 ], [ 73.0537517, 33.7200263 ], [ 73.0537521, 33.7200204 ], [ 73.0537828, 33.7199252 ], [ 73.0537986, 33.7198711 ], [ 73.053787, 33.7198676 ], [ 73.0537836, 33.7198648 ], [ 73.0537831, 33.7198612 ], [ 73.0538376, 33.719643 ], [ 73.0538404, 33.7196414 ], [ 73.0538449, 33.7196407 ], [ 73.0539551, 33.7196594 ], [ 73.0539578, 33.7196477 ], [ 73.0540661, 33.7196692 ], [ 73.0540629, 33.7196785 ], [ 73.0541407, 33.7196955 ], [ 73.054136, 33.7197081 ], [ 73.05422, 33.7197243 ], [ 73.0541945, 33.719809 ], [ 73.0542385, 33.7198305 ], [ 73.0542295, 33.7198605 ], [ 73.0542395, 33.7198649 ], [ 73.0542426, 33.7198695 ], [ 73.0542438, 33.7198751 ], [ 73.0542426, 33.7198818 ], [ 73.054339, 33.7199276 ] ] ] } },
{ "type": "Feature", "properties": { "id": "9dbad926-2697-43da-9cf5-b0cb46710df6", "names": null, "sources": "[{'property': '', 'dataset': 'OpenStreetMap', 'license': 'ODbL-1.0', 'record_id': 'w1385283421@1', 'update_time': '2025-05-10T08:13:32.000Z', 'confidence': None, 'between': None}]", "level": null, "height": null, "min_height": null, "is_underground": false, "num_floors": null, "num_floors_underground": null, "min_floor": null, "subtype": null, "class": null, "facade_color": null, "facade_material": null, "roof_material": null, "roof_shape": null, "roof_direction": null, "roof_orientation": null, "roof_color": null, "roof_height": null, "has_parts": false, "version": 1, "bbox": { "xmin": 73.05370330810547, "xmax": 73.05400085449219, "ymin": 33.72060012817383, "ymax": 33.720863342285156 } }, "geometry": { "type": "Polygon", "coordinates": [ [ [ 73.0538718, 33.720862 ], [ 73.0537109, 33.7207878 ], [ 73.0538343, 33.7206027 ], [ 73.0539979, 33.7206768 ], [ 73.0538718, 33.720862 ] ] ] } },
{ "type": "Feature", "properties": { "id": "83f9f2b4-958d-4a6c-9283-e5d3d59d4c26", "names": null, "sources": "[{'property': '', 'dataset': 'OpenStreetMap', 'license': 'ODbL-1.0', 'record_id': 'w1385283422@1', 'update_time': '2025-05-10T08:13:32.000Z', 'confidence': None, 'between': None}]", "level": null, "height": null, "min_height": null, "is_underground": false, "num_floors": null, "num_floors_underground": null, "min_floor": null, "subtype": null, "class": null, "facade_color": null, "facade_material": null, "roof_material": null, "roof_shape": null, "roof_direction": null, "roof_orientation": null, "roof_color": null, "roof_height": null, "has_parts": false, "version": 1, "bbox": { "xmin": 73.05349731445312, "xmax": 73.05379486083984, "ymin": 33.720481872558594, "ymax": 33.72074508666992 } }, "geometry": { "type": "Polygon", "coordinates": [ [ [ 73.0536706, 33.7207415 ], [ 73.0535098, 33.7206674 ], [ 73.0536332, 33.7204822 ], [ 73.053794, 33.7205563 ], [ 73.0536706, 33.7207415 ] ] ] } },
{ "type": "Feature", "properties": { "id": "6975f998-149d-4084-ab07-420cfe2fc742", "names": null, "sources": "[{'property': '', 'dataset': 'OpenStreetMap', 'license': 'ODbL-1.0', 'record_id': 'w1385283420@1', 'update_time': '2025-05-10T08:13:32.000Z', 'confidence': None, 'between': None}]", "level": null, "height": null, "min_height": null, "is_underground": false, "num_floors": null, "num_floors_underground": null, "min_floor": null, "subtype": null, "class": null, "facade_color": null, "facade_material": null, "roof_material": null, "roof_shape": null, "roof_direction": null, "roof_orientation": null, "roof_color": null, "roof_height": null, "has_parts": false, "version": 1, "bbox": { "xmin": 73.05355834960938, "xmax": 73.05384826660156, "ymin": 33.72085189819336, "ymax": 33.72111511230469 } }, "geometry": { "type": "Polygon", "coordinates": [ [ [ 73.0537243, 33.7211141 ], [ 73.0535634, 33.7210399 ], [ 73.0536868, 33.7208548 ], [ 73.0538477, 33.7209289 ], [ 73.0537243, 33.7211141 ] ] ] } },
{ "type": "Feature", "properties": { "id": "c9f24fe2-c265-4b59-8ecd-df82a5086357", "names": null, "sources": "[{'property': '', 'dataset': 'OpenStreetMap', 'license': 'ODbL-1.0', 'record_id': 'w1385283432@1', 'update_time': '2025-05-10T08:13:32.000Z', 'confidence': None, 'between': None}]", "level": null, "height": null, "min_height": null, "is_underground": false, "num_floors": null, "num_floors_underground": null, "min_floor": null, "subtype": null, "class": null, "facade_color": null, "facade_material": null, "roof_material": null, "roof_shape": null, "roof_direction": null, "roof_orientation": null, "roof_color": null, "roof_height": null, "has_parts": false, "version": 1, "bbox": { "xmin": 73.05349731445312, "xmax": 73.05378723144531, "ymin": 33.72138214111328, "ymax": 33.72164535522461 } }, "geometry": { "type": "Polygon", "coordinates": [ [ [ 73.0536586, 33.7216428 ], [ 73.0534977, 33.7215686 ], [ 73.0536211, 33.7213835 ], [ 73.053782, 33.7214576 ], [ 73.0536586, 33.7216428 ] ] ] } },
{ "type": "Feature", "properties": { "id": "f0aab2cb-c950-4ab9-b1d2-fe8dddb3fe14", "names": null, "sources": "[{'property': '', 'dataset': 'OpenStreetMap', 'license': 'ODbL-1.0', 'record_id': 'w1385283431@1', 'update_time': '2025-05-10T08:13:32.000Z', 'confidence': None, 'between': None}]", "level": null, "height": null, "min_height": null, "is_underground": false, "num_floors": null, "num_floors_underground": null, "min_floor": null, "subtype": null, "class": null, "facade_color": null, "facade_material": null, "roof_material": null, "roof_shape": null, "roof_direction": null, "roof_orientation": null, "roof_color": null, "roof_height": null, "has_parts": false, "version": 1, "bbox": { "xmin": 73.05364990234375, "xmax": 73.05394744873047, "ymin": 33.72146987915039, "ymax": 33.72173309326172 } }, "geometry": { "type": "Polygon", "coordinates": [ [ [ 73.0538168, 33.7217298 ], [ 73.053656, 33.7216557 ], [ 73.0537793, 33.7214705 ], [ 73.0539402, 33.7215446 ], [ 73.0538168, 33.7217298 ] ] ] } },
{ "type": "Feature", "properties": { "id": "543ac456-3793-47b5-a7af-cf47ac975fac", "names": null, "sources": "[{'property': '', 'dataset': 'Google Open Buildings', 'license': None, 'record_id': '8J5MP3C3+HHJ8', 'update_time': '2023-05-01T00:00:00.000Z', 'confidence': 0.7773, 'between': None}]", "level": null, "height": null, "min_height": null, "is_underground": false, "num_floors": null, "num_floors_underground": null, "min_floor": null, "subtype": null, "class": null, "facade_color": null, "facade_material": null, "roof_material": null, "roof_shape": null, "roof_direction": null, "roof_orientation": null, "roof_color": null, "roof_height": null, "has_parts": false, "version": 1, "bbox": { "xmin": 73.0538330078125, "xmax": 73.053955078125, "ymin": 33.721412658691406, "ymax": 33.721500396728516 } }, "geometry": { "type": "Polygon", "coordinates": [ [ [ 73.0538625, 33.7214144 ], [ 73.0539531, 33.7214606 ], [ 73.0539243, 33.7215 ], [ 73.0538337, 33.7214537 ], [ 73.0538625, 33.7214144 ] ] ] } },
{ "type": "Feature", "properties": { "id": "4bee1590-be5b-4f7a-979b-591ce0617ef1", "names": null, "sources": "[{'property': '', 'dataset': 'OpenStreetMap', 'license': 'ODbL-1.0', 'record_id': 'w1385283417@1', 'update_time': '2025-05-10T08:13:32.000Z', 'confidence': None, 'between': None}]", "level": null, "height": null, "min_height": null, "is_underground": false, "num_floors": null, "num_floors_underground": null, "min_floor": null, "subtype": null, "class": null, "facade_color": null, "facade_material": null, "roof_material": null, "roof_shape": null, "roof_direction": null, "roof_orientation": null, "roof_color": null, "roof_height": null, "has_parts": false, "version": 1, "bbox": { "xmin": 73.05377197265625, "xmax": 73.05406951904297, "ymin": 33.720970153808594, "ymax": 33.72123336791992 } }, "geometry": { "type": "Polygon", "coordinates": [ [ [ 73.0539402, 33.7212323 ], [ 73.0537793, 33.7211582 ], [ 73.0539027, 33.720973 ], [ 73.0540636, 33.7210471 ], [ 73.0539402, 33.7212323 ] ] ] } },
{ "type": "Feature", "properties": { "id": "e678db1e-aed3-4e5f-9305-63b245d10273", "names": null, "sources": "[{'property': '', 'dataset': 'OpenStreetMap', 'license': 'ODbL-1.0', 'record_id': 'w1385283419@1', 'update_time': '2025-05-10T08:13:32.000Z', 'confidence': None, 'between': None}]", "level": null, "height": null, "min_height": null, "is_underground": false, "num_floors": null, "num_floors_underground": null, "min_floor": null, "subtype": null, "class": null, "facade_color": null, "facade_material": null, "roof_material": null, "roof_shape": null, "roof_direction": null, "roof_orientation": null, "roof_color": null, "roof_height": null, "has_parts": false, "version": 1, "bbox": { "xmin": 73.05393981933594, "xmax": 73.05423736572266, "ymin": 33.72072982788086, "ymax": 33.72099304199219 } }, "geometry": { "type": "Polygon", "coordinates": [ [ [ 73.0541132, 33.7209914 ], [ 73.0539523, 33.7209172 ], [ 73.0540757, 33.7207321 ], [ 73.0542366, 33.7208062 ], [ 73.0541132, 33.7209914 ] ] ] } },
{ "type": "Feature", "properties": { "id": "a3a79946-5fa1-4f4f-8509-582d47daa6a6", "names": null, "sources": "[{'property': '', 'dataset': 'Google Open Buildings', 'license': None, 'record_id': '8J5MP3C3+8QVG', 'update_time': '2023-05-01T00:00:00.000Z', 'confidence': 0.7166, 'between': None}]", "level": null, "height": null, "min_height": null, "is_underground": false, "num_floors": null, "num_floors_underground": null, "min_floor": null, "subtype": null, "class": null, "facade_color": null, "facade_material": null, "roof_material": null, "roof_shape": null, "roof_direction": null, "roof_orientation": null, "roof_color": null, "roof_height": null, "has_parts": false, "version": 1, "bbox": { "xmin": 73.05433654785156, "xmax": 73.05451965332031, "ymin": 33.72080612182617, "ymax": 33.72091293334961 } }, "geometry": { "type": "Polygon", "coordinates": [ [ [ 73.0543622, 33.7208085 ], [ 73.0545134, 33.72087 ], [ 73.054489, 33.7209119 ], [ 73.0543378, 33.7208504 ], [ 73.0543622, 33.7208085 ] ] ] } },
{ "type": "Feature", "properties": { "id": "b0426b68-2b9f-4735-a710-bb9f52fa264e", "names": null, "sources": "[{'property': '', 'dataset': 'Google Open Buildings', 'license': None, 'record_id': '8J5MP3C3+4QJ2', 'update_time': '2023-05-01T00:00:00.000Z', 'confidence': 0.846, 'between': None}]", "level": null, "height": null, "min_height": null, "is_underground": false, "num_floors": null, "num_floors_underground": null, "min_floor": null, "subtype": null, "class": null, "facade_color": null, "facade_material": null, "roof_material": null, "roof_shape": null, "roof_direction": null, "roof_orientation": null, "roof_color": null, "roof_height": null, "has_parts": false, "version": 1, "bbox": { "xmin": 73.05431365966797, "xmax": 73.05445098876953, "ymin": 33.720272064208984, "ymax": 33.72037887573242 } }, "geometry": { "type": "Polygon", "coordinates": [ [ [ 73.0543645, 33.7202778 ], [ 73.0544393, 33.720315 ], [ 73.054395, 33.7203772 ], [ 73.0543202, 33.72034 ], [ 73.0543645, 33.7202778 ] ] ] } },
{ "type": "Feature", "properties": { "id": "ea92011a-53a5-4ce1-b75e-bec33335f50d", "names": null, "sources": "[{'property': '', 'dataset': 'Google Open Buildings', 'license': None, 'record_id': '8J5MP3C3+3QWV', 'update_time': '2023-05-01T00:00:00.000Z', 'confidence': 0.7208, 'between': None}]", "level": null, "height": null, "min_height": null, "is_underground": false, "num_floors": null, "num_floors_underground": null, "min_floor": null, "subtype": null, "class": null, "facade_color": null, "facade_material": null, "roof_material": null, "roof_shape": null, "roof_direction": null, "roof_orientation": null, "roof_color": null, "roof_height": null, "has_parts": false, "version": 1, "bbox": { "xmin": 73.05435180664062, "xmax": 73.05455017089844, "ymin": 33.72016143798828, "ymax": 33.7203369140625 } }, "geometry": { "type": "Polygon", "coordinates": [ [ [ 73.0544328, 33.7201629 ], [ 73.0545482, 33.7202194 ], [ 73.0544683, 33.7203334 ], [ 73.0543529, 33.720277 ], [ 73.0544328, 33.7201629 ] ] ] } },
{ "type": "Feature", "properties": { "id": "1dba27ba-377a-4283-9c24-6793d997d71e", "names": null, "sources": "[{'property': '', 'dataset': 'Google Open Buildings', 'license': None, 'record_id': '8J5MP3C3+3RQF', 'update_time': '2023-05-01T00:00:00.000Z', 'confidence': 0.7197, 'between': None}]", "level": null, "height": null, "min_height": null, "is_underground": false, "num_floors": null, "num_floors_underground": null, "min_floor": null, "subtype": null, "class": null, "facade_color": null, "facade_material": null, "roof_material": null, "roof_shape": null, "roof_direction": null, "roof_orientation": null, "roof_color": null, "roof_height": null, "has_parts": false, "version": 1, "bbox": { "xmin": 73.0545425415039, "xmax": 73.05465698242188, "ymin": 33.72017288208008, "ymax": 33.72025680541992 } }, "geometry": { "type": "Polygon", "coordinates": [ [ [ 73.0545804, 33.7201734 ], [ 73.0546562, 33.7202105 ], [ 73.054624, 33.7202564 ], [ 73.0545482, 33.7202194 ], [ 73.0545804, 33.7201734 ] ] ] } },
{ "type": "Feature", "properties": { "id": "4da0b8a7-7227-4f65-830d-9c8414d1317f", "names": null, "sources": "[{'property': '', 'dataset': 'Google Open Buildings', 'license': None, 'record_id': '8J5MP3C3+4VJW', 'update_time': '2023-05-01T00:00:00.000Z', 'confidence': 0.9157, 'between': None}]", "level": null, "height": null, "min_height": null, "is_underground": false, "num_floors": null, "num_floors_underground": null, "min_floor": null, "subtype": null, "class": null, "facade_color": null, "facade_material": null, "roof_material": null, "roof_shape": null, "roof_direction": null, "roof_orientation": null, "roof_color": null, "roof_height": null, "has_parts": false, "version": 1, "bbox": { "xmin": 73.05447387695312, "xmax": 73.0548095703125, "ymin": 33.7202262878418, "ymax": 33.72048568725586 } }, "geometry": { "type": "Polygon", "coordinates": [ [ [ 73.0547972, 33.7202785 ], [ 73.0546523, 33.7204819 ], [ 73.054552, 33.720432 ], [ 73.054584, 33.720387 ], [ 73.0544815, 33.720336 ], [ 73.0545345, 33.7202616 ], [ 73.054637, 33.7203126 ], [ 73.0546968, 33.7202286 ], [ 73.0547972, 33.7202785 ] ] ] } },
{ "type": "Feature", "properties": { "id": "87a1745c-198e-4dca-9240-b8c47e69cd06", "names": null, "sources": "[{'property': '', 'dataset': 'OpenStreetMap', 'license': 'ODbL-1.0', 'record_id': 'w1385283410@1', 'update_time': '2025-05-10T08:13:32.000Z', 'confidence': None, 'between': None}]", "level": null, "height": null, "min_height": null, "is_underground": false, "num_floors": null, "num_floors_underground": null, "min_floor": null, "subtype": null, "class": null, "facade_color": null, "facade_material": null, "roof_material": null, "roof_shape": null, "roof_direction": null, "roof_orientation": null, "roof_color": null, "roof_height": null, "has_parts": false, "version": 1, "bbox": { "xmin": 73.05439758300781, "xmax": 73.05469512939453, "ymin": 33.720970153808594, "ymax": 33.72123336791992 } }, "geometry": { "type": "Polygon", "coordinates": [ [ [ 73.0545705, 33.7212323 ], [ 73.0544097, 33.7211582 ], [ 73.054533, 33.720973 ], [ 73.0546939, 33.7210471 ], [ 73.0545705, 33.7212323 ] ] ] } },
{ "type": "Feature", "properties": { "id": "469782fc-0d97-4320-aa49-f696ce74e031", "names": null, "sources": "[{'property': '', 'dataset': 'Google Open Buildings', 'license': None, 'record_id': '8J5MP3C3+CVP8', 'update_time': '2023-05-01T00:00:00.000Z', 'confidence': 0.664, 'between': None}]", "level": null, "height": null, "min_height": null, "is_underground": false, "num_floors": null, "num_floors_underground": null, "min_floor": null, "subtype": null, "class": null, "facade_color": null, "facade_material": null, "roof_material": null, "roof_shape": null, "roof_direction": null, "roof_orientation": null, "roof_color": null, "roof_height": null, "has_parts": false, "version": 1, "bbox": { "xmin": 73.05465698242188, "xmax": 73.05475616455078, "ymin": 33.721038818359375, "ymax": 33.721126556396484 } }, "geometry": { "type": "Polygon", "coordinates": [ [ [ 73.0546984, 33.7210426 ], [ 73.054751, 33.7210669 ], [ 73.0547129, 33.7211244 ], [ 73.0546603, 33.7211001 ], [ 73.0546984, 33.7210426 ] ] ] } },
{ "type": "Feature", "properties": { "id": "a1c76f65-b9db-4ba7-bb52-9b52daf0dd1a", "names": null, "sources": "[{'property': '', 'dataset': 'Google Open Buildings', 'license': None, 'record_id': '8J5MP3C3+GRW7', 'update_time': '2023-05-01T00:00:00.000Z', 'confidence': 0.8513, 'between': None}]", "level": null, "height": null, "min_height": null, "is_underground": false, "num_floors": null, "num_floors_underground": null, "min_floor": null, "subtype": null, "class": null, "facade_color": null, "facade_material": null, "roof_material": null, "roof_shape": null, "roof_direction": null, "roof_orientation": null, "roof_color": null, "roof_height": null, "has_parts": false, "version": 1, "bbox": { "xmin": 73.054443359375, "xmax": 73.05469512939453, "ymin": 33.7213134765625, "ymax": 33.72140884399414 } }, "geometry": { "type": "Polygon", "coordinates": [ [ [ 73.0546871, 33.7213149 ], [ 73.0546936, 33.721389 ], [ 73.0544613, 33.7214031 ], [ 73.0544549, 33.721329 ], [ 73.0546871, 33.7213149 ] ] ] } },
{ "type": "Feature", "properties": { "id": "a532dffd-3d64-43b7-8cd5-c9ec21dc580b", "names": null, "sources": "[{'property': '', 'dataset': 'OpenStreetMap', 'license': 'ODbL-1.0', 'record_id': 'w1385283418@1', 'update_time': '2025-05-10T08:13:32.000Z', 'confidence': None, 'between': None}]", "level": null, "height": null, "min_height": null, "is_underground": false, "num_floors": null, "num_floors_underground": null, "min_floor": null, "subtype": null, "class": null, "facade_color": null, "facade_material": null, "roof_material": null, "roof_shape": null, "roof_direction": null, "roof_orientation": null, "roof_color": null, "roof_height": null, "has_parts": false, "version": 1, "bbox": { "xmin": 73.05416870117188, "xmax": 73.05445861816406, "ymin": 33.72085189819336, "ymax": 33.72111511230469 } }, "geometry": { "type": "Polygon", "coordinates": [ [ [ 73.0543331, 33.7211118 ], [ 73.0541723, 33.7210377 ], [ 73.0542957, 33.7208525 ], [ 73.0544565, 33.7209267 ], [ 73.0543331, 33.7211118 ] ] ] } },
{ "type": "Feature", "properties": { "id": "df3fdcf9-13a0-45ca-8be7-f448b2d1530b", "names": null, "sources": "[{'property': '', 'dataset': 'OpenStreetMap', 'license': 'ODbL-1.0', 'record_id': 'w1385283358@1', 'update_time': '2025-05-10T08:13:32.000Z', 'confidence': None, 'between': None}]", "level": null, "height": null, "min_height": null, "is_underground": false, "num_floors": null, "num_floors_underground": null, "min_floor": null, "subtype": null, "class": null, "facade_color": null, "facade_material": null, "roof_material": null, "roof_shape": null, "roof_direction": null, "roof_orientation": null, "roof_color": null, "roof_height": null, "has_parts": false, "version": 1, "bbox": { "xmin": 73.05420684814453, "xmax": 73.05451202392578, "ymin": 33.72208023071289, "ymax": 33.72236633300781 } }, "geometry": { "type": "Polygon", "coordinates": [ [ [ 73.0545062, 33.7221601 ], [ 73.0543587, 33.7223631 ], [ 73.0542072, 33.722287 ], [ 73.0543547, 33.722084 ], [ 73.0545062, 33.7221601 ] ] ] } },
{ "type": "Feature", "properties": { "id": "947d53c0-f9a1-4a88-b6e6-84e0d0b20fbe", "names": null, "sources": "[{'property': '', 'dataset': 'Google Open Buildings', 'license': None, 'record_id': '8J5MP3C3+VVHW', 'update_time': '2023-05-01T00:00:00.000Z', 'confidence': 0.7219, 'between': None}]", "level": null, "height": null, "min_height": null, "is_underground": false, "num_floors": null, "num_floors_underground": null, "min_floor": null, "subtype": null, "class": null, "facade_color": null, "facade_material": null, "roof_material": null, "roof_shape": null, "roof_direction": null, "roof_orientation": null, "roof_color": null, "roof_height": null, "has_parts": false, "version": 1, "bbox": { "xmin": 73.05469512939453, "xmax": 73.0547866821289, "ymin": 33.722164154052734, "ymax": 33.722225189208984 } }, "geometry": { "type": "Polygon", "coordinates": [ [ [ 73.0547747, 33.7221885 ], [ 73.0547387, 33.7222238 ], [ 73.0547076, 33.7222016 ], [ 73.0547435, 33.7221664 ], [ 73.0547747, 33.7221885 ] ] ] } },
{ "type": "Feature", "properties": { "id": "f036d95c-77c0-4b3f-9f04-e9ed8f8f2d5a", "names": null, "sources": "[{'property': '', 'dataset': 'OpenStreetMap', 'license': 'ODbL-1.0', 'record_id': 'w1385283361@1', 'update_time': '2025-05-10T08:13:32.000Z', 'confidence': None, 'between': None}]", "level": null, "height": null, "min_height": null, "is_underground": false, "num_floors": null, "num_floors_underground": null, "min_floor": null, "subtype": null, "class": null, "facade_color": null, "facade_material": null, "roof_material": null, "roof_shape": null, "roof_direction": null, "roof_orientation": null, "roof_color": null, "roof_height": null, "has_parts": false, "version": 1, "bbox": { "xmin": 73.05438995361328, "xmax": 73.05472564697266, "ymin": 33.72217559814453, "ymax": 33.72248077392578 } }, "geometry": { "type": "Polygon", "coordinates": [ [ [ 73.0545619, 33.7224774 ], [ 73.0544016, 33.7223966 ], [ 73.0545625, 33.7221757 ], [ 73.0547228, 33.7222565 ], [ 73.0545619, 33.7224774 ] ] ] } },
{ "type": "Feature", "properties": { "id": "08b481ad-7edd-42a8-90ae-95a2092c7c17", "names": null, "sources": "[{'property': '', 'dataset': 'OpenStreetMap', 'license': 'ODbL-1.0', 'record_id': 'w1385283373@1', 'update_time': '2025-05-10T08:13:32.000Z', 'confidence': None, 'between': None}]", "level": null, "height": null, "min_height": null, "is_underground": false, "num_floors": null, "num_floors_underground": null, "min_floor": null, "subtype": null, "class": null, "facade_color": null, "facade_material": null, "roof_material": null, "roof_shape": null, "roof_direction": null, "roof_orientation": null, "roof_color": null, "roof_height": null, "has_parts": false, "version": 1, "bbox": { "xmin": 73.05439758300781, "xmax": 73.05484008789062, "ymin": 33.72248458862305, "ymax": 33.722904205322266 } }, "geometry": { "type": "Polygon", "coordinates": [ [ [ 73.054828, 33.7225862 ], [ 73.0546027, 33.722903 ], [ 73.0543996, 33.722803 ], [ 73.0546249, 33.7224862 ], [ 73.054828, 33.7225862 ] ] ] } },
{ "type": "Feature", "properties": { "id": "e1ce2637-d8a7-4ef5-be24-741399013b36", "names": null, "sources": "[{'property': '', 'dataset': 'OpenStreetMap', 'license': 'ODbL-1.0', 'record_id': 'w1385283360@1', 'update_time': '2025-05-10T08:13:32.000Z', 'confidence': None, 'between': None}]", "level": null, "height": null, "min_height": null, "is_underground": false, "num_floors": null, "num_floors_underground": null, "min_floor": null, "subtype": null, "class": null, "facade_color": null, "facade_material": null, "roof_material": null, "roof_shape": null, "roof_direction": null, "roof_orientation": null, "roof_color": null, "roof_height": null, "has_parts": false, "version": 1, "bbox": { "xmin": 73.05431365966797, "xmax": 73.05455017089844, "ymin": 33.722434997558594, "ymax": 33.72262954711914 } }, "geometry": { "type": "Polygon", "coordinates": [ [ [ 73.0545384, 33.7225081 ], [ 73.0544418, 33.7226286 ], [ 73.0543155, 33.7225586 ], [ 73.0544121, 33.7224381 ], [ 73.0545384, 33.7225081 ] ] ] } },
{ "type": "Feature", "properties": { "id": "eeabf53d-2223-4fbc-b84b-6db1c84793cd", "names": null, "sources": "[{'property': '', 'dataset': 'OpenStreetMap', 'license': 'ODbL-1.0', 'record_id': 'w1385283359@1', 'update_time': '2025-05-10T08:13:32.000Z', 'confidence': None, 'between': None}]", "level": null, "height": null, "min_height": null, "is_underground": false, "num_floors": null, "num_floors_underground": null, "min_floor": null, "subtype": null, "class": null, "facade_color": null, "facade_material": null, "roof_material": null, "roof_shape": null, "roof_direction": null, "roof_orientation": null, "roof_color": null, "roof_height": null, "has_parts": false, "version": 1, "bbox": { "xmin": 73.05404663085938, "xmax": 73.05435180664062, "ymin": 33.72232437133789, "ymax": 33.72262191772461 } }, "geometry": { "type": "Polygon", "coordinates": [ [ [ 73.0543506, 33.7223966 ], [ 73.0542031, 33.7226197 ], [ 73.0540525, 33.7225508 ], [ 73.0542, 33.7223277 ], [ 73.0543506, 33.7223966 ] ] ] } },
{ "type": "Feature", "properties": { "id": "7767579c-c333-48b7-8e68-8cab07e2da3c", "names": null, "sources": "[{'property': '', 'dataset': 'Google Open Buildings', 'license': None, 'record_id': '8J5MP3C3+RG7C', 'update_time': '2023-05-01T00:00:00.000Z', 'confidence': 0.8066, 'between': None}]", "level": null, "height": null, "min_height": null, "is_underground": false, "num_floors": null, "num_floors_underground": null, "min_floor": null, "subtype": null, "class": null, "facade_color": null, "facade_material": null, "roof_material": null, "roof_shape": null, "roof_direction": null, "roof_orientation": null, "roof_color": null, "roof_height": null, "has_parts": false, "version": 1, "bbox": { "xmin": 73.05374145507812, "xmax": 73.0538330078125, "ymin": 33.72199630737305, "ymax": 33.722076416015625 } }, "geometry": { "type": "Polygon", "coordinates": [ [ [ 73.0537765, 33.7219996 ], [ 73.053831, 33.7220225 ], [ 73.0537995, 33.722075 ], [ 73.053745, 33.7220521 ], [ 73.0537765, 33.7219996 ] ] ] } },
{ "type": "Feature", "properties": { "id": "b598c122-5c53-43bc-a0b7-04b493c1b9fe", "names": null, "sources": "[{'property': '', 'dataset': 'OpenStreetMap', 'license': 'ODbL-1.0', 'record_id': 'w1385283438@1', 'update_time': '2025-05-10T08:13:32.000Z', 'confidence': None, 'between': None}]", "level": null, "height": null, "min_height": null, "is_underground": false, "num_floors": null, "num_floors_underground": null, "min_floor": null, "subtype": null, "class": null, "facade_color": null, "facade_material": null, "roof_material": null, "roof_shape": null, "roof_direction": null, "roof_orientation": null, "roof_color": null, "roof_height": null, "has_parts": false, "version": 1, "bbox": { "xmin": 73.05350494384766, "xmax": 73.05380249023438, "ymin": 33.721683502197266, "ymax": 33.721946716308594 } }, "geometry": { "type": "Polygon", "coordinates": [ [ [ 73.0536773, 33.721944 ], [ 73.0535165, 33.7218698 ], [ 73.0536399, 33.7216847 ], [ 73.0538007, 33.7217588 ], [ 73.0536773, 33.721944 ] ] ] } },
{ "type": "Feature", "properties": { "id": "1adce179-470b-4b5b-9f73-569617f361b8", "names": null, "sources": "[{'property': '', 'dataset': 'OpenStreetMap', 'license': 'ODbL-1.0', 'record_id': 'w1385283426@1', 'update_time': '2025-05-10T08:13:32.000Z', 'confidence': None, 'between': None}]", "level": null, "height": null, "min_height": null, "is_underground": false, "num_floors": null, "num_floors_underground": null, "min_floor": null, "subtype": null, "class": null, "facade_color": null, "facade_material": null, "roof_material": null, "roof_shape": null, "roof_direction": null, "roof_orientation": null, "roof_color": null, "roof_height": null, "has_parts": false, "version": 1, "bbox": { "xmin": 73.0528335571289, "xmax": 73.0531234741211, "ymin": 33.72011947631836, "ymax": 33.72038269042969 } }, "geometry": { "type": "Polygon", "coordinates": [ [ [ 73.0529947, 33.7203801 ], [ 73.0528339, 33.7203059 ], [ 73.0529572, 33.7201208 ], [ 73.0531181, 33.7201949 ], [ 73.0529947, 33.7203801 ] ] ] } },
{ "type": "Feature", "properties": { "id": "f2302855-7898-43d1-b6c5-cf93cff77901", "names": null, "sources": "[{'property': '', 'dataset': 'Google Open Buildings', 'license': None, 'record_id': '8J5MP3C3+55X4', 'update_time': '2023-05-01T00:00:00.000Z', 'confidence': 0.7675, 'between': None}]", "level": null, "height": null, "min_height": null, "is_underground": false, "num_floors": null, "num_floors_underground": null, "min_floor": null, "subtype": null, "class": null, "facade_color": null, "facade_material": null, "roof_material": null, "roof_shape": null, "roof_direction": null, "roof_orientation": null, "roof_color": null, "roof_height": null, "has_parts": false, "version": 1, "bbox": { "xmin": 73.0529556274414, "xmax": 73.05302429199219, "ymin": 33.72045135498047, "ymax": 33.720497131347656 } }, "geometry": { "type": "Polygon", "coordinates": [ [ [ 73.0529726, 33.7204543 ], [ 73.0530124, 33.720468 ], [ 73.0529983, 33.7204967 ], [ 73.0529584, 33.7204831 ], [ 73.0529726, 33.7204543 ] ] ] } },
{ "type": "Feature", "properties": { "id": "bae471fb-23e8-4312-87ea-f35552b251da", "names": null, "sources": "[{'property': '', 'dataset': 'OpenStreetMap', 'license': 'ODbL-1.0', 'record_id': 'w1385283416@1', 'update_time': '2025-05-10T08:13:32.000Z', 'confidence': None, 'between': None}]", "level": null, "height": null, "min_height": null, "is_underground": false, "num_floors": null, "num_floors_underground": null, "min_floor": null, "subtype": null, "class": null, "facade_color": null, "facade_material": null, "roof_material": null, "roof_shape": null, "roof_direction": null, "roof_orientation": null, "roof_color": null, "roof_height": null, "has_parts": false, "version": 1, "bbox": { "xmin": 73.05289459228516, "xmax": 73.05318450927734, "ymin": 33.72049331665039, "ymax": 33.72075653076172 } }, "geometry": { "type": "Polygon", "coordinates": [ [ [ 73.0530604, 33.7207549 ], [ 73.0528996, 33.7206807 ], [ 73.053023, 33.7204956 ], [ 73.0531838, 33.7205697 ], [ 73.0530604, 33.7207549 ] ] ] } },
{ "type": "Feature", "properties": { "id": "d746968a-b79a-4959-ab30-ac28a372581e", "names": null, "sources": "[{'property': '', 'dataset': 'OpenStreetMap', 'license': 'ODbL-1.0', 'record_id': 'w1385283436@1', 'update_time': '2025-05-10T08:13:32.000Z', 'confidence': None, 'between': None}]", "level": null, "height": null, "min_height": null, "is_underground": false, "num_floors": null, "num_floors_underground": null, "min_floor": null, "subtype": null, "class": null, "facade_color": null, "facade_material": null, "roof_material": null, "roof_shape": null, "roof_direction": null, "roof_orientation": null, "roof_color": null, "roof_height": null, "has_parts": false, "version": 1, "bbox": { "xmin": 73.05281066894531, "xmax": 73.05310821533203, "ymin": 33.72103500366211, "ymax": 33.72129821777344 } }, "geometry": { "type": "Polygon", "coordinates": [ [ [ 73.0529773, 33.7212948 ], [ 73.0528164, 33.7212206 ], [ 73.0529398, 33.7210355 ], [ 73.0531007, 33.7211096 ], [ 73.0529773, 33.7212948 ] ] ] } },
{ "type": "Feature", "properties": { "id": "bba7f503-b071-48f5-88ea-586889ac468f", "names": null, "sources": "[{'property': '', 'dataset': 'OpenStreetMap', 'license': 'ODbL-1.0', 'record_id': 'w1385283442@1', 'update_time': '2025-05-10T08:13:32.000Z', 'confidence': None, 'between': None}]", "level": null, "height": null, "min_height": null, "is_underground": false, "num_floors": null, "num_floors_underground": null, "min_floor": null, "subtype": null, "class": null, "facade_color": null, "facade_material": null, "roof_material": null, "roof_shape": null, "roof_direction": null, "roof_orientation": null, "roof_color": null, "roof_height": null, "has_parts": false, "version": 1, "bbox": { "xmin": 73.0528335571289, "xmax": 73.05313110351562, "ymin": 33.721336364746094, "ymax": 33.72159957885742 } }, "geometry": { "type": "Polygon", "coordinates": [ [ [ 73.0530014, 33.7215982 ], [ 73.0528406, 33.721524 ], [ 73.0529639, 33.7213389 ], [ 73.0531248, 33.721413 ], [ 73.0530014, 33.7215982 ] ] ] } },
{ "type": "Feature", "properties": { "id": "577a139c-cd19-48da-ad48-50835285ef39", "names": "{'primary': 'Federal Government Junior Model School F-7/2-4', 'common': None, 'rules': None}", "sources": "[{'property': '', 'dataset': 'OpenStreetMap', 'license': 'ODbL-1.0', 'record_id': 'w1159850657@3', 'update_time': '2023-09-25T17:28:26.000Z', 'confidence': None, 'between': None}]", "level": null, "height": null, "min_height": null, "is_underground": false, "num_floors": null, "num_floors_underground": null, "min_floor": null, "subtype": "education", "class": "school", "facade_color": null, "facade_material": null, "roof_material": null, "roof_shape": null, "roof_direction": null, "roof_orientation": null, "roof_color": null, "roof_height": null, "has_parts": false, "version": 1, "bbox": { "xmin": 73.0521011352539, "xmax": 73.05303955078125, "ymin": 33.72224044799805, "ymax": 33.72286605834961 } }, "geometry": { "type": "Polygon", "coordinates": [ [ [ 73.0527321, 33.7227955 ], [ 73.0526808, 33.7228642 ], [ 73.0521129, 33.7225706 ], [ 73.052172, 33.7224916 ], [ 73.0521897, 33.7225007 ], [ 73.0522556, 33.7224125 ], [ 73.0522228, 33.7223955 ], [ 73.0523384, 33.7222408 ], [ 73.0524731, 33.7223105 ], [ 73.0522928, 33.7225518 ], [ 73.0526687, 33.7227462 ], [ 73.0529331, 33.7223925 ], [ 73.0530328, 33.722444 ], [ 73.0527595, 33.7228097 ], [ 73.0527321, 33.7227955 ] ] ] } },
{ "type": "Feature", "properties": { "id": "9a1e81a1-acee-48cb-a09b-f9f427117712", "names": null, "sources": "[{'property': '', 'dataset': 'OpenStreetMap', 'license': 'ODbL-1.0', 'record_id': 'w1385283440@1', 'update_time': '2025-05-10T08:13:32.000Z', 'confidence': None, 'between': None}]", "level": null, "height": null, "min_height": null, "is_underground": false, "num_floors": null, "num_floors_underground": null, "min_floor": null, "subtype": null, "class": null, "facade_color": null, "facade_material": null, "roof_material": null, "roof_shape": null, "roof_direction": null, "roof_orientation": null, "roof_color": null, "roof_height": null, "has_parts": false, "version": 1, "bbox": { "xmin": 73.0531997680664, "xmax": 73.0534896850586, "ymin": 33.721500396728516, "ymax": 33.721771240234375 } }, "geometry": { "type": "Polygon", "coordinates": [ [ [ 73.0533608, 33.7217655 ], [ 73.0532, 33.7216913 ], [ 73.0533234, 33.7215062 ], [ 73.0534842, 33.7215803 ], [ 73.0533608, 33.7217655 ] ] ] } },
{ "type": "Feature", "properties": { "id": "c73feaa8-1a3d-4944-bc7c-b5126617c5a8", "names": null, "sources": "[{'property': '', 'dataset': 'Google Open Buildings', 'license': None, 'record_id': '8J5MP3C3+X6XH', 'update_time': '2023-05-01T00:00:00.000Z', 'confidence': 0.7116, 'between': None}]", "level": null, "height": null, "min_height": null, "is_underground": false, "num_floors": null, "num_floors_underground": null, "min_floor": null, "subtype": null, "class": null, "facade_color": null, "facade_material": null, "roof_material": null, "roof_shape": null, "roof_direction": null, "roof_orientation": null, "roof_color": null, "roof_height": null, "has_parts": false, "version": 1, "bbox": { "xmin": 73.05309295654297, "xmax": 73.05316162109375, "ymin": 33.72245788574219, "ymax": 33.722511291503906 } }, "geometry": { "type": "Polygon", "coordinates": [ [ [ 73.0531065, 33.7224606 ], [ 73.05315, 33.7224714 ], [ 73.0531364, 33.7225095 ], [ 73.053093, 33.7224987 ], [ 73.0531065, 33.7224606 ] ] ] } },
{ "type": "Feature", "properties": { "id": "b21e1bbf-d710-4995-982b-d9108d862b31", "names": null, "sources": "[{'property': '', 'dataset': 'Google Open Buildings', 'license': None, 'record_id': '8J5MP3F3+4727', 'update_time': '2023-05-01T00:00:00.000Z', 'confidence': 0.9186, 'between': None}]", "level": null, "height": null, "min_height": null, "is_underground": false, "num_floors": null, "num_floors_underground": null, "min_floor": null, "subtype": null, "class": null, "facade_color": null, "facade_material": null, "roof_material": null, "roof_shape": null, "roof_direction": null, "roof_orientation": null, "roof_color": null, "roof_height": null, "has_parts": false, "version": 1, "bbox": { "xmin": 73.05279541015625, "xmax": 73.05347442626953, "ymin": 33.722412109375, "ymax": 33.72310256958008 } }, "geometry": { "type": "Polygon", "coordinates": [ [ [ 73.0532423, 33.7224156 ], [ 73.0534717, 33.722542 ], [ 73.0530322, 33.7230991 ], [ 73.0528027, 33.7229728 ], [ 73.0532423, 33.7224156 ] ] ] } },
{ "type": "Feature", "properties": { "id": "a387be62-afdb-4031-9f2b-7567811cb244", "names": null, "sources": "[{'property': '', 'dataset': 'Google Open Buildings', 'license': None, 'record_id': '8J5MP3C3+W9R2', 'update_time': '2023-05-01T00:00:00.000Z', 'confidence': 0.9015, 'between': None}]", "level": null, "height": null, "min_height": null, "is_underground": false, "num_floors": null, "num_floors_underground": null, "min_floor": null, "subtype": null, "class": null, "facade_color": null, "facade_material": null, "roof_material": null, "roof_shape": null, "roof_direction": null, "roof_orientation": null, "roof_color": null, "roof_height": null, "has_parts": false, "version": 1, "bbox": { "xmin": 73.05317687988281, "xmax": 73.0535888671875, "ymin": 33.72218322753906, "ymax": 33.7225227355957 } }, "geometry": { "type": "Polygon", "coordinates": [ [ [ 73.0533305, 33.7221848 ], [ 73.0535816, 33.7223142 ], [ 73.0534291, 33.722521 ], [ 73.053178, 33.7223917 ], [ 73.0533305, 33.7221848 ] ] ] } },
{ "type": "Feature", "properties": { "id": "a146d9dd-c48f-4188-a49e-0749d6fc9e96", "names": null, "sources": "[{'property': '', 'dataset': 'Google Open Buildings', 'license': None, 'record_id': '8J5MP3C3+VCCP', 'update_time': '2023-05-01T00:00:00.000Z', 'confidence': 0.8802, 'between': None}]", "level": null, "height": null, "min_height": null, "is_underground": false, "num_floors": null, "num_floors_underground": null, "min_floor": null, "subtype": null, "class": null, "facade_color": null, "facade_material": null, "roof_material": null, "roof_shape": null, "roof_direction": null, "roof_orientation": null, "roof_color": null, "roof_height": null, "has_parts": false, "version": 1, "bbox": { "xmin": 73.05335998535156, "xmax": 73.05366516113281, "ymin": 33.72208786010742, "ymax": 33.72231674194336 } }, "geometry": { "type": "Polygon", "coordinates": [ [ [ 73.0534201, 33.7220888 ], [ 73.0536576, 33.7222111 ], [ 73.0535816, 33.7223141 ], [ 73.0535307, 33.7222879 ], [ 73.053558, 33.7222508 ], [ 73.0533715, 33.7221547 ], [ 73.0534201, 33.7220888 ] ] ] } },
{ "type": "Feature", "properties": { "id": "fd25f5e2-c29b-4afe-878e-c95818de81c4", "names": null, "sources": "[{'property': '', 'dataset': 'OpenStreetMap', 'license': 'ODbL-1.0', 'record_id': 'w1385283439@1', 'update_time': '2025-05-10T08:13:32.000Z', 'confidence': None, 'between': None}]", "level": null, "height": null, "min_height": null, "is_underground": false, "num_floors": null, "num_floors_underground": null, "min_floor": null, "subtype": null, "class": null, "facade_color": null, "facade_material": null, "roof_material": null, "roof_shape": null, "roof_direction": null, "roof_orientation": null, "roof_color": null, "roof_height": null, "has_parts": false, "version": 1, "bbox": { "xmin": 73.05335235595703, "xmax": 73.05364990234375, "ymin": 33.721595764160156, "ymax": 33.72186279296875 } }, "geometry": { "type": "Polygon", "coordinates": [ [ [ 73.0535191, 33.721857 ], [ 73.0533582, 33.7217828 ], [ 73.0534816, 33.7215976 ], [ 73.0536425, 33.7216718 ], [ 73.0535191, 33.721857 ] ] ] } },
{ "type": "Feature", "properties": { "id": "8cc57493-10ef-4882-9821-a6e8eac53042", "names": null, "sources": "[{'property': '', 'dataset': 'Google Open Buildings', 'license': None, 'record_id': '8J5MP3C3+GCH8', 'update_time': '2023-05-01T00:00:00.000Z', 'confidence': 0.7491, 'between': None}]", "level": null, "height": null, "min_height": null, "is_underground": false, "num_floors": null, "num_floors_underground": null, "min_floor": null, "subtype": null, "class": null, "facade_color": null, "facade_material": null, "roof_material": null, "roof_shape": null, "roof_direction": null, "roof_orientation": null, "roof_color": null, "roof_height": null, "has_parts": false, "version": 1, "bbox": { "xmin": 73.05355834960938, "xmax": 73.05365753173828, "ymin": 33.72126770019531, "ymax": 33.72134017944336 } }, "geometry": { "type": "Polygon", "coordinates": [ [ [ 73.0535862, 33.7212712 ], [ 73.0536555, 33.7212966 ], [ 73.0536328, 33.7213399 ], [ 73.0535635, 33.7213145 ], [ 73.0535862, 33.7212712 ] ] ] } },
{ "type": "Feature", "properties": { "id": "6531f768-ef49-4137-b56e-b09d946c8b40", "names": null, "sources": "[{'property': '', 'dataset': 'Google Open Buildings', 'license': None, 'record_id': '8J5MP3C3+CC24', 'update_time': '2023-05-01T00:00:00.000Z', 'confidence': 0.7135, 'between': None}]", "level": null, "height": null, "min_height": null, "is_underground": false, "num_floors": null, "num_floors_underground": null, "min_floor": null, "subtype": null, "class": null, "facade_color": null, "facade_material": null, "roof_material": null, "roof_shape": null, "roof_direction": null, "roof_orientation": null, "roof_color": null, "roof_height": null, "has_parts": false, "version": 1, "bbox": { "xmin": 73.05349731445312, "xmax": 73.05355072021484, "ymin": 33.720977783203125, "ymax": 33.721031188964844 } }, "geometry": { "type": "Polygon", "coordinates": [ [ [ 73.0535491, 33.7209866 ], [ 73.053543, 33.7210072 ], [ 73.0534977, 33.7210281 ], [ 73.0535123, 33.720979 ], [ 73.0535491, 33.7209866 ] ] ] } },
{ "type": "Feature", "properties": { "id": "2cf9cbc1-4981-40f2-a4cd-725dcaf1bddb", "names": null, "sources": "[{'property': '', 'dataset': 'OpenStreetMap', 'license': 'ODbL-1.0', 'record_id': 'w1385283433@1', 'update_time': '2025-05-10T08:13:32.000Z', 'confidence': None, 'between': None}]", "level": null, "height": null, "min_height": null, "is_underground": false, "num_floors": null, "num_floors_underground": null, "min_floor": null, "subtype": null, "class": null, "facade_color": null, "facade_material": null, "roof_material": null, "roof_shape": null, "roof_direction": null, "roof_orientation": null, "roof_color": null, "roof_height": null, "has_parts": false, "version": 1, "bbox": { "xmin": 73.05333709716797, "xmax": 73.05362701416016, "ymin": 33.721290588378906, "ymax": 33.721553802490234 } }, "geometry": { "type": "Polygon", "coordinates": [ [ [ 73.0535003, 33.7215513 ], [ 73.0533395, 33.7214772 ], [ 73.0534628, 33.721292 ], [ 73.0536237, 33.7213662 ], [ 73.0535003, 33.7215513 ] ] ] } },
{ "type": "Feature", "properties": { "id": "8f5dbc24-febd-46cf-9332-c2212313e12f", "names": null, "sources": "[{'property': '', 'dataset': 'OpenStreetMap', 'license': 'ODbL-1.0', 'record_id': 'w1385283434@1', 'update_time': '2025-05-10T08:13:32.000Z', 'confidence': None, 'between': None}]", "level": null, "height": null, "min_height": null, "is_underground": false, "num_floors": null, "num_floors_underground": null, "min_floor": null, "subtype": null, "class": null, "facade_color": null, "facade_material": null, "roof_material": null, "roof_shape": null, "roof_direction": null, "roof_orientation": null, "roof_color": null, "roof_height": null, "has_parts": false, "version": 1, "bbox": { "xmin": 73.05315399169922, "xmax": 73.05345916748047, "ymin": 33.7212028503418, "ymax": 33.721466064453125 } }, "geometry": { "type": "Polygon", "coordinates": [ [ [ 73.0533206, 33.7214643 ], [ 73.0531597, 33.7213902 ], [ 73.0532831, 33.721205 ], [ 73.0534467, 33.7212792 ], [ 73.0533206, 33.7214643 ] ] ] } },
{ "type": "Feature", "properties": { "id": "15b911d3-1ab1-4cdd-b4fb-1aab5cb9892a", "names": null, "sources": "[{'property': '', 'dataset': 'OpenStreetMap', 'license': 'ODbL-1.0', 'record_id': 'w1385283441@1', 'update_time': '2025-05-10T08:13:32.000Z', 'confidence': None, 'between': None}]", "level": null, "height": null, "min_height": null, "is_underground": false, "num_floors": null, "num_floors_underground": null, "min_floor": null, "subtype": null, "class": null, "facade_color": null, "facade_material": null, "roof_material": null, "roof_shape": null, "roof_direction": null, "roof_orientation": null, "roof_color": null, "roof_height": null, "has_parts": false, "version": 1, "bbox": { "xmin": 73.05301666259766, "xmax": 73.05331420898438, "ymin": 33.72141647338867, "ymax": 33.7216796875 } }, "geometry": { "type": "Polygon", "coordinates": [ [ [ 73.0531811, 33.7216785 ], [ 73.0530203, 33.7216043 ], [ 73.0531437, 33.7214192 ], [ 73.0533072, 33.7214933 ], [ 73.0531811, 33.7216785 ] ] ] } },
{ "type": "Feature", "properties": { "id": "7ccddb51-73c7-4829-bb87-80e3aa615062", "names": null, "sources": "[{'property': '', 'dataset': 'OpenStreetMap', 'license': 'ODbL-1.0', 'record_id': 'w1385283435@1', 'update_time': '2025-05-10T08:13:32.000Z', 'confidence': None, 'between': None}]", "level": null, "height": null, "min_height": null, "is_underground": false, "num_floors": null, "num_floors_underground": null, "min_floor": null, "subtype": null, "class": null, "facade_color": null, "facade_material": null, "roof_material": null, "roof_shape": null, "roof_direction": null, "roof_orientation": null, "roof_color": null, "roof_height": null, "has_parts": false, "version": 1, "bbox": { "xmin": 73.052978515625, "xmax": 73.05327606201172, "ymin": 33.72111892700195, "ymax": 33.72138977050781 } }, "geometry": { "type": "Polygon", "coordinates": [ [ [ 73.0531409, 33.721384 ], [ 73.05298, 33.7213099 ], [ 73.0531034, 33.7211247 ], [ 73.0532643, 33.7211988 ], [ 73.0531409, 33.721384 ] ] ] } },
{ "type": "Feature", "properties": { "id": "59008906-076f-4b92-a0e9-91617f8f9911", "names": null, "sources": "[{'property': '', 'dataset': 'OpenStreetMap', 'license': 'ODbL-1.0', 'record_id': 'w1385283425@1', 'update_time': '2025-05-10T08:13:32.000Z', 'confidence': None, 'between': None}]", "level": null, "height": null, "min_height": null, "is_underground": false, "num_floors": null, "num_floors_underground": null, "min_floor": null, "subtype": null, "class": null, "facade_color": null, "facade_material": null, "roof_material": null, "roof_shape": null, "roof_direction": null, "roof_orientation": null, "roof_color": null, "roof_height": null, "has_parts": false, "version": 1, "bbox": { "xmin": 73.05308532714844, "xmax": 73.05337524414062, "ymin": 33.720619201660156, "ymax": 33.720890045166016 } }, "geometry": { "type": "Polygon", "coordinates": [ [ [ 73.0532495, 33.7208843 ], [ 73.0530887, 33.7208101 ], [ 73.053212, 33.720625 ], [ 73.0533729, 33.7206991 ], [ 73.0532495, 33.7208843 ] ] ] } },
{ "type": "Feature", "properties": { "id": "f6bbd371-1803-4b19-b9c0-52719e893d66", "names": null, "sources": "[{'property': '', 'dataset': 'OpenStreetMap', 'license': 'ODbL-1.0', 'record_id': 'w1385283424@1', 'update_time': '2025-05-10T08:13:32.000Z', 'confidence': None, 'between': None}]", "level": null, "height": null, "min_height": null, "is_underground": false, "num_floors": null, "num_floors_underground": null, "min_floor": null, "subtype": null, "class": null, "facade_color": null, "facade_material": null, "roof_material": null, "roof_shape": null, "roof_direction": null, "roof_orientation": null, "roof_color": null, "roof_height": null, "has_parts": false, "version": 1, "bbox": { "xmin": 73.05308532714844, "xmax": 73.05338287353516, "ymin": 33.72024917602539, "ymax": 33.72051239013672 } }, "geometry": { "type": "Polygon", "coordinates": [ [ [ 73.0532522, 33.7205117 ], [ 73.0530913, 33.7204376 ], [ 73.0532147, 33.7202524 ], [ 73.0533756, 33.7203266 ], [ 73.0532522, 33.7205117 ] ] ] } },
{ "type": "Feature", "properties": { "id": "384d9b3f-a52d-4b35-991e-0f81d9b53627", "names": null, "sources": "[{'property': '', 'dataset': 'OpenStreetMap', 'license': 'ODbL-1.0', 'record_id': 'w1385283423@1', 'update_time': '2025-05-10T08:13:32.000Z', 'confidence': None, 'between': None}]", "level": null, "height": null, "min_height": null, "is_underground": false, "num_floors": null, "num_floors_underground": null, "min_floor": null, "subtype": null, "class": null, "facade_color": null, "facade_material": null, "roof_material": null, "roof_shape": null, "roof_direction": null, "roof_orientation": null, "roof_color": null, "roof_height": null, "has_parts": false, "version": 1, "bbox": { "xmin": 73.05329895019531, "xmax": 73.05359649658203, "ymin": 33.72037887573242, "ymax": 33.72064208984375 } }, "geometry": { "type": "Polygon", "coordinates": [ [ [ 73.0534614, 33.7206389 ], [ 73.0533006, 33.7205647 ], [ 73.0534239, 33.7203796 ], [ 73.0535848, 33.7204537 ], [ 73.0534614, 33.7206389 ] ] ] } },
{ "type": "Feature", "properties": { "id": "5fd46f01-e19a-4c27-b148-d44f491008e2", "names": null, "sources": "[{'property': '', 'dataset': 'Google Open Buildings', 'license': None, 'record_id': '8J5MP3C3+9942', 'update_time': '2023-05-01T00:00:00.000Z', 'confidence': 0.7823, 'between': None}]", "level": null, "height": null, "min_height": null, "is_underground": false, "num_floors": null, "num_floors_underground": null, "min_floor": null, "subtype": null, "class": null, "facade_color": null, "facade_material": null, "roof_material": null, "roof_shape": null, "roof_direction": null, "roof_orientation": null, "roof_color": null, "roof_height": null, "has_parts": false, "version": 1, "bbox": { "xmin": 73.05328369140625, "xmax": 73.0535888671875, "ymin": 33.720767974853516, "ymax": 33.72099685668945 } }, "geometry": { "type": "Polygon", "coordinates": [ [ [ 73.0534683, 33.7207712 ], [ 73.0535825, 33.720829 ], [ 73.0534633, 33.7209934 ], [ 73.0532911, 33.7209062 ], [ 73.053362, 33.7208085 ], [ 73.0534199, 33.7208379 ], [ 73.0534683, 33.7207712 ] ] ] } },
{ "type": "Feature", "properties": { "id": "5bec7c6c-e379-498e-b7fe-3d86869268e5", "names": null, "sources": "[{'property': '', 'dataset': 'Google Open Buildings', 'license': None, 'record_id': '8J5MP393+H9P8', 'update_time': '2023-05-01T00:00:00.000Z', 'confidence': 0.8716, 'between': None}]", "level": null, "height": null, "min_height": null, "is_underground": false, "num_floors": null, "num_floors_underground": null, "min_floor": null, "subtype": null, "class": null, "facade_color": null, "facade_material": null, "roof_material": null, "roof_shape": null, "roof_direction": null, "roof_orientation": null, "roof_color": null, "roof_height": null, "has_parts": false, "version": 1, "bbox": { "xmin": 73.05326080322266, "xmax": 73.05364990234375, "ymin": 33.71877670288086, "ymax": 33.719154357910156 } }, "geometry": { "type": "Polygon", "coordinates": [ [ [ 73.0536377, 33.7188523 ], [ 73.0535126, 33.7190232 ], [ 73.053472, 33.7190024 ], [ 73.0534057, 33.7190929 ], [ 73.0534464, 33.7191136 ], [ 73.0534169, 33.719154 ], [ 73.0532727, 33.7190803 ], [ 73.0534935, 33.7187786 ], [ 73.0536377, 33.7188523 ] ] ] } },
{ "type": "Feature", "properties": { "id": "90b22127-034c-425b-b07a-994c74e95d6f", "names": null, "sources": "[{'property': '', 'dataset': 'Google Open Buildings', 'license': None, 'record_id': '8J5MP393+Q8PF', 'update_time': '2023-05-01T00:00:00.000Z', 'confidence': 0.7032, 'between': None}]", "level": null, "height": null, "min_height": null, "is_underground": false, "num_floors": null, "num_floors_underground": null, "min_floor": null, "subtype": null, "class": null, "facade_color": null, "facade_material": null, "roof_material": null, "roof_shape": null, "roof_direction": null, "roof_orientation": null, "roof_color": null, "roof_height": null, "has_parts": false, "version": 1, "bbox": { "xmin": 73.05329132080078, "xmax": 73.0533676147461, "ymin": 33.719425201416016, "ymax": 33.71950149536133 } }, "geometry": { "type": "Polygon", "coordinates": [ [ [ 73.0533556, 33.7194275 ], [ 73.0533602, 33.7194544 ], [ 73.0533306, 33.7194955 ], [ 73.053302, 33.7194989 ], [ 73.0532945, 33.7194547 ], [ 73.053306, 33.7194334 ], [ 73.0533556, 33.7194275 ] ] ] } },
{ "type": "Feature", "properties": { "id": "6f1728cb-6b57-4546-aca8-bae91fd6a3bb", "names": null, "sources": "[{'property': '', 'dataset': 'OpenStreetMap', 'license': 'ODbL-1.0', 'record_id': 'w23515897@2', 'update_time': '2018-01-29T18:41:58.000Z', 'confidence': None, 'between': None}]", "level": null, "height": null, "min_height": null, "is_underground": false, "num_floors": null, "num_floors_underground": null, "min_floor": null, "subtype": null, "class": null, "facade_color": null, "facade_material": null, "roof_material": null, "roof_shape": null, "roof_direction": null, "roof_orientation": null, "roof_color": null, "roof_height": null, "has_parts": false, "version": 1, "bbox": { "xmin": 73.05255889892578, "xmax": 73.0539321899414, "ymin": 33.7190055847168, "ymax": 33.71977996826172 } }, "geometry": { "type": "Polygon", "coordinates": [ [ [ 73.0533463, 33.7197786 ], [ 73.052571, 33.7193632 ], [ 73.0528451, 33.7190093 ], [ 73.0529894, 33.7190867 ], [ 73.0528151, 33.7193117 ], [ 73.0532957, 33.7195693 ], [ 73.0535655, 33.719221 ], [ 73.0539207, 33.7194113 ], [ 73.0538248, 33.7195351 ], [ 73.05362, 33.7194253 ], [ 73.0533463, 33.7197786 ] ] ] } },
{ "type": "Feature", "properties": { "id": "d4e00a6d-b3e1-450c-be83-8e4d132a6911", "names": null, "sources": "[{'property': '', 'dataset': 'Google Open Buildings', 'license': None, 'record_id': '8J5MP393+G7X5', 'update_time': '2023-05-01T00:00:00.000Z', 'confidence': 0.8788, 'between': None}]", "level": null, "height": null, "min_height": null, "is_underground": false, "num_floors": null, "num_floors_underground": null, "min_floor": null, "subtype": null, "class": null, "facade_color": null, "facade_material": null, "roof_material": null, "roof_shape": null, "roof_direction": null, "roof_orientation": null, "roof_color": null, "roof_height": null, "has_parts": false, "version": 1, "bbox": { "xmin": 73.05304718017578, "xmax": 73.0534439086914, "ymin": 33.71866226196289, "ymax": 33.71904754638672 } }, "geometry": { "type": "Polygon", "coordinates": [ [ [ 73.0532969, 33.7186652 ], [ 73.0534418, 33.7187467 ], [ 73.0533673, 33.7188391 ], [ 73.0533453, 33.7188267 ], [ 73.0532549, 33.7189389 ], [ 73.0532769, 33.7189512 ], [ 73.0531995, 33.7190473 ], [ 73.0530546, 33.7189657 ], [ 73.0532969, 33.7186652 ] ] ] } },
{ "type": "Feature", "properties": { "id": "b491eb4a-1893-4f81-bf6c-7d2ad04620fa", "names": null, "sources": "[{'property': '', 'dataset': 'OpenStreetMap', 'license': 'ODbL-1.0', 'record_id': 'w23515948@2', 'update_time': '2008-03-29T17:39:25.000Z', 'confidence': None, 'between': None}]", "level": null, "height": null, "min_height": null, "is_underground": false, "num_floors": null, "num_floors_underground": null, "min_floor": null, "subtype": null, "class": null, "facade_color": null, "facade_material": null, "roof_material": null, "roof_shape": null, "roof_direction": null, "roof_orientation": null, "roof_color": null, "roof_height": null, "has_parts": false, "version": 1, "bbox": { "xmin": 73.0532455444336, "xmax": 73.0536117553711, "ymin": 33.718204498291016, "ymax": 33.718544006347656 } }, "geometry": { "type": "Polygon", "coordinates": [ [ [ 73.0534023, 33.7185424 ], [ 73.0532478, 33.7184496 ], [ 73.0534452, 33.7182069 ], [ 73.0536083, 33.7182925 ], [ 73.0534023, 33.7185424 ] ] ] } },
{ "type": "Feature", "properties": { "id": "884775ae-2df3-4ab0-beab-d4aee6fc2053", "names": null, "sources": "[{'property': '', 'dataset': 'OpenStreetMap', 'license': 'ODbL-1.0', 'record_id': 'w1385282519@1', 'update_time': '2025-05-10T08:13:32.000Z', 'confidence': None, 'between': None}]", "level": null, "height": null, "min_height": null, "is_underground": false, "num_floors": null, "num_floors_underground": null, "min_floor": null, "subtype": null, "class": null, "facade_color": null, "facade_material": null, "roof_material": null, "roof_shape": null, "roof_direction": null, "roof_orientation": null, "roof_color": null, "roof_height": null, "has_parts": false, "version": 1, "bbox": { "xmin": 73.05836486816406, "xmax": 73.05862426757812, "ymin": 33.718021392822266, "ymax": 33.718257904052734 } }, "geometry": { "type": "Polygon", "coordinates": [ [ [ 73.0584937, 33.7182544 ], [ 73.0583766, 33.7181924 ], [ 73.0585063, 33.7180232 ], [ 73.0585831, 33.718063 ], [ 73.0586234, 33.7180853 ], [ 73.0584937, 33.7182544 ] ] ] } },
{ "type": "Feature", "properties": { "id": "efff662a-6c1a-40f0-9057-65a50dd9965c", "names": null, "sources": "[{'property': '', 'dataset': 'OpenStreetMap', 'license': 'ODbL-1.0', 'record_id': 'w1385282520@1', 'update_time': '2025-05-10T08:13:32.000Z', 'confidence': None, 'between': None}]", "level": null, "height": null, "min_height": null, "is_underground": false, "num_floors": null, "num_floors_underground": null, "min_floor": null, "subtype": null, "class": null, "facade_color": null, "facade_material": null, "roof_material": null, "roof_shape": null, "roof_direction": null, "roof_orientation": null, "roof_color": null, "roof_height": null, "has_parts": false, "version": 1, "bbox": { "xmin": 73.05850982666016, "xmax": 73.05876922607422, "ymin": 33.71809005737305, "ymax": 33.718326568603516 } }, "geometry": { "type": "Polygon", "coordinates": [ [ [ 73.0586385, 33.7183236 ], [ 73.0585214, 33.7182615 ], [ 73.0586511, 33.7180923 ], [ 73.058728, 33.7181321 ], [ 73.0587682, 33.7181544 ], [ 73.0586385, 33.7183236 ] ] ] } },
{ "type": "Feature", "properties": { "id": "bc5a2ef6-ef65-44b8-80a6-9d74596eb943", "names": null, "sources": "[{'property': '', 'dataset': 'OpenStreetMap', 'license': 'ODbL-1.0', 'record_id': 'w1385282525@1', 'update_time': '2025-05-10T08:13:32.000Z', 'confidence': None, 'between': None}]", "level": null, "height": null, "min_height": null, "is_underground": false, "num_floors": null, "num_floors_underground": null, "min_floor": null, "subtype": null, "class": null, "facade_color": null, "facade_material": null, "roof_material": null, "roof_shape": null, "roof_direction": null, "roof_orientation": null, "roof_color": null, "roof_height": null, "has_parts": false, "version": 1, "bbox": { "xmin": 73.05851745605469, "xmax": 73.05876922607422, "ymin": 33.718379974365234, "ymax": 33.71861267089844 } }, "geometry": { "type": "Polygon", "coordinates": [ [ [ 73.0586372, 33.7186114 ], [ 73.0585201, 33.7185493 ], [ 73.0586498, 33.7183801 ], [ 73.0587266, 33.7184199 ], [ 73.0587669, 33.7184422 ], [ 73.0586372, 33.7186114 ] ] ] } },
{ "type": "Feature", "properties": { "id": "7c2188c8-44ed-47d0-936b-5aaf8d7b5116", "names": null, "sources": "[{'property': '', 'dataset': 'OpenStreetMap', 'license': 'ODbL-1.0', 'record_id': 'w1385282524@1', 'update_time': '2025-05-10T08:13:32.000Z', 'confidence': None, 'between': None}]", "level": null, "height": null, "min_height": null, "is_underground": false, "num_floors": null, "num_floors_underground": null, "min_floor": null, "subtype": null, "class": null, "facade_color": null, "facade_material": null, "roof_material": null, "roof_shape": null, "roof_direction": null, "roof_orientation": null, "roof_color": null, "roof_height": null, "has_parts": false, "version": 1, "bbox": { "xmin": 73.05835723876953, "xmax": 73.0586166381836, "ymin": 33.71830749511719, "ymax": 33.71854019165039 } }, "geometry": { "type": "Polygon", "coordinates": [ [ [ 73.0584816, 33.71854 ], [ 73.0583645, 33.7184779 ], [ 73.0584942, 33.7183087 ], [ 73.0585711, 33.7183485 ], [ 73.0586113, 33.7183708 ], [ 73.0584816, 33.71854 ] ] ] } },
{ "type": "Feature", "properties": { "id": "b8b36a51-a522-44a6-8673-871ffecdc8b3", "names": null, "sources": "[{'property': '', 'dataset': 'OpenStreetMap', 'license': 'ODbL-1.0', 'record_id': 'w1385282518@1', 'update_time': '2025-05-10T08:13:32.000Z', 'confidence': None, 'between': None}]", "level": null, "height": null, "min_height": null, "is_underground": false, "num_floors": null, "num_floors_underground": null, "min_floor": null, "subtype": null, "class": null, "facade_color": null, "facade_material": null, "roof_material": null, "roof_shape": null, "roof_direction": null, "roof_orientation": null, "roof_color": null, "roof_height": null, "has_parts": false, "version": 1, "bbox": { "xmin": 73.05821990966797, "xmax": 73.05847930908203, "ymin": 33.71794128417969, "ymax": 33.718177795410156 } }, "geometry": { "type": "Polygon", "coordinates": [ [ [ 73.0583489, 33.7181741 ], [ 73.0582318, 33.718112 ], [ 73.0583614, 33.7179429 ], [ 73.0584383, 33.7179826 ], [ 73.0584785, 33.718005 ], [ 73.0583489, 33.7181741 ] ] ] } },
{ "type": "Feature", "properties": { "id": "473a130e-6a1a-44aa-98f5-2b1f76f629d5", "names": null, "sources": "[{'property': '', 'dataset': 'OpenStreetMap', 'license': 'ODbL-1.0', 'record_id': 'w1385282523@1', 'update_time': '2025-05-10T08:13:32.000Z', 'confidence': None, 'between': None}]", "level": null, "height": null, "min_height": null, "is_underground": false, "num_floors": null, "num_floors_underground": null, "min_floor": null, "subtype": null, "class": null, "facade_color": null, "facade_material": null, "roof_material": null, "roof_shape": null, "roof_direction": null, "roof_orientation": null, "roof_color": null, "roof_height": null, "has_parts": false, "version": 1, "bbox": { "xmin": 73.05821228027344, "xmax": 73.0584716796875, "ymin": 33.718238830566406, "ymax": 33.71847152709961 } }, "geometry": { "type": "Polygon", "coordinates": [ [ [ 73.0583368, 33.7184709 ], [ 73.0582197, 33.7184088 ], [ 73.0583494, 33.7182396 ], [ 73.0584262, 33.7182794 ], [ 73.0584665, 33.7183017 ], [ 73.0583368, 33.7184709 ] ] ] } },
{ "type": "Feature", "properties": { "id": "eac71410-6e13-447d-aa65-872aabe29422", "names": null, "sources": "[{'property': '', 'dataset': 'OpenStreetMap', 'license': 'ODbL-1.0', 'record_id': 'w1385282522@1', 'update_time': '2025-05-10T08:13:32.000Z', 'confidence': None, 'between': None}]", "level": null, "height": null, "min_height": null, "is_underground": false, "num_floors": null, "num_floors_underground": null, "min_floor": null, "subtype": null, "class": null, "facade_color": null, "facade_material": null, "roof_material": null, "roof_shape": null, "roof_direction": null, "roof_orientation": null, "roof_color": null, "roof_height": null, "has_parts": false, "version": 1, "bbox": { "xmin": 73.05806732177734, "xmax": 73.0583267211914, "ymin": 33.71815872192383, "ymax": 33.71839141845703 } }, "geometry": { "type": "Polygon", "coordinates": [ [ [ 73.058192, 33.7183905 ], [ 73.0580749, 33.7183284 ], [ 73.0582045, 33.7181593 ], [ 73.0582814, 33.7181991 ], [ 73.0583216, 33.7182214 ], [ 73.058192, 33.7183905 ] ] ] } },
{ "type": "Feature", "properties": { "id": "bf45f236-69d0-465d-825c-4a88fedaf213", "names": null, "sources": "[{'property': '', 'dataset': 'OpenStreetMap', 'license': 'ODbL-1.0', 'record_id': 'w1385282778@1', 'update_time': '2025-05-10T08:13:32.000Z', 'confidence': None, 'between': None}]", "level": null, "height": null, "min_height": null, "is_underground": false, "num_floors": null, "num_floors_underground": null, "min_floor": null, "subtype": null, "class": null, "facade_color": null, "facade_material": null, "roof_material": null, "roof_shape": null, "roof_direction": null, "roof_orientation": null, "roof_color": null, "roof_height": null, "has_parts": false, "version": 1, "bbox": { "xmin": 73.05811309814453, "xmax": 73.058349609375, "ymin": 33.718631744384766, "ymax": 33.71885681152344 } }, "geometry": { "type": "Polygon", "coordinates": [ [ [ 73.0582193, 33.7188567 ], [ 73.0581136, 33.7188028 ], [ 73.058237, 33.7186355 ], [ 73.0583427, 33.7186894 ], [ 73.0582193, 33.7188567 ] ] ] } },
{ "type": "Feature", "properties": { "id": "a3764722-5b72-4d68-8a26-7ae49dc265f6", "names": null, "sources": "[{'property': '', 'dataset': 'OpenStreetMap', 'license': 'ODbL-1.0', 'record_id': 'w1385282768@1', 'update_time': '2025-05-10T08:13:32.000Z', 'confidence': None, 'between': None}]", "level": null, "height": null, "min_height": null, "is_underground": false, "num_floors": null, "num_floors_underground": null, "min_floor": null, "subtype": null, "class": null, "facade_color": null, "facade_material": null, "roof_material": null, "roof_shape": null, "roof_direction": null, "roof_orientation": null, "roof_color": null, "roof_height": null, "has_parts": false, "version": 1, "bbox": { "xmin": 73.05814361572266, "xmax": 73.05838012695312, "ymin": 33.718955993652344, "ymax": 33.719181060791016 } }, "geometry": { "type": "Polygon", "coordinates": [ [ [ 73.0582515, 33.719178 ], [ 73.0581458, 33.7191241 ], [ 73.0582692, 33.7189568 ], [ 73.0583749, 33.7190107 ], [ 73.0582515, 33.719178 ] ] ] } },
{ "type": "Feature", "properties": { "id": "ab3f2317-b5a5-4318-b0a8-e218d14ca5bc", "names": null, "sources": "[{'property': '', 'dataset': 'OpenStreetMap', 'license': 'ODbL-1.0', 'record_id': 'w1385282777@1', 'update_time': '2025-05-10T08:13:32.000Z', 'confidence': None, 'between': None}]", "level": null, "height": null, "min_height": null, "is_underground": false, "num_floors": null, "num_floors_underground": null, "min_floor": null, "subtype": null, "class": null, "facade_color": null, "facade_material": null, "roof_material": null, "roof_shape": null, "roof_direction": null, "roof_orientation": null, "roof_color": null, "roof_height": null, "has_parts": false, "version": 1, "bbox": { "xmin": 73.05829620361328, "xmax": 73.05853271484375, "ymin": 33.71873092651367, "ymax": 33.718955993652344 } }, "geometry": { "type": "Polygon", "coordinates": [ [ [ 73.0584044, 33.7189527 ], [ 73.0582987, 33.7188988 ], [ 73.0584221, 33.7187314 ], [ 73.0585277, 33.7187853 ], [ 73.0584044, 33.7189527 ] ] ] } },
{ "type": "Feature", "properties": { "id": "1f57fa20-e375-463c-8f5c-6ed2dc79de2a", "names": null, "sources": "[{'property': '', 'dataset': 'OpenStreetMap', 'license': 'ODbL-1.0', 'record_id': 'w1385282767@1', 'update_time': '2025-05-10T08:13:32.000Z', 'confidence': None, 'between': None}]", "level": null, "height": null, "min_height": null, "is_underground": false, "num_floors": null, "num_floors_underground": null, "min_floor": null, "subtype": null, "class": null, "facade_color": null, "facade_material": null, "roof_material": null, "roof_shape": null, "roof_direction": null, "roof_orientation": null, "roof_color": null, "roof_height": null, "has_parts": false, "version": 1, "bbox": { "xmin": 73.05830383300781, "xmax": 73.05854034423828, "ymin": 33.71904754638672, "ymax": 33.71927261352539 } }, "geometry": { "type": "Polygon", "coordinates": [ [ [ 73.0584151, 33.7192695 ], [ 73.0583094, 33.7192156 ], [ 73.0584328, 33.7190482 ], [ 73.0585385, 33.7191021 ], [ 73.0584151, 33.7192695 ] ] ] } },
{ "type": "Feature", "properties": { "id": "8f22be67-f891-42a9-8ba4-a6e6c618af6f", "names": null, "sources": "[{'property': '', 'dataset': 'OpenStreetMap', 'license': 'ODbL-1.0', 'record_id': 'w1385282458@1', 'update_time': '2025-05-10T08:13:32.000Z', 'confidence': None, 'between': None}]", "level": null, "height": null, "min_height": null, "is_underground": false, "num_floors": null, "num_floors_underground": null, "min_floor": null, "subtype": null, "class": null, "facade_color": null, "facade_material": null, "roof_material": null, "roof_shape": null, "roof_direction": null, "roof_orientation": null, "roof_color": null, "roof_height": null, "has_parts": false, "version": 1, "bbox": { "xmin": 73.05802917480469, "xmax": 73.058349609375, "ymin": 33.71946334838867, "ymax": 33.719730377197266 } }, "geometry": { "type": "Polygon", "coordinates": [ [ [ 73.0582117, 33.7197295 ], [ 73.0580413, 33.7196392 ], [ 73.0581737, 33.7194664 ], [ 73.0583441, 33.7195568 ], [ 73.0582117, 33.7197295 ] ] ] } },
{ "type": "Feature", "properties": { "id": "37940c41-44fc-4771-b863-12d836fa8c02", "names": null, "sources": "[{'property': '', 'dataset': 'OpenStreetMap', 'license': 'ODbL-1.0', 'record_id': 'w1385282460@1', 'update_time': '2025-05-10T08:13:32.000Z', 'confidence': None, 'between': None}]", "level": null, "height": null, "min_height": null, "is_underground": false, "num_floors": null, "num_floors_underground": null, "min_floor": null, "subtype": null, "class": null, "facade_color": null, "facade_material": null, "roof_material": null, "roof_shape": null, "roof_direction": null, "roof_orientation": null, "roof_color": null, "roof_height": null, "has_parts": false, "version": 1, "bbox": { "xmin": 73.05810546875, "xmax": 73.05839538574219, "ymin": 33.719810485839844, "ymax": 33.720069885253906 } }, "geometry": { "type": "Polygon", "coordinates": [ [ [ 73.0582491, 33.7200682 ], [ 73.0581111, 33.7199916 ], [ 73.0582538, 33.7198135 ], [ 73.0583919, 33.71989 ], [ 73.0582491, 33.7200682 ] ] ] } },
{ "type": "Feature", "properties": { "id": "ed21321a-d58d-4001-af94-f0cb206a54d1", "names": null, "sources": "[{'property': '', 'dataset': 'OpenStreetMap', 'license': 'ODbL-1.0', 'record_id': 'w1385282459@1', 'update_time': '2025-05-10T08:13:32.000Z', 'confidence': None, 'between': None}]", "level": null, "height": null, "min_height": null, "is_underground": false, "num_floors": null, "num_floors_underground": null, "min_floor": null, "subtype": null, "class": null, "facade_color": null, "facade_material": null, "roof_material": null, "roof_shape": null, "roof_direction": null, "roof_orientation": null, "roof_color": null, "roof_height": null, "has_parts": false, "version": 1, "bbox": { "xmin": 73.05826568603516, "xmax": 73.05855560302734, "ymin": 33.719573974609375, "ymax": 33.71982955932617 } }, "geometry": { "type": "Polygon", "coordinates": [ [ [ 73.0584022, 33.7198287 ], [ 73.0582774, 33.7197641 ], [ 73.0584186, 33.7195753 ], [ 73.0585434, 33.7196399 ], [ 73.0584022, 33.7198287 ] ] ] } },
{ "type": "Feature", "properties": { "id": "4c52b641-8c03-477f-aa1d-293201f041ff", "names": null, "sources": "[{'property': '', 'dataset': 'OpenStreetMap', 'license': 'ODbL-1.0', 'record_id': 'w1385282766@1', 'update_time': '2025-05-10T08:13:32.000Z', 'confidence': None, 'between': None}]", "level": null, "height": null, "min_height": null, "is_underground": false, "num_floors": null, "num_floors_underground": null, "min_floor": null, "subtype": null, "class": null, "facade_color": null, "facade_material": null, "roof_material": null, "roof_shape": null, "roof_direction": null, "roof_orientation": null, "roof_color": null, "roof_height": null, "has_parts": false, "version": 1, "bbox": { "xmin": 73.0584716796875, "xmax": 73.05870819091797, "ymin": 33.71912384033203, "ymax": 33.7193489074707 } }, "geometry": { "type": "Polygon", "coordinates": [ [ [ 73.0585787, 33.7193453 ], [ 73.0584731, 33.7192914 ], [ 73.0585964, 33.7191241 ], [ 73.0587021, 33.719178 ], [ 73.0585787, 33.7193453 ] ] ] } },
{ "type": "Feature", "properties": { "id": "cd778073-7a5b-4931-b05c-2f8954ab7a11", "names": null, "sources": "[{'property': '', 'dataset': 'OpenStreetMap', 'license': 'ODbL-1.0', 'record_id': 'w1385282776@1', 'update_time': '2025-05-10T08:13:32.000Z', 'confidence': None, 'between': None}]", "level": null, "height": null, "min_height": null, "is_underground": false, "num_floors": null, "num_floors_underground": null, "min_floor": null, "subtype": null, "class": null, "facade_color": null, "facade_material": null, "roof_material": null, "roof_shape": null, "roof_direction": null, "roof_orientation": null, "roof_color": null, "roof_height": null, "has_parts": false, "version": 1, "bbox": { "xmin": 73.05845642089844, "xmax": 73.0586929321289, "ymin": 33.71882247924805, "ymax": 33.71904754638672 } }, "geometry": { "type": "Polygon", "coordinates": [ [ [ 73.058568, 33.7190441 ], [ 73.0584623, 33.7189902 ], [ 73.0585857, 33.7188229 ], [ 73.0586914, 33.7188768 ], [ 73.058568, 33.7190441 ] ] ] } },
{ "type": "Feature", "properties": { "id": "dc350108-c104-472a-8abb-117e32650029", "names": null, "sources": "[{'property': '', 'dataset': 'OpenStreetMap', 'license': 'ODbL-1.0', 'record_id': 'w1385282775@1', 'update_time': '2025-05-10T08:13:32.000Z', 'confidence': None, 'between': None}]", "level": null, "height": null, "min_height": null, "is_underground": false, "num_floors": null, "num_floors_underground": null, "min_floor": null, "subtype": null, "class": null, "facade_color": null, "facade_material": null, "roof_material": null, "roof_shape": null, "roof_direction": null, "roof_orientation": null, "roof_color": null, "roof_height": null, "has_parts": false, "version": 1, "bbox": { "xmin": 73.05862426757812, "xmax": 73.0588607788086, "ymin": 33.71889877319336, "ymax": 33.719120025634766 } }, "geometry": { "type": "Polygon", "coordinates": [ [ [ 73.0587316, 33.71912 ], [ 73.058626, 33.7190661 ], [ 73.0587493, 33.7188988 ], [ 73.058855, 33.7189527 ], [ 73.0587316, 33.71912 ] ] ] } },
{ "type": "Feature", "properties": { "id": "2dda2a09-efa7-42a0-b0e3-32162f1648b0", "names": null, "sources": "[{'property': '', 'dataset': 'OpenStreetMap', 'license': 'ODbL-1.0', 'record_id': 'w1385282774@1', 'update_time': '2025-05-10T08:13:32.000Z', 'confidence': None, 'between': None}]", "level": null, "height": null, "min_height": null, "is_underground": false, "num_floors": null, "num_floors_underground": null, "min_floor": null, "subtype": null, "class": null, "facade_color": null, "facade_material": null, "roof_material": null, "roof_shape": null, "roof_direction": null, "roof_orientation": null, "roof_color": null, "roof_height": null, "has_parts": false, "version": 1, "bbox": { "xmin": 73.05879211425781, "xmax": 73.05902862548828, "ymin": 33.718994140625, "ymax": 33.71921920776367 } }, "geometry": { "type": "Polygon", "coordinates": [ [ [ 73.0588979, 33.7192181 ], [ 73.0587922, 33.7191643 ], [ 73.0589156, 33.7189969 ], [ 73.0590213, 33.7190508 ], [ 73.0588979, 33.7192181 ] ] ] } },
{ "type": "Feature", "properties": { "id": "94edf522-0ed2-4b42-ad51-2de8c3d31743", "names": null, "sources": "[{'property': '', 'dataset': 'OpenStreetMap', 'license': 'ODbL-1.0', 'record_id': 'w1385282765@1', 'update_time': '2025-05-10T08:13:32.000Z', 'confidence': None, 'between': None}]", "level": null, "height": null, "min_height": null, "is_underground": false, "num_floors": null, "num_floors_underground": null, "min_floor": null, "subtype": null, "class": null, "facade_color": null, "facade_material": null, "roof_material": null, "roof_shape": null, "roof_direction": null, "roof_orientation": null, "roof_color": null, "roof_height": null, "has_parts": false, "version": 1, "bbox": { "xmin": 73.05863189697266, "xmax": 73.05886840820312, "ymin": 33.71921920776367, "ymax": 33.719444274902344 } }, "geometry": { "type": "Polygon", "coordinates": [ [ [ 73.058745, 33.7194435 ], [ 73.0586394, 33.7193896 ], [ 73.0587627, 33.7192223 ], [ 73.0588684, 33.7192761 ], [ 73.058745, 33.7194435 ] ] ] } },
{ "type": "Feature", "properties": { "id": "9e8636b3-8dc7-4253-b1ed-353bea41b354", "names": null, "sources": "[{'property': '', 'dataset': 'OpenStreetMap', 'license': 'ODbL-1.0', 'record_id': 'w1385282440@1', 'update_time': '2025-05-10T08:13:32.000Z', 'confidence': None, 'between': None}]", "level": null, "height": null, "min_height": null, "is_underground": false, "num_floors": null, "num_floors_underground": null, "min_floor": null, "subtype": null, "class": null, "facade_color": null, "facade_material": null, "roof_material": null, "roof_shape": null, "roof_direction": null, "roof_orientation": null, "roof_color": null, "roof_height": null, "has_parts": false, "version": 1, "bbox": { "xmin": 73.05883026123047, "xmax": 73.05917358398438, "ymin": 33.71986389160156, "ymax": 33.72016525268555 } }, "geometry": { "type": "Polygon", "coordinates": [ [ [ 73.0591703, 33.719963 ], [ 73.0590203, 33.7201634 ], [ 73.058831, 33.7200654 ], [ 73.058981, 33.719865 ], [ 73.0591703, 33.719963 ] ] ] } },
{ "type": "Feature", "properties": { "id": "a48e936f-1ab3-4d12-8632-abf7b08cbefa", "names": null, "sources": "[{'property': '', 'dataset': 'Google Open Buildings', 'license': None, 'record_id': '8J5MP395+VM6J', 'update_time': '2023-05-01T00:00:00.000Z', 'confidence': 0.8301, 'between': None}]", "level": null, "height": null, "min_height": null, "is_underground": false, "num_floors": null, "num_floors_underground": null, "min_floor": null, "subtype": null, "class": null, "facade_color": null, "facade_material": null, "roof_material": null, "roof_shape": null, "roof_direction": null, "roof_orientation": null, "roof_color": null, "roof_height": null, "has_parts": false, "version": 1, "bbox": { "xmin": 73.05907440185547, "xmax": 73.0591812133789, "ymin": 33.71962356567383, "ymax": 33.71971130371094 } }, "geometry": { "type": "Polygon", "coordinates": [ [ [ 73.0591108, 33.7196261 ], [ 73.0591751, 33.7196491 ], [ 73.0591439, 33.7197102 ], [ 73.0590796, 33.7196873 ], [ 73.0591108, 33.7196261 ] ] ] } },
{ "type": "Feature", "properties": { "id": "8c542200-c34d-468b-b523-e4812edeedee", "names": null, "sources": "[{'property': '', 'dataset': 'OpenStreetMap', 'license': 'ODbL-1.0', 'record_id': 'w1385282441@1', 'update_time': '2025-05-10T08:13:32.000Z', 'confidence': None, 'between': None}]", "level": null, "height": null, "min_height": null, "is_underground": false, "num_floors": null, "num_floors_underground": null, "min_floor": null, "subtype": null, "class": null, "facade_color": null, "facade_material": null, "roof_material": null, "roof_shape": null, "roof_direction": null, "roof_orientation": null, "roof_color": null, "roof_height": null, "has_parts": false, "version": 1, "bbox": { "xmin": 73.05908203125, "xmax": 73.05937194824219, "ymin": 33.72001266479492, "ymax": 33.72027587890625 } }, "geometry": { "type": "Polygon", "coordinates": [ [ [ 73.0593684, 33.7200894 ], [ 73.0592296, 33.720275 ], [ 73.0590841, 33.7201997 ], [ 73.059223, 33.7200142 ], [ 73.0593684, 33.7200894 ] ] ] } },
{ "type": "Feature", "properties": { "id": "d755d5fd-8f29-4232-a497-3c0c02609012", "names": null, "sources": "[{'property': '', 'dataset': 'Google Open Buildings', 'license': None, 'record_id': '8J5MP395+QMXH', 'update_time': '2023-05-01T00:00:00.000Z', 'confidence': 0.6985, 'between': None}]", "level": null, "height": null, "min_height": null, "is_underground": false, "num_floors": null, "num_floors_underground": null, "min_floor": null, "subtype": null, "class": null, "facade_color": null, "facade_material": null, "roof_material": null, "roof_shape": null, "roof_direction": null, "roof_orientation": null, "roof_color": null, "roof_height": null, "has_parts": false, "version": 1, "bbox": { "xmin": 73.05921936035156, "xmax": 73.05928039550781, "ymin": 33.71946334838867, "ymax": 33.719512939453125 } }, "geometry": { "type": "Polygon", "coordinates": [ [ [ 73.059237, 33.7194647 ], [ 73.0592777, 33.7194817 ], [ 73.0592612, 33.7195092 ], [ 73.0592205, 33.7194923 ], [ 73.059237, 33.7194647 ] ] ] } },
{ "type": "Feature", "properties": { "id": "c557815f-f7c1-4312-a76e-f2a1bf0ad340", "names": null, "sources": "[{'property': '', 'dataset': 'OpenStreetMap', 'license': 'ODbL-1.0', 'record_id': 'w1385282529@1', 'update_time': '2025-05-10T08:13:32.000Z', 'confidence': None, 'between': None}]", "level": null, "height": null, "min_height": null, "is_underground": false, "num_floors": null, "num_floors_underground": null, "min_floor": null, "subtype": null, "class": null, "facade_color": null, "facade_material": null, "roof_material": null, "roof_shape": null, "roof_direction": null, "roof_orientation": null, "roof_color": null, "roof_height": null, "has_parts": false, "version": 1, "bbox": { "xmin": 73.0590591430664, "xmax": 73.05931091308594, "ymin": 33.71865463256836, "ymax": 33.71888732910156 } }, "geometry": { "type": "Polygon", "coordinates": [ [ [ 73.0591777, 33.7188869 ], [ 73.0590606, 33.7188248 ], [ 73.0591902, 33.7186557 ], [ 73.0592671, 33.7186954 ], [ 73.0593073, 33.7187178 ], [ 73.0591777, 33.7188869 ] ] ] } },
{ "type": "Feature", "properties": { "id": "d9e8aa54-e5db-452a-80a6-a103d87077e2", "names": null, "sources": "[{'property': '', 'dataset': 'OpenStreetMap', 'license': 'ODbL-1.0', 'record_id': 'w1385282516@1', 'update_time': '2025-05-10T08:13:32.000Z', 'confidence': None, 'between': None}]", "level": null, "height": null, "min_height": null, "is_underground": false, "num_floors": null, "num_floors_underground": null, "min_floor": null, "subtype": null, "class": null, "facade_color": null, "facade_material": null, "roof_material": null, "roof_shape": null, "roof_direction": null, "roof_orientation": null, "roof_color": null, "roof_height": null, "has_parts": false, "version": 1, "bbox": { "xmin": 73.0590591430664, "xmax": 73.05929565429688, "ymin": 33.718379974365234, "ymax": 33.718605041503906 } }, "geometry": { "type": "Polygon", "coordinates": [ [ [ 73.0591683, 33.7186037 ], [ 73.0590619, 33.7185475 ], [ 73.0591888, 33.7183812 ], [ 73.0592952, 33.7184374 ], [ 73.0591683, 33.7186037 ] ] ] } },
{ "type": "Feature", "properties": { "id": "96fab287-776e-4976-a459-ab83ce01f56f", "names": null, "sources": "[{'property': '', 'dataset': 'OpenStreetMap', 'license': 'ODbL-1.0', 'record_id': 'w245781936@1', 'update_time': '2025-05-10T08:13:32.000Z', 'confidence': None, 'between': None}]", "level": null, "height": null, "min_height": null, "is_underground": false, "num_floors": null, "num_floors_underground": null, "min_floor": null, "subtype": null, "class": null, "facade_color": null, "facade_material": null, "roof_material": null, "roof_shape": null, "roof_direction": null, "roof_orientation": null, "roof_color": null, "roof_height": null, "has_parts": false, "version": 1, "bbox": { "xmin": 73.05895233154297, "xmax": 73.05919647216797, "ymin": 33.71831130981445, "ymax": 33.71854019165039 } }, "geometry": { "type": "Polygon", "coordinates": [ [ [ 73.0590623, 33.7185364 ], [ 73.0589559, 33.7184802 ], [ 73.0590828, 33.7183139 ], [ 73.0591892, 33.7183701 ], [ 73.0590623, 33.7185364 ] ] ] } },
{ "type": "Feature", "properties": { "id": "3fc650ed-a827-4f2a-84be-6a1780ce7e62", "names": null, "sources": "[{'property': '', 'dataset': 'OpenStreetMap', 'license': 'ODbL-1.0', 'record_id': 'w1385282528@1', 'update_time': '2025-05-10T08:13:32.000Z', 'confidence': None, 'between': None}]", "level": null, "height": null, "min_height": null, "is_underground": false, "num_floors": null, "num_floors_underground": null, "min_floor": null, "subtype": null, "class": null, "facade_color": null, "facade_material": null, "roof_material": null, "roof_shape": null, "roof_direction": null, "roof_orientation": null, "roof_color": null, "roof_height": null, "has_parts": false, "version": 1, "bbox": { "xmin": 73.05892181396484, "xmax": 73.0591812133789, "ymin": 33.718597412109375, "ymax": 33.71883010864258 } }, "geometry": { "type": "Polygon", "coordinates": [ [ [ 73.0590462, 33.7188289 ], [ 73.0589291, 33.7187668 ], [ 73.0590588, 33.7185977 ], [ 73.0591357, 33.7186374 ], [ 73.0591759, 33.7186598 ], [ 73.0590462, 33.7188289 ] ] ] } },
{ "type": "Feature", "properties": { "id": "001e6e64-0fc1-4083-aa9c-758f00515c6f", "names": null, "sources": "[{'property': '', 'dataset': 'OpenStreetMap', 'license': 'ODbL-1.0', 'record_id': 'w1385282527@1', 'update_time': '2025-05-10T08:13:32.000Z', 'confidence': None, 'between': None}]", "level": null, "height": null, "min_height": null, "is_underground": false, "num_floors": null, "num_floors_underground": null, "min_floor": null, "subtype": null, "class": null, "facade_color": null, "facade_material": null, "roof_material": null, "roof_shape": null, "roof_direction": null, "roof_orientation": null, "roof_color": null, "roof_height": null, "has_parts": false, "version": 1, "bbox": { "xmin": 73.05877685546875, "xmax": 73.05903625488281, "ymin": 33.7185173034668, "ymax": 33.718753814697266 } }, "geometry": { "type": "Polygon", "coordinates": [ [ [ 73.0589054, 33.718752 ], [ 73.0587883, 33.7186899 ], [ 73.058918, 33.7185207 ], [ 73.0589949, 33.7185605 ], [ 73.0590351, 33.7185828 ], [ 73.0589054, 33.718752 ] ] ] } },
{ "type": "Feature", "properties": { "id": "54f35e79-5e67-4048-878d-6208ebacfa87", "names": null, "sources": "[{'property': '', 'dataset': 'OpenStreetMap', 'license': 'ODbL-1.0', 'record_id': 'w1385282526@1', 'update_time': '2025-05-10T08:13:32.000Z', 'confidence': None, 'between': None}]", "level": null, "height": null, "min_height": null, "is_underground": false, "num_floors": null, "num_floors_underground": null, "min_floor": null, "subtype": null, "class": null, "facade_color": null, "facade_material": null, "roof_material": null, "roof_shape": null, "roof_direction": null, "roof_orientation": null, "roof_color": null, "roof_height": null, "has_parts": false, "version": 1, "bbox": { "xmin": 73.05866241455078, "xmax": 73.05891418457031, "ymin": 33.718448638916016, "ymax": 33.71868133544922 } }, "geometry": { "type": "Polygon", "coordinates": [ [ [ 73.058782, 33.7186806 ], [ 73.0586649, 33.7186185 ], [ 73.0587946, 33.7184493 ], [ 73.0588715, 33.7184891 ], [ 73.0589117, 33.7185114 ], [ 73.058782, 33.7186806 ] ] ] } },
{ "type": "Feature", "properties": { "id": "90cd7939-bd06-4e24-bd21-fe50660efbeb", "names": "{'primary': 'Marina guest house', 'common': None, 'rules': None}", "sources": "[{'property': '', 'dataset': 'OpenStreetMap', 'license': 'ODbL-1.0', 'record_id': 'w245781937@2', 'update_time': '2025-05-10T08:13:32.000Z', 'confidence': None, 'between': None}]", "level": null, "height": null, "min_height": null, "is_underground": false, "num_floors": null, "num_floors_underground": null, "min_floor": null, "subtype": null, "class": null, "facade_color": null, "facade_material": null, "roof_material": null, "roof_shape": null, "roof_direction": null, "roof_orientation": null, "roof_color": null, "roof_height": null, "has_parts": false, "version": 1, "bbox": { "xmin": 73.05864715576172, "xmax": 73.05887603759766, "ymin": 33.71818542480469, "ymax": 33.71837615966797 } }, "geometry": { "type": "Polygon", "coordinates": [ [ [ 73.0587009, 33.7183459 ], [ 73.058654, 33.7183193 ], [ 73.0586998, 33.7182574 ], [ 73.0587146, 33.7182669 ], [ 73.0587776, 33.718187 ], [ 73.0588691, 33.7182336 ], [ 73.0587959, 33.718325 ], [ 73.0587558, 33.7183754 ], [ 73.0587009, 33.7183459 ] ] ] } },
{ "type": "Feature", "properties": { "id": "6dbba680-0061-4b40-875a-dc34712838e4", "names": "{'primary': 'Galaxy guest house', 'common': None, 'rules': None}", "sources": "[{'property': '', 'dataset': 'OpenStreetMap', 'license': 'ODbL-1.0', 'record_id': 'w245781935@2', 'update_time': '2025-05-10T08:13:32.000Z', 'confidence': None, 'between': None}]", "level": null, "height": null, "min_height": null, "is_underground": false, "num_floors": null, "num_floors_underground": null, "min_floor": null, "subtype": null, "class": null, "facade_color": null, "facade_material": null, "roof_material": null, "roof_shape": null, "roof_direction": null, "roof_orientation": null, "roof_color": null, "roof_height": null, "has_parts": false, "version": 1, "bbox": { "xmin": 73.05879211425781, "xmax": 73.05904388427734, "ymin": 33.71823501586914, "ymax": 33.71846389770508 } }, "geometry": { "type": "Polygon", "coordinates": [ [ [ 73.0589114, 33.7184635 ], [ 73.0587949, 33.7184041 ], [ 73.0589233, 33.7182356 ], [ 73.0590318, 33.7182928 ], [ 73.0589114, 33.7184635 ] ] ] } },
{ "type": "Feature", "properties": { "id": "b3ae503b-d292-40a9-83ed-256d39c00bb4", "names": null, "sources": "[{'property': '', 'dataset': 'OpenStreetMap', 'license': 'ODbL-1.0', 'record_id': 'w1385282547@1', 'update_time': '2025-05-10T08:13:32.000Z', 'confidence': None, 'between': None}]", "level": null, "height": null, "min_height": null, "is_underground": false, "num_floors": null, "num_floors_underground": null, "min_floor": null, "subtype": null, "class": null, "facade_color": null, "facade_material": null, "roof_material": null, "roof_shape": null, "roof_direction": null, "roof_orientation": null, "roof_color": null, "roof_height": null, "has_parts": false, "version": 1, "bbox": { "xmin": 73.05892944335938, "xmax": 73.05918884277344, "ymin": 33.71781921386719, "ymax": 33.71805191040039 } }, "geometry": { "type": "Polygon", "coordinates": [ [ [ 73.0590529, 33.7180514 ], [ 73.0589358, 33.7179893 ], [ 73.0590655, 33.7178202 ], [ 73.0591424, 33.7178599 ], [ 73.0591826, 33.7178822 ], [ 73.0590529, 33.7180514 ] ] ] } },
{ "type": "Feature", "properties": { "id": "16f29415-481d-4b10-bb6c-6845c254f945", "names": null, "sources": "[{'property': '', 'dataset': 'OpenStreetMap', 'license': 'ODbL-1.0', 'record_id': 'w1385282546@1', 'update_time': '2025-05-10T08:13:32.000Z', 'confidence': None, 'between': None}]", "level": null, "height": null, "min_height": null, "is_underground": false, "num_floors": null, "num_floors_underground": null, "min_floor": null, "subtype": null, "class": null, "facade_color": null, "facade_material": null, "roof_material": null, "roof_shape": null, "roof_direction": null, "roof_orientation": null, "roof_color": null, "roof_height": null, "has_parts": false, "version": 1, "bbox": { "xmin": 73.05907440185547, "xmax": 73.05933380126953, "ymin": 33.71788787841797, "ymax": 33.71812438964844 } }, "geometry": { "type": "Polygon", "coordinates": [ [ [ 73.0591978, 33.7181206 ], [ 73.0590807, 33.7180585 ], [ 73.0592104, 33.7178893 ], [ 73.0592872, 33.7179291 ], [ 73.0593275, 33.7179514 ], [ 73.0591978, 33.7181206 ] ] ] } },
{ "type": "Feature", "properties": { "id": "c1b8bd53-83a4-4c37-b730-4a0b52058578", "names": null, "sources": "[{'property': '', 'dataset': 'OpenStreetMap', 'license': 'ODbL-1.0', 'record_id': 'w1385282534@1', 'update_time': '2025-05-10T08:13:32.000Z', 'confidence': None, 'between': None}]", "level": null, "height": null, "min_height": null, "is_underground": false, "num_floors": null, "num_floors_underground": null, "min_floor": null, "subtype": null, "class": null, "facade_color": null, "facade_material": null, "roof_material": null, "roof_shape": null, "roof_direction": null, "roof_orientation": null, "roof_color": null, "roof_height": null, "has_parts": false, "version": 1, "bbox": { "xmin": 73.05933380126953, "xmax": 73.05958557128906, "ymin": 33.71776580810547, "ymax": 33.7180061340332 } }, "geometry": { "type": "Polygon", "coordinates": [ [ [ 73.0594546, 33.7180029 ], [ 73.0593375, 33.7179408 ], [ 73.0594672, 33.7177716 ], [ 73.059544, 33.7178114 ], [ 73.0595843, 33.7178337 ], [ 73.0594546, 33.7180029 ] ] ] } },
{ "type": "Feature", "properties": { "id": "3947eed6-b768-4452-95f0-4c009ae39bef", "names": null, "sources": "[{'property': '', 'dataset': 'OpenStreetMap', 'license': 'ODbL-1.0', 'record_id': 'w1385282545@1', 'update_time': '2025-05-10T08:13:32.000Z', 'confidence': None, 'between': None}]", "level": null, "height": null, "min_height": null, "is_underground": false, "num_floors": null, "num_floors_underground": null, "min_floor": null, "subtype": null, "class": null, "facade_color": null, "facade_material": null, "roof_material": null, "roof_shape": null, "roof_direction": null, "roof_orientation": null, "roof_color": null, "roof_height": null, "has_parts": false, "version": 1, "bbox": { "xmin": 73.05919647216797, "xmax": 73.05945587158203, "ymin": 33.717960357666016, "ymax": 33.71819305419922 } }, "geometry": { "type": "Polygon", "coordinates": [ [ [ 73.0593212, 33.718192 ], [ 73.0592041, 33.7181299 ], [ 73.0593337, 33.7179607 ], [ 73.0594106, 33.7180005 ], [ 73.0594508, 33.7180228 ], [ 73.0593212, 33.718192 ] ] ] } },
{ "type": "Feature", "properties": { "id": "11cb12ab-4f6a-4b4a-983a-f1931f56efa7", "names": null, "sources": "[{'property': '', 'dataset': 'OpenStreetMap', 'license': 'ODbL-1.0', 'record_id': 'w1385282515@1', 'update_time': '2025-05-10T08:13:32.000Z', 'confidence': None, 'between': None}]", "level": null, "height": null, "min_height": null, "is_underground": false, "num_floors": null, "num_floors_underground": null, "min_floor": null, "subtype": null, "class": null, "facade_color": null, "facade_material": null, "roof_material": null, "roof_shape": null, "roof_direction": null, "roof_orientation": null, "roof_color": null, "roof_height": null, "has_parts": false, "version": 1, "bbox": { "xmin": 73.0592041015625, "xmax": 73.05944061279297, "ymin": 33.71845626831055, "ymax": 33.718685150146484 } }, "geometry": { "type": "Polygon", "coordinates": [ [ [ 73.0593132, 33.7186818 ], [ 73.0592068, 33.7186256 ], [ 73.0593337, 33.7184593 ], [ 73.0594401, 33.7185155 ], [ 73.0593132, 33.7186818 ] ] ] } },
{ "type": "Feature", "properties": { "id": "285755e8-246b-4246-9bf4-6a3221cba489", "names": null, "sources": "[{'property': '', 'dataset': 'OpenStreetMap', 'license': 'ODbL-1.0', 'record_id': 'w1385282544@1', 'update_time': '2025-05-10T08:13:32.000Z', 'confidence': None, 'between': None}]", "level": null, "height": null, "min_height": null, "is_underground": false, "num_floors": null, "num_floors_underground": null, "min_floor": null, "subtype": null, "class": null, "facade_color": null, "facade_material": null, "roof_material": null, "roof_shape": null, "roof_direction": null, "roof_orientation": null, "roof_color": null, "roof_height": null, "has_parts": false, "version": 1, "bbox": { "xmin": 73.05934143066406, "xmax": 73.0595932006836, "ymin": 33.71803665161133, "ymax": 33.71826934814453 } }, "geometry": { "type": "Polygon", "coordinates": [ [ [ 73.059462, 33.718269 ], [ 73.0593449, 33.7182069 ], [ 73.0594746, 33.7180377 ], [ 73.0595514, 33.7180775 ], [ 73.0595916, 33.7180998 ], [ 73.059462, 33.718269 ] ] ] } },
{ "type": "Feature", "properties": { "id": "f29048ec-f011-4e1d-9885-38bbc067555e", "names": null, "sources": "[{'property': '', 'dataset': 'OpenStreetMap', 'license': 'ODbL-1.0', 'record_id': 'w1385282543@1', 'update_time': '2025-05-10T08:13:32.000Z', 'confidence': None, 'between': None}]", "level": null, "height": null, "min_height": null, "is_underground": false, "num_floors": null, "num_floors_underground": null, "min_floor": null, "subtype": null, "class": null, "facade_color": null, "facade_material": null, "roof_material": null, "roof_shape": null, "roof_direction": null, "roof_orientation": null, "roof_color": null, "roof_height": null, "has_parts": false, "version": 1, "bbox": { "xmin": 73.0594711303711, "xmax": 73.05973052978516, "ymin": 33.71809387207031, "ymax": 33.71833038330078 } }, "geometry": { "type": "Polygon", "coordinates": [ [ [ 73.0595934, 33.718327 ], [ 73.0594763, 33.7182649 ], [ 73.059606, 33.7180957 ], [ 73.0596828, 33.7181355 ], [ 73.0597231, 33.7181578 ], [ 73.0595934, 33.718327 ] ] ] } },
{ "type": "Feature", "properties": { "id": "38815374-a3a7-4627-9ad6-9caec6c8b827", "names": null, "sources": "[{'property': '', 'dataset': 'OpenStreetMap', 'license': 'ODbL-1.0', 'record_id': 'w1385282532@1', 'update_time': '2025-05-10T08:13:32.000Z', 'confidence': None, 'between': None}]", "level": null, "height": null, "min_height": null, "is_underground": false, "num_floors": null, "num_floors_underground": null, "min_floor": null, "subtype": null, "class": null, "facade_color": null, "facade_material": null, "roof_material": null, "roof_shape": null, "roof_direction": null, "roof_orientation": null, "roof_color": null, "roof_height": null, "has_parts": false, "version": 1, "bbox": { "xmin": 73.05960845947266, "xmax": 73.05986022949219, "ymin": 33.71790313720703, "ymax": 33.7181396484375 } }, "geometry": { "type": "Polygon", "coordinates": [ [ [ 73.0597269, 33.7181379 ], [ 73.0596098, 33.7180758 ], [ 73.0597394, 33.7179066 ], [ 73.0598163, 33.7179464 ], [ 73.0598565, 33.7179687 ], [ 73.0597269, 33.7181379 ] ] ] } },
{ "type": "Feature", "properties": { "id": "9a4ba256-81a5-43f0-9310-dd68efeab5ae", "names": null, "sources": "[{'property': '', 'dataset': 'OpenStreetMap', 'license': 'ODbL-1.0', 'record_id': 'w1385282533@1', 'update_time': '2025-05-10T08:13:32.000Z', 'confidence': None, 'between': None}]", "level": null, "height": null, "min_height": null, "is_underground": false, "num_floors": null, "num_floors_underground": null, "min_floor": null, "subtype": null, "class": null, "facade_color": null, "facade_material": null, "roof_material": null, "roof_shape": null, "roof_direction": null, "roof_orientation": null, "roof_color": null, "roof_height": null, "has_parts": false, "version": 1, "bbox": { "xmin": 73.0594711303711, "xmax": 73.05973052978516, "ymin": 33.71784591674805, "ymax": 33.718082427978516 } }, "geometry": { "type": "Polygon", "coordinates": [ [ [ 73.0595954, 33.7180799 ], [ 73.0594783, 33.7180178 ], [ 73.059608, 33.7178486 ], [ 73.0596849, 33.7178884 ], [ 73.0597251, 33.7179107 ], [ 73.0595954, 33.7180799 ] ] ] } },
{ "type": "Feature", "properties": { "id": "064e323a-74df-4706-9193-1fa31c1b1a4d", "names": null, "sources": "[{'property': '', 'dataset': 'OpenStreetMap', 'license': 'ODbL-1.0', 'record_id': 'w1385282514@1', 'update_time': '2025-05-10T08:13:32.000Z', 'confidence': None, 'between': None}]", "level": null, "height": null, "min_height": null, "is_underground": false, "num_floors": null, "num_floors_underground": null, "min_floor": null, "subtype": null, "class": null, "facade_color": null, "facade_material": null, "roof_material": null, "roof_shape": null, "roof_direction": null, "roof_orientation": null, "roof_color": null, "roof_height": null, "has_parts": false, "version": 1, "bbox": { "xmin": 73.05995178222656, "xmax": 73.06021118164062, "ymin": 33.7183837890625, "ymax": 33.7186164855957 } }, "geometry": { "type": "Polygon", "coordinates": [ [ [ 73.0600755, 33.7186164 ], [ 73.0599584, 33.7185543 ], [ 73.0600881, 33.7183852 ], [ 73.060165, 33.7184249 ], [ 73.0602052, 33.7184473 ], [ 73.0600755, 33.7186164 ] ] ] } },
{ "type": "Feature", "properties": { "id": "2d203ad3-95e0-460b-8e15-5fb3d763d4e4", "names": null, "sources": "[{'property': '', 'dataset': 'OpenStreetMap', 'license': 'ODbL-1.0', 'record_id': 'w1385282496@1', 'update_time': '2025-05-10T08:13:32.000Z', 'confidence': None, 'between': None}]", "level": null, "height": null, "min_height": null, "is_underground": false, "num_floors": null, "num_floors_underground": null, "min_floor": null, "subtype": null, "class": null, "facade_color": null, "facade_material": null, "roof_material": null, "roof_shape": null, "roof_direction": null, "roof_orientation": null, "roof_color": null, "roof_height": null, "has_parts": false, "version": 1, "bbox": { "xmin": 73.05982971191406, "xmax": 73.0600814819336, "ymin": 33.71879577636719, "ymax": 33.71903610229492 } }, "geometry": { "type": "Polygon", "coordinates": [ [ [ 73.0599481, 33.7190303 ], [ 73.059831, 33.7189682 ], [ 73.0599607, 33.718799 ], [ 73.0600376, 33.7188388 ], [ 73.0600778, 33.7188611 ], [ 73.0599481, 33.7190303 ] ] ] } },
{ "type": "Feature", "properties": { "id": "346742e4-76e2-4378-b32c-db9ed8fb60b2", "names": null, "sources": "[{'property': '', 'dataset': 'OpenStreetMap', 'license': 'ODbL-1.0', 'record_id': 'w1385282487@1', 'update_time': '2025-05-10T08:13:32.000Z', 'confidence': None, 'between': None}]", "level": null, "height": null, "min_height": null, "is_underground": false, "num_floors": null, "num_floors_underground": null, "min_floor": null, "subtype": null, "class": null, "facade_color": null, "facade_material": null, "roof_material": null, "roof_shape": null, "roof_direction": null, "roof_orientation": null, "roof_color": null, "roof_height": null, "has_parts": false, "version": 1, "bbox": { "xmin": 73.059814453125, "xmax": 73.06007385253906, "ymin": 33.719058990478516, "ymax": 33.71929931640625 } }, "geometry": { "type": "Polygon", "coordinates": [ [ [ 73.0599387, 33.7192935 ], [ 73.0598216, 33.7192314 ], [ 73.0599513, 33.7190623 ], [ 73.0600282, 33.719102 ], [ 73.0600684, 33.7191244 ], [ 73.0599387, 33.7192935 ] ] ] } },
{ "type": "Feature", "properties": { "id": "393f0a42-0d84-4286-994a-e54ca30ff550", "names": null, "sources": "[{'property': '', 'dataset': 'OpenStreetMap', 'license': 'ODbL-1.0', 'record_id': 'w1385282486@1', 'update_time': '2025-05-10T08:13:32.000Z', 'confidence': None, 'between': None}]", "level": null, "height": null, "min_height": null, "is_underground": false, "num_floors": null, "num_floors_underground": null, "min_floor": null, "subtype": null, "class": null, "facade_color": null, "facade_material": null, "roof_material": null, "roof_shape": null, "roof_direction": null, "roof_orientation": null, "roof_color": null, "roof_height": null, "has_parts": false, "version": 1, "bbox": { "xmin": 73.0599594116211, "xmax": 73.06021881103516, "ymin": 33.7191276550293, "ymax": 33.719364166259766 } }, "geometry": { "type": "Polygon", "coordinates": [ [ [ 73.0600836, 33.7193605 ], [ 73.0599665, 33.7192984 ], [ 73.0600962, 33.7191292 ], [ 73.060173, 33.719169 ], [ 73.0602133, 33.7191913 ], [ 73.0600836, 33.7193605 ] ] ] } },
{ "type": "Feature", "properties": { "id": "11029297-b3bb-41b3-a638-dd4fbfe75a0b", "names": null, "sources": "[{'property': '', 'dataset': 'OpenStreetMap', 'license': 'ODbL-1.0', 'record_id': 'w1385282495@1', 'update_time': '2025-05-10T08:13:32.000Z', 'confidence': None, 'between': None}]", "level": null, "height": null, "min_height": null, "is_underground": false, "num_floors": null, "num_floors_underground": null, "min_floor": null, "subtype": null, "class": null, "facade_color": null, "facade_material": null, "roof_material": null, "roof_shape": null, "roof_direction": null, "roof_orientation": null, "roof_color": null, "roof_height": null, "has_parts": false, "version": 1, "bbox": { "xmin": 73.0599594116211, "xmax": 73.06021881103516, "ymin": 33.71886444091797, "ymax": 33.71910095214844 } }, "geometry": { "type": "Polygon", "coordinates": [ [ [ 73.0600889, 33.7190994 ], [ 73.0599719, 33.7190373 ], [ 73.0601015, 33.7188682 ], [ 73.0601784, 33.7189079 ], [ 73.0602186, 33.7189303 ], [ 73.0600889, 33.7190994 ] ] ] } },
{ "type": "Feature", "properties": { "id": "0c43f315-36f3-4324-aa82-8ae41c26da70", "names": null, "sources": "[{'property': '', 'dataset': 'OpenStreetMap', 'license': 'ODbL-1.0', 'record_id': 'w1385282473@1', 'update_time': '2025-05-10T08:13:32.000Z', 'confidence': None, 'between': None}]", "level": null, "height": null, "min_height": null, "is_underground": false, "num_floors": null, "num_floors_underground": null, "min_floor": null, "subtype": null, "class": null, "facade_color": null, "facade_material": null, "roof_material": null, "roof_shape": null, "roof_direction": null, "roof_orientation": null, "roof_color": null, "roof_height": null, "has_parts": false, "version": 1, "bbox": { "xmin": 73.05997467041016, "xmax": 73.06023406982422, "ymin": 33.71994400024414, "ymax": 33.72018051147461 } }, "geometry": { "type": "Polygon", "coordinates": [ [ [ 73.0601037, 33.7201781 ], [ 73.0599866, 33.720116 ], [ 73.0601163, 33.7199468 ], [ 73.0601931, 33.7199866 ], [ 73.0602334, 33.7200089 ], [ 73.0601037, 33.7201781 ] ] ] } },
{ "type": "Feature", "properties": { "id": "5ff34315-6f47-4d36-a805-16c6416fb95a", "names": null, "sources": "[{'property': '', 'dataset': 'OpenStreetMap', 'license': 'ODbL-1.0', 'record_id': 'w1385282477@1', 'update_time': '2025-05-10T08:13:32.000Z', 'confidence': None, 'between': None}]", "level": null, "height": null, "min_height": null, "is_underground": false, "num_floors": null, "num_floors_underground": null, "min_floor": null, "subtype": null, "class": null, "facade_color": null, "facade_material": null, "roof_material": null, "roof_shape": null, "roof_direction": null, "roof_orientation": null, "roof_color": null, "roof_height": null, "has_parts": false, "version": 1, "bbox": { "xmin": 73.0599594116211, "xmax": 73.06021881103516, "ymin": 33.71962356567383, "ymax": 33.71986389160156 } }, "geometry": { "type": "Polygon", "coordinates": [ [ [ 73.0600889, 33.719858 ], [ 73.0599719, 33.7197959 ], [ 73.0601015, 33.7196267 ], [ 73.0601784, 33.7196665 ], [ 73.0602186, 33.7196888 ], [ 73.0600889, 33.719858 ] ] ] } },
{ "type": "Feature", "properties": { "id": "1357e2d6-fa41-402e-955c-7fd7b125c737", "names": null, "sources": "[{'property': '', 'dataset': 'OpenStreetMap', 'license': 'ODbL-1.0', 'record_id': 'w1385282478@1', 'update_time': '2025-05-10T08:13:32.000Z', 'confidence': None, 'between': None}]", "level": null, "height": null, "min_height": null, "is_underground": false, "num_floors": null, "num_floors_underground": null, "min_floor": null, "subtype": null, "class": null, "facade_color": null, "facade_material": null, "roof_material": null, "roof_shape": null, "roof_direction": null, "roof_orientation": null, "roof_color": null, "roof_height": null, "has_parts": false, "version": 1, "bbox": { "xmin": 73.059814453125, "xmax": 73.06006622314453, "ymin": 33.71953201293945, "ymax": 33.719764709472656 } }, "geometry": { "type": "Polygon", "coordinates": [ [ [ 73.0599334, 33.7197643 ], [ 73.0598163, 33.7197022 ], [ 73.0599459, 33.719533 ], [ 73.0600228, 33.7195728 ], [ 73.060063, 33.7195951 ], [ 73.0599334, 33.7197643 ] ] ] } },
{ "type": "Feature", "properties": { "id": "0ae351e1-60a8-4dd1-be97-8fc26d2d4270", "names": null, "sources": "[{'property': '', 'dataset': 'OpenStreetMap', 'license': 'ODbL-1.0', 'record_id': 'w1385282472@1', 'update_time': '2025-05-10T08:13:32.000Z', 'confidence': None, 'between': None}]", "level": null, "height": null, "min_height": null, "is_underground": false, "num_floors": null, "num_floors_underground": null, "min_floor": null, "subtype": null, "class": null, "facade_color": null, "facade_material": null, "roof_material": null, "roof_shape": null, "roof_direction": null, "roof_orientation": null, "roof_color": null, "roof_height": null, "has_parts": false, "version": 1, "bbox": { "xmin": 73.05982208251953, "xmax": 73.0600814819336, "ymin": 33.719852447509766, "ymax": 33.720088958740234 } }, "geometry": { "type": "Polygon", "coordinates": [ [ [ 73.0599401, 33.7200866 ], [ 73.059823, 33.7200245 ], [ 73.0599527, 33.7198554 ], [ 73.0600295, 33.7198952 ], [ 73.0600698, 33.7199175 ], [ 73.0599401, 33.7200866 ] ] ] } },
{ "type": "Feature", "properties": { "id": "14458fea-f4ec-4dc9-aa52-dbb381552e88", "names": null, "sources": "[{'property': '', 'dataset': 'OpenStreetMap', 'license': 'ODbL-1.0', 'record_id': 'w1385282471@1', 'update_time': '2025-05-10T08:13:32.000Z', 'confidence': None, 'between': None}]", "level": null, "height": null, "min_height": null, "is_underground": false, "num_floors": null, "num_floors_underground": null, "min_floor": null, "subtype": null, "class": null, "facade_color": null, "facade_material": null, "roof_material": null, "roof_shape": null, "roof_direction": null, "roof_orientation": null, "roof_color": null, "roof_height": null, "has_parts": false, "version": 1, "bbox": { "xmin": 73.05966186523438, "xmax": 73.05992126464844, "ymin": 33.71976089477539, "ymax": 33.719993591308594 } }, "geometry": { "type": "Polygon", "coordinates": [ [ [ 73.0597845, 33.7199929 ], [ 73.0596674, 33.7199308 ], [ 73.0597971, 33.7197617 ], [ 73.059874, 33.7198015 ], [ 73.0599142, 33.7198238 ], [ 73.0597845, 33.7199929 ] ] ] } },
{ "type": "Feature", "properties": { "id": "ca6fa446-b34c-47e8-a41a-2c6b8ef33a1b", "names": null, "sources": "[{'property': '', 'dataset': 'OpenStreetMap', 'license': 'ODbL-1.0', 'record_id': 'w1385282470@1', 'update_time': '2025-05-10T08:13:32.000Z', 'confidence': None, 'between': None}]", "level": null, "height": null, "min_height": null, "is_underground": false, "num_floors": null, "num_floors_underground": null, "min_floor": null, "subtype": null, "class": null, "facade_color": null, "facade_material": null, "roof_material": null, "roof_shape": null, "roof_direction": null, "roof_orientation": null, "roof_color": null, "roof_height": null, "has_parts": false, "version": 1, "bbox": { "xmin": 73.05950927734375, "xmax": 73.05976104736328, "ymin": 33.71966552734375, "ymax": 33.71990203857422 } }, "geometry": { "type": "Polygon", "coordinates": [ [ [ 73.059629, 33.7198992 ], [ 73.0595119, 33.7198371 ], [ 73.0596415, 33.719668 ], [ 73.0597184, 33.7197078 ], [ 73.0597586, 33.7197301 ], [ 73.059629, 33.7198992 ] ] ] } },
{ "type": "Feature", "properties": { "id": "5049b61a-de98-43a9-a387-2c75875e315f", "names": null, "sources": "[{'property': '', 'dataset': 'OpenStreetMap', 'license': 'ODbL-1.0', 'record_id': 'w1385282480@1', 'update_time': '2025-05-10T08:13:32.000Z', 'confidence': None, 'between': None}]", "level": null, "height": null, "min_height": null, "is_underground": false, "num_floors": null, "num_floors_underground": null, "min_floor": null, "subtype": null, "class": null, "facade_color": null, "facade_material": null, "roof_material": null, "roof_shape": null, "roof_direction": null, "roof_orientation": null, "roof_color": null, "roof_height": null, "has_parts": false, "version": 1, "bbox": { "xmin": 73.05948638916016, "xmax": 73.05973815917969, "ymin": 33.7193603515625, "ymax": 33.71959686279297 } }, "geometry": { "type": "Polygon", "coordinates": [ [ [ 73.0596048, 33.7195947 ], [ 73.0594877, 33.7195326 ], [ 73.0596174, 33.7193634 ], [ 73.0596942, 33.7194032 ], [ 73.0597345, 33.7194255 ], [ 73.0596048, 33.7195947 ] ] ] } },
{ "type": "Feature", "properties": { "id": "e40381ae-9b8b-4a18-b948-d33d3d37febb", "names": null, "sources": "[{'property': '', 'dataset': 'OpenStreetMap', 'license': 'ODbL-1.0', 'record_id': 'w1385282479@1', 'update_time': '2025-05-10T08:13:32.000Z', 'confidence': None, 'between': None}]", "level": null, "height": null, "min_height": null, "is_underground": false, "num_floors": null, "num_floors_underground": null, "min_floor": null, "subtype": null, "class": null, "facade_color": null, "facade_material": null, "roof_material": null, "roof_shape": null, "roof_direction": null, "roof_orientation": null, "roof_color": null, "roof_height": null, "has_parts": false, "version": 1, "bbox": { "xmin": 73.05965423583984, "xmax": 73.0599136352539, "ymin": 33.71943664550781, "ymax": 33.71967315673828 } }, "geometry": { "type": "Polygon", "coordinates": [ [ [ 73.0597778, 33.7196706 ], [ 73.0596607, 33.7196085 ], [ 73.0597904, 33.7194393 ], [ 73.0598672, 33.7194791 ], [ 73.0599075, 33.7195014 ], [ 73.0597778, 33.7196706 ] ] ] } },
{ "type": "Feature", "properties": { "id": "c77cb92f-b048-4f95-ba5e-ecccdf5dddc3", "names": null, "sources": "[{'property': '', 'dataset': 'OpenStreetMap', 'license': 'ODbL-1.0', 'record_id': 'w1385282488@1', 'update_time': '2025-05-10T08:13:32.000Z', 'confidence': None, 'between': None}]", "level": null, "height": null, "min_height": null, "is_underground": false, "num_floors": null, "num_floors_underground": null, "min_floor": null, "subtype": null, "class": null, "facade_color": null, "facade_material": null, "roof_material": null, "roof_shape": null, "roof_direction": null, "roof_orientation": null, "roof_color": null, "roof_height": null, "has_parts": false, "version": 1, "bbox": { "xmin": 73.05967712402344, "xmax": 73.05992889404297, "ymin": 33.718990325927734, "ymax": 33.7192268371582 } }, "geometry": { "type": "Polygon", "coordinates": [ [ [ 73.0597979, 33.7192244 ], [ 73.0596808, 33.7191623 ], [ 73.0598105, 33.7189931 ], [ 73.0598874, 33.7190329 ], [ 73.0599276, 33.7190552 ], [ 73.0597979, 33.7192244 ] ] ] } },
{ "type": "Feature", "properties": { "id": "cf28ce07-2b28-4c3e-ad66-e0101e94d780", "names": null, "sources": "[{'property': '', 'dataset': 'OpenStreetMap', 'license': 'ODbL-1.0', 'record_id': 'w1385282497@1', 'update_time': '2025-05-10T08:13:32.000Z', 'confidence': None, 'between': None}]", "level": null, "height": null, "min_height": null, "is_underground": false, "num_floors": null, "num_floors_underground": null, "min_floor": null, "subtype": null, "class": null, "facade_color": null, "facade_material": null, "roof_material": null, "roof_shape": null, "roof_direction": null, "roof_orientation": null, "roof_color": null, "roof_height": null, "has_parts": false, "version": 1, "bbox": { "xmin": 73.0596923828125, "xmax": 73.05994415283203, "ymin": 33.718719482421875, "ymax": 33.718955993652344 } }, "geometry": { "type": "Polygon", "coordinates": [ [ [ 73.0598127, 33.7189544 ], [ 73.0596956, 33.7188923 ], [ 73.0598252, 33.7187232 ], [ 73.0599021, 33.7187629 ], [ 73.0599423, 33.7187852 ], [ 73.0598127, 33.7189544 ] ] ] } },
{ "type": "Feature", "properties": { "id": "c64f2d23-bf6d-4060-8b0b-398cd3098b62", "names": null, "sources": "[{'property': '', 'dataset': 'OpenStreetMap', 'license': 'ODbL-1.0', 'record_id': 'w1385282489@1', 'update_time': '2025-05-10T08:13:32.000Z', 'confidence': None, 'between': None}]", "level": null, "height": null, "min_height": null, "is_underground": false, "num_floors": null, "num_floors_underground": null, "min_floor": null, "subtype": null, "class": null, "facade_color": null, "facade_material": null, "roof_material": null, "roof_shape": null, "roof_direction": null, "roof_orientation": null, "roof_color": null, "roof_height": null, "has_parts": false, "version": 1, "bbox": { "xmin": 73.05953979492188, "xmax": 73.05979919433594, "ymin": 33.71891403198242, "ymax": 33.719154357910156 } }, "geometry": { "type": "Polygon", "coordinates": [ [ [ 73.0596625, 33.7191485 ], [ 73.0595454, 33.7190864 ], [ 73.059675, 33.7189172 ], [ 73.0597519, 33.718957 ], [ 73.0597921, 33.7189793 ], [ 73.0596625, 33.7191485 ] ] ] } },
{ "type": "Feature", "properties": { "id": "21419722-7fc1-4dc8-a16a-94ccaeedb853", "names": null, "sources": "[{'property': '', 'dataset': 'OpenStreetMap', 'license': 'ODbL-1.0', 'record_id': 'w1385282481@1', 'update_time': '2025-05-10T08:13:32.000Z', 'confidence': None, 'between': None}]", "level": null, "height": null, "min_height": null, "is_underground": false, "num_floors": null, "num_floors_underground": null, "min_floor": null, "subtype": null, "class": null, "facade_color": null, "facade_material": null, "roof_material": null, "roof_shape": null, "roof_direction": null, "roof_orientation": null, "roof_color": null, "roof_height": null, "has_parts": false, "version": 1, "bbox": { "xmin": 73.05931854248047, "xmax": 73.0595703125, "ymin": 33.71926498413086, "ymax": 33.71950149536133 } }, "geometry": { "type": "Polygon", "coordinates": [ [ [ 73.0594372, 33.7194988 ], [ 73.0593201, 33.7194367 ], [ 73.0594497, 33.7192675 ], [ 73.0595266, 33.7193073 ], [ 73.0595668, 33.7193296 ], [ 73.0594372, 33.7194988 ] ] ] } },
{ "type": "Feature", "properties": { "id": "2f26faec-425f-45e7-a541-0d20861d9734", "names": null, "sources": "[{'property': '', 'dataset': 'OpenStreetMap', 'license': 'ODbL-1.0', 'record_id': 'w1385282468@1', 'update_time': '2025-05-10T08:13:32.000Z', 'confidence': None, 'between': None}]", "level": null, "height": null, "min_height": null, "is_underground": false, "num_floors": null, "num_floors_underground": null, "min_floor": null, "subtype": null, "class": null, "facade_color": null, "facade_material": null, "roof_material": null, "roof_shape": null, "roof_direction": null, "roof_orientation": null, "roof_color": null, "roof_height": null, "has_parts": false, "version": 1, "bbox": { "xmin": 73.05916595458984, "xmax": 73.0594253540039, "ymin": 33.7194938659668, "ymax": 33.719730377197266 } }, "geometry": { "type": "Polygon", "coordinates": [ [ [ 73.0592883, 33.7197275 ], [ 73.0591712, 33.7196654 ], [ 73.0593009, 33.7194962 ], [ 73.0593777, 33.719536 ], [ 73.059418, 33.7195583 ], [ 73.0592883, 33.7197275 ] ] ] } },
{ "type": "Feature", "properties": { "id": "9824619a-6f71-4865-9f95-b278dce73196", "names": null, "sources": "[{'property': '', 'dataset': 'OpenStreetMap', 'license': 'ODbL-1.0', 'record_id': 'w1385282469@1', 'update_time': '2025-05-10T08:13:32.000Z', 'confidence': None, 'between': None}]", "level": null, "height": null, "min_height": null, "is_underground": false, "num_floors": null, "num_floors_underground": null, "min_floor": null, "subtype": null, "class": null, "facade_color": null, "facade_material": null, "roof_material": null, "roof_shape": null, "roof_direction": null, "roof_orientation": null, "roof_color": null, "roof_height": null, "has_parts": false, "version": 1, "bbox": { "xmin": 73.05933380126953, "xmax": 73.0595932006836, "ymin": 33.71958923339844, "ymax": 33.719825744628906 } }, "geometry": { "type": "Polygon", "coordinates": [ [ [ 73.0594559, 33.7198234 ], [ 73.0593389, 33.7197613 ], [ 73.0594685, 33.7195921 ], [ 73.0595454, 33.7196319 ], [ 73.0595856, 33.7196542 ], [ 73.0594559, 33.7198234 ] ] ] } },
{ "type": "Feature", "properties": { "id": "ff71daea-1a69-4483-bd55-a68cb4751ffb", "names": null, "sources": "[{'property': '', 'dataset': 'OpenStreetMap', 'license': 'ODbL-1.0', 'record_id': 'w1385282442@1', 'update_time': '2025-05-10T08:13:32.000Z', 'confidence': None, 'between': None}]", "level": null, "height": null, "min_height": null, "is_underground": false, "num_floors": null, "num_floors_underground": null, "min_floor": null, "subtype": null, "class": null, "facade_color": null, "facade_material": null, "roof_material": null, "roof_shape": null, "roof_direction": null, "roof_orientation": null, "roof_color": null, "roof_height": null, "has_parts": false, "version": 1, "bbox": { "xmin": 73.05928802490234, "xmax": 73.05962371826172, "ymin": 33.720096588134766, "ymax": 33.72037124633789 } }, "geometry": { "type": "Polygon", "coordinates": [ [ [ 73.0596181, 33.7201922 ], [ 73.0594844, 33.7203709 ], [ 73.0592998, 33.7202754 ], [ 73.0594335, 33.7200966 ], [ 73.0596181, 33.7201922 ] ] ] } },
{ "type": "Feature", "properties": { "id": "84a8dbdb-a87a-4813-9ae6-380ca1e726e0", "names": null, "sources": "[{'property': '', 'dataset': 'OpenStreetMap', 'license': 'ODbL-1.0', 'record_id': 'w1385282450@1', 'update_time': '2025-05-10T08:13:32.000Z', 'confidence': None, 'between': None}]", "level": null, "height": null, "min_height": null, "is_underground": false, "num_floors": null, "num_floors_underground": null, "min_floor": null, "subtype": null, "class": null, "facade_color": null, "facade_material": null, "roof_material": null, "roof_shape": null, "roof_direction": null, "roof_orientation": null, "roof_color": null, "roof_height": null, "has_parts": false, "version": 1, "bbox": { "xmin": 73.05934143066406, "xmax": 73.05967712402344, "ymin": 33.7204475402832, "ymax": 33.72073745727539 } }, "geometry": { "type": "Polygon", "coordinates": [ [ [ 73.0595332, 33.7207342 ], [ 73.0593529, 33.7206408 ], [ 73.0594949, 33.7204511 ], [ 73.0596752, 33.7205444 ], [ 73.0595332, 33.7207342 ] ] ] } },
{ "type": "Feature", "properties": { "id": "7d6b2a9a-eb7a-4528-9c49-836cfcab4efd", "names": null, "sources": "[{'property': '', 'dataset': 'Google Open Buildings', 'license': None, 'record_id': '8J5MP3C5+7PM4', 'update_time': '2023-05-01T00:00:00.000Z', 'confidence': 0.6619, 'between': None}]", "level": null, "height": null, "min_height": null, "is_underground": false, "num_floors": null, "num_floors_underground": null, "min_floor": null, "subtype": null, "class": null, "facade_color": null, "facade_material": null, "roof_material": null, "roof_shape": null, "roof_direction": null, "roof_orientation": null, "roof_color": null, "roof_height": null, "has_parts": false, "version": 1, "bbox": { "xmin": 73.05925750732422, "xmax": 73.0593490600586, "ymin": 33.720672607421875, "ymax": 33.72072982788086 } }, "geometry": { "type": "Polygon", "coordinates": [ [ [ 73.0592651, 33.7206954 ], [ 73.059281, 33.7206749 ], [ 73.0593434, 33.7207088 ], [ 73.0593275, 33.7207293 ], [ 73.0592651, 33.7206954 ] ] ] } },
{ "type": "Feature", "properties": { "id": "27232062-f5d5-498e-9f2a-b0a658722736", "names": "{'primary': 'پاکستان اسٹیٹ آئل', 'common': [('ar', 'النفط الحكومية الباكستانية'), ('en', 'Pakistan State Oil'), ('ks', 'پاکستان اسٹیٹ آئل'), ('pnb', 'پاکستان سٹیٹ آئل'), ('sd', 'پاڪستان اسٽيٽ آئل'), ('ur', 'پاکستان اسٹیٹ آئل')], 'rules': array([{'variant': 'short', 'language': None, 'perspectives': None, 'value': 'پی ایس او', 'between': None, 'side': None},\n       {'variant': 'short', 'language': 'ur', 'perspectives': None, 'value': 'پی ایس او', 'between': None, 'side': None}],\n      dtype=object)}", "sources": "[{'property': '', 'dataset': 'OpenStreetMap', 'license': 'ODbL-1.0', 'record_id': 'w266318863@9', 'update_time': '2022-06-15T06:37:01.000Z', 'confidence': None, 'between': None}]", "level": null, "height": null, "min_height": null, "is_underground": false, "num_floors": null, "num_floors_underground": null, "min_floor": null, "subtype": "commercial", "class": null, "facade_color": null, "facade_material": null, "roof_material": null, "roof_shape": null, "roof_direction": null, "roof_orientation": null, "roof_color": null, "roof_height": null, "has_parts": false, "version": 1, "bbox": { "xmin": 73.05935668945312, "xmax": 73.06008911132812, "ymin": 33.72126007080078, "ymax": 33.72181701660156 } }, "geometry": { "type": "Polygon", "coordinates": [ [ [ 73.0598701, 33.7218112 ], [ 73.0593632, 33.721549 ], [ 73.0595749, 33.7212659 ], [ 73.0600818, 33.7215281 ], [ 73.0598701, 33.7218112 ] ] ] } },
{ "type": "Feature", "properties": { "id": "564a20c0-7d27-473a-9783-dd366aaa61f3", "names": null, "sources": "[{'property': '', 'dataset': 'OpenStreetMap', 'license': 'ODbL-1.0', 'record_id': 'w1385282449@1', 'update_time': '2025-05-10T08:13:32.000Z', 'confidence': None, 'between': None}]", "level": null, "height": null, "min_height": null, "is_underground": false, "num_floors": null, "num_floors_underground": null, "min_floor": null, "subtype": null, "class": null, "facade_color": null, "facade_material": null, "roof_material": null, "roof_shape": null, "roof_direction": null, "roof_orientation": null, "roof_color": null, "roof_height": null, "has_parts": false, "version": 1, "bbox": { "xmin": 73.05960845947266, "xmax": 73.05987548828125, "ymin": 33.720611572265625, "ymax": 33.72084045410156 } }, "geometry": { "type": "Polygon", "coordinates": [ [ [ 73.0597607, 33.7208369 ], [ 73.0596104, 33.7207591 ], [ 73.0597184, 33.7206147 ], [ 73.0598687, 33.7206925 ], [ 73.0597607, 33.7208369 ] ] ] } },
{ "type": "Feature", "properties": { "id": "d00f725d-16be-4cb3-9c20-760579380b98", "names": null, "sources": "[{'property': '', 'dataset': 'OpenStreetMap', 'license': 'ODbL-1.0', 'record_id': 'w1385282443@1', 'update_time': '2025-05-10T08:13:32.000Z', 'confidence': None, 'between': None}]", "level": null, "height": null, "min_height": null, "is_underground": false, "num_floors": null, "num_floors_underground": null, "min_floor": null, "subtype": null, "class": null, "facade_color": null, "facade_material": null, "roof_material": null, "roof_shape": null, "roof_direction": null, "roof_orientation": null, "roof_color": null, "roof_height": null, "has_parts": false, "version": 1, "bbox": { "xmin": 73.05950164794922, "xmax": 73.05982971191406, "ymin": 33.72021484375, "ymax": 33.72050857543945 } }, "geometry": { "type": "Polygon", "coordinates": [ [ [ 73.059827, 33.7203036 ], [ 73.0596748, 33.720507 ], [ 73.0595051, 33.7204191 ], [ 73.0596573, 33.7202157 ], [ 73.059827, 33.7203036 ] ] ] } },
{ "type": "Feature", "properties": { "id": "e7cc453e-8b60-4990-a49f-329315031495", "names": null, "sources": "[{'property': '', 'dataset': 'OpenStreetMap', 'license': 'ODbL-1.0', 'record_id': 'w1385282444@1', 'update_time': '2025-05-10T08:13:32.000Z', 'confidence': None, 'between': None}]", "level": null, "height": null, "min_height": null, "is_underground": false, "num_floors": null, "num_floors_underground": null, "min_floor": null, "subtype": null, "class": null, "facade_color": null, "facade_material": null, "roof_material": null, "roof_shape": null, "roof_direction": null, "roof_orientation": null, "roof_color": null, "roof_height": null, "has_parts": false, "version": 1, "bbox": { "xmin": 73.05975341796875, "xmax": 73.06002807617188, "ymin": 33.720340728759766, "ymax": 33.720577239990234 } }, "geometry": { "type": "Polygon", "coordinates": [ [ [ 73.0600279, 33.7204281 ], [ 73.0599189, 33.7205739 ], [ 73.0597543, 33.7204887 ], [ 73.0598633, 33.7203429 ], [ 73.0600279, 33.7204281 ] ] ] } },
{ "type": "Feature", "properties": { "id": "39834fd5-8137-4b43-ba0f-c789411f960e", "names": null, "sources": "[{'property': '', 'dataset': 'OpenStreetMap', 'license': 'ODbL-1.0', 'record_id': 'w1385282448@1', 'update_time': '2025-05-10T08:13:32.000Z', 'confidence': None, 'between': None}]", "level": null, "height": null, "min_height": null, "is_underground": false, "num_floors": null, "num_floors_underground": null, "min_floor": null, "subtype": null, "class": null, "facade_color": null, "facade_material": null, "roof_material": null, "roof_shape": null, "roof_direction": null, "roof_orientation": null, "roof_color": null, "roof_height": null, "has_parts": false, "version": 1, "bbox": { "xmin": 73.059814453125, "xmax": 73.06005859375, "ymin": 33.720733642578125, "ymax": 33.720947265625 } }, "geometry": { "type": "Polygon", "coordinates": [ [ [ 73.0599419, 33.7209465 ], [ 73.059817, 33.7208818 ], [ 73.059926, 33.720736 ], [ 73.060051, 33.7208007 ], [ 73.0599419, 33.7209465 ] ] ] } },
{ "type": "Feature", "properties": { "id": "b4652eba-1d8d-467a-b958-79f27452ded5", "names": null, "sources": "[{'property': '', 'dataset': 'OpenStreetMap', 'license': 'ODbL-1.0', 'record_id': 'w1385282445@1', 'update_time': '2025-05-10T08:13:32.000Z', 'confidence': None, 'between': None}]", "level": null, "height": null, "min_height": null, "is_underground": false, "num_floors": null, "num_floors_underground": null, "min_floor": null, "subtype": null, "class": null, "facade_color": null, "facade_material": null, "roof_material": null, "roof_shape": null, "roof_direction": null, "roof_orientation": null, "roof_color": null, "roof_height": null, "has_parts": false, "version": 1, "bbox": { "xmin": 73.0599594116211, "xmax": 73.06024932861328, "ymin": 33.720481872558594, "ymax": 33.720733642578125 } }, "geometry": { "type": "Polygon", "coordinates": [ [ [ 73.060244, 33.7205631 ], [ 73.0601174, 33.7207323 ], [ 73.0599656, 33.7206538 ], [ 73.0600923, 33.7204845 ], [ 73.060244, 33.7205631 ] ] ] } },
{ "type": "Feature", "properties": { "id": "7e543523-d905-4f28-b73d-7c05dee7fc9a", "names": null, "sources": "[{'property': '', 'dataset': 'OpenStreetMap', 'license': 'ODbL-1.0', 'record_id': 'w1385282447@1', 'update_time': '2025-05-10T08:13:32.000Z', 'confidence': None, 'between': None}]", "level": null, "height": null, "min_height": null, "is_underground": false, "num_floors": null, "num_floors_underground": null, "min_floor": null, "subtype": null, "class": null, "facade_color": null, "facade_material": null, "roof_material": null, "roof_shape": null, "roof_direction": null, "roof_orientation": null, "roof_color": null, "roof_height": null, "has_parts": false, "version": 1, "bbox": { "xmin": 73.05998229980469, "xmax": 73.06027221679688, "ymin": 33.72084426879883, "ymax": 33.72110366821289 } }, "geometry": { "type": "Polygon", "coordinates": [ [ [ 73.0601275, 33.7210978 ], [ 73.0599833, 33.7210179 ], [ 73.0601215, 33.7208454 ], [ 73.0602657, 33.7209254 ], [ 73.0601275, 33.7210978 ] ] ] } },
{ "type": "Feature", "properties": { "id": "7467bedf-4987-4fb8-8e8b-27d4751852f9", "names": null, "sources": "[{'property': '', 'dataset': 'OpenStreetMap', 'license': 'ODbL-1.0', 'record_id': 'w558244973@1', 'update_time': '2023-10-23T02:31:48.000Z', 'confidence': None, 'between': None}]", "level": null, "height": null, "min_height": null, "is_underground": false, "num_floors": null, "num_floors_underground": null, "min_floor": null, "subtype": null, "class": null, "facade_color": null, "facade_material": null, "roof_material": null, "roof_shape": null, "roof_direction": null, "roof_orientation": null, "roof_color": null, "roof_height": null, "has_parts": false, "version": 1, "bbox": { "xmin": 73.05986785888672, "xmax": 73.0602798461914, "ymin": 33.72172927856445, "ymax": 33.72215270996094 } }, "geometry": { "type": "Polygon", "coordinates": [ [ [ 73.060122, 33.7217303 ], [ 73.0602742, 33.7218073 ], [ 73.0600225, 33.7221516 ], [ 73.0598703, 33.7220746 ], [ 73.060122, 33.7217303 ] ] ] } },
{ "type": "Feature", "properties": { "id": "e0be23b8-f6c6-4675-b4f2-1049f30ae32c", "names": null, "sources": "[{'property': '', 'dataset': 'OpenStreetMap', 'license': 'ODbL-1.0', 'record_id': 'w558244967@1', 'update_time': '2023-10-23T02:31:48.000Z', 'confidence': None, 'between': None}]", "level": null, "height": null, "min_height": null, "is_underground": false, "num_floors": null, "num_floors_underground": null, "min_floor": null, "subtype": null, "class": null, "facade_color": null, "facade_material": null, "roof_material": null, "roof_shape": null, "roof_direction": null, "roof_orientation": null, "roof_color": null, "roof_height": null, "has_parts": false, "version": 1, "bbox": { "xmin": 73.05953979492188, "xmax": 73.06024169921875, "ymin": 33.72215270996094, "ymax": 33.722599029541016 } }, "geometry": { "type": "Polygon", "coordinates": [ [ [ 73.0598685, 33.7223566 ], [ 73.0596929, 33.7225972 ], [ 73.0595412, 33.7225206 ], [ 73.0598089, 33.7221537 ], [ 73.0602341, 33.7223683 ], [ 73.0601419, 33.7224946 ], [ 73.0598685, 33.7223566 ] ] ] } },
{ "type": "Feature", "properties": { "id": "773a5dc1-d9bd-4600-b489-92b5bb55c8da", "names": null, "sources": "[{'property': '', 'dataset': 'OpenStreetMap', 'license': 'ODbL-1.0', 'record_id': 'w1217665237@1', 'update_time': '2023-10-23T02:45:36.000Z', 'confidence': None, 'between': None}]", "level": null, "height": null, "min_height": null, "is_underground": false, "num_floors": null, "num_floors_underground": null, "min_floor": null, "subtype": null, "class": null, "facade_color": null, "facade_material": null, "roof_material": null, "roof_shape": null, "roof_direction": null, "roof_orientation": null, "roof_color": null, "roof_height": null, "has_parts": false, "version": 1, "bbox": { "xmin": 73.05912017822266, "xmax": 73.05947875976562, "ymin": 33.722007751464844, "ymax": 33.722267150878906 } }, "geometry": { "type": "Polygon", "coordinates": [ [ [ 73.0594716, 33.7221292 ], [ 73.0593689, 33.7222635 ], [ 73.0592484, 33.7222028 ], [ 73.0592304, 33.7221858 ], [ 73.059198, 33.7221627 ], [ 73.0591897, 33.7221658 ], [ 73.0591897, 33.7221589 ], [ 73.0591694, 33.7221602 ], [ 73.0591637, 33.722148 ], [ 73.0591535, 33.7221495 ], [ 73.0591445, 33.7221467 ], [ 73.0591374, 33.7221414 ], [ 73.059132, 33.7221371 ], [ 73.059129, 33.7221321 ], [ 73.0591271, 33.7221271 ], [ 73.059129, 33.7221181 ], [ 73.0591344, 33.7221096 ], [ 73.0591428, 33.7221067 ], [ 73.0591494, 33.7221034 ], [ 73.0591499, 33.7220968 ], [ 73.0591942, 33.7220361 ], [ 73.0592027, 33.7220298 ], [ 73.0592006, 33.7220253 ], [ 73.0592018, 33.7220202 ], [ 73.0592054, 33.7220163 ], [ 73.0592098, 33.7220127 ], [ 73.0592197, 33.7220088 ], [ 73.0592307, 33.7220083 ], [ 73.0592431, 33.7220107 ], [ 73.0592525, 33.7220159 ], [ 73.0592588, 33.7220218 ], [ 73.0592627, 33.722021 ], [ 73.059281, 33.7220374 ], [ 73.0593036, 33.7220472 ], [ 73.059378, 33.722087 ], [ 73.0594716, 33.7221292 ] ] ] } },
{ "type": "Feature", "properties": { "id": "3dc8e7a4-f16b-416b-b7b9-146bf23f228a", "names": null, "sources": "[{'property': '', 'dataset': 'OpenStreetMap', 'license': 'ODbL-1.0', 'record_id': 'w1217665239@1', 'update_time': '2023-10-23T02:45:36.000Z', 'confidence': None, 'between': None}]", "level": null, "height": null, "min_height": null, "is_underground": false, "num_floors": null, "num_floors_underground": null, "min_floor": null, "subtype": null, "class": null, "facade_color": null, "facade_material": null, "roof_material": null, "roof_shape": null, "roof_direction": null, "roof_orientation": null, "roof_color": null, "roof_height": null, "has_parts": false, "version": 1, "bbox": { "xmin": 73.05876159667969, "xmax": 73.05937194824219, "ymin": 33.72246170043945, "ymax": 33.72285461425781 } }, "geometry": { "type": "Polygon", "coordinates": [ [ [ 73.0592595, 33.722853 ], [ 73.0587645, 33.7225971 ], [ 73.0588638, 33.7224632 ], [ 73.0593648, 33.7227072 ], [ 73.0592595, 33.722853 ] ] ] } },
{ "type": "Feature", "properties": { "id": "abc3ecb8-acd5-43bf-9b7b-90031cc4eafa", "names": null, "sources": "[{'property': '', 'dataset': 'OpenStreetMap', 'license': 'ODbL-1.0', 'record_id': 'w1217665238@1', 'update_time': '2023-10-23T02:45:36.000Z', 'confidence': None, 'between': None}]", "level": null, "height": null, "min_height": null, "is_underground": false, "num_floors": null, "num_floors_underground": null, "min_floor": null, "subtype": null, "class": null, "facade_color": null, "facade_material": null, "roof_material": null, "roof_shape": null, "roof_direction": null, "roof_orientation": null, "roof_color": null, "roof_height": null, "has_parts": false, "version": 1, "bbox": { "xmin": 73.05856323242188, "xmax": 73.05895233154297, "ymin": 33.72224426269531, "ymax": 33.722591400146484 } }, "geometry": { "type": "Polygon", "coordinates": [ [ [ 73.0589466, 33.72234 ], [ 73.0587533, 33.722589 ], [ 73.0585757, 33.722502 ], [ 73.0587713, 33.722248 ], [ 73.0589466, 33.72234 ] ] ] } },
{ "type": "Feature", "properties": { "id": "9c52fc3f-2ed8-416d-8d78-47dc01191f9f", "names": null, "sources": "[{'property': '', 'dataset': 'Google Open Buildings', 'license': None, 'record_id': '8J5MP3C5+QGW4', 'update_time': '2023-05-01T00:00:00.000Z', 'confidence': 0.8671, 'between': None}]", "level": null, "height": null, "min_height": null, "is_underground": false, "num_floors": null, "num_floors_underground": null, "min_floor": null, "subtype": null, "class": null, "facade_color": null, "facade_material": null, "roof_material": null, "roof_shape": null, "roof_direction": null, "roof_orientation": null, "roof_color": null, "roof_height": null, "has_parts": false, "version": 1, "bbox": { "xmin": 73.05876922607422, "xmax": 73.05888366699219, "ymin": 33.72193145751953, "ymax": 33.722023010253906 } }, "geometry": { "type": "Polygon", "coordinates": [ [ [ 73.0588224, 33.7219345 ], [ 73.0588827, 33.7219679 ], [ 73.058841, 33.7220205 ], [ 73.0587807, 33.7219871 ], [ 73.0588224, 33.7219345 ] ] ] } },
{ "type": "Feature", "properties": { "id": "85e04a03-5da4-4d63-aa51-139a9c6ab34d", "names": null, "sources": "[{'property': '', 'dataset': 'OpenStreetMap', 'license': 'ODbL-1.0', 'record_id': 'w23515669@5', 'update_time': '2023-10-23T02:45:36.000Z', 'confidence': None, 'between': None}]", "level": 1.0, "height": null, "min_height": null, "is_underground": false, "num_floors": null, "num_floors_underground": null, "min_floor": null, "subtype": null, "class": null, "facade_color": null, "facade_material": null, "roof_material": null, "roof_shape": null, "roof_direction": null, "roof_orientation": null, "roof_color": null, "roof_height": null, "has_parts": false, "version": 1, "bbox": { "xmin": 73.05875396728516, "xmax": 73.05929565429688, "ymin": 33.721641540527344, "ymax": 33.72223663330078 } }, "geometry": { "type": "Polygon", "coordinates": [ [ [ 73.0589914, 33.7222338 ], [ 73.0588441, 33.7221551 ], [ 73.0590207, 33.7219165 ], [ 73.0587595, 33.7217791 ], [ 73.0588617, 33.7216431 ], [ 73.0592949, 33.7218694 ], [ 73.0592265, 33.7219524 ], [ 73.0591663, 33.72202 ], [ 73.0591757, 33.7220256 ], [ 73.0591483, 33.7220604 ], [ 73.0591162, 33.7221025 ], [ 73.0591045, 33.7220965 ], [ 73.0590856, 33.7221185 ], [ 73.059099, 33.7221261 ], [ 73.0590445, 33.7221976 ], [ 73.0590303, 33.7221917 ], [ 73.0589914, 33.7222338 ] ] ] } },
{ "type": "Feature", "properties": { "id": "0786123d-a9cb-4557-9f22-a6deabfb10cb", "names": null, "sources": "[{'property': '', 'dataset': 'OpenStreetMap', 'license': 'ODbL-1.0', 'record_id': 'w442024204@1', 'update_time': '2018-01-02T17:46:38.000Z', 'confidence': None, 'between': None}]", "level": null, "height": null, "min_height": null, "is_underground": false, "num_floors": null, "num_floors_underground": null, "min_floor": null, "subtype": "commercial", "class": "commercial", "facade_color": null, "facade_material": null, "roof_material": null, "roof_shape": null, "roof_direction": null, "roof_orientation": null, "roof_color": null, "roof_height": null, "has_parts": false, "version": 1, "bbox": { "xmin": 73.0589599609375, "xmax": 73.05941772460938, "ymin": 33.721107482910156, "ymax": 33.7215461730957 } }, "geometry": { "type": "Polygon", "coordinates": [ [ [ 73.0591791, 33.721543 ], [ 73.0589609, 33.7214316 ], [ 73.0591984, 33.7211099 ], [ 73.0594166, 33.7212214 ], [ 73.0591791, 33.721543 ] ] ] } },
{ "type": "Feature", "properties": { "id": "847e4a7a-b262-4755-b2b7-a21b2467f5a8", "names": null, "sources": "[{'property': '', 'dataset': 'OpenStreetMap', 'license': 'ODbL-1.0', 'record_id': 'w1385282451@1', 'update_time': '2025-05-10T08:13:32.000Z', 'confidence': None, 'between': None}]", "level": null, "height": null, "min_height": null, "is_underground": false, "num_floors": null, "num_floors_underground": null, "min_floor": null, "subtype": null, "class": null, "facade_color": null, "facade_material": null, "roof_material": null, "roof_shape": null, "roof_direction": null, "roof_orientation": null, "roof_color": null, "roof_height": null, "has_parts": false, "version": 1, "bbox": { "xmin": 73.05913543701172, "xmax": 73.05937957763672, "ymin": 33.72040557861328, "ymax": 33.720619201660156 } }, "geometry": { "type": "Polygon", "coordinates": [ [ [ 73.0592732, 33.7206169 ], [ 73.0591384, 33.7205471 ], [ 73.0592433, 33.7204068 ], [ 73.0593782, 33.7204766 ], [ 73.0592732, 33.7206169 ] ] ] } },
{ "type": "Feature", "properties": { "id": "66bd3fd3-8d80-4011-96a3-2bc96232c77f", "names": null, "sources": "[{'property': '', 'dataset': 'Google Open Buildings', 'license': None, 'record_id': '8J5MP3C5+4MQP', 'update_time': '2023-05-01T00:00:00.000Z', 'confidence': 0.653, 'between': None}]", "level": null, "height": null, "min_height": null, "is_underground": false, "num_floors": null, "num_floors_underground": null, "min_floor": null, "subtype": null, "class": null, "facade_color": null, "facade_material": null, "roof_material": null, "roof_shape": null, "roof_direction": null, "roof_orientation": null, "roof_color": null, "roof_height": null, "has_parts": false, "version": 1, "bbox": { "xmin": 73.0592041015625, "xmax": 73.05926513671875, "ymin": 33.72032165527344, "ymax": 33.720367431640625 } }, "geometry": { "type": "Polygon", "coordinates": [ [ [ 73.0592222, 33.7203223 ], [ 73.0592595, 33.7203326 ], [ 73.059247, 33.7203643 ], [ 73.0592097, 33.7203541 ], [ 73.0592222, 33.7203223 ] ] ] } },
{ "type": "Feature", "properties": { "id": "f7f182e6-ae14-49e3-aafb-f1d3824266d1", "names": null, "sources": "[{'property': '', 'dataset': 'Google Open Buildings', 'license': None, 'record_id': '8J5MP3C5+5JQV', 'update_time': '2023-05-01T00:00:00.000Z', 'confidence': 0.7178, 'between': None}]", "level": null, "height": null, "min_height": null, "is_underground": false, "num_floors": null, "num_floors_underground": null, "min_floor": null, "subtype": null, "class": null, "facade_color": null, "facade_material": null, "roof_material": null, "roof_shape": null, "roof_direction": null, "roof_orientation": null, "roof_color": null, "roof_height": null, "has_parts": false, "version": 1, "bbox": { "xmin": 73.0590591430664, "xmax": 73.05914306640625, "ymin": 33.72044372558594, "ymax": 33.72050857543945 } }, "geometry": { "type": "Polygon", "coordinates": [ [ [ 73.0590935, 33.7204439 ], [ 73.0591408, 33.7204605 ], [ 73.0591181, 33.7205056 ], [ 73.0590709, 33.7204891 ], [ 73.0590935, 33.7204439 ] ] ] } },
{ "type": "Feature", "properties": { "id": "5bd66493-712f-47c9-924e-0a1e149c3cbf", "names": null, "sources": "[{'property': '', 'dataset': 'OpenStreetMap', 'license': 'ODbL-1.0', 'record_id': 'w1385282452@1', 'update_time': '2025-05-10T08:13:32.000Z', 'confidence': None, 'between': None}]", "level": null, "height": null, "min_height": null, "is_underground": false, "num_floors": null, "num_floors_underground": null, "min_floor": null, "subtype": null, "class": null, "facade_color": null, "facade_material": null, "roof_material": null, "roof_shape": null, "roof_direction": null, "roof_orientation": null, "roof_color": null, "roof_height": null, "has_parts": false, "version": 1, "bbox": { "xmin": 73.05890655517578, "xmax": 73.05917358398438, "ymin": 33.72026443481445, "ymax": 33.72050094604492 } }, "geometry": { "type": "Polygon", "coordinates": [ [ [ 73.0590454, 33.7205002 ], [ 73.0589077, 33.7204289 ], [ 73.0590306, 33.7202646 ], [ 73.0591683, 33.7203359 ], [ 73.0590454, 33.7205002 ] ] ] } },
{ "type": "Feature", "properties": { "id": "1d800e6b-a514-477d-afe4-37303505634d", "names": null, "sources": "[{'property': '', 'dataset': 'OpenStreetMap', 'license': 'ODbL-1.0', 'record_id': 'w1385282453@1', 'update_time': '2025-05-10T08:13:32.000Z', 'confidence': None, 'between': None}]", "level": null, "height": null, "min_height": null, "is_underground": false, "num_floors": null, "num_floors_underground": null, "min_floor": null, "subtype": null, "class": null, "facade_color": null, "facade_material": null, "roof_material": null, "roof_shape": null, "roof_direction": null, "roof_orientation": null, "roof_color": null, "roof_height": null, "has_parts": false, "version": 1, "bbox": { "xmin": 73.05867767333984, "xmax": 73.0589599609375, "ymin": 33.72012710571289, "ymax": 33.72037124633789 } }, "geometry": { "type": "Polygon", "coordinates": [ [ [ 73.0588329, 33.7203699 ], [ 73.0586797, 33.7202906 ], [ 73.0587999, 33.7201299 ], [ 73.0589531, 33.7202092 ], [ 73.0588329, 33.7203699 ] ] ] } },
{ "type": "Feature", "properties": { "id": "5e58ec1d-7f79-4734-9333-12f40d8951ab", "names": null, "sources": "[{'property': '', 'dataset': 'OpenStreetMap', 'license': 'ODbL-1.0', 'record_id': 'w23515764@1', 'update_time': '2018-02-03T12:35:55.000Z', 'confidence': None, 'between': None}]", "level": null, "height": null, "min_height": null, "is_underground": false, "num_floors": null, "num_floors_underground": null, "min_floor": null, "subtype": null, "class": null, "facade_color": null, "facade_material": null, "roof_material": null, "roof_shape": null, "roof_direction": null, "roof_orientation": null, "roof_color": null, "roof_height": null, "has_parts": false, "version": 1, "bbox": { "xmin": 73.0580825805664, "xmax": 73.0588150024414, "ymin": 33.72096252441406, "ymax": 33.721435546875 } }, "geometry": { "type": "Polygon", "coordinates": [ [ [ 73.0586935, 33.7214353 ], [ 73.0580841, 33.7211284 ], [ 73.0582214, 33.7209642 ], [ 73.0588137, 33.721264 ], [ 73.0586935, 33.7214353 ] ] ] } },
{ "type": "Feature", "properties": { "id": "c11f0059-e910-4634-9856-de31b44d9e10", "names": null, "sources": "[{'property': '', 'dataset': 'Google Open Buildings', 'license': None, 'record_id': '8J5MP3C5+R8Q3', 'update_time': '2023-05-01T00:00:00.000Z', 'confidence': 0.7747, 'between': None}]", "level": null, "height": null, "min_height": null, "is_underground": false, "num_floors": null, "num_floors_underground": null, "min_floor": null, "subtype": null, "class": null, "facade_color": null, "facade_material": null, "roof_material": null, "roof_shape": null, "roof_direction": null, "roof_orientation": null, "roof_color": null, "roof_height": null, "has_parts": false, "version": 1, "bbox": { "xmin": 73.05830383300781, "xmax": 73.05840301513672, "ymin": 33.7220458984375, "ymax": 33.722110748291016 } }, "geometry": { "type": "Polygon", "coordinates": [ [ [ 73.0583323, 33.7220474 ], [ 73.0583967, 33.7220736 ], [ 73.0583753, 33.7221104 ], [ 73.0583109, 33.7220842 ], [ 73.0583323, 33.7220474 ] ] ] } },
{ "type": "Feature", "properties": { "id": "994b3742-859c-472b-bf6a-4f690ad55be6", "names": null, "sources": "[{'property': '', 'dataset': 'Google Open Buildings', 'license': None, 'record_id': '8J5MP3C5+W96G', 'update_time': '2023-05-01T00:00:00.000Z', 'confidence': 0.8412, 'between': None}]", "level": null, "height": null, "min_height": null, "is_underground": false, "num_floors": null, "num_floors_underground": null, "min_floor": null, "subtype": null, "class": null, "facade_color": null, "facade_material": null, "roof_material": null, "roof_shape": null, "roof_direction": null, "roof_orientation": null, "roof_color": null, "roof_height": null, "has_parts": false, "version": 1, "bbox": { "xmin": 73.0583267211914, "xmax": 73.05846405029297, "ymin": 33.722232818603516, "ymax": 33.72233963012695 } }, "geometry": { "type": "Polygon", "coordinates": [ [ [ 73.058381, 33.7222329 ], [ 73.0584622, 33.7222752 ], [ 73.0584151, 33.7223382 ], [ 73.0583339, 33.7222959 ], [ 73.058381, 33.7222329 ] ] ] } },
{ "type": "Feature", "properties": { "id": "45882054-3d8f-4ff1-a8ac-8adf38e517e3", "names": null, "sources": "[{'property': '', 'dataset': 'Google Open Buildings', 'license': None, 'record_id': '8J5MP3C5+R962', 'update_time': '2023-05-01T00:00:00.000Z', 'confidence': 0.7745, 'between': None}]", "level": null, "height": null, "min_height": null, "is_underground": false, "num_floors": null, "num_floors_underground": null, "min_floor": null, "subtype": null, "class": null, "facade_color": null, "facade_material": null, "roof_material": null, "roof_shape": null, "roof_direction": null, "roof_orientation": null, "roof_color": null, "roof_height": null, "has_parts": false, "version": 1, "bbox": { "xmin": 73.0583267211914, "xmax": 73.05843353271484, "ymin": 33.72198486328125, "ymax": 33.722076416015625 } }, "geometry": { "type": "Polygon", "coordinates": [ [ [ 73.0583686, 33.7219851 ], [ 73.058433, 33.7220113 ], [ 73.0583967, 33.7220736 ], [ 73.0583323, 33.7220474 ], [ 73.0583686, 33.7219851 ] ] ] } },
{ "type": "Feature", "properties": { "id": "a86e139d-99e5-4f59-80fc-45e643b84c75", "names": null, "sources": "[{'property': '', 'dataset': 'OpenStreetMap', 'license': 'ODbL-1.0', 'record_id': 'w23515769@1', 'update_time': '2008-03-29T17:31:13.000Z', 'confidence': None, 'between': None}]", "level": null, "height": null, "min_height": null, "is_underground": false, "num_floors": null, "num_floors_underground": null, "min_floor": null, "subtype": null, "class": null, "facade_color": null, "facade_material": null, "roof_material": null, "roof_shape": null, "roof_direction": null, "roof_orientation": null, "roof_color": null, "roof_height": null, "has_parts": false, "version": 1, "bbox": { "xmin": 73.05793762207031, "xmax": 73.05867767333984, "ymin": 33.721405029296875, "ymax": 33.722206115722656 } }, "geometry": { "type": "Polygon", "coordinates": [ [ [ 73.0581402, 33.7222047 ], [ 73.0579427, 33.7220905 ], [ 73.0584577, 33.7214052 ], [ 73.0586723, 33.7215123 ], [ 73.0581402, 33.7222047 ] ] ] } },
{ "type": "Feature", "properties": { "id": "ad5766e0-1ba4-48f3-8f07-967dbf831602", "names": null, "sources": "[{'property': '', 'dataset': 'Google Open Buildings', 'license': None, 'record_id': '8J5MP3C5+QF3G', 'update_time': '2023-05-01T00:00:00.000Z', 'confidence': 0.7805, 'between': None}]", "level": null, "height": null, "min_height": null, "is_underground": false, "num_floors": null, "num_floors_underground": null, "min_floor": null, "subtype": null, "class": null, "facade_color": null, "facade_material": null, "roof_material": null, "roof_shape": null, "roof_direction": null, "roof_orientation": null, "roof_color": null, "roof_height": null, "has_parts": false, "version": 1, "bbox": { "xmin": 73.05860137939453, "xmax": 73.05875396728516, "ymin": 33.72182846069336, "ymax": 33.72195053100586 } }, "geometry": { "type": "Polygon", "coordinates": [ [ [ 73.0586549, 33.7218316 ], [ 73.0587487, 33.7218739 ], [ 73.0587007, 33.721948 ], [ 73.058607, 33.7219056 ], [ 73.0586549, 33.7218316 ] ] ] } },
{ "type": "Feature", "properties": { "id": "abc42081-049e-4b8f-a21f-acada6963b85", "names": null, "sources": "[{'property': '', 'dataset': 'Google Open Buildings', 'license': None, 'record_id': '8J5MP3C5+RCJQ', 'update_time': '2023-05-01T00:00:00.000Z', 'confidence': 0.8773, 'between': None}]", "level": null, "height": null, "min_height": null, "is_underground": false, "num_floors": null, "num_floors_underground": null, "min_floor": null, "subtype": null, "class": null, "facade_color": null, "facade_material": null, "roof_material": null, "roof_shape": null, "roof_direction": null, "roof_orientation": null, "roof_color": null, "roof_height": null, "has_parts": false, "version": 1, "bbox": { "xmin": 73.05846405029297, "xmax": 73.05859375, "ymin": 33.72203826904297, "ymax": 33.722145080566406 } }, "geometry": { "type": "Polygon", "coordinates": [ [ [ 73.0585077, 33.7220413 ], [ 73.0585885, 33.7220765 ], [ 73.0585458, 33.7221448 ], [ 73.058465, 33.7221096 ], [ 73.0585077, 33.7220413 ] ] ] } },
{ "type": "Feature", "properties": { "id": "6d839cbe-2087-4344-a622-de688735b7e5", "names": null, "sources": "[{'property': '', 'dataset': 'Google Open Buildings', 'license': None, 'record_id': '8J5MP3C5+V9PV', 'update_time': '2023-05-01T00:00:00.000Z', 'confidence': 0.8275, 'between': None}]", "level": null, "height": null, "min_height": null, "is_underground": false, "num_floors": null, "num_floors_underground": null, "min_floor": null, "subtype": null, "class": null, "facade_color": null, "facade_material": null, "roof_material": null, "roof_shape": null, "roof_direction": null, "roof_orientation": null, "roof_color": null, "roof_height": null, "has_parts": false, "version": 1, "bbox": { "xmin": 73.05838012695312, "xmax": 73.05851745605469, "ymin": 33.722164154052734, "ymax": 33.7222785949707 } }, "geometry": { "type": "Polygon", "coordinates": [ [ [ 73.0584295, 33.7221679 ], [ 73.0585107, 33.7222102 ], [ 73.0584622, 33.7222752 ], [ 73.058381, 33.7222329 ], [ 73.0584295, 33.7221679 ] ] ] } },
{ "type": "Feature", "properties": { "id": "5c778bd1-24dc-43ed-9627-f1c0468a92d6", "names": null, "sources": "[{'property': '', 'dataset': 'Google Open Buildings', 'license': None, 'record_id': '8J5MP3C5+X9W7', 'update_time': '2023-05-01T00:00:00.000Z', 'confidence': 0.8547, 'between': None}]", "level": null, "height": null, "min_height": null, "is_underground": false, "num_floors": null, "num_floors_underground": null, "min_floor": null, "subtype": null, "class": null, "facade_color": null, "facade_material": null, "roof_material": null, "roof_shape": null, "roof_direction": null, "roof_orientation": null, "roof_color": null, "roof_height": null, "has_parts": false, "version": 1, "bbox": { "xmin": 73.05839538574219, "xmax": 73.05850219726562, "ymin": 33.72243881225586, "ymax": 33.72252655029297 } }, "geometry": { "type": "Polygon", "coordinates": [ [ [ 73.0584364, 33.7224412 ], [ 73.0585018, 33.7224706 ], [ 73.0584663, 33.7225257 ], [ 73.0584009, 33.7224963 ], [ 73.0584364, 33.7224412 ] ] ] } }
]
}
